event_id,nearest_facility_distance_m,nearest_facility_type,facilities_within_radius
1,,,0
2,,,0
3,,,0
4,,,0
5,,,0
6,,,0
7,,,0
8,,,0
9,,,0
10,,,0
11,,,0
12,,,0
13,,,0
14,676.81341474,industrial_area,2
15,,,0
16,,,0
17,,,0
18,,,0
19,,,0
20,,,0
21,,,0
22,841.33192304,industrial_area,2
23,,,0
24,,,0
25,,,0
26,339.32397626,industrial_area,12
27,,,0
28,,,0
29,,,0
30,,,0
31,,,0
32,,,0
33,,,0
34,,,0
35,,,0
36,,,0
37,,,0
38,,,0
39,,,0
40,,,0
41,2067.69055033,industrial_area,1
42,,,0
43,,,0
44,,,0
45,,,0
46,,,0
47,,,0
48,,,0
49,3591.55449316,industrial_area,1
50,3775.24435668,industrial_area,2
51,3270.48097146,industrial_area,1
52,3043.51476658,industrial_area,1
53,1012.84217885,power_plant,6
54,3983.86160366,industrial_area,4
55,,,0
56,,,0
57,,,0
58,,,0
59,,,0
60,,,0
61,,,0
62,,,0
63,,,0
64,,,0
65,,,0
66,,,0
67,,,0
68,,,0
69,,,0
70,,,0
71,,,0
72,,,0
73,,,0
74,,,0
75,,,0
76,,,0
77,,,0
78,,,0
79,,,0
80,,,0
81,,,0
82,,,0
83,,,0
84,340.68501164,industrial_works,3
85,,,0
86,,,0
87,,,0
88,,,0
89,,,0
90,,,0
91,,,0
92,1272.74054487,industrial_area,2
93,629.64447424,industrial_area,4
94,1915.71527253,industrial_area,5
95,1203.81651081,power_plant,5
96,403.88697344,industrial_area,5
97,1399.16220989,industrial_area,3
98,1333.43636347,industrial_area,3
99,1146.59787266,industrial_area,3
100,1113.25982381,industrial_area,3
101,1096.65494554,power_plant,4
102,699.46300995,industrial_area,4
103,539.04550431,industrial_area,12
104,300.17321129,industrial_area,12
105,3071.49022412,industrial_area,4
106,3414.87820681,industrial_area,3
107,3091.8804781,industrial_area,3
108,2355.73629186,industrial_area,3
109,2909.36315475,industrial_area,3
110,2491.51578854,industrial_area,3
111,3442.23087168,industrial_area,3
112,3193.42328959,industrial_area,3
113,478.57629047,industrial_area,9
114,3504.10188823,industrial_area,3
115,3087.52582925,industrial_area,2
116,3826.78087914,industrial_area,3
117,436.73742302,power_plant,7
118,4444.95398662,industrial_area,2
119,3477.9893687,power_plant,2
120,2162.86917584,industrial_area,3
121,4483.5231414,industrial_area,3
122,4403.94524202,industrial_area,3
123,,,0
124,,,0
125,,,0
126,,,0
127,,,0
128,,,0
129,,,0
130,,,0
131,181.61888085,power_plant,9
132,,,0
133,,,0
134,,,0
135,,,0
136,,,0
137,,,0
138,,,0
139,,,0
140,,,0
141,,,0
142,,,0
143,,,0
144,,,0
145,,,0
146,,,0
147,,,0
148,,,0
149,,,0
150,,,0
151,,,0
152,,,0
153,1601.40105613,industrial_area,2
154,,,0
155,,,0
156,4195.92670212,power_plant,1
157,,,0
158,1291.92033415,power_plant,6
159,,,0
160,304.17702789,industrial_works,6
161,714.08635697,industrial_area,2
162,,,0
163,,,0
164,,,0
165,,,0
166,,,0
167,,,0
168,,,0
169,,,0
170,,,0
171,3026.54528858,industrial_area,4
172,3280.31966442,power_plant,6
173,3228.44877663,power_plant,6
174,,,0
175,,,0
176,,,0
177,,,0
178,,,0
179,,,0
180,,,0
181,,,0
182,,,0
183,,,0
184,,,0
185,,,0
186,405.67779077,power_plant,6
187,2173.19084644,industrial_area,25
188,1978.82277995,industrial_area,27
189,620.98166435,power_plant,4
190,664.273854,power_plant,4
191,214.19137357,industrial_area,2
192,460.71123343,industrial_area,10
193,442.26128973,industrial_area,1
194,,,0
195,4321.37578182,industrial_works,1
196,181.42168126,industrial_area,3
197,674.2850224,power_plant,2
198,231.64116638,industrial_area,6
199,1142.82822162,power_plant,6
200,839.93876647,power_plant,5
201,534.5957347,industrial_works,6
202,165.97264341,industrial_area,2
203,,,0
204,,,0
205,,,0
206,,,0
207,,,0
208,,,0
209,,,0
210,,,0
211,,,0
212,,,0
213,,,0
214,,,0
215,,,0
216,,,0
217,3432.81327139,industrial_area,3
218,,,0
219,,,0
220,,,0
221,,,0
222,,,0
223,1058.75061854,industrial_area,1
224,,,0
225,277.56221419,industrial_area,6
226,,,0
227,,,0
228,,,0
229,,,0
230,,,0
231,,,0
232,259.03008329,industrial_area,18
233,127.51784484,industrial_area,18
234,121.26687339,industrial_area,19
235,,,0
236,,,0
237,,,0
238,3107.39712983,power_plant,2
239,2884.47459348,power_plant,2
240,,,0
241,,,0
242,,,0
243,,,0
244,,,0
245,,,0
246,,,0
247,,,0
248,,,0
249,,,0
250,,,0
251,,,0
252,3126.19966126,industrial_area,5
253,1741.25056185,industrial_area,10
254,,,0
255,,,0
256,,,0
257,,,0
258,,,0
259,,,0
260,4328.88671146,industrial_works,1
261,1393.64341957,industrial_area,1
262,,,0
263,2519.83132939,industrial_works,1
264,,,0
265,,,0
266,,,0
267,,,0
268,,,0
269,,,0
270,,,0
271,,,0
272,,,0
273,,,0
274,,,0
275,,,0
276,,,0
277,,,0
278,3825.19382439,industrial_works,1
279,,,0
280,,,0
281,,,0
282,,,0
283,,,0
284,,,0
285,,,0
286,,,0
287,,,0
288,,,0
289,,,0
290,4297.15959283,industrial_area,1
291,4014.84986818,industrial_area,1
292,4409.73116113,power_plant,1
293,3895.39199363,industrial_area,1
294,,,0
295,3887.6121102,industrial_area,1
296,,,0
297,3520.71515348,industrial_area,2
298,1711.26283412,industrial_area,6
299,3838.12054756,industrial_area,2
300,,,0
301,,,0
302,,,0
303,,,0
304,,,0
305,2151.73260615,industrial_area,1
306,,,0
307,,,0
308,,,0
309,,,0
310,,,0
311,4675.80881512,industrial_area,1
312,2478.04891873,industrial_works,2
313,2094.78414335,industrial_works,2
314,1155.46747913,power_plant,5
315,,,0
316,,,0
317,,,0
318,,,0
319,3208.68536707,industrial_area,1
320,,,0
321,,,0
322,,,0
323,,,0
324,1556.22883256,power_plant,5
325,,,0
326,,,0
327,,,0
328,,,0
329,3307.28301918,industrial_works,1
330,3522.55896007,industrial_works,1
331,,,0
332,,,0
333,,,0
334,,,0
335,,,0
336,,,0
337,,,0
338,,,0
339,3899.90227008,industrial_area,4
340,,,0
341,,,0
342,3609.35946664,industrial_area,4
343,,,0
344,,,0
345,1274.53025746,industrial_works,1
346,,,0
347,1120.27203306,industrial_works,7
348,1213.81451234,power_plant,6
349,107.16027889,industrial_works,5
350,,,0
351,,,0
352,,,0
353,,,0
354,,,0
355,,,0
356,,,0
357,,,0
358,,,0
359,,,0
360,,,0
361,,,0
362,,,0
363,,,0
364,,,0
365,,,0
366,,,0
367,,,0
368,,,0
369,,,0
370,,,0
371,,,0
372,,,0
373,,,0
374,,,0
375,409.92950536,power_plant,2
376,1268.1981802,industrial_area,1
377,489.09116503,power_plant,1
378,151.55914198,power_plant,2
379,685.95915235,power_plant,2
380,,,0
381,3456.10892097,industrial_works,3
382,1466.98515054,industrial_area,15
383,,,0
384,,,0
385,,,0
386,,,0
387,,,0
388,436.39538705,industrial_area,1
389,,,0
390,,,0
391,,,0
392,,,0
393,802.94645453,industrial_area,3
394,687.20287752,power_plant,2
395,838.44407207,power_plant,2
396,618.06809572,power_plant,2
397,248.00511545,power_plant,2
398,713.75842953,power_plant,2
399,855.85710442,power_plant,2
400,775.89107904,power_plant,2
401,926.95967191,power_plant,2
402,590.09792708,power_plant,2
403,,,0
404,,,0
405,,,0
406,,,0
407,,,0
408,,,0
409,,,0
410,,,0
411,779.88853903,industrial_area,5
412,,,0
413,,,0
414,276.00892831,power_plant,2
415,4313.57302372,industrial_works,1
416,4657.15321025,industrial_works,1
417,,,0
418,,,0
419,307.01703565,industrial_area,3
420,,,0
421,328.29570819,industrial_area,29
422,1124.63765821,industrial_area,39
423,1439.05084532,industrial_area,18
424,1577.35794341,industrial_area,11
425,673.47844448,industrial_area,8
426,1055.25864261,industrial_area,8
427,708.453018,power_plant,2
428,477.42971007,power_plant,2
429,,,0
430,,,0
431,,,0
432,,,0
433,,,0
434,,,0
435,,,0
436,,,0
437,,,0
438,,,0
439,,,0
440,503.34269064,industrial_works,7
441,,,0
442,,,0
443,,,0
444,,,0
445,,,0
446,,,0
447,,,0
448,,,0
449,,,0
450,,,0
451,,,0
452,,,0
453,576.79683826,industrial_area,47
454,588.50255535,power_plant,6
455,55.04375279,industrial_area,33
456,665.28285155,industrial_area,31
457,53.08112964,industrial_area,5
458,325.40370927,industrial_area,5
459,2829.89002108,industrial_area,17
460,1129.51390358,industrial_area,19
461,2534.40798292,power_plant,2
462,2164.72991363,power_plant,2
463,124.59155025,industrial_area,2
464,1144.64517747,industrial_area,1
465,644.82740234,power_plant,1
466,197.72287041,power_plant,2
467,575.72571882,power_plant,1
468,3215.15854988,industrial_area,1
469,736.11498964,industrial_area,20
470,166.9916354,industrial_area,4
471,463.73425479,power_plant,4
472,442.74796106,power_plant,4
473,316.30213912,industrial_area,4
474,378.2729252,industrial_area,10
475,433.2545441,industrial_area,1
476,398.78350144,industrial_area,1
477,,,0
478,,,0
479,,,0
480,,,0
481,,,0
482,,,0
483,,,0
484,,,0
485,,,0
486,,,0
487,178.10425782,industrial_area,1
488,325.02237933,industrial_area,6
489,1111.86995638,industrial_works,7
490,821.21490533,industrial_works,6
491,30.08669654,industrial_area,2
492,,,0
493,,,0
494,,,0
495,,,0
496,,,0
497,,,0
498,,,0
499,,,0
500,,,0
501,,,0
502,98.80055312,industrial_works,42
503,94.9629948,industrial_area,42
504,,,0
505,,,0
506,,,0
507,,,0
508,,,0
509,,,0
510,,,0
511,225.1503183,industrial_area,19
512,349.52571077,industrial_area,18
513,91.33737385,industrial_area,19
514,156.33101948,industrial_area,19
515,345.79861488,industrial_area,64
516,1434.21566344,power_plant,3
517,1729.95183004,power_plant,3
518,4813.20610869,industrial_area,1
519,,,0
520,,,0
521,,,0
522,,,0
523,,,0
524,,,0
525,,,0
526,,,0
527,,,0
528,,,0
529,,,0
530,,,0
531,,,0
532,,,0
533,3445.23005586,power_plant,1
534,,,0
535,,,0
536,,,0
537,,,0
538,,,0
539,,,0
540,,,0
541,,,0
542,,,0
543,850.6414093,industrial_area,2
544,1274.68284341,industrial_area,2
545,4020.18108286,industrial_works,1
546,3775.61283754,industrial_works,1
547,4412.2960989,industrial_area,1
548,,,0
549,2601.96099055,industrial_area,1
550,,,0
551,1759.8559695,industrial_area,1
552,2145.46346119,industrial_area,1
553,,,0
554,,,0
555,,,0
556,,,0
557,4810.98319315,power_plant,1
558,,,0
559,,,0
560,,,0
561,,,0
562,,,0
563,,,0
564,,,0
565,,,0
566,,,0
567,,,0
568,3541.09842363,industrial_works,1
569,3144.15332774,industrial_works,1
570,,,0
571,4828.57687275,industrial_area,1
572,4348.32556734,industrial_works,1
573,,,0
574,3806.60407241,power_plant,1
575,,,0
576,3843.63055479,power_plant,1
577,,,0
578,4732.14012623,industrial_area,2
579,4816.1427472,industrial_area,2
580,4403.02192934,industrial_area,1
581,,,0
582,,,0
583,2723.12150375,industrial_works,2
584,,,0
585,,,0
586,,,0
587,,,0
588,,,0
589,,,0
590,,,0
591,,,0
592,,,0
593,,,0
594,,,0
595,,,0
596,,,0
597,,,0
598,,,0
599,,,0
600,,,0
601,,,0
602,,,0
603,,,0
604,,,0
605,,,0
606,,,0
607,,,0
608,,,0
609,,,0
610,,,0
611,4790.3155053,industrial_area,1
612,,,0
613,4564.37094104,power_plant,1
614,3751.02080398,industrial_area,1
615,,,0
616,,,0
617,,,0
618,,,0
619,4144.79215692,industrial_area,1
620,,,0
621,,,0
622,,,0
623,,,0
624,,,0
625,,,0
626,,,0
627,,,0
628,,,0
629,,,0
630,2283.3649455,industrial_area,3
631,,,0
632,,,0
633,,,0
634,,,0
635,,,0
636,,,0
637,,,0
638,,,0
639,,,0
640,,,0
641,,,0
642,,,0
643,,,0
644,,,0
645,,,0
646,,,0
647,,,0
648,,,0
649,,,0
650,,,0
651,,,0
652,,,0
653,,,0
654,,,0
655,,,0
656,,,0
657,4009.14028598,power_plant,1
658,,,0
659,1103.03662984,industrial_area,6
660,,,0
661,,,0
662,,,0
663,3016.33897754,power_plant,1
664,3653.41553434,industrial_area,1
665,,,0
666,,,0
667,,,0
668,,,0
669,,,0
670,206.10595632,industrial_area,2
671,,,0
672,,,0
673,,,0
674,,,0
675,970.56309241,power_plant,2
676,,,0
677,,,0
678,1120.2826572,power_plant,2
679,1046.94332839,power_plant,2
680,,,0
681,,,0
682,,,0
683,,,0
684,,,0
685,,,0
686,,,0
687,,,0
688,,,0
689,1202.31521818,industrial_area,1
690,3430.50479546,industrial_area,3
691,,,0
692,,,0
693,1849.3228127,industrial_area,3
694,4207.91019662,industrial_area,1
695,,,0
696,,,0
697,,,0
698,,,0
699,,,0
700,,,0
701,,,0
702,,,0
703,,,0
704,,,0
705,,,0
706,,,0
707,,,0
708,,,0
709,,,0
710,,,0
711,,,0
712,,,0
713,,,0
714,,,0
715,,,0
716,,,0
717,2889.34626873,industrial_area,3
718,4191.29681603,industrial_area,2
719,,,0
720,,,0
721,,,0
722,,,0
723,,,0
724,,,0
725,,,0
726,,,0
727,,,0
728,,,0
729,,,0
730,,,0
731,,,0
732,,,0
733,,,0
734,,,0
735,,,0
736,,,0
737,746.54225885,industrial_area,10
738,431.88256106,industrial_area,9
739,230.12421614,industrial_area,4
740,120.97222063,industrial_area,4
741,350.03666805,industrial_area,2
742,345.15771503,industrial_area,4
743,165.00363038,industrial_area,4
744,522.87832114,industrial_area,4
745,248.01030911,industrial_area,11
746,491.87517872,industrial_area,1
747,,,0
748,,,0
749,574.97309554,industrial_area,2
750,256.55781651,industrial_area,5
751,4555.3554805,industrial_works,1
752,4486.5972592,industrial_works,1
753,,,0
754,,,0
755,87.03285599,industrial_area,3
756,448.9679877,industrial_area,3
757,316.9435756,industrial_area,3
758,761.62853322,industrial_area,8
759,663.4391148,power_plant,2
760,647.24058572,pipeline,58
761,2196.96257747,industrial_area,4
762,1246.72692615,industrial_area,27
763,,,0
764,383.11467822,power_plant,4
765,205.49366145,industrial_area,5
766,,,0
767,,,0
768,,,0
769,319.84154394,industrial_area,48
770,436.86517472,industrial_area,48
771,186.87962752,industrial_area,31
772,136.61696819,industrial_area,5
773,2699.78465385,industrial_area,17
774,,,0
775,2823.41338896,power_plant,2
776,251.12308066,power_plant,2
777,790.38868626,power_plant,1
778,422.36326135,power_plant,2
779,,,0
780,,,0
781,,,0
782,,,0
783,,,0
784,,,0
785,,,0
786,,,0
787,,,0
788,4654.38107228,power_plant,1
789,,,0
790,3194.61979977,power_plant,2
791,,,0
792,,,0
793,,,0
794,,,0
795,,,0
796,,,0
797,,,0
798,,,0
799,,,0
800,,,0
801,,,0
802,,,0
803,,,0
804,,,0
805,,,0
806,2600.71940153,power_plant,2
807,,,0
808,,,0
809,,,0
810,,,0
811,,,0
812,,,0
813,,,0
814,900.3207209,power_plant,3
815,,,0
816,,,0
817,,,0
818,,,0
819,,,0
820,,,0
821,4851.06434153,industrial_area,1
822,,,0
823,,,0
824,,,0
825,,,0
826,,,0
827,,,0
828,,,0
829,,,0
830,,,0
831,,,0
832,2784.66393832,power_plant,1
833,,,0
834,3981.6824102,industrial_works,1
835,,,0
836,,,0
837,,,0
838,,,0
839,,,0
840,,,0
841,,,0
842,,,0
843,,,0
844,,,0
845,,,0
846,,,0
847,2616.09626636,industrial_area,1
848,,,0
849,,,0
850,,,0
851,2026.95030237,industrial_area,9
852,2107.63865209,industrial_area,8
853,,,0
854,,,0
855,,,0
856,695.77391432,industrial_area,6
857,1962.03804623,industrial_area,4
858,4311.04037418,industrial_area,1
859,,,0
860,4173.46917895,industrial_area,2
861,3327.45633827,industrial_area,2
862,,,0
863,,,0
864,4979.29963148,industrial_area,1
865,,,0
866,,,0
867,,,0
868,,,0
869,,,0
870,,,0
871,,,0
872,3443.85356092,industrial_area,3
873,,,0
874,,,0
875,,,0
876,4355.62612185,industrial_area,1
877,1134.24773254,industrial_area,1
878,,,0
879,,,0
880,,,0
881,1379.73712317,industrial_area,1
882,,,0
883,,,0
884,,,0
885,,,0
886,,,0
887,451.05267149,industrial_area,8
888,,,0
889,,,0
890,,,0
891,,,0
892,,,0
893,,,0
894,,,0
895,,,0
896,,,0
897,,,0
898,,,0
899,,,0
900,,,0
901,,,0
902,295.93812533,industrial_area,4
903,552.60276085,industrial_area,4
904,306.85622411,industrial_area,31
905,,,0
906,,,0
907,,,0
908,,,0
909,,,0
910,,,0
911,,,0
912,,,0
913,,,0
914,,,0
915,,,0
916,,,0
917,,,0
918,,,0
919,,,0
920,,,0
921,,,0
922,1667.78168304,industrial_area,5
923,,,0
924,377.6287211,industrial_area,4
925,667.74563797,power_plant,2
926,,,0
927,,,0
928,,,0
929,,,0
930,,,0
931,2270.64742379,industrial_area,5
932,,,0
933,,,0
934,,,0
935,,,0
936,,,0
937,,,0
938,,,0
939,,,0
940,,,0
941,,,0
942,,,0
943,,,0
944,,,0
945,,,0
946,,,0
947,,,0
948,,,0
949,125.90422729,industrial_area,5
950,125.03393648,industrial_area,2
951,228.76702951,power_plant,2
952,572.90217191,power_plant,1
953,318.32071229,industrial_area,16
954,,,0
955,,,0
956,,,0
957,,,0
958,,,0
959,,,0
960,,,0
961,,,0
962,,,0
963,,,0
964,,,0
965,,,0
966,,,0
967,,,0
968,,,0
969,,,0
970,,,0
971,,,0
972,,,0
973,,,0
974,,,0
975,,,0
976,,,0
977,,,0
978,,,0
979,,,0
980,,,0
981,,,0
982,,,0
983,,,0
984,,,0
985,,,0
986,,,0
987,,,0
988,,,0
989,,,0
990,,,0
991,,,0
992,,,0
993,,,0
994,,,0
995,,,0
996,,,0
997,3840.99891579,industrial_area,1
998,995.86215498,industrial_area,53
999,523.26025709,industrial_area,3
1000,,,0
1001,1233.57430826,industrial_area,7
1002,292.50923685,power_plant,4
1003,242.58748787,power_plant,4
1004,1675.02331822,power_plant,6
1005,2538.28518419,industrial_works,8
1006,1160.25529894,power_plant,6
1007,1369.18457782,power_plant,6
1008,1105.9058965,power_plant,6
1009,201.75682516,industrial_area,2
1010,,,0
1011,,,0
1012,,,0
1013,,,0
1014,,,0
1015,,,0
1016,,,0
1017,,,0
1018,,,0
1019,,,0
1020,,,0
1021,,,0
1022,,,0
1023,,,0
1024,,,0
1025,,,0
1026,,,0
1027,3318.60845045,industrial_works,7
1028,3593.3547829,industrial_area,3
1029,3365.13715523,industrial_area,3
1030,,,0
1031,,,0
1032,,,0
1033,707.14102942,industrial_area,1
1034,397.43064991,industrial_area,4
1035,215.42131538,industrial_area,4
1036,,,0
1037,,,0
1038,,,0
1039,,,0
1040,,,0
1041,,,0
1042,,,0
1043,,,0
1044,,,0
1045,,,0
1046,,,0
1047,,,0
1048,,,0
1049,,,0
1050,,,0
1051,676.81341474,industrial_area,2
1052,,,0
1053,,,0
1054,,,0
1055,,,0
1056,,,0
1057,,,0
1058,,,0
1059,841.33192304,industrial_area,2
1060,,,0
1061,,,0
1062,,,0
1063,339.32397626,industrial_area,12
1064,,,0
1065,,,0
1066,,,0
1067,,,0
1068,,,0
1069,,,0
1070,,,0
1071,,,0
1072,,,0
1073,,,0
1074,,,0
1075,,,0
1076,,,0
1077,,,0
1078,2067.69055033,industrial_area,1
1079,,,0
1080,,,0
1081,,,0
1082,,,0
1083,,,0
1084,,,0
1085,,,0
1086,3591.55449316,industrial_area,1
1087,3775.24435668,industrial_area,2
1088,3270.48097146,industrial_area,1
1089,3043.51476658,industrial_area,1
1090,1012.84217885,power_plant,6
1091,3983.86160366,industrial_area,4
1092,,,0
1093,,,0
1094,,,0
1095,,,0
1096,,,0
1097,,,0
1098,,,0
1099,,,0
1100,,,0
1101,,,0
1102,,,0
1103,,,0
1104,,,0
1105,,,0
1106,,,0
1107,,,0
1108,,,0
1109,,,0
1110,,,0
1111,,,0
1112,,,0
1113,,,0
1114,,,0
1115,,,0
1116,,,0
1117,,,0
1118,,,0
1119,,,0
1120,,,0
1121,340.68501164,industrial_works,3
1122,,,0
1123,,,0
1124,,,0
1125,,,0
1126,,,0
1127,,,0
1128,,,0
1129,1272.74054487,industrial_area,2
1130,629.64447424,industrial_area,4
1131,1915.71527253,industrial_area,5
1132,1203.81651081,power_plant,5
1133,403.88697344,industrial_area,5
1134,1399.16220989,industrial_area,3
1135,1333.43636347,industrial_area,3
1136,1146.59787266,industrial_area,3
1137,1113.25982381,industrial_area,3
1138,1096.65494554,power_plant,4
1139,699.46300995,industrial_area,4
1140,539.04550431,industrial_area,12
1141,300.17321129,industrial_area,12
1142,3071.49022412,industrial_area,4
1143,3414.87820681,industrial_area,3
1144,3091.8804781,industrial_area,3
1145,2355.73629186,industrial_area,3
1146,2909.36315475,industrial_area,3
1147,2491.51578854,industrial_area,3
1148,3442.23087168,industrial_area,3
1149,3193.42328959,industrial_area,3
1150,478.57629047,industrial_area,9
1151,3504.10188823,industrial_area,3
1152,3087.52582925,industrial_area,2
1153,3826.78087914,industrial_area,3
1154,436.73742302,power_plant,7
1155,4444.95398662,industrial_area,2
1156,3477.9893687,power_plant,2
1157,2162.86917584,industrial_area,3
1158,4483.5231414,industrial_area,3
1159,4403.94524202,industrial_area,3
1160,,,0
1161,,,0
1162,,,0
1163,,,0
1164,,,0
1165,,,0
1166,,,0
1167,,,0
1168,181.61888085,power_plant,9
1169,,,0
1170,,,0
1171,,,0
1172,,,0
1173,,,0
1174,,,0
1175,,,0
1176,,,0
1177,,,0
1178,,,0
1179,,,0
1180,,,0
1181,,,0
1182,,,0
1183,,,0
1184,,,0
1185,,,0
1186,,,0
1187,,,0
1188,,,0
1189,,,0
1190,1601.40105613,industrial_area,2
1191,,,0
1192,,,0
1193,4195.92670212,power_plant,1
1194,,,0
1195,1291.92033415,power_plant,6
1196,,,0
1197,304.17702789,industrial_works,6
1198,714.08635697,industrial_area,2
1199,,,0
1200,,,0
1201,,,0
1202,,,0
1203,,,0
1204,,,0
1205,,,0
1206,,,0
1207,,,0
1208,3026.54528858,industrial_area,4
1209,3280.31966442,power_plant,6
1210,3228.44877663,power_plant,6
1211,,,0
1212,,,0
1213,,,0
1214,,,0
1215,,,0
1216,,,0
1217,,,0
1218,,,0
1219,,,0
1220,,,0
1221,,,0
1222,,,0
1223,405.67779077,power_plant,6
1224,2173.19084644,industrial_area,25
1225,1978.82277995,industrial_area,27
1226,620.98166435,power_plant,4
1227,664.273854,power_plant,4
1228,214.19137357,industrial_area,2
1229,460.71123343,industrial_area,10
1230,442.26128973,industrial_area,1
1231,,,0
1232,4321.37578182,industrial_works,1
1233,181.42168126,industrial_area,3
1234,674.2850224,power_plant,2
1235,231.64116638,industrial_area,6
1236,1142.82822162,power_plant,6
1237,839.93876647,power_plant,5
1238,534.5957347,industrial_works,6
1239,165.97264341,industrial_area,2
1240,,,0
1241,,,0
1242,,,0
1243,,,0
1244,,,0
1245,,,0
1246,,,0
1247,,,0
1248,,,0
1249,,,0
1250,,,0
1251,,,0
1252,,,0
1253,,,0
1254,3432.81327139,industrial_area,3
1255,,,0
1256,,,0
1257,,,0
1258,,,0
1259,,,0
1260,1058.75061854,industrial_area,1
1261,,,0
1262,277.56221419,industrial_area,6
1263,,,0
1264,,,0
1265,,,0
1266,,,0
1267,,,0
1268,,,0
1269,259.03008329,industrial_area,18
1270,127.51784484,industrial_area,18
1271,121.26687339,industrial_area,19
1272,,,0
1273,,,0
1274,,,0
1275,3107.39712983,power_plant,2
1276,2884.47459348,power_plant,2
1277,,,0
1278,,,0
1279,,,0
1280,,,0
1281,,,0
1282,,,0
1283,,,0
1284,,,0
1285,,,0
1286,,,0
1287,,,0
1288,,,0
1289,3126.19966126,industrial_area,5
1290,1741.25056185,industrial_area,10
1291,,,0
1292,,,0
1293,,,0
1294,,,0
1295,,,0
1296,,,0
1297,4328.88671146,industrial_works,1
1298,1393.64341957,industrial_area,1
1299,,,0
1300,2519.83132939,industrial_works,1
1301,,,0
1302,,,0
1303,,,0
1304,,,0
1305,,,0
1306,,,0
1307,,,0
1308,,,0
1309,,,0
1310,,,0
1311,,,0
1312,,,0
1313,,,0
1314,,,0
1315,3825.19382439,industrial_works,1
1316,,,0
1317,,,0
1318,,,0
1319,,,0
1320,,,0
1321,,,0
1322,,,0
1323,,,0
1324,,,0
1325,,,0
1326,,,0
1327,4297.15959283,industrial_area,1
1328,4014.84986818,industrial_area,1
1329,4409.73116113,power_plant,1
1330,3895.39199363,industrial_area,1
1331,,,0
1332,3887.6121102,industrial_area,1
1333,,,0
1334,3520.71515348,industrial_area,2
1335,1711.26283412,industrial_area,6
1336,3838.12054756,industrial_area,2
1337,,,0
1338,,,0
1339,,,0
1340,,,0
1341,,,0
1342,2151.73260615,industrial_area,1
1343,,,0
1344,,,0
1345,,,0
1346,,,0
1347,,,0
1348,4675.80881512,industrial_area,1
1349,2478.04891873,industrial_works,2
1350,2094.78414335,industrial_works,2
1351,1155.46747913,power_plant,5
1352,,,0
1353,,,0
1354,,,0
1355,,,0
1356,3208.68536707,industrial_area,1
1357,,,0
1358,,,0
1359,,,0
1360,,,0
1361,1556.22883256,power_plant,5
1362,,,0
1363,,,0
1364,,,0
1365,,,0
1366,3307.28301918,industrial_works,1
1367,3522.55896007,industrial_works,1
1368,,,0
1369,,,0
1370,,,0
1371,,,0
1372,,,0
1373,,,0
1374,,,0
1375,,,0
1376,3899.90227008,industrial_area,4
1377,,,0
1378,,,0
1379,3609.35946664,industrial_area,4
1380,,,0
1381,,,0
1382,1274.53025746,industrial_works,1
1383,,,0
1384,1120.27203306,industrial_works,7
1385,1213.81451234,power_plant,6
1386,107.16027889,industrial_works,5
1387,,,0
1388,,,0
1389,,,0
1390,,,0
1391,,,0
1392,,,0
1393,,,0
1394,,,0
1395,,,0
1396,,,0
1397,,,0
1398,,,0
1399,,,0
1400,,,0
1401,,,0
1402,,,0
1403,,,0
1404,,,0
1405,,,0
1406,,,0
1407,,,0
1408,,,0
1409,,,0
1410,,,0
1411,,,0
1412,409.92950536,power_plant,2
1413,1268.1981802,industrial_area,1
1414,489.09116503,power_plant,1
1415,151.55914198,power_plant,2
1416,685.95915235,power_plant,2
1417,,,0
1418,3456.10892097,industrial_works,3
1419,1466.98515054,industrial_area,15
1420,,,0
1421,,,0
1422,,,0
1423,,,0
1424,,,0
1425,436.39538705,industrial_area,1
1426,,,0
1427,,,0
1428,,,0
1429,,,0
1430,802.94645453,industrial_area,3
1431,687.20287752,power_plant,2
1432,838.44407207,power_plant,2
1433,618.06809572,power_plant,2
1434,248.00511545,power_plant,2
1435,713.75842953,power_plant,2
1436,855.85710442,power_plant,2
1437,775.89107904,power_plant,2
1438,926.95967191,power_plant,2
1439,590.09792708,power_plant,2
1440,,,0
1441,,,0
1442,,,0
1443,,,0
1444,,,0
1445,,,0
1446,,,0
1447,,,0
1448,779.88853903,industrial_area,5
1449,,,0
1450,,,0
1451,276.00892831,power_plant,2
1452,4313.57302372,industrial_works,1
1453,4657.15321025,industrial_works,1
1454,,,0
1455,,,0
1456,307.01703565,industrial_area,3
1457,,,0
1458,328.29570819,industrial_area,29
1459,1124.63765821,industrial_area,39
1460,1439.05084532,industrial_area,18
1461,1577.35794341,industrial_area,11
1462,673.47844448,industrial_area,8
1463,1055.25864261,industrial_area,8
1464,708.453018,power_plant,2
1465,477.42971007,power_plant,2
1466,,,0
1467,,,0
1468,,,0
1469,,,0
1470,,,0
1471,,,0
1472,,,0
1473,,,0
1474,,,0
1475,,,0
1476,,,0
1477,503.34269064,industrial_works,7
1478,,,0
1479,,,0
1480,,,0
1481,,,0
1482,,,0
1483,,,0
1484,,,0
1485,,,0
1486,,,0
1487,,,0
1488,,,0
1489,,,0
1490,576.79683826,industrial_area,47
1491,588.50255535,power_plant,6
1492,55.04375279,industrial_area,33
1493,665.28285155,industrial_area,31
1494,53.08112964,industrial_area,5
1495,325.40370927,industrial_area,5
1496,2829.89002108,industrial_area,17
1497,1129.51390358,industrial_area,19
1498,2534.40798292,power_plant,2
1499,2164.72991363,power_plant,2
1500,124.59155025,industrial_area,2
1501,1144.64517747,industrial_area,1
1502,644.82740234,power_plant,1
1503,197.72287041,power_plant,2
1504,575.72571882,power_plant,1
1505,3215.15854988,industrial_area,1
1506,736.11498964,industrial_area,20
1507,166.9916354,industrial_area,4
1508,463.73425479,power_plant,4
1509,442.74796106,power_plant,4
1510,316.30213912,industrial_area,4
1511,378.2729252,industrial_area,10
1512,433.2545441,industrial_area,1
1513,398.78350144,industrial_area,1
1514,,,0
1515,,,0
1516,,,0
1517,,,0
1518,,,0
1519,,,0
1520,,,0
1521,,,0
1522,,,0
1523,,,0
1524,178.10425782,industrial_area,1
1525,325.02237933,industrial_area,6
1526,1111.86995638,industrial_works,7
1527,821.21490533,industrial_works,6
1528,30.08669654,industrial_area,2
1529,,,0
1530,,,0
1531,,,0
1532,,,0
1533,,,0
1534,,,0
1535,,,0
1536,,,0
1537,,,0
1538,,,0
1539,98.80055312,industrial_works,42
1540,94.9629948,industrial_area,42
1541,,,0
1542,,,0
1543,,,0
1544,,,0
1545,,,0
1546,,,0
1547,,,0
1548,225.1503183,industrial_area,19
1549,349.52571077,industrial_area,18
1550,91.33737385,industrial_area,19
1551,156.33101948,industrial_area,19
1552,345.79861488,industrial_area,64
1553,1434.21566344,power_plant,3
1554,1729.95183004,power_plant,3
1555,4813.20610869,industrial_area,1
1556,,,0
1557,,,0
1558,,,0
1559,,,0
1560,,,0
1561,,,0
1562,,,0
1563,,,0
1564,,,0
1565,,,0
1566,,,0
1567,,,0
1568,,,0
1569,,,0
1570,3445.23005586,power_plant,1
1571,,,0
1572,,,0
1573,,,0
1574,,,0
1575,,,0
1576,,,0
1577,,,0
1578,,,0
1579,,,0
1580,850.6414093,industrial_area,2
1581,1274.68284341,industrial_area,2
1582,4020.18108286,industrial_works,1
1583,3775.61283754,industrial_works,1
1584,4412.2960989,industrial_area,1
1585,,,0
1586,2601.96099055,industrial_area,1
1587,,,0
1588,1759.8559695,industrial_area,1
1589,2145.46346119,industrial_area,1
1590,,,0
1591,,,0
1592,,,0
1593,,,0
1594,4810.98319315,power_plant,1
1595,,,0
1596,,,0
1597,,,0
1598,,,0
1599,,,0
1600,,,0
1601,,,0
1602,,,0
1603,,,0
1604,,,0
1605,3541.09842363,industrial_works,1
1606,3144.15332774,industrial_works,1
1607,,,0
1608,4828.57687275,industrial_area,1
1609,4348.32556734,industrial_works,1
1610,,,0
1611,3806.60407241,power_plant,1
1612,,,0
1613,3843.63055479,power_plant,1
1614,,,0
1615,4732.14012623,industrial_area,2
1616,4816.1427472,industrial_area,2
1617,4403.02192934,industrial_area,1
1618,,,0
1619,,,0
1620,2723.12150375,industrial_works,2
1621,,,0
1622,,,0
1623,,,0
1624,,,0
1625,,,0
1626,,,0
1627,,,0
1628,,,0
1629,,,0
1630,,,0
1631,,,0
1632,,,0
1633,,,0
1634,,,0
1635,,,0
1636,,,0
1637,,,0
1638,,,0
1639,,,0
1640,,,0
1641,,,0
1642,,,0
1643,,,0
1644,,,0
1645,,,0
1646,,,0
1647,,,0
1648,4790.3155053,industrial_area,1
1649,,,0
1650,4564.37094104,power_plant,1
1651,3751.02080398,industrial_area,1
1652,,,0
1653,,,0
1654,,,0
1655,,,0
1656,4144.79215692,industrial_area,1
1657,,,0
1658,,,0
1659,,,0
1660,,,0
1661,,,0
1662,,,0
1663,,,0
1664,,,0
1665,,,0
1666,,,0
1667,2283.3649455,industrial_area,3
1668,,,0
1669,,,0
1670,,,0
1671,,,0
1672,,,0
1673,,,0
1674,,,0
1675,,,0
1676,,,0
1677,,,0
1678,,,0
1679,,,0
1680,,,0
1681,,,0
1682,,,0
1683,,,0
1684,,,0
1685,,,0
1686,,,0
1687,,,0
1688,,,0
1689,,,0
1690,,,0
1691,,,0
1692,,,0
1693,,,0
1694,4009.14028598,power_plant,1
1695,,,0
1696,1103.03662984,industrial_area,6
1697,,,0
1698,,,0
1699,,,0
1700,3016.33897754,power_plant,1
1701,3653.41553434,industrial_area,1
1702,,,0
1703,,,0
1704,,,0
1705,,,0
1706,,,0
1707,206.10595632,industrial_area,2
1708,,,0
1709,,,0
1710,,,0
1711,,,0
1712,970.56309241,power_plant,2
1713,,,0
1714,,,0
1715,1120.2826572,power_plant,2
1716,1046.94332839,power_plant,2
1717,,,0
1718,,,0
1719,,,0
1720,,,0
1721,,,0
1722,,,0
1723,,,0
1724,,,0
1725,,,0
1726,1202.31521818,industrial_area,1
1727,3430.50479546,industrial_area,3
1728,,,0
1729,,,0
1730,1849.3228127,industrial_area,3
1731,4207.91019662,industrial_area,1
1732,,,0
1733,,,0
1734,,,0
1735,,,0
1736,,,0
1737,,,0
1738,,,0
1739,,,0
1740,,,0
1741,,,0
1742,,,0
1743,,,0
1744,,,0
1745,,,0
1746,,,0
1747,,,0
1748,,,0
1749,,,0
1750,,,0
1751,,,0
1752,,,0
1753,,,0
1754,2889.34626873,industrial_area,3
1755,4191.29681603,industrial_area,2
1756,,,0
1757,,,0
1758,,,0
1759,,,0
1760,,,0
1761,,,0
1762,,,0
1763,,,0
1764,,,0
1765,,,0
1766,,,0
1767,,,0
1768,,,0
1769,,,0
1770,,,0
1771,,,0
1772,,,0
1773,,,0
1774,746.54225885,industrial_area,10
1775,431.88256106,industrial_area,9
1776,230.12421614,industrial_area,4
1777,120.97222063,industrial_area,4
1778,350.03666805,industrial_area,2
1779,345.15771503,industrial_area,4
1780,165.00363038,industrial_area,4
1781,522.87832114,industrial_area,4
1782,248.01030911,industrial_area,11
1783,491.87517872,industrial_area,1
1784,,,0
1785,,,0
1786,574.97309554,industrial_area,2
1787,256.55781651,industrial_area,5
1788,4555.3554805,industrial_works,1
1789,4486.5972592,industrial_works,1
1790,,,0
1791,,,0
1792,87.03285599,industrial_area,3
1793,448.9679877,industrial_area,3
1794,316.9435756,industrial_area,3
1795,761.62853322,industrial_area,8
1796,663.4391148,power_plant,2
1797,647.24058572,pipeline,58
1798,2196.96257747,industrial_area,4
1799,1246.72692615,industrial_area,27
1800,,,0
1801,383.11467822,power_plant,4
1802,205.49366145,industrial_area,5
1803,,,0
1804,,,0
1805,,,0
1806,319.84154394,industrial_area,48
1807,436.86517472,industrial_area,48
1808,186.87962752,industrial_area,31
1809,136.61696819,industrial_area,5
1810,2699.78465385,industrial_area,17
1811,,,0
1812,2823.41338896,power_plant,2
1813,251.12308066,power_plant,2
1814,790.38868626,power_plant,1
1815,422.36326135,power_plant,2
1816,,,0
1817,,,0
1818,,,0
1819,,,0
1820,,,0
1821,,,0
1822,,,0
1823,,,0
1824,,,0
1825,4654.38107228,power_plant,1
1826,,,0
1827,3194.61979977,power_plant,2
1828,,,0
1829,,,0
1830,,,0
1831,,,0
1832,,,0
1833,,,0
1834,,,0
1835,,,0
1836,,,0
1837,,,0
1838,,,0
1839,,,0
1840,,,0
1841,,,0
1842,,,0
1843,2600.71940153,power_plant,2
1844,,,0
1845,,,0
1846,,,0
1847,,,0
1848,,,0
1849,,,0
1850,,,0
1851,900.3207209,power_plant,3
1852,,,0
1853,,,0
1854,,,0
1855,,,0
1856,,,0
1857,,,0
1858,4851.06434153,industrial_area,1
1859,,,0
1860,,,0
1861,,,0
1862,,,0
1863,,,0
1864,,,0
1865,,,0
1866,,,0
1867,,,0
1868,,,0
1869,2784.66393832,power_plant,1
1870,,,0
1871,3981.6824102,industrial_works,1
1872,,,0
1873,,,0
1874,,,0
1875,,,0
1876,,,0
1877,,,0
1878,,,0
1879,,,0
1880,,,0
1881,,,0
1882,,,0
1883,,,0
1884,2616.09626636,industrial_area,1
1885,,,0
1886,,,0
1887,,,0
1888,2026.95030237,industrial_area,9
1889,2107.63865209,industrial_area,8
1890,,,0
1891,,,0
1892,,,0
1893,695.77391432,industrial_area,6
1894,1962.03804623,industrial_area,4
1895,4311.04037418,industrial_area,1
1896,,,0
1897,4173.46917895,industrial_area,2
1898,3327.45633827,industrial_area,2
1899,,,0
1900,,,0
1901,4979.29963148,industrial_area,1
1902,,,0
1903,,,0
1904,,,0
1905,,,0
1906,,,0
1907,,,0
1908,,,0
1909,3443.85356092,industrial_area,3
1910,,,0
1911,,,0
1912,,,0
1913,4355.62612185,industrial_area,1
1914,1134.24773254,industrial_area,1
1915,,,0
1916,,,0
1917,,,0
1918,1379.73712317,industrial_area,1
1919,,,0
1920,,,0
1921,,,0
1922,,,0
1923,,,0
1924,451.05267149,industrial_area,8
1925,,,0
1926,,,0
1927,,,0
1928,,,0
1929,,,0
1930,,,0
1931,,,0
1932,,,0
1933,,,0
1934,,,0
1935,,,0
1936,,,0
1937,,,0
1938,,,0
1939,295.93812533,industrial_area,4
1940,552.60276085,industrial_area,4
1941,306.85622411,industrial_area,31
1942,,,0
1943,,,0
1944,,,0
1945,,,0
1946,,,0
1947,,,0
1948,,,0
1949,,,0
1950,,,0
1951,,,0
1952,,,0
1953,,,0
1954,,,0
1955,,,0
1956,,,0
1957,,,0
1958,,,0
1959,1667.78168304,industrial_area,5
1960,,,0
1961,377.6287211,industrial_area,4
1962,667.74563797,power_plant,2
1963,,,0
1964,,,0
1965,,,0
1966,,,0
1967,,,0
1968,2270.64742379,industrial_area,5
1969,,,0
1970,,,0
1971,,,0
1972,,,0
1973,,,0
1974,,,0
1975,,,0
1976,,,0
1977,,,0
1978,,,0
1979,,,0
1980,,,0
1981,,,0
1982,,,0
1983,,,0
1984,,,0
1985,,,0
1986,125.90422729,industrial_area,5
1987,125.03393648,industrial_area,2
1988,228.76702951,power_plant,2
1989,572.90217191,power_plant,1
1990,318.32071229,industrial_area,16
1991,,,0
1992,,,0
1993,,,0
1994,,,0
1995,,,0
1996,,,0
1997,,,0
1998,,,0
1999,,,0
2000,,,0
2001,,,0
2002,,,0
2003,,,0
2004,,,0
2005,,,0
2006,,,0
2007,,,0
2008,,,0
2009,,,0
2010,,,0
2011,,,0
2012,,,0
2013,,,0
2014,,,0
2015,,,0
2016,,,0
2017,,,0
2018,,,0
2019,,,0
2020,,,0
2021,,,0
2022,,,0
2023,,,0
2024,,,0
2025,,,0
2026,,,0
2027,,,0
2028,,,0
2029,,,0
2030,,,0
2031,,,0
2032,,,0
2033,,,0
2034,3840.99891579,industrial_area,1
2035,995.86215498,industrial_area,53
2036,523.26025709,industrial_area,3
2037,,,0
2038,1233.57430826,industrial_area,7
2039,292.50923685,power_plant,4
2040,242.58748787,power_plant,4
2041,1675.02331822,power_plant,6
2042,2538.28518419,industrial_works,8
2043,1160.25529894,power_plant,6
2044,1369.18457782,power_plant,6
2045,1105.9058965,power_plant,6
2046,201.75682516,industrial_area,2
2047,,,0
2048,,,0
2049,,,0
2050,,,0
2051,,,0
2052,,,0
2053,,,0
2054,,,0
2055,,,0
2056,,,0
2057,,,0
2058,,,0
2059,,,0
2060,,,0
2061,,,0
2062,,,0
2063,,,0
2064,3318.60845045,industrial_works,7
2065,3593.3547829,industrial_area,3
2066,3365.13715523,industrial_area,3
2067,,,0
2068,,,0
2069,,,0
2070,707.14102942,industrial_area,1
2071,397.43064991,industrial_area,4
2072,215.42131538,industrial_area,4
2073,,,0
2074,,,0
2075,,,0
2076,,,0
2077,,,0
2078,,,0
2079,,,0
2080,,,0
2081,,,0
2082,,,0
2083,,,0
2084,2064.8988499,industrial_area,28
2085,1751.43822421,industrial_area,28
2086,1269.97110913,industrial_area,27
2087,1708.9352664,industrial_area,28
2088,,,0
2089,,,0
2090,,,0
2091,,,0
2092,,,0
2093,,,0
2094,,,0
2095,2307.15480337,industrial_area,2
2096,,,0
2097,,,0
2098,,,0
2099,,,0
2100,,,0
2101,,,0
2102,747.46693411,power_plant,1
2103,,,0
2104,,,0
2105,,,0
2106,,,0
2107,,,0
2108,,,0
2109,,,0
2110,,,0
2111,,,0
2112,,,0
2113,,,0
2114,,,0
2115,,,0
2116,,,0
2117,,,0
2118,,,0
2119,,,0
2120,4369.60792895,industrial_area,1
2121,3919.76273649,industrial_area,1
2122,4550.40866555,industrial_area,1
2123,,,0
2124,4893.2524611,industrial_works,1
2125,4426.89147895,industrial_works,1
2126,4827.86875887,industrial_works,1
2127,4674.29956845,industrial_works,1
2128,,,0
2129,,,0
2130,,,0
2131,,,0
2132,,,0
2133,,,0
2134,,,0
2135,,,0
2136,,,0
2137,,,0
2138,,,0
2139,3976.53905941,industrial_area,2
2140,3841.49904074,industrial_works,1
2141,4959.68520457,industrial_area,1
2142,,,0
2143,4489.22742803,industrial_area,2
2144,,,0
2145,,,0
2146,,,0
2147,,,0
2148,,,0
2149,,,0
2150,,,0
2151,,,0
2152,,,0
2153,,,0
2154,,,0
2155,,,0
2156,,,0
2157,,,0
2158,,,0
2159,,,0
2160,,,0
2161,,,0
2162,,,0
2163,,,0
2164,2719.86625495,power_plant,1
2165,,,0
2166,2844.3582754,power_plant,1
2167,,,0
2168,,,0
2169,,,0
2170,,,0
2171,,,0
2172,,,0
2173,,,0
2174,,,0
2175,1096.5324634,industrial_area,11
2176,3875.74641036,industrial_area,1
2177,,,0
2178,,,0
2179,,,0
2180,,,0
2181,,,0
2182,4666.2437685,industrial_area,1
2183,,,0
2184,,,0
2185,,,0
2186,4289.50675316,industrial_area,2
2187,,,0
2188,,,0
2189,,,0
2190,,,0
2191,,,0
2192,,,0
2193,,,0
2194,,,0
2195,,,0
2196,,,0
2197,,,0
2198,,,0
2199,,,0
2200,,,0
2201,,,0
2202,,,0
2203,,,0
2204,,,0
2205,,,0
2206,,,0
2207,,,0
2208,3183.53612034,industrial_area,1
2209,,,0
2210,,,0
2211,1622.03448483,industrial_area,1
2212,,,0
2213,,,0
2214,,,0
2215,,,0
2216,,,0
2217,,,0
2218,,,0
2219,,,0
2220,,,0
2221,,,0
2222,,,0
2223,,,0
2224,,,0
2225,,,0
2226,,,0
2227,,,0
2228,,,0
2229,,,0
2230,3648.3166583,power_plant,2
2231,1634.22698207,industrial_area,1
2232,,,0
2233,,,0
2234,,,0
2235,,,0
2236,,,0
2237,3603.85051216,power_plant,1
2238,,,0
2239,,,0
2240,,,0
2241,,,0
2242,,,0
2243,,,0
2244,,,0
2245,,,0
2246,,,0
2247,,,0
2248,,,0
2249,,,0
2250,597.14959057,industrial_area,4
2251,,,0
2252,,,0
2253,,,0
2254,,,0
2255,,,0
2256,,,0
2257,,,0
2258,,,0
2259,,,0
2260,,,0
2261,,,0
2262,,,0
2263,,,0
2264,,,0
2265,,,0
2266,,,0
2267,,,0
2268,,,0
2269,,,0
2270,,,0
2271,,,0
2272,,,0
2273,437.18258321,industrial_area,1
2274,,,0
2275,,,0
2276,272.69886765,industrial_area,6
2277,,,0
2278,,,0
2279,,,0
2280,,,0
2281,,,0
2282,,,0
2283,,,0
2284,,,0
2285,3695.68389757,pipeline,8
2286,3866.40889765,pipeline,8
2287,,,0
2288,3699.18678356,industrial_area,3
2289,1466.53029504,power_plant,1
2290,1468.72729927,power_plant,1
2291,,,0
2292,,,0
2293,,,0
2294,,,0
2295,,,0
2296,,,0
2297,4698.36963232,power_plant,1
2298,,,0
2299,4620.85092438,industrial_works,1
2300,,,0
2301,,,0
2302,,,0
2303,,,0
2304,,,0
2305,,,0
2306,,,0
2307,,,0
2308,,,0
2309,,,0
2310,,,0
2311,,,0
2312,,,0
2313,,,0
2314,,,0
2315,2736.08907621,industrial_area,2
2316,2398.80508565,industrial_area,2
2317,,,0
2318,,,0
2319,,,0
2320,,,0
2321,,,0
2322,,,0
2323,,,0
2324,,,0
2325,,,0
2326,,,0
2327,,,0
2328,,,0
2329,2485.69611244,industrial_area,11
2330,783.64372126,power_plant,1
2331,1347.35288849,industrial_area,13
2332,1629.09980499,industrial_area,13
2333,,,0
2334,4597.34506796,power_plant,1
2335,4764.1671147,power_plant,1
2336,,,0
2337,,,0
2338,,,0
2339,,,0
2340,,,0
2341,4945.08400737,industrial_area,1
2342,,,0
2343,,,0
2344,4353.22533133,pipeline,2
2345,4409.58268842,pipeline,2
2346,,,0
2347,,,0
2348,,,0
2349,,,0
2350,,,0
2351,246.40623042,industrial_area,4
2352,1101.66845745,industrial_area,1
2353,646.38850871,power_plant,1
2354,261.34964861,industrial_area,1
2355,,,0
2356,,,0
2357,200.48939093,industrial_area,6
2358,,,0
2359,,,0
2360,,,0
2361,,,0
2362,,,0
2363,,,0
2364,,,0
2365,,,0
2366,,,0
2367,,,0
2368,,,0
2369,,,0
2370,,,0
2371,,,0
2372,,,0
2373,,,0
2374,,,0
2375,,,0
2376,,,0
2377,,,0
2378,,,0
2379,,,0
2380,,,0
2381,,,0
2382,,,0
2383,,,0
2384,,,0
2385,,,0
2386,,,0
2387,,,0
2388,,,0
2389,,,0
2390,,,0
2391,,,0
2392,,,0
2393,,,0
2394,,,0
2395,,,0
2396,,,0
2397,,,0
2398,,,0
2399,,,0
2400,,,0
2401,,,0
2402,,,0
2403,,,0
2404,,,0
2405,,,0
2406,,,0
2407,,,0
2408,,,0
2409,,,0
2410,,,0
2411,,,0
2412,,,0
2413,,,0
2414,,,0
2415,,,0
2416,,,0
2417,,,0
2418,,,0
2419,,,0
2420,4277.72982155,power_plant,2
2421,46.22972365,power_plant,89
2422,,,0
2423,,,0
2424,347.25074223,industrial_area,3
2425,480.62067433,power_plant,5
2426,667.3484583,industrial_works,6
2427,49.4477791,industrial_works,5
2428,3749.35095103,industrial_area,2
2429,,,0
2430,,,0
2431,,,0
2432,586.76994055,industrial_area,31
2433,814.43320435,industrial_area,30
2434,298.17361725,industrial_area,2
2435,103.25197342,power_plant,2
2436,549.45672967,power_plant,1
2437,387.99311143,power_plant,2
2438,665.77658972,power_plant,2
2439,357.25636562,industrial_area,28
2440,1133.19922727,industrial_area,14
2441,288.28802918,industrial_area,2
2442,349.21793344,industrial_area,2
2443,428.54827613,power_plant,2
2444,,,0
2445,,,0
2446,,,0
2447,,,0
2448,,,0
2449,,,0
2450,,,0
2451,,,0
2452,,,0
2453,,,0
2454,,,0
2455,,,0
2456,,,0
2457,204.62788218,industrial_area,5
2458,807.77560952,industrial_area,3
2459,1180.81160106,power_plant,6
2460,152.05504713,industrial_works,5
2461,251.74309215,industrial_area,4
2462,194.111855,industrial_area,4
2463,,,0
2464,,,0
2465,,,0
2466,,,0
2467,,,0
2468,,,0
2469,,,0
2470,,,0
2471,,,0
2472,,,0
2473,,,0
2474,,,0
2475,,,0
2476,,,0
2477,,,0
2478,,,0
2479,,,0
2480,,,0
2481,,,0
2482,,,0
2483,,,0
2484,,,0
2485,,,0
2486,2968.44507714,power_plant,2
2487,2876.10945254,industrial_area,2
2488,3118.96336588,power_plant,2
2489,4659.11909603,industrial_works,1
2490,,,0
2491,,,0
2492,,,0
2493,,,0
2494,,,0
2495,4771.84250949,industrial_area,1
2496,,,0
2497,,,0
2498,3294.62984654,industrial_area,5
2499,3300.23220708,industrial_area,6
2500,,,0
2501,217.21763663,power_plant,18
2502,768.99868474,power_plant,29
2503,476.19058418,power_plant,31
2504,424.10167593,power_plant,35
2505,136.18950523,power_plant,34
2506,626.01232332,power_plant,35
2507,,,0
2508,,,0
2509,,,0
2510,,,0
2511,,,0
2512,,,0
2513,,,0
2514,,,0
2515,,,0
2516,,,0
2517,,,0
2518,4165.81103445,power_plant,2
2519,3931.97882464,power_plant,2
2520,,,0
2521,,,0
2522,4464.94365401,power_plant,1
2523,,,0
2524,,,0
2525,,,0
2526,,,0
2527,,,0
2528,,,0
2529,,,0
2530,,,0
2531,,,0
2532,,,0
2533,,,0
2534,,,0
2535,,,0
2536,,,0
2537,,,0
2538,,,0
2539,,,0
2540,3034.58108422,industrial_area,4
2541,,,0
2542,3295.77677974,industrial_area,1
2543,3640.6798814,industrial_area,1
2544,3444.8772423,industrial_area,1
2545,,,0
2546,,,0
2547,,,0
2548,,,0
2549,,,0
2550,,,0
2551,,,0
2552,,,0
2553,,,0
2554,,,0
2555,,,0
2556,,,0
2557,,,0
2558,4459.38354415,industrial_area,1
2559,,,0
2560,3655.70852481,power_plant,1
2561,3575.759307,power_plant,1
2562,,,0
2563,,,0
2564,,,0
2565,2809.02794033,industrial_area,7
2566,,,0
2567,,,0
2568,,,0
2569,,,0
2570,,,0
2571,,,0
2572,,,0
2573,,,0
2574,,,0
2575,,,0
2576,,,0
2577,,,0
2578,,,0
2579,,,0
2580,,,0
2581,2266.12776808,power_plant,1
2582,,,0
2583,,,0
2584,,,0
2585,,,0
2586,,,0
2587,,,0
2588,,,0
2589,,,0
2590,,,0
2591,,,0
2592,,,0
2593,,,0
2594,,,0
2595,,,0
2596,,,0
2597,,,0
2598,4055.82388116,industrial_area,3
2599,3926.5284652,industrial_area,3
2600,1426.57769936,industrial_area,2
2601,1229.75659336,industrial_area,2
2602,,,0
2603,945.81223029,industrial_area,2
2604,1083.85633879,industrial_area,2
2605,,,0
2606,,,0
2607,,,0
2608,2382.1572041,industrial_area,2
2609,,,0
2610,,,0
2611,,,0
2612,,,0
2613,,,0
2614,,,0
2615,,,0
2616,,,0
2617,,,0
2618,,,0
2619,,,0
2620,,,0
2621,,,0
2622,,,0
2623,,,0
2624,3419.51325225,industrial_area,1
2625,,,0
2626,,,0
2627,,,0
2628,,,0
2629,,,0
2630,,,0
2631,,,0
2632,,,0
2633,,,0
2634,,,0
2635,,,0
2636,,,0
2637,,,0
2638,,,0
2639,,,0
2640,,,0
2641,,,0
2642,,,0
2643,,,0
2644,,,0
2645,,,0
2646,,,0
2647,,,0
2648,,,0
2649,4145.61124473,power_plant,1
2650,3856.58693622,power_plant,1
2651,,,0
2652,3850.50431172,industrial_area,5
2653,,,0
2654,,,0
2655,,,0
2656,751.78920449,power_plant,5
2657,,,0
2658,,,0
2659,,,0
2660,,,0
2661,,,0
2662,,,0
2663,,,0
2664,,,0
2665,,,0
2666,,,0
2667,,,0
2668,,,0
2669,2944.1135877,industrial_area,2
2670,,,0
2671,,,0
2672,2931.11932418,industrial_area,1
2673,3080.31431581,industrial_area,1
2674,,,0
2675,,,0
2676,,,0
2677,,,0
2678,,,0
2679,,,0
2680,,,0
2681,,,0
2682,,,0
2683,,,0
2684,2131.14967589,industrial_area,165
2685,,,0
2686,,,0
2687,,,0
2688,,,0
2689,,,0
2690,1241.53121378,power_plant,6
2691,2390.02654414,power_plant,4
2692,,,0
2693,,,0
2694,,,0
2695,,,0
2696,,,0
2697,74.69450642,industrial_area,5
2698,990.31237113,industrial_area,1
2699,616.32850781,power_plant,2
2700,,,0
2701,,,0
2702,2083.09124818,power_plant,1
2703,585.67426441,power_plant,2
2704,,,0
2705,,,0
2706,,,0
2707,,,0
2708,,,0
2709,,,0
2710,,,0
2711,,,0
2712,,,0
2713,,,0
2714,,,0
2715,,,0
2716,2958.40555618,industrial_area,3
2717,,,0
2718,,,0
2719,,,0
2720,,,0
2721,,,0
2722,,,0
2723,,,0
2724,,,0
2725,,,0
2726,,,0
2727,,,0
2728,,,0
2729,,,0
2730,,,0
2731,,,0
2732,,,0
2733,,,0
2734,,,0
2735,,,0
2736,,,0
2737,,,0
2738,,,0
2739,,,0
2740,,,0
2741,,,0
2742,,,0
2743,,,0
2744,,,0
2745,,,0
2746,,,0
2747,,,0
2748,,,0
2749,,,0
2750,,,0
2751,,,0
2752,,,0
2753,,,0
2754,,,0
2755,,,0
2756,,,0
2757,,,0
2758,,,0
2759,,,0
2760,,,0
2761,,,0
2762,,,0
2763,,,0
2764,,,0
2765,,,0
2766,328.09129588,industrial_works,2
2767,190.59011129,industrial_works,2
2768,552.22266825,industrial_area,2
2769,631.27680147,industrial_area,2
2770,,,0
2771,,,0
2772,1741.44613978,industrial_area,5
2773,1218.20993501,industrial_area,5
2774,114.68486004,power_plant,5
2775,249.35987491,power_plant,5
2776,1487.41975274,industrial_area,3
2777,1451.28729735,industrial_area,3
2778,1119.20287544,industrial_area,3
2779,725.39956048,industrial_area,4
2780,541.90365102,industrial_area,12
2781,868.72373586,industrial_area,12
2782,298.24549461,industrial_area,12
2783,648.37275836,industrial_area,12
2784,1045.11257825,industrial_area,12
2785,763.57515739,power_plant,12
2786,1248.47479793,industrial_area,8
2787,2538.01195016,industrial_area,3
2788,777.23465838,industrial_area,9
2789,983.01130552,power_plant,8
2790,3528.69489049,industrial_area,3
2791,3291.96581704,industrial_area,3
2792,556.12170848,industrial_area,9
2793,138.97346094,industrial_area,9
2794,3586.9595873,industrial_area,2
2795,448.69043817,power_plant,7
2796,4047.83565078,industrial_area,2
2797,596.6041874,industrial_area,5
2798,1003.79124707,industrial_area,5
2799,2863.97646209,power_plant,2
2800,3254.464733,power_plant,2
2801,3666.14126375,power_plant,2
2802,656.35699704,industrial_area,1
2803,,,0
2804,,,0
2805,,,0
2806,,,0
2807,,,0
2808,,,0
2809,859.26515419,industrial_works,103
2810,804.52430033,industrial_works,101
2811,,,0
2812,,,0
2813,,,0
2814,,,0
2815,,,0
2816,,,0
2817,,,0
2818,,,0
2819,,,0
2820,,,0
2821,,,0
2822,,,0
2823,,,0
2824,,,0
2825,,,0
2826,,,0
2827,,,0
2828,,,0
2829,471.77332389,industrial_area,4
2830,265.16136915,industrial_area,4
2831,,,0
2832,,,0
2833,502.2962216,power_plant,2
2834,,,0
2835,,,0
2836,307.98043386,industrial_works,6
2837,3628.5055992,industrial_area,3
2838,3383.83639561,power_plant,3
2839,3805.57760561,power_plant,3
2840,,,0
2841,,,0
2842,,,0
2843,,,0
2844,,,0
2845,740.05191594,industrial_area,2
2846,994.83850165,industrial_area,2
2847,,,0
2848,,,0
2849,4937.00860197,power_plant,1
2850,1233.36342915,industrial_area,5
2851,1307.11938769,power_plant,5
2852,249.69129989,power_plant,5
2853,1217.32169898,industrial_area,3
2854,852.35084302,industrial_area,3
2855,,,0
2856,385.82271739,industrial_area,12
2857,4074.01399481,industrial_area,1
2858,2265.30268973,industrial_area,3
2859,2908.12753431,industrial_area,3
2860,2991.57244567,industrial_area,3
2861,3698.45869397,industrial_area,3
2862,3411.89739111,industrial_area,3
2863,452.6987272,industrial_area,9
2864,3507.06158058,industrial_area,3
2865,4155.00628225,industrial_area,2
2866,4255.28502032,industrial_area,2
2867,,,0
2868,,,0
2869,,,0
2870,,,0
2871,,,0
2872,,,0
2873,163.38753332,industrial_works,8
2874,432.09974103,industrial_area,8
2875,454.23428909,industrial_works,8
2876,175.02059582,industrial_area,10
2877,,,0
2878,,,0
2879,548.97417334,industrial_area,1
2880,,,0
2881,,,0
2882,,,0
2883,,,0
2884,,,0
2885,,,0
2886,,,0
2887,,,0
2888,,,0
2889,,,0
2890,,,0
2891,,,0
2892,,,0
2893,,,0
2894,,,0
2895,,,0
2896,,,0
2897,,,0
2898,,,0
2899,,,0
2900,,,0
2901,,,0
2902,,,0
2903,501.33269717,industrial_area,3
2904,,,0
2905,,,0
2906,,,0
2907,,,0
2908,,,0
2909,,,0
2910,146.79343691,industrial_area,34
2911,530.86626887,pipeline,32
2912,,,0
2913,,,0
2914,216.11459929,industrial_area,2
2915,502.48339862,power_plant,1
2916,247.54360559,power_plant,2
2917,535.90674898,power_plant,2
2918,465.87017519,industrial_area,16
2919,261.03042123,industrial_area,4
2920,229.07034593,industrial_area,4
2921,519.47489068,industrial_area,15
2922,170.00219802,industrial_area,2
2923,263.69457093,industrial_area,1
2924,645.15736926,industrial_area,1
2925,4374.08827596,industrial_area,1
2926,4478.37988148,industrial_area,1
2927,1444.63324287,industrial_area,2
2928,,,0
2929,4894.21167064,industrial_works,1
2930,,,0
2931,,,0
2932,4005.73899545,power_plant,1
2933,1189.98452986,industrial_area,138
2934,1237.2730942,industrial_area,1
2935,175.33078347,industrial_area,1
2936,775.5543868,industrial_area,1
2937,778.38608094,industrial_area,1
2938,464.65774088,industrial_area,5
2939,251.69593705,industrial_area,5
2940,380.69321119,power_plant,4
2941,480.0366143,industrial_area,4
2942,1033.5766736,power_plant,6
2943,659.47488667,industrial_area,3
2944,1341.20739,power_plant,6
2945,164.61017914,industrial_works,5
2946,429.02522949,power_plant,5
2947,193.14419133,industrial_area,3
2948,442.15364761,industrial_area,5
2949,,,0
2950,,,0
2951,,,0
2952,,,0
2953,,,0
2954,,,0
2955,,,0
2956,,,0
2957,,,0
2958,3609.8101254,power_plant,1
2959,,,0
2960,,,0
2961,,,0
2962,,,0
2963,,,0
2964,,,0
2965,,,0
2966,,,0
2967,3365.83864335,industrial_area,2
2968,,,0
2969,,,0
2970,,,0
2971,,,0
2972,,,0
2973,,,0
2974,,,0
2975,,,0
2976,,,0
2977,,,0
2978,,,0
2979,,,0
2980,,,0
2981,,,0
2982,,,0
2983,,,0
2984,,,0
2985,,,0
2986,,,0
2987,1010.36104766,industrial_area,24
2988,1286.27893407,industrial_area,20
2989,,,0
2990,4640.56765719,industrial_area,4
2991,,,0
2992,,,0
2993,4996.41765263,power_plant,1
2994,3424.77589682,industrial_works,1
2995,,,0
2996,,,0
2997,3594.57600512,industrial_area,2
2998,3225.16927811,industrial_area,4
2999,4536.27495133,industrial_area,1
3000,2003.73936984,industrial_area,13
3001,2825.34772355,industrial_area,8
3002,3355.70229667,pipeline,3
3003,3227.10270205,industrial_area,2
3004,1099.40908342,industrial_area,13
3005,4102.69788193,industrial_area,5
3006,4964.84872069,industrial_area,1
3007,,,0
3008,,,0
3009,,,0
3010,3633.96324048,power_plant,1
3011,2632.40591517,industrial_area,1
3012,,,0
3013,,,0
3014,,,0
3015,,,0
3016,,,0
3017,,,0
3018,,,0
3019,,,0
3020,,,0
3021,1927.7113095,industrial_works,7
3022,,,0
3023,,,0
3024,,,0
3025,,,0
3026,2216.14445764,industrial_area,1
3027,,,0
3028,,,0
3029,,,0
3030,,,0
3031,,,0
3032,4058.82592853,power_plant,1
3033,,,0
3034,768.19049001,industrial_area,1
3035,,,0
3036,,,0
3037,,,0
3038,,,0
3039,,,0
3040,,,0
3041,3917.8352639,industrial_area,2
3042,2312.53053693,industrial_area,3
3043,3888.30645391,industrial_area,2
3044,4304.32229869,industrial_area,2
3045,,,0
3046,,,0
3047,,,0
3048,,,0
3049,4936.07758095,industrial_area,1
3050,4562.99584921,industrial_area,1
3051,,,0
3052,,,0
3053,,,0
3054,,,0
3055,,,0
3056,4679.63065602,industrial_area,1
3057,3542.18396064,industrial_area,1
3058,4763.48558313,industrial_area,1
3059,,,0
3060,,,0
3061,2882.14005248,industrial_area,1
3062,,,0
3063,3729.8939797,industrial_area,1
3064,,,0
3065,,,0
3066,,,0
3067,,,0
3068,3468.22137611,pipeline,8
3069,,,0
3070,,,0
3071,,,0
3072,,,0
3073,,,0
3074,,,0
3075,,,0
3076,,,0
3077,,,0
3078,,,0
3079,,,0
3080,,,0
3081,,,0
3082,,,0
3083,310.51892346,power_plant,1
3084,126.43134594,power_plant,1
3085,,,0
3086,4476.78796216,industrial_works,1
3087,,,0
3088,,,0
3089,3672.9215914,power_plant,1
3090,1865.22318907,power_plant,1
3091,1914.33852421,power_plant,1
3092,1854.45566901,industrial_area,4
3093,2584.3256795,industrial_area,4
3094,3003.12790333,industrial_area,4
3095,,,0
3096,,,0
3097,,,0
3098,1228.53186931,industrial_area,4
3099,,,0
3100,3302.99158602,industrial_area,1
3101,,,0
3102,3844.39029064,industrial_area,1
3103,,,0
3104,,,0
3105,,,0
3106,,,0
3107,,,0
3108,,,0
3109,,,0
3110,4956.09199384,industrial_area,1
3111,,,0
3112,,,0
3113,,,0
3114,,,0
3115,,,0
3116,,,0
3117,,,0
3118,,,0
3119,,,0
3120,,,0
3121,,,0
3122,,,0
3123,,,0
3124,,,0
3125,,,0
3126,3102.53770781,power_plant,1
3127,,,0
3128,,,0
3129,2892.11593767,power_plant,1
3130,,,0
3131,,,0
3132,,,0
3133,,,0
3134,,,0
3135,,,0
3136,,,0
3137,,,0
3138,1970.48617296,industrial_area,3
3139,3732.32315893,power_plant,1
3140,2339.04592073,industrial_area,3
3141,,,0
3142,4777.88302747,industrial_area,1
3143,,,0
3144,4711.67707578,industrial_area,1
3145,,,0
3146,,,0
3147,,,0
3148,,,0
3149,,,0
3150,,,0
3151,2117.49051602,industrial_area,2
3152,,,0
3153,,,0
3154,,,0
3155,3388.61503551,industrial_area,2
3156,,,0
3157,,,0
3158,3748.90306161,industrial_area,2
3159,3663.04572777,industrial_area,2
3160,,,0
3161,,,0
3162,,,0
3163,,,0
3164,,,0
3165,,,0
3166,,,0
3167,,,0
3168,,,0
3169,,,0
3170,,,0
3171,,,0
3172,,,0
3173,,,0
3174,,,0
3175,,,0
3176,,,0
3177,,,0
3178,,,0
3179,,,0
3180,,,0
3181,,,0
3182,,,0
3183,,,0
3184,,,0
3185,,,0
3186,,,0
3187,,,0
3188,,,0
3189,,,0
3190,,,0
3191,,,0
3192,,,0
3193,,,0
3194,,,0
3195,,,0
3196,,,0
3197,,,0
3198,,,0
3199,,,0
3200,,,0
3201,,,0
3202,,,0
3203,,,0
3204,,,0
3205,,,0
3206,,,0
3207,,,0
3208,,,0
3209,,,0
3210,,,0
3211,,,0
3212,,,0
3213,,,0
3214,,,0
3215,,,0
3216,,,0
3217,4698.22253131,industrial_area,1
3218,,,0
3219,,,0
3220,,,0
3221,,,0
3222,,,0
3223,,,0
3224,,,0
3225,,,0
3226,,,0
3227,3065.17126837,pipeline,1
3228,,,0
3229,,,0
3230,,,0
3231,,,0
3232,,,0
3233,,,0
3234,4673.6508685,industrial_area,1
3235,,,0
3236,1281.5132085,industrial_area,6
3237,,,0
3238,4004.50409348,power_plant,1
3239,,,0
3240,,,0
3241,,,0
3242,,,0
3243,,,0
3244,4395.42539904,power_plant,1
3245,,,0
3246,,,0
3247,,,0
3248,,,0
3249,,,0
3250,,,0
3251,,,0
3252,,,0
3253,,,0
3254,,,0
3255,,,0
3256,,,0
3257,,,0
3258,,,0
3259,,,0
3260,,,0
3261,,,0
3262,,,0
3263,,,0
3264,,,0
3265,,,0
3266,,,0
3267,,,0
3268,,,0
3269,,,0
3270,,,0
3271,,,0
3272,,,0
3273,,,0
3274,,,0
3275,,,0
3276,,,0
3277,,,0
3278,,,0
3279,,,0
3280,4757.82218277,industrial_area,1
3281,3887.18010581,industrial_area,1
3282,4518.43321979,industrial_area,1
3283,3201.51265461,power_plant,1
3284,,,0
3285,,,0
3286,,,0
3287,,,0
3288,,,0
3289,,,0
3290,,,0
3291,,,0
3292,,,0
3293,,,0
3294,,,0
3295,4460.54536192,industrial_area,1
3296,,,0
3297,,,0
3298,,,0
3299,,,0
3300,,,0
3301,1940.24334068,industrial_area,9
3302,4555.78646289,industrial_works,2
3303,1749.40450795,industrial_area,34
3304,110.92902888,industrial_area,1
3305,3403.43682848,industrial_area,1
3306,,,0
3307,,,0
3308,,,0
3309,,,0
3310,,,0
3311,,,0
3312,3207.58057447,industrial_works,8
3313,349.32910103,industrial_area,55
3314,43.42752141,industrial_works,65
3315,282.05737811,industrial_area,68
3316,1186.42419733,industrial_area,2
3317,,,0
3318,,,0
3319,576.64565995,industrial_area,5
3320,606.90175559,industrial_area,5
3321,,,0
3322,,,0
3323,,,0
3324,3462.89013809,power_plant,2
3325,,,0
3326,,,0
3327,,,0
3328,,,0
3329,,,0
3330,3878.26370269,industrial_area,2
3331,3905.78513786,industrial_area,2
3332,3521.01561107,industrial_area,2
3333,,,0
3334,,,0
3335,,,0
3336,,,0
3337,,,0
3338,,,0
3339,,,0
3340,,,0
3341,,,0
3342,,,0
3343,,,0
3344,468.01079062,power_plant,4
3345,1117.14307745,industrial_works,5
3346,1394.0577608,power_plant,6
3347,1159.73283635,power_plant,6
3348,,,0
3349,324.03116525,industrial_area,2
3350,,,0
3351,,,0
3352,,,0
3353,,,0
3354,801.82985488,industrial_area,1
3355,,,0
3356,,,0
3357,,,0
3358,,,0
3359,,,0
3360,2557.97544991,industrial_works,6
3361,,,0
3362,4070.96124683,industrial_area,3
3363,2404.17054808,power_plant,2
3364,,,0
3365,2983.24538494,industrial_works,2
3366,,,0
3367,375.26323649,industrial_area,84
3368,,,0
3369,703.44178754,industrial_area,2
3370,1141.78516664,industrial_area,2
3371,1238.65104881,industrial_area,3
3372,2430.03330608,industrial_area,3
3373,3033.69153845,industrial_area,3
3374,2988.79230283,industrial_area,2
3375,3902.20173051,industrial_area,3
3376,3715.96473319,industrial_area,3
3377,4259.49111097,industrial_area,2
3378,,,0
3379,,,0
3380,,,0
3381,,,0
3382,,,0
3383,,,0
3384,,,0
3385,1592.41249104,power_plant,2
3386,,,0
3387,,,0
3388,,,0
3389,,,0
3390,,,0
3391,,,0
3392,,,0
3393,,,0
3394,,,0
3395,,,0
3396,,,0
3397,,,0
3398,,,0
3399,,,0
3400,,,0
3401,333.8288095,industrial_area,6
3402,382.0982322,industrial_area,4
3403,,,0
3404,,,0
3405,,,0
3406,,,0
3407,,,0
3408,,,0
3409,,,0
3410,,,0
3411,,,0
3412,,,0
3413,,,0
3414,,,0
3415,,,0
3416,,,0
3417,,,0
3418,,,0
3419,,,0
3420,,,0
3421,,,0
3422,,,0
3423,,,0
3424,,,0
3425,573.38482113,industrial_area,3
3426,124.4801296,industrial_area,5
3427,297.36481398,industrial_area,6
3428,1235.97125371,industrial_area,7
3429,370.57164367,power_plant,4
3430,1344.38677556,industrial_area,6
3431,415.81337926,industrial_area,4
3432,2560.81144232,industrial_area,8
3433,1363.51379824,industrial_works,7
3434,78.2654833,industrial_area,6
3435,1484.6752254,power_plant,6
3436,998.11521171,industrial_works,6
3437,771.01509667,industrial_area,3
3438,943.93426127,power_plant,6
3439,1171.54760266,power_plant,6
3440,825.99144354,industrial_works,6
3441,377.25033395,industrial_area,3
3442,494.3469692,power_plant,5
3443,182.48118373,industrial_works,5
3444,126.81375894,power_plant,5
3445,,,0
3446,1633.26331649,power_plant,3
3447,107.08667937,industrial_area,2
3448,452.22090199,industrial_area,2
3449,161.28241447,industrial_area,3
3450,2928.14682561,industrial_area,5
3451,572.16627058,industrial_area,5
3452,386.41441793,industrial_area,5
3453,,,0
3454,,,0
3455,1007.65986639,industrial_area,3
3456,678.97960665,industrial_area,3
3457,144.23309879,industrial_works,5
3458,675.21699522,industrial_works,6
3459,3380.83116891,power_plant,3
3460,,,0
3461,,,0
3462,1161.64796926,industrial_area,5
3463,1283.31738285,power_plant,5
3464,289.9686635,power_plant,5
3465,1408.39735371,industrial_area,3
3466,1300.51880116,industrial_area,3
3467,1171.10911304,industrial_area,3
3468,907.02473089,industrial_area,3
3469,1049.11750559,power_plant,4
3470,1198.68181678,industrial_area,4
3471,368.19766224,industrial_area,12
3472,747.10964977,industrial_area,12
3473,4181.34550228,industrial_area,1
3474,4061.10126672,industrial_area,1
3475,1153.71697113,industrial_area,9
3476,2381.83943484,industrial_area,3
3477,2742.35887417,industrial_area,3
3478,3338.80919364,industrial_area,3
3479,3213.43366692,industrial_area,3
3480,687.86343528,industrial_area,9
3481,3121.87068704,industrial_area,3
3482,538.85585829,industrial_area,9
3483,2369.48569778,industrial_area,3
3484,3079.53429424,industrial_area,2
3485,3146.13337671,industrial_area,2
3486,3788.31200463,industrial_area,3
3487,3883.49306111,industrial_area,3
3488,447.23232046,industrial_area,9
3489,85.34141331,industrial_area,9
3490,299.84037788,power_plant,6
3491,4204.19208957,industrial_area,2
3492,4342.4311863,industrial_area,2
3493,4274.17097873,industrial_area,2
3494,4416.86984237,industrial_area,1
3495,4626.17249378,industrial_area,1
3496,,,0
3497,753.99809059,industrial_area,6
3498,4332.68692413,industrial_area,3
3499,234.68372091,industrial_area,2
3500,,,0
3501,,,0
3502,,,0
3503,,,0
3504,,,0
3505,,,0
3506,,,0
3507,,,0
3508,,,0
3509,,,0
3510,,,0
3511,,,0
3512,,,0
3513,,,0
3514,,,0
3515,,,0
3516,,,0
3517,,,0
3518,,,0
3519,,,0
3520,,,0
3521,,,0
3522,,,0
3523,,,0
3524,,,0
3525,,,0
3526,,,0
3527,,,0
3528,,,0
3529,,,0
3530,,,0
3531,,,0
3532,,,0
3533,,,0
3534,,,0
3535,,,0
3536,,,0
3537,,,0
3538,,,0
3539,,,0
3540,,,0
3541,,,0
3542,,,0
3543,,,0
3544,,,0
3545,,,0
3546,,,0
3547,,,0
3548,,,0
3549,,,0
3550,,,0
3551,,,0
3552,,,0
3553,,,0
3554,,,0
3555,,,0
3556,,,0
3557,,,0
3558,,,0
3559,,,0
3560,,,0
3561,,,0
3562,206.85142635,industrial_area,1
3563,588.51034453,industrial_area,1
3564,,,0
3565,,,0
3566,,,0
3567,4610.78876992,industrial_area,1
3568,468.80050107,industrial_area,99
3569,568.89306652,industrial_area,101
3570,705.74897779,industrial_area,101
3571,,,0
3572,1378.7190251,industrial_area,1
3573,183.58598412,industrial_area,1
3574,2011.97170458,industrial_area,9
3575,2343.95439477,industrial_area,9
3576,339.68459677,industrial_works,5
3577,86.48782386,industrial_area,59
3578,,,0
3579,,,0
3580,874.96948716,industrial_area,2
3581,1374.46897406,industrial_area,2
3582,263.15797909,industrial_area,5
3583,,,0
3584,,,0
3585,,,0
3586,,,0
3587,,,0
3588,,,0
3589,,,0
3590,,,0
3591,,,0
3592,,,0
3593,,,0
3594,,,0
3595,2971.98025203,industrial_area,2
3596,,,0
3597,,,0
3598,,,0
3599,,,0
3600,,,0
3601,,,0
3602,,,0
3603,,,0
3604,,,0
3605,1018.83323526,pipeline,2
3606,,,0
3607,1699.97655669,pipeline,2
3608,1655.38705428,pipeline,2
3609,,,0
3610,,,0
3611,,,0
3612,,,0
3613,,,0
3614,,,0
3615,,,0
3616,2632.07289986,pipeline,4
3617,2050.10115818,power_plant,1
3618,,,0
3619,,,0
3620,,,0
3621,,,0
3622,,,0
3623,,,0
3624,,,0
3625,,,0
3626,,,0
3627,,,0
3628,3750.07895536,industrial_area,16
3629,,,0
3630,2114.61256917,industrial_area,13
3631,,,0
3632,,,0
3633,,,0
3634,,,0
3635,,,0
3636,,,0
3637,,,0
3638,,,0
3639,,,0
3640,,,0
3641,,,0
3642,,,0
3643,,,0
3644,,,0
3645,,,0
3646,,,0
3647,,,0
3648,,,0
3649,,,0
3650,,,0
3651,,,0
3652,,,0
3653,4256.2857701,industrial_area,1
3654,1418.79584959,industrial_works,1
3655,,,0
3656,,,0
3657,,,0
3658,4690.67440417,power_plant,1
3659,4423.54602257,power_plant,1
3660,,,0
3661,,,0
3662,,,0
3663,,,0
3664,,,0
3665,,,0
3666,,,0
3667,,,0
3668,,,0
3669,,,0
3670,4196.22147174,industrial_area,1
3671,,,0
3672,2024.91100198,industrial_area,3
3673,,,0
3674,,,0
3675,,,0
3676,,,0
3677,,,0
3678,,,0
3679,,,0
3680,,,0
3681,,,0
3682,,,0
3683,,,0
3684,,,0
3685,,,0
3686,,,0
3687,,,0
3688,,,0
3689,,,0
3690,3547.58767136,industrial_area,1
3691,1879.22612521,industrial_area,1
3692,3367.52208843,industrial_area,1
3693,3437.45551469,industrial_area,1
3694,3667.69063009,industrial_area,2
3695,3626.09166807,industrial_area,2
3696,,,0
3697,,,0
3698,,,0
3699,,,0
3700,,,0
3701,,,0
3702,3539.2951569,industrial_area,3
3703,4820.02281879,power_plant,1
3704,,,0
3705,,,0
3706,,,0
3707,,,0
3708,,,0
3709,,,0
3710,,,0
3711,,,0
3712,,,0
3713,,,0
3714,,,0
3715,,,0
3716,,,0
3717,4400.63092065,industrial_area,1
3718,53.30823215,industrial_works,2
3719,,,0
3720,,,0
3721,,,0
3722,,,0
3723,,,0
3724,,,0
3725,,,0
3726,1198.48000691,power_plant,6
3727,107.57245927,industrial_works,5
3728,3729.21159776,industrial_area,6
3729,,,0
3730,253.91632154,industrial_works,5
3731,,,0
3732,,,0
3733,245.9261217,industrial_area,2
3734,249.9017475,power_plant,5
3735,708.19497639,industrial_area,10
3736,,,0
3737,,,0
3738,,,0
3739,,,0
3740,,,0
3741,3226.73856518,power_plant,1
3742,,,0
3743,,,0
3744,,,0
3745,,,0
3746,,,0
3747,,,0
3748,,,0
3749,,,0
3750,,,0
3751,476.01573661,industrial_area,6
3752,513.35085884,industrial_area,6
3753,3317.14447298,industrial_area,3
3754,2762.19679127,industrial_area,3
3755,3826.00893405,industrial_area,2
3756,,,0
3757,3035.29919632,industrial_area,5
3758,,,0
3759,,,0
3760,,,0
3761,,,0
3762,494.02676901,power_plant,6
3763,313.51391376,industrial_works,6
3764,447.77690676,industrial_works,6
3765,3431.65190264,industrial_area,3
3766,3088.05186561,power_plant,3
3767,3478.63062989,power_plant,3
3768,,,0
3769,,,0
3770,4640.564368,industrial_area,2
3771,250.24293619,industrial_works,2
3772,843.55609404,industrial_area,2
3773,1227.91334963,industrial_area,2
3774,1282.19951002,industrial_area,2
3775,351.83862008,industrial_works,5
3776,364.69014238,power_plant,5
3777,,,0
3778,458.63013972,industrial_area,4
3779,213.49359896,power_plant,5
3780,502.31012131,industrial_area,4
3781,,,0
3782,2079.57083283,industrial_area,5
3783,1297.50710308,power_plant,5
3784,1404.01367167,industrial_area,3
3785,1232.60671036,industrial_area,3
3786,1048.89791536,industrial_area,3
3787,1270.63517648,industrial_area,4
3788,872.06053276,industrial_area,4
3789,999.69704255,industrial_area,10
3790,962.37528839,industrial_area,9
3791,581.48843416,industrial_area,9
3792,302.62531818,industrial_area,9
3793,590.99861461,industrial_works,7
3794,277.0854538,industrial_works,9
3795,629.6156999,industrial_works,9
3796,184.00307382,industrial_area,8
3797,541.48280126,industrial_area,9
3798,766.52519562,industrial_works,3
3799,911.64595946,industrial_area,11
3800,227.35471411,industrial_works,1
3801,2381.75025433,industrial_area,3
3802,3909.77874266,industrial_area,2
3803,4201.93691884,industrial_area,3
3804,4543.98191017,industrial_area,3
3805,1163.33800812,industrial_area,14
3806,544.53840548,industrial_area,12
3807,58.52740541,industrial_area,11
3808,440.32168696,industrial_area,11
3809,336.84875329,industrial_area,11
3810,222.46612227,industrial_area,6
3811,409.90872517,industrial_area,3
3812,213.60979159,industrial_area,3
3813,86.44387286,industrial_area,2
3814,,,0
3815,,,0
3816,,,0
3817,228.11515605,industrial_area,1
3818,,,0
3819,,,0
3820,,,0
3821,,,0
3822,,,0
3823,,,0
3824,,,0
3825,,,0
3826,,,0
3827,,,0
3828,,,0
3829,,,0
3830,,,0
3831,,,0
3832,,,0
3833,,,0
3834,,,0
3835,,,0
3836,,,0
3837,,,0
3838,,,0
3839,,,0
3840,,,0
3841,,,0
3842,,,0
3843,,,0
3844,,,0
3845,,,0
3846,,,0
3847,,,0
3848,,,0
3849,,,0
3850,,,0
3851,,,0
3852,,,0
3853,,,0
3854,,,0
3855,,,0
3856,,,0
3857,,,0
3858,,,0
3859,,,0
3860,,,0
3861,,,0
3862,,,0
3863,,,0
3864,89.3774338,industrial_area,4
3865,787.76472142,industrial_area,52
3866,62.01079586,industrial_area,52
3867,,,0
3868,,,0
3869,619.14131253,industrial_area,2
3870,25.44749774,industrial_area,2
3871,253.59395303,industrial_area,3
3872,157.52828283,industrial_area,5
3873,528.44946424,power_plant,4
3874,2391.74873988,industrial_area,8
3875,1180.02691189,industrial_works,6
3876,1368.53538464,industrial_works,6
3877,1556.46495356,power_plant,6
3878,773.91998943,industrial_area,3
3879,1214.00455778,power_plant,6
3880,1013.73713984,industrial_works,6
3881,1491.38514561,power_plant,6
3882,626.3462968,industrial_works,6
3883,518.7554767,industrial_works,6
3884,321.29353615,power_plant,5
3885,673.87623606,industrial_works,6
3886,672.32695685,power_plant,5
3887,101.97801249,industrial_area,2
3888,437.86378239,industrial_area,2
3889,570.73723439,industrial_area,5
3890,620.42592407,industrial_area,5
3891,,,0
3892,,,0
3893,,,0
3894,1787.56036747,power_plant,2
3895,,,0
3896,,,0
3897,,,0
3898,,,0
3899,2446.34584934,pipeline,13
3900,2407.13896859,pipeline,13
3901,1167.49019489,power_plant,17
3902,,,0
3903,1100.55327567,industrial_area,2
3904,1449.2240077,industrial_area,2
3905,4909.90987254,industrial_area,1
3906,,,0
3907,,,0
3908,,,0
3909,,,0
3910,,,0
3911,272.9460332,industrial_area,1
3912,,,0
3913,,,0
3914,,,0
3915,,,0
3916,,,0
3917,,,0
3918,,,0
3919,,,0
3920,,,0
3921,,,0
3922,,,0
3923,,,0
3924,,,0
3925,,,0
3926,,,0
3927,,,0
3928,2478.28417026,pipeline,4
3929,,,0
3930,,,0
3931,,,0
3932,669.6218678,industrial_area,9
3933,1083.25812921,industrial_area,9
3934,1104.26305147,industrial_area,11
3935,3134.99192852,industrial_area,10
3936,,,0
3937,,,0
3938,,,0
3939,,,0
3940,,,0
3941,4653.02076114,industrial_area,1
3942,,,0
3943,,,0
3944,,,0
3945,4304.93078394,industrial_area,1
3946,,,0
3947,,,0
3948,,,0
3949,,,0
3950,,,0
3951,,,0
3952,3452.44056335,industrial_works,1
3953,,,0
3954,,,0
3955,,,0
3956,,,0
3957,,,0
3958,2428.93513282,power_plant,1
3959,,,0
3960,,,0
3961,,,0
3962,,,0
3963,,,0
3964,,,0
3965,,,0
3966,,,0
3967,,,0
3968,,,0
3969,,,0
3970,2536.55426849,industrial_area,2
3971,,,0
3972,,,0
3973,,,0
3974,,,0
3975,,,0
3976,,,0
3977,,,0
3978,,,0
3979,,,0
3980,,,0
3981,,,0
3982,4559.39678571,power_plant,2
3983,,,0
3984,3289.09876838,industrial_area,1
3985,3485.36161405,industrial_area,3
3986,,,0
3987,,,0
3988,1886.58829376,industrial_area,3
3989,2987.65399818,industrial_area,1
3990,3042.85939489,industrial_area,1
3991,,,0
3992,1350.27438239,industrial_area,5
3993,,,0
3994,,,0
3995,,,0
3996,,,0
3997,,,0
3998,,,0
3999,,,0
4000,,,0
4001,,,0
4002,,,0
4003,,,0
4004,,,0
4005,3210.21967675,industrial_area,2
4006,893.73705231,power_plant,7
4007,3881.82501566,pipeline,2
4008,1223.66590259,industrial_area,2
4009,,,0
4010,1847.72499844,industrial_area,5
4011,1371.91325163,industrial_area,5
4012,225.60676048,power_plant,5
4013,1342.0993155,industrial_area,3
4014,1308.14773864,industrial_area,3
4015,1389.51634293,industrial_area,3
4016,1031.24853634,industrial_area,3
4017,1150.38612351,industrial_area,4
4018,780.77974616,industrial_area,4
4019,2541.87482967,industrial_area,3
4020,819.87823403,industrial_area,9
4021,508.59630312,industrial_area,9
4022,1167.63052991,power_plant,11
4023,479.35749222,power_plant,6
4024,3986.89520751,industrial_area,3
4025,3703.87850978,industrial_area,2
4026,564.65768573,power_plant,7
4027,4434.72218863,industrial_area,2
4028,4509.97095045,pipeline,21
4029,4541.3994116,pipeline,21
4030,,,0
4031,,,0
4032,,,0
4033,,,0
4034,,,0
4035,,,0
4036,,,0
4037,,,0
4038,,,0
4039,,,0
4040,,,0
4041,,,0
4042,,,0
4043,,,0
4044,,,0
4045,,,0
4046,,,0
4047,,,0
4048,,,0
4049,,,0
4050,,,0
4051,,,0
4052,,,0
4053,,,0
4054,,,0
4055,,,0
4056,,,0
4057,,,0
4058,,,0
4059,,,0
4060,,,0
4061,,,0
4062,,,0
4063,,,0
4064,,,0
4065,,,0
4066,,,0
4067,,,0
4068,,,0
4069,,,0
4070,,,0
4071,,,0
4072,,,0
4073,,,0
4074,,,0
4075,,,0
4076,,,0
4077,,,0
4078,,,0
4079,,,0
4080,,,0
4081,,,0
4082,,,0
4083,,,0
4084,,,0
4085,,,0
4086,,,0
4087,,,0
4088,,,0
4089,,,0
4090,,,0
4091,,,0
4092,,,0
4093,,,0
4094,,,0
4095,,,0
4096,,,0
4097,,,0
4098,4138.67426503,power_plant,1
4099,,,0
4100,,,0
4101,,,0
4102,,,0
4103,,,0
4104,,,0
4105,,,0
4106,,,0
4107,,,0
4108,,,0
4109,,,0
4110,,,0
4111,,,0
4112,,,0
4113,,,0
4114,,,0
4115,,,0
4116,,,0
4117,408.89937657,industrial_area,4
4118,14.62090029,industrial_area,4
4119,,,0
4120,1734.5403042,industrial_area,5
4121,1985.41834882,industrial_area,4
4122,245.29482656,industrial_area,6
4123,2875.53040951,industrial_area,5
4124,822.05021942,industrial_area,8
4125,82.72070079,industrial_area,12
4126,2199.66131457,industrial_area,24
4127,,,0
4128,,,0
4129,,,0
4130,688.59367786,industrial_area,3
4131,296.25042743,industrial_works,6
4132,582.47896803,industrial_works,6
4133,254.86684442,industrial_area,59
4134,3138.00829435,industrial_area,3
4135,3520.70911282,industrial_area,3
4136,186.04329968,industrial_area,2
4137,,,0
4138,,,0
4139,814.37837622,industrial_area,2
4140,848.16378885,industrial_area,2
4141,1197.71297686,industrial_area,2
4142,1239.8151922,industrial_area,2
4143,1288.03066013,industrial_area,2
4144,,,0
4145,152.46452103,power_plant,5
4146,,,0
4147,486.96723864,industrial_area,4
4148,,,0
4149,,,0
4150,,,0
4151,2135.92147958,industrial_area,5
4152,2027.1838149,industrial_area,5
4153,1617.47900065,industrial_area,5
4154,1246.99529576,industrial_area,5
4155,1303.64521833,industrial_area,5
4156,1401.83604223,power_plant,5
4157,875.58902709,industrial_area,5
4158,517.10557501,industrial_area,5
4159,453.94383271,industrial_area,5
4160,410.45405978,power_plant,5
4161,1403.58969701,industrial_area,3
4162,1486.01815299,industrial_area,3
4163,1225.34481307,industrial_area,3
4164,1047.18082822,industrial_area,3
4165,1268.220509,industrial_area,3
4166,949.62501676,industrial_area,3
4167,1132.87949167,industrial_area,3
4168,970.90927461,industrial_area,4
4169,1198.76329411,industrial_area,4
4170,956.44874244,power_plant,4
4171,1013.12318171,industrial_area,4
4172,4223.26581479,industrial_area,1
4173,2549.15400865,industrial_area,3
4174,3379.20302479,industrial_area,3
4175,3167.32609732,industrial_area,3
4176,2140.59448937,industrial_area,3
4177,2990.16884171,industrial_area,3
4178,2527.57643591,industrial_area,3
4179,2915.59294312,industrial_area,3
4180,2768.56157552,industrial_area,2
4181,3302.59318429,industrial_area,3
4182,3493.01501969,industrial_area,3
4183,3333.2320369,industrial_area,3
4184,3711.85976,industrial_area,3
4185,3123.07205329,industrial_area,2
4186,3826.15616804,industrial_area,3
4187,3771.94395928,industrial_area,2
4188,4236.58758743,industrial_area,2
4189,4388.35124299,industrial_area,2
4190,4470.13583439,industrial_area,1
4191,4679.22967291,industrial_area,1
4192,2794.14520033,power_plant,2
4193,3045.64084138,power_plant,2
4194,3620.86991355,power_plant,2
4195,2786.23416184,power_plant,2
4196,3405.48490747,power_plant,2
4197,3736.81983813,power_plant,2
4198,255.92373629,industrial_works,8
4199,543.7174699,industrial_works,8
4200,163.22044715,industrial_works,8
4201,1223.5746223,industrial_area,11
4202,798.91651792,power_plant,8
4203,1231.35699263,power_plant,9
4204,1099.77612949,power_plant,9
4205,164.83240842,industrial_area,7
4206,1488.71406298,industrial_area,8
4207,4682.77755412,industrial_area,3
4208,4174.2754825,industrial_area,3
4209,4482.35960709,industrial_area,3
4210,1019.66230914,industrial_area,14
4211,695.12442641,industrial_area,9
4212,277.92300214,industrial_area,11
4213,155.18025132,industrial_area,6
4214,,,0
4215,,,0
4216,,,0
4217,,,0
4218,,,0
4219,,,0
4220,,,0
4221,,,0
4222,,,0
4223,,,0
4224,,,0
4225,,,0
4226,,,0
4227,,,0
4228,,,0
4229,,,0
4230,,,0
4231,,,0
4232,,,0
4233,,,0
4234,,,0
4235,,,0
4236,,,0
4237,,,0
4238,,,0
4239,,,0
4240,,,0
4241,,,0
4242,,,0
4243,,,0
4244,,,0
4245,,,0
4246,,,0
4247,,,0
4248,,,0
4249,,,0
4250,,,0
4251,1664.24908423,industrial_area,2
4252,4473.63092787,industrial_area,1
4253,,,0
4254,,,0
4255,,,0
4256,399.47123639,industrial_area,2
4257,3771.84956843,power_plant,2
4258,3770.35643048,power_plant,2
4259,3971.80789121,industrial_area,2
4260,3787.57861022,industrial_area,2
4261,1060.27240535,industrial_area,140
4262,,,0
4263,2534.53070606,industrial_area,9
4264,,,0
4265,,,0
4266,,,0
4267,,,0
4268,,,0
4269,,,0
4270,,,0
4271,,,0
4272,,,0
4273,,,0
4274,,,0
4275,,,0
4276,,,0
4277,,,0
4278,,,0
4279,,,0
4280,171.85403596,industrial_works,3
4281,680.44720169,power_plant,2
4282,,,0
4283,,,0
4284,,,0
4285,,,0
4286,,,0
4287,,,0
4288,,,0
4289,,,0
4290,,,0
4291,,,0
4292,,,0
4293,4498.964181,industrial_area,1
4294,1687.62675749,industrial_works,4
4295,3601.81538332,industrial_works,3
4296,338.68801388,industrial_area,1
4297,482.63637382,industrial_area,1
4298,,,0
4299,,,0
4300,536.62343703,industrial_area,63
4301,,,0
4302,4252.61910916,industrial_area,5
4303,,,0
4304,,,0
4305,,,0
4306,,,0
4307,1833.17189443,industrial_area,2
4308,,,0
4309,,,0
4310,,,0
4311,,,0
4312,2593.06650379,industrial_area,4
4313,,,0
4314,4936.7474931,industrial_area,1
4315,,,0
4316,,,0
4317,2718.36494981,industrial_area,7
4318,,,0
4319,4364.16486319,industrial_area,1
4320,4470.70609686,industrial_works,2
4321,,,0
4322,,,0
4323,4602.08794699,power_plant,1
4324,1168.73937523,industrial_area,1
4325,,,0
4326,,,0
4327,,,0
4328,2504.06786272,industrial_area,3
4329,,,0
4330,,,0
4331,338.58793778,industrial_area,1
4332,4214.28250775,power_plant,2
4333,,,0
4334,,,0
4335,,,0
4336,,,0
4337,,,0
4338,,,0
4339,,,0
4340,,,0
4341,4463.99775198,industrial_works,4
4342,460.7013918,industrial_area,6
4343,572.39722777,industrial_area,7
4344,271.6201755,industrial_area,6
4345,84.68477997,power_plant,3
4346,716.48074936,industrial_area,8
4347,,,0
4348,,,0
4349,,,0
4350,,,0
4351,,,0
4352,,,0
4353,,,0
4354,,,0
4355,,,0
4356,,,0
4357,,,0
4358,4288.2852718,industrial_works,1
4359,4541.17593208,industrial_works,1
4360,832.18270558,industrial_area,8
4361,533.67203083,power_plant,2
4362,392.53350193,industrial_area,30
4363,,,0
4364,,,0
4365,,,0
4366,,,0
4367,,,0
4368,,,0
4369,,,0
4370,,,0
4371,,,0
4372,,,0
4373,658.63013719,power_plant,4
4374,656.17356823,power_plant,4
4375,199.15641457,industrial_area,2
4376,375.25871183,industrial_area,4
4377,3113.26266058,power_plant,2
4378,4680.74263715,industrial_area,1
4379,,,0
4380,1371.81242418,industrial_area,6
4381,,,0
4382,,,0
4383,,,0
4384,,,0
4385,,,0
4386,,,0
4387,,,0
4388,,,0
4389,326.71179818,industrial_area,19
4390,88.72275709,industrial_area,19
4391,242.65481668,industrial_area,67
4392,3664.66261959,power_plant,5
4393,,,0
4394,,,0
4395,,,0
4396,,,0
4397,,,0
4398,,,0
4399,,,0
4400,,,0
4401,,,0
4402,,,0
4403,,,0
4404,,,0
4405,,,0
4406,,,0
4407,,,0
4408,,,0
4409,,,0
4410,,,0
4411,,,0
4412,,,0
4413,4690.73498792,pipeline,3
4414,,,0
4415,,,0
4416,,,0
4417,,,0
4418,,,0
4419,2294.5113871,power_plant,1
4420,,,0
4421,,,0
4422,,,0
4423,,,0
4424,3192.29701005,industrial_area,1
4425,,,0
4426,,,0
4427,,,0
4428,,,0
4429,4524.74298935,industrial_area,1
4430,,,0
4431,,,0
4432,,,0
4433,,,0
4434,2888.06021623,industrial_area,2
4435,2798.75002577,industrial_area,2
4436,,,0
4437,,,0
4438,,,0
4439,,,0
4440,1896.14884941,power_plant,13
4441,,,0
4442,,,0
4443,,,0
4444,4069.62755856,industrial_area,2
4445,,,0
4446,,,0
4447,3035.11973978,power_plant,3
4448,,,0
4449,,,0
4450,,,0
4451,,,0
4452,,,0
4453,,,0
4454,,,0
4455,,,0
4456,,,0
4457,,,0
4458,950.77260826,industrial_area,6
4459,,,0
4460,,,0
4461,,,0
4462,,,0
4463,4667.62455245,power_plant,1
4464,,,0
4465,,,0
4466,,,0
4467,,,0
4468,,,0
4469,,,0
4470,,,0
4471,,,0
4472,,,0
4473,,,0
4474,,,0
4475,,,0
4476,,,0
4477,,,0
4478,,,0
4479,,,0
4480,1135.6048417,industrial_area,10
4481,726.59174512,power_plant,4
4482,3794.65149163,power_plant,1
4483,,,0
4484,,,0
4485,2422.9315169,power_plant,2
4486,2456.4658735,pipeline,2
4487,,,0
4488,,,0
4489,,,0
4490,2439.57183102,industrial_area,1
4491,2844.70741106,industrial_area,1
4492,3585.07863134,industrial_works,5
4493,4362.72929637,industrial_area,2
4494,,,0
4495,607.40752651,industrial_works,19
4496,1719.71673795,industrial_area,25
4497,134.97189729,industrial_area,17
4498,,,0
4499,4317.42092313,power_plant,1
4500,3153.56858524,power_plant,1
4501,,,0
4502,,,0
4503,1743.83699276,industrial_area,4
4504,536.8966534,power_plant,5
4505,,,0
4506,,,0
4507,,,0
4508,,,0
4509,3994.55907193,industrial_area,1
4510,,,0
4511,2028.17306492,industrial_works,1
4512,1619.44470552,industrial_area,1
4513,,,0
4514,,,0
4515,,,0
4516,,,0
4517,,,0
4518,,,0
4519,,,0
4520,,,0
4521,,,0
4522,,,0
4523,,,0
4524,,,0
4525,,,0
4526,,,0
4527,,,0
4528,,,0
4529,,,0
4530,,,0
4531,,,0
4532,,,0
4533,,,0
4534,,,0
4535,,,0
4536,,,0
4537,,,0
4538,,,0
4539,,,0
4540,,,0
4541,,,0
4542,,,0
4543,,,0
4544,,,0
4545,,,0
4546,,,0
4547,,,0
4548,,,0
4549,,,0
4550,,,0
4551,,,0
4552,,,0
4553,,,0
4554,,,0
4555,,,0
4556,,,0
4557,299.85733957,industrial_area,2
4558,3033.66774483,power_plant,2
4559,3111.80042276,power_plant,2
4560,,,0
4561,133.32950866,industrial_area,5
4562,4509.46916684,industrial_works,1
4563,4429.06916413,industrial_works,1
4564,4812.73870942,industrial_works,1
4565,367.13081075,industrial_area,3
4566,315.02330099,industrial_area,3
4567,862.92774264,power_plant,33
4568,315.22715099,power_plant,2
4569,3442.00174839,power_plant,7
4570,,,0
4571,,,0
4572,,,0
4573,,,0
4574,,,0
4575,,,0
4576,,,0
4577,,,0
4578,,,0
4579,,,0
4580,2597.29228261,industrial_area,4
4581,,,0
4582,,,0
4583,1298.96884916,industrial_area,1
4584,,,0
4585,,,0
4586,,,0
4587,,,0
4588,,,0
4589,1338.73568905,industrial_area,6
4590,191.46135393,industrial_area,6
4591,2503.37937597,industrial_works,8
4592,1380.15601386,power_plant,6
4593,931.3422116,industrial_works,6
4594,633.22034758,industrial_works,5
4595,14.96760068,industrial_works,5
4596,298.69602783,power_plant,5
4597,107.53363873,industrial_area,79
4598,,,0
4599,,,0
4600,,,0
4601,,,0
4602,,,0
4603,,,0
4604,4725.42415957,industrial_area,1
4605,1876.6424162,power_plant,16
4606,,,0
4607,,,0
4608,4723.77982106,industrial_area,1
4609,1667.70987377,industrial_area,5
4610,,,0
4611,3955.92485298,power_plant,1
4612,,,0
4613,,,0
4614,,,0
4615,,,0
4616,,,0
4617,,,0
4618,,,0
4619,,,0
4620,3536.87818404,industrial_area,1
4621,4337.75954726,industrial_area,1
4622,4239.53553519,industrial_area,1
4623,,,0
4624,,,0
4625,,,0
4626,,,0
4627,,,0
4628,,,0
4629,,,0
4630,,,0
4631,2165.3399858,power_plant,1
4632,2046.27530866,power_plant,1
4633,1413.58942199,industrial_area,4
4634,,,0
4635,3005.89365984,industrial_area,1
4636,,,0
4637,,,0
4638,,,0
4639,,,0
4640,,,0
4641,,,0
4642,,,0
4643,,,0
4644,,,0
4645,,,0
4646,,,0
4647,,,0
4648,1052.92912358,industrial_area,6
4649,,,0
4650,,,0
4651,,,0
4652,,,0
4653,,,0
4654,,,0
4655,,,0
4656,,,0
4657,,,0
4658,,,0
4659,,,0
4660,,,0
4661,,,0
4662,,,0
4663,,,0
4664,,,0
4665,,,0
4666,,,0
4667,,,0
4668,,,0
4669,,,0
4670,,,0
4671,,,0
4672,,,0
4673,,,0
4674,,,0
4675,,,0
4676,,,0
4677,,,0
4678,4591.3708637,industrial_area,1
4679,,,0
4680,,,0
4681,,,0
4682,,,0
4683,,,0
4684,3802.96219149,industrial_area,1
4685,,,0
4686,1838.47904561,industrial_area,1
4687,,,0
4688,,,0
4689,,,0
4690,4872.33044973,pipeline,1
4691,,,0
4692,,,0
4693,,,0
4694,,,0
4695,,,0
4696,,,0
4697,,,0
4698,,,0
4699,,,0
4700,,,0
4701,,,0
4702,,,0
4703,,,0
4704,,,0
4705,,,0
4706,,,0
4707,,,0
4708,,,0
4709,,,0
4710,,,0
4711,,,0
4712,,,0
4713,,,0
4714,2106.9496272,industrial_area,6
4715,4948.0024357,industrial_area,1
4716,,,0
4717,,,0
4718,,,0
4719,1355.20480231,industrial_area,7
4720,3896.35229513,industrial_area,5
4721,,,0
4722,,,0
4723,,,0
4724,950.15952094,industrial_area,2
4725,3040.80344951,pipeline,1
4726,3380.76051645,pipeline,1
4727,,,0
4728,,,0
4729,,,0
4730,,,0
4731,1447.27343328,industrial_area,3
4732,,,0
4733,375.4159538,industrial_area,136
4734,,,0
4735,,,0
4736,,,0
4737,2875.56546873,industrial_area,4
4738,673.43306244,industrial_area,8
4739,,,0
4740,,,0
4741,2448.62204961,industrial_area,2
4742,,,0
4743,,,0
4744,,,0
4745,,,0
4746,,,0
4747,,,0
4748,730.70675079,industrial_area,37
4749,688.34363582,industrial_works,37
4750,668.76551602,industrial_works,38
4751,203.70517665,industrial_area,4
4752,222.72694961,industrial_area,4
4753,570.71720798,industrial_area,1
4754,,,0
4755,579.20546462,power_plant,2
4756,356.08860638,power_plant,4
4757,,,0
4758,302.83698301,industrial_area,2
4759,,,0
4760,,,0
4761,,,0
4762,,,0
4763,,,0
4764,,,0
4765,,,0
4766,,,0
4767,,,0
4768,,,0
4769,,,0
4770,,,0
4771,,,0
4772,,,0
4773,1561.41500205,industrial_area,5
4774,,,0
4775,2331.4966796,industrial_area,1
4776,,,0
4777,696.33091593,industrial_area,3
4778,735.07949147,industrial_area,2
4779,469.38512986,industrial_area,2
4780,466.85262879,industrial_area,2
4781,2928.76894288,industrial_area,1
4782,3176.15710358,industrial_area,2
4783,,,0
4784,,,0
4785,,,0
4786,,,0
4787,,,0
4788,,,0
4789,,,0
4790,,,0
4791,,,0
4792,,,0
4793,,,0
4794,,,0
4795,,,0
4796,,,0
4797,,,0
4798,,,0
4799,,,0
4800,,,0
4801,,,0
4802,,,0
4803,,,0
4804,,,0
4805,,,0
4806,1542.83270447,power_plant,1
4807,557.08122004,industrial_area,2
4808,579.42431332,industrial_area,3
4809,,,0
4810,,,0
4811,,,0
4812,,,0
4813,,,0
4814,,,0
4815,,,0
4816,,,0
4817,,,0
4818,1726.76769866,industrial_area,13
4819,,,0
4820,,,0
4821,2059.56980947,industrial_area,8
4822,,,0
4823,,,0
4824,,,0
4825,,,0
4826,,,0
4827,,,0
4828,,,0
4829,,,0
4830,,,0
4831,1992.49973599,industrial_area,3
4832,,,0
4833,,,0
4834,,,0
4835,,,0
4836,4617.98675856,industrial_area,1
4837,,,0
4838,,,0
4839,,,0
4840,,,0
4841,2716.50764545,pipeline,8
4842,2853.01855717,pipeline,8
4843,,,0
4844,,,0
4845,3589.44130601,industrial_area,2
4846,,,0
4847,,,0
4848,2418.56124314,industrial_area,1
4849,,,0
4850,,,0
4851,,,0
4852,,,0
4853,1790.27731533,industrial_area,15
4854,,,0
4855,,,0
4856,3361.58214349,industrial_area,1
4857,3260.30253692,industrial_area,1
4858,,,0
4859,,,0
4860,,,0
4861,,,0
4862,,,0
4863,,,0
4864,,,0
4865,,,0
4866,1669.00875162,power_plant,1
4867,,,0
4868,,,0
4869,,,0
4870,4154.35703339,power_plant,1
4871,,,0
4872,,,0
4873,,,0
4874,,,0
4875,4038.29463453,industrial_area,3
4876,,,0
4877,,,0
4878,,,0
4879,,,0
4880,,,0
4881,,,0
4882,,,0
4883,,,0
4884,,,0
4885,,,0
4886,,,0
4887,,,0
4888,,,0
4889,,,0
4890,,,0
4891,,,0
4892,,,0
4893,,,0
4894,,,0
4895,,,0
4896,,,0
4897,,,0
4898,,,0
4899,,,0
4900,,,0
4901,,,0
4902,,,0
4903,,,0
4904,,,0
4905,,,0
4906,,,0
4907,,,0
4908,,,0
4909,,,0
4910,,,0
4911,,,0
4912,,,0
4913,,,0
4914,,,0
4915,,,0
4916,,,0
4917,3652.91883742,industrial_area,1
4918,,,0
4919,3159.02016108,industrial_area,1
4920,,,0
4921,,,0
4922,,,0
4923,,,0
4924,,,0
4925,,,0
4926,4612.69174906,industrial_area,2
4927,4375.16912164,industrial_area,2
4928,4046.11898078,industrial_area,2
4929,,,0
4930,,,0
4931,,,0
4932,,,0
4933,,,0
4934,,,0
4935,,,0
4936,,,0
4937,,,0
4938,,,0
4939,,,0
4940,,,0
4941,,,0
4942,,,0
4943,,,0
4944,,,0
4945,,,0
4946,,,0
4947,,,0
4948,,,0
4949,,,0
4950,,,0
4951,,,0
4952,,,0
4953,,,0
4954,,,0
4955,,,0
4956,,,0
4957,,,0
4958,,,0
4959,,,0
4960,,,0
4961,,,0
4962,,,0
4963,,,0
4964,,,0
4965,,,0
4966,,,0
4967,,,0
4968,,,0
4969,,,0
4970,,,0
4971,,,0
4972,,,0
4973,,,0
4974,,,0
4975,,,0
4976,3779.60634179,industrial_works,5
4977,,,0
4978,,,0
4979,,,0
4980,,,0
4981,2972.14570104,industrial_area,3
4982,3413.79547698,industrial_area,2
4983,4967.34953018,industrial_area,1
4984,,,0
4985,3444.43445026,industrial_area,1
4986,3555.37658711,industrial_area,1
4987,4443.38780063,industrial_area,1
4988,2638.37195042,industrial_area,7
4989,4197.00752304,industrial_area,3
4990,449.46218675,power_plant,17
4991,,,0
4992,,,0
4993,,,0
4994,3295.25823453,industrial_area,1
4995,,,0
4996,,,0
4997,,,0
4998,,,0
4999,2207.59788404,industrial_area,2
5000,,,0
5001,,,0
5002,,,0
5003,,,0
5004,2757.92454801,pipeline,1
5005,3419.94282206,industrial_area,2
5006,,,0
5007,,,0
5008,3313.29394637,industrial_works,6
5009,,,0
5010,,,0
5011,,,0
5012,,,0
5013,,,0
5014,,,0
5015,,,0
5016,2940.64867022,industrial_area,2
5017,2893.03472579,industrial_area,2
5018,,,0
5019,,,0
5020,,,0
5021,,,0
5022,,,0
5023,3817.93537231,industrial_area,7
5024,,,0
5025,,,0
5026,3124.38016924,power_plant,3
5027,,,0
5028,,,0
5029,,,0
5030,383.64621157,industrial_works,35
5031,953.68703042,industrial_works,30
5032,331.07601999,industrial_works,33
5033,638.39187777,industrial_area,28
5034,444.74424207,industrial_works,31
5035,572.63755694,industrial_area,29
5036,,,0
5037,304.52401774,industrial_area,6
5038,31.34599676,industrial_works,33
5039,85.93256706,industrial_works,32
5040,476.38790236,industrial_works,32
5041,61.56488664,industrial_works,60
5042,2167.08545944,industrial_area,3
5043,,,0
5044,,,0
5045,,,0
5046,,,0
5047,,,0
5048,,,0
5049,4212.47607243,industrial_area,1
5050,,,0
5051,,,0
5052,,,0
5053,,,0
5054,,,0
5055,,,0
5056,,,0
5057,,,0
5058,,,0
5059,,,0
5060,,,0
5061,603.59125865,industrial_area,2
5062,570.06471235,industrial_area,2
5063,,,0
5064,,,0
5065,,,0
5066,1061.23945838,industrial_area,139
5067,,,0
5068,357.69563648,industrial_area,1
5069,,,0
5070,,,0
5071,,,0
5072,457.02048027,power_plant,4
5073,1219.93445011,power_plant,6
5074,1543.98586486,power_plant,6
5075,178.51060205,industrial_works,5
5076,2741.87484736,power_plant,4
5077,661.68194899,power_plant,4
5078,436.41388262,industrial_area,5
5079,,,0
5080,,,0
5081,,,0
5082,1228.93039849,industrial_works,2
5083,999.30239486,industrial_works,2
5084,,,0
5085,,,0
5086,38.74220506,industrial_area,79
5087,4551.13932886,power_plant,1
5088,4977.22208351,power_plant,1
5089,4702.31498698,power_plant,1
5090,,,0
5091,3528.90927112,pipeline,8
5092,,,0
5093,,,0
5094,,,0
5095,,,0
5096,,,0
5097,,,0
5098,,,0
5099,,,0
5100,,,0
5101,,,0
5102,,,0
5103,,,0
5104,,,0
5105,,,0
5106,,,0
5107,,,0
5108,,,0
5109,,,0
5110,,,0
5111,,,0
5112,,,0
5113,,,0
5114,669.79868242,power_plant,2
5115,,,0
5116,,,0
5117,129.70813657,power_plant,3
5118,436.71220047,industrial_area,1
5119,,,0
5120,4590.43684776,industrial_works,1
5121,602.77386859,industrial_area,6
5122,,,0
5123,,,0
5124,,,0
5125,,,0
5126,,,0
5127,,,0
5128,,,0
5129,,,0
5130,,,0
5131,,,0
5132,,,0
5133,,,0
5134,,,0
5135,,,0
5136,,,0
5137,,,0
5138,,,0
5139,,,0
5140,,,0
5141,,,0
5142,,,0
5143,,,0
5144,,,0
5145,4796.80924703,industrial_area,4
5146,1963.18603697,industrial_area,16
5147,1934.18720166,industrial_area,16
5148,,,0
5149,4843.73454398,industrial_works,1
5150,,,0
5151,,,0
5152,,,0
5153,,,0
5154,,,0
5155,2788.01999845,industrial_area,10
5156,,,0
5157,,,0
5158,,,0
5159,,,0
5160,,,0
5161,,,0
5162,,,0
5163,,,0
5164,2398.6928233,power_plant,1
5165,,,0
5166,,,0
5167,,,0
5168,,,0
5169,,,0
5170,3767.87710771,power_plant,1
5171,,,0
5172,,,0
5173,,,0
5174,,,0
5175,,,0
5176,,,0
5177,,,0
5178,,,0
5179,,,0
5180,,,0
5181,,,0
5182,,,0
5183,4676.13875751,industrial_area,1
5184,,,0
5185,4683.08283891,industrial_area,1
5186,3690.55982326,industrial_area,1
5187,,,0
5188,4350.66182982,power_plant,3
5189,3886.27668639,power_plant,3
5190,3785.97537735,power_plant,3
5191,3780.64575922,power_plant,3
5192,,,0
5193,,,0
5194,,,0
5195,2198.20436907,industrial_works,1
5196,1961.92496885,industrial_works,1
5197,,,0
5198,,,0
5199,,,0
5200,,,0
5201,3857.1227247,industrial_area,1
5202,3545.17724903,industrial_area,1
5203,,,0
5204,,,0
5205,,,0
5206,,,0
5207,3999.61056856,industrial_area,3
5208,4209.15654891,industrial_area,4
5209,,,0
5210,3843.6938501,industrial_area,2
5211,,,0
5212,,,0
5213,,,0
5214,,,0
5215,,,0
5216,,,0
5217,,,0
5218,,,0
5219,,,0
5220,,,0
5221,,,0
5222,,,0
5223,,,0
5224,,,0
5225,,,0
5226,,,0
5227,,,0
5228,,,0
5229,,,0
5230,,,0
5231,,,0
5232,,,0
5233,,,0
5234,,,0
5235,,,0
5236,,,0
5237,,,0
5238,,,0
5239,,,0
5240,,,0
5241,,,0
5242,,,0
5243,,,0
5244,,,0
5245,4064.56254863,industrial_area,1
5246,3506.62522006,industrial_area,1
5247,3419.89262973,industrial_area,1
5248,2359.56295683,industrial_area,1
5249,2404.72899281,industrial_area,1
5250,,,0
5251,,,0
5252,,,0
5253,,,0
5254,,,0
5255,,,0
5256,,,0
5257,2885.95799365,pipeline,1
5258,2600.42765411,pipeline,2
5259,,,0
5260,,,0
5261,,,0
5262,,,0
5263,,,0
5264,,,0
5265,,,0
5266,,,0
5267,,,0
5268,,,0
5269,,,0
5270,,,0
5271,,,0
5272,,,0
5273,,,0
5274,,,0
5275,642.7876605,industrial_area,6
5276,,,0
5277,,,0
5278,1364.91390308,industrial_area,1
5279,,,0
5280,,,0
5281,3330.14489857,industrial_area,3
5282,,,0
5283,,,0
5284,1856.54405341,industrial_area,10
5285,,,0
5286,,,0
5287,,,0
5288,481.38631372,industrial_area,6
5289,950.49093673,industrial_area,12
5290,1230.93751542,industrial_area,12
5291,422.52207741,industrial_area,12
5292,695.41108469,industrial_area,12
5293,122.88418947,power_plant,12
5294,538.96703893,power_plant,7
5295,454.25290281,power_plant,7
5296,,,0
5297,,,0
5298,,,0
5299,,,0
5300,,,0
5301,,,0
5302,,,0
5303,,,0
5304,,,0
5305,,,0
5306,,,0
5307,,,0
5308,,,0
5309,,,0
5310,,,0
5311,,,0
5312,,,0
5313,,,0
5314,,,0
5315,,,0
5316,,,0
5317,,,0
5318,,,0
5319,491.97336376,industrial_area,4
5320,1539.8281639,power_plant,6
5321,1708.12358336,power_plant,6
5322,1046.59188068,power_plant,6
5323,1284.08056672,power_plant,6
5324,180.77223284,industrial_works,5
5325,,,0
5326,437.33787295,power_plant,6
5327,161.02127508,industrial_works,5
5328,549.23555645,industrial_works,7
5329,,,0
5330,,,0
5331,,,0
5332,,,0
5333,,,0
5334,,,0
5335,,,0
5336,,,0
5337,,,0
5338,,,0
5339,3153.42727991,pipeline,8
5340,,,0
5341,,,0
5342,,,0
5343,,,0
5344,,,0
5345,,,0
5346,,,0
5347,,,0
5348,,,0
5349,,,0
5350,,,0
5351,881.44450653,industrial_area,4
5352,,,0
5353,,,0
5354,791.66513813,industrial_area,2
5355,1337.17138471,industrial_area,53
5356,1771.99834482,industrial_area,71
5357,1184.04009152,industrial_area,2
5358,,,0
5359,,,0
5360,,,0
5361,,,0
5362,3507.34123136,industrial_area,4
5363,1337.31729277,industrial_works,2
5364,,,0
5365,4807.19528352,pipeline,1
5366,,,0
5367,,,0
5368,,,0
5369,,,0
5370,,,0
5371,252.48747576,industrial_area,4
5372,395.68087786,industrial_area,1
5373,652.82134176,industrial_area,1
5374,,,0
5375,738.56500807,power_plant,2
5376,,,0
5377,,,0
5378,,,0
5379,,,0
5380,4716.64372738,petroleum_well,16
5381,,,0
5382,,,0
5383,,,0
5384,,,0
5385,,,0
5386,,,0
5387,,,0
5388,,,0
5389,,,0
5390,,,0
5391,4996.05866961,power_plant,1
5392,,,0
5393,4869.92613833,power_plant,1
5394,4475.33441082,power_plant,1
5395,4662.58452857,power_plant,1
5396,4338.76880189,power_plant,1
5397,,,0
5398,,,0
5399,4905.72451392,industrial_area,1
5400,2065.26702874,industrial_area,10
5401,3216.31756643,industrial_area,2
5402,,,0
5403,2875.33590983,industrial_area,9
5404,,,0
5405,4942.98503156,power_plant,1
5406,3579.40565232,industrial_area,1
5407,,,0
5408,2578.68479667,industrial_works,7
5409,,,0
5410,,,0
5411,,,0
5412,,,0
5413,,,0
5414,,,0
5415,3341.01701098,industrial_area,1
5416,2794.28037625,industrial_area,1
5417,1729.59711908,industrial_area,12
5418,2288.98871854,industrial_area,3
5419,,,0
5420,,,0
5421,,,0
5422,,,0
5423,,,0
5424,,,0
5425,,,0
5426,,,0
5427,485.15438396,power_plant,2
5428,,,0
5429,,,0
5430,,,0
5431,,,0
5432,,,0
5433,,,0
5434,,,0
5435,,,0
5436,,,0
5437,,,0
5438,,,0
5439,,,0
5440,,,0
5441,,,0
5442,,,0
5443,,,0
5444,,,0
5445,,,0
5446,,,0
5447,,,0
5448,558.82186325,industrial_area,7
5449,,,0
5450,,,0
5451,,,0
5452,,,0
5453,,,0
5454,,,0
5455,,,0
5456,,,0
5457,2892.90033483,power_plant,2
5458,,,0
5459,4551.40470444,industrial_works,1
5460,263.32293033,power_plant,2
5461,,,0
5462,,,0
5463,,,0
5464,,,0
5465,,,0
5466,,,0
5467,,,0
5468,,,0
5469,,,0
5470,,,0
5471,,,0
5472,,,0
5473,,,0
5474,,,0
5475,,,0
5476,611.01842939,industrial_area,34
5477,576.27284377,pipeline,35
5478,746.601401,pipeline,35
5479,1161.84445564,industrial_area,1
5480,509.4547897,power_plant,2
5481,494.00734211,power_plant,2
5482,692.51915226,power_plant,2
5483,2882.24982924,industrial_area,1
5484,228.39451213,industrial_area,27
5485,776.04222904,industrial_area,1
5486,822.09258277,industrial_area,19
5487,69.39528772,industrial_area,4
5488,584.42175698,industrial_area,2
5489,780.63181845,industrial_area,4
5490,318.89419885,industrial_area,1
5491,,,0
5492,,,0
5493,2884.25196182,industrial_area,2
5494,4184.32409539,industrial_area,1
5495,,,0
5496,,,0
5497,,,0
5498,,,0
5499,,,0
5500,,,0
5501,,,0
5502,,,0
5503,,,0
5504,,,0
5505,,,0
5506,,,0
5507,,,0
5508,,,0
5509,,,0
5510,,,0
5511,,,0
5512,,,0
5513,,,0
5514,,,0
5515,,,0
5516,,,0
5517,,,0
5518,,,0
5519,,,0
5520,,,0
5521,,,0
5522,,,0
5523,,,0
5524,,,0
5525,,,0
5526,,,0
5527,4974.91367868,industrial_area,1
5528,4887.79230525,industrial_area,1
5529,4572.9966809,industrial_area,1
5530,4478.03481329,industrial_area,1
5531,,,0
5532,4672.81200681,industrial_area,1
5533,4533.21977964,industrial_area,1
5534,,,0
5535,,,0
5536,,,0
5537,,,0
5538,,,0
5539,,,0
5540,,,0
5541,,,0
5542,,,0
5543,,,0
5544,,,0
5545,,,0
5546,,,0
5547,,,0
5548,,,0
5549,,,0
5550,,,0
5551,,,0
5552,2022.44497564,industrial_area,13
5553,2205.98541653,industrial_area,13
5554,4464.28506576,industrial_area,1
5555,3912.98137946,industrial_area,11
5556,4499.97960851,industrial_area,1
5557,3146.82875168,industrial_area,2
5558,2971.54883495,industrial_area,2
5559,2596.78307353,industrial_area,10
5560,2710.19069564,industrial_area,12
5561,2494.91554467,industrial_area,2
5562,2333.41097079,industrial_area,2
5563,2985.13619062,industrial_area,2
5564,,,0
5565,,,0
5566,,,0
5567,,,0
5568,,,0
5569,,,0
5570,,,0
5571,,,0
5572,,,0
5573,,,0
5574,,,0
5575,,,0
5576,,,0
5577,,,0
5578,,,0
5579,,,0
5580,,,0
5581,,,0
5582,,,0
5583,,,0
5584,,,0
5585,,,0
5586,,,0
5587,2597.7829041,industrial_area,1
5588,,,0
5589,,,0
5590,,,0
5591,,,0
5592,2471.50233106,power_plant,1
5593,3092.78801623,industrial_area,2
5594,3317.99022504,industrial_area,2
5595,,,0
5596,,,0
5597,,,0
5598,,,0
5599,,,0
5600,,,0
5601,,,0
5602,,,0
5603,,,0
5604,,,0
5605,,,0
5606,,,0
5607,,,0
5608,,,0
5609,3963.69635578,industrial_area,1
5610,,,0
5611,,,0
5612,,,0
5613,,,0
5614,,,0
5615,,,0
5616,,,0
5617,,,0
5618,182.47968166,power_plant,5
5619,,,0
5620,,,0
5621,,,0
5622,,,0
5623,,,0
5624,,,0
5625,,,0
5626,,,0
5627,,,0
5628,,,0
5629,,,0
5630,,,0
5631,,,0
5632,,,0
5633,,,0
5634,,,0
5635,,,0
5636,,,0
5637,,,0
5638,,,0
5639,,,0
5640,,,0
5641,,,0
5642,,,0
5643,,,0
5644,,,0
5645,,,0
5646,,,0
5647,,,0
5648,3115.45390283,industrial_area,3
5649,1592.9206988,industrial_area,5
5650,,,0
5651,,,0
5652,,,0
5653,,,0
5654,,,0
5655,1211.81683404,industrial_works,7
5656,798.93229397,industrial_works,6
5657,589.83250239,industrial_works,6
5658,3318.2823362,industrial_area,3
5659,3767.12344213,industrial_area,3
5660,3632.95308515,power_plant,3
5661,,,0
5662,,,0
5663,334.91238846,industrial_area,11
5664,474.92149275,industrial_works,17
5665,,,0
5666,,,0
5667,,,0
5668,,,0
5669,,,0
5670,,,0
5671,,,0
5672,,,0
5673,393.73823306,power_plant,2
5674,553.40768962,power_plant,2
5675,457.29502804,industrial_area,1
5676,2864.47821855,power_plant,2
5677,,,0
5678,447.06478718,power_plant,2
5679,,,0
5680,990.26373062,industrial_area,1
5681,,,0
5682,,,0
5683,,,0
5684,,,0
5685,,,0
5686,,,0
5687,90.03650136,industrial_area,5
5688,,,0
5689,,,0
5690,,,0
5691,,,0
5692,,,0
5693,,,0
5694,,,0
5695,,,0
5696,,,0
5697,,,0
5698,,,0
5699,2889.96743154,power_plant,2
5700,2891.01150741,power_plant,2
5701,,,0
5702,4873.40338258,industrial_works,1
5703,2678.56786951,industrial_area,25
5704,2567.67254815,industrial_area,25
5705,,,0
5706,,,0
5707,,,0
5708,392.48634138,industrial_area,5
5709,686.91189267,industrial_area,4
5710,1369.68912884,industrial_works,7
5711,,,0
5712,,,0
5713,3134.65990139,power_plant,3
5714,,,0
5715,,,0
5716,,,0
5717,,,0
5718,,,0
5719,,,0
5720,,,0
5721,,,0
5722,,,0
5723,,,0
5724,,,0
5725,,,0
5726,,,0
5727,,,0
5728,,,0
5729,,,0
5730,,,0
5731,212.18733421,industrial_works,58
5732,,,0
5733,,,0
5734,,,0
5735,,,0
5736,,,0
5737,,,0
5738,,,0
5739,,,0
5740,,,0
5741,,,0
5742,,,0
5743,1722.47822011,industrial_area,5
5744,1240.1229405,industrial_area,5
5745,1318.21095195,industrial_area,5
5746,1465.46651672,industrial_area,3
5747,1285.96128701,industrial_area,3
5748,1445.06573924,industrial_area,3
5749,1092.82894217,industrial_area,3
5750,368.65392711,industrial_area,2
5751,232.88922669,industrial_area,2
5752,988.70027938,industrial_area,14
5753,,,0
5754,,,0
5755,,,0
5756,,,0
5757,,,0
5758,,,0
5759,,,0
5760,2815.15676257,industrial_area,1
5761,1480.22645662,industrial_area,2
5762,,,0
5763,196.71929005,industrial_area,1
5764,,,0
5765,409.19039165,industrial_area,3
5766,1133.74761054,industrial_area,7
5767,1222.49000291,industrial_area,6
5768,464.42475698,industrial_area,4
5769,2319.54584298,industrial_area,8
5770,530.36274336,industrial_area,4
5771,157.36788457,industrial_area,6
5772,1520.70564599,power_plant,6
5773,1713.76369468,power_plant,6
5774,2489.46586042,industrial_area,8
5775,873.83450319,industrial_area,3
5776,1046.31615115,power_plant,6
5777,1187.8958855,power_plant,6
5778,880.22461982,industrial_works,6
5779,1426.60327458,power_plant,6
5780,519.43624896,industrial_area,3
5781,1136.96771335,industrial_works,7
5782,116.71496168,industrial_works,5
5783,409.02019808,power_plant,5
5784,2264.10759785,power_plant,4
5785,123.92485006,power_plant,5
5786,436.04539413,industrial_area,3
5787,445.80052585,industrial_area,5
5788,20.16675662,industrial_area,2
5789,,,0
5790,,,0
5791,,,0
5792,,,0
5793,675.04859753,power_plant,3
5794,,,0
5795,,,0
5796,246.64813008,industrial_area,2
5797,,,0
5798,,,0
5799,,,0
5800,,,0
5801,4108.27287118,power_plant,1
5802,3790.2011513,industrial_area,1
5803,,,0
5804,,,0
5805,,,0
5806,,,0
5807,,,0
5808,,,0
5809,,,0
5810,,,0
5811,,,0
5812,,,0
5813,,,0
5814,,,0
5815,,,0
5816,1570.93468299,power_plant,1
5817,1548.09064258,power_plant,1
5818,,,0
5819,,,0
5820,2952.40447349,power_plant,6
5821,4775.44721186,industrial_works,1
5822,4586.08897325,industrial_works,1
5823,4489.68329744,industrial_works,1
5824,,,0
5825,,,0
5826,,,0
5827,,,0
5828,3601.39463812,industrial_area,1
5829,,,0
5830,,,0
5831,,,0
5832,,,0
5833,,,0
5834,,,0
5835,3781.70836542,industrial_area,1
5836,4008.87085552,industrial_area,3
5837,,,0
5838,,,0
5839,,,0
5840,,,0
5841,1794.86107632,industrial_area,5
5842,1199.47886403,industrial_area,3
5843,1140.57427944,industrial_area,4
5844,,,0
5845,,,0
5846,,,0
5847,,,0
5848,,,0
5849,,,0
5850,,,0
5851,,,0
5852,,,0
5853,,,0
5854,,,0
5855,,,0
5856,,,0
5857,,,0
5858,,,0
5859,,,0
5860,,,0
5861,,,0
5862,,,0
5863,,,0
5864,,,0
5865,,,0
5866,,,0
5867,,,0
5868,,,0
5869,,,0
5870,,,0
5871,,,0
5872,,,0
5873,,,0
5874,,,0
5875,,,0
5876,,,0
5877,,,0
5878,,,0
5879,,,0
5880,,,0
5881,,,0
5882,,,0
5883,,,0
5884,,,0
5885,,,0
5886,,,0
5887,1494.87426348,industrial_area,7
5888,1618.59747606,industrial_area,7
5889,,,0
5890,,,0
5891,646.70246474,industrial_area,4
5892,521.68967591,power_plant,3
5893,,,0
5894,177.3816937,industrial_area,2
5895,410.36338569,industrial_area,2
5896,,,0
5897,,,0
5898,,,0
5899,,,0
5900,3237.35172872,industrial_area,3
5901,3915.24999436,industrial_area,3
5902,,,0
5903,527.8925518,industrial_works,38
5904,3211.80811875,industrial_works,4
5905,,,0
5906,,,0
5907,,,0
5908,,,0
5909,,,0
5910,,,0
5911,2777.84332806,industrial_area,1
5912,3085.78698443,industrial_area,1
5913,,,0
5914,,,0
5915,907.27668098,industrial_area,53
5916,1453.41841028,industrial_area,2
5917,,,0
5918,436.64720178,industrial_area,3
5919,140.75985057,industrial_area,5
5920,2407.85941865,industrial_area,8
5921,1679.63227144,power_plant,6
5922,803.71917677,industrial_area,3
5923,315.53896546,industrial_area,5
5924,776.94927805,industrial_area,6
5925,670.86307522,power_plant,2
5926,,,0
5927,,,0
5928,,,0
5929,,,0
5930,,,0
5931,,,0
5932,,,0
5933,,,0
5934,,,0
5935,,,0
5936,,,0
5937,,,0
5938,,,0
5939,,,0
5940,,,0
5941,,,0
5942,2787.43756685,industrial_area,2
5943,3270.51414472,industrial_area,4
5944,,,0
5945,,,0
5946,,,0
5947,,,0
5948,348.53168455,industrial_area,8
5949,677.27796964,industrial_area,8
5950,,,0
5951,,,0
5952,,,0
5953,,,0
5954,,,0
5955,,,0
5956,,,0
5957,4394.65199649,industrial_area,1
5958,,,0
5959,,,0
5960,,,0
5961,,,0
5962,3845.46089452,power_plant,1
5963,,,0
5964,,,0
5965,,,0
5966,,,0
5967,3691.47347994,power_plant,2
5968,3460.38528126,power_plant,2
5969,2269.51991533,industrial_area,1
5970,2368.32848265,industrial_area,1
5971,1149.27579673,industrial_area,1
5972,,,0
5973,3033.2481249,power_plant,2
5974,2929.25264049,industrial_area,2
5975,2604.13500744,industrial_area,2
5976,,,0
5977,,,0
5978,2535.8628563,industrial_area,2
5979,2700.72961144,industrial_area,2
5980,1681.68394342,industrial_area,5
5981,1678.36611926,industrial_area,5
5982,541.41827188,industrial_area,6
5983,330.4403466,industrial_area,6
5984,,,0
5985,,,0
5986,1310.39895027,industrial_area,1
5987,895.93830105,industrial_area,3
5988,1042.61253511,industrial_works,7
5989,1255.87417393,power_plant,6
5990,1307.9286156,power_plant,6
5991,800.91213814,industrial_works,6
5992,365.92104746,industrial_works,6
5993,70.5751375,industrial_works,5
5994,613.03177209,industrial_works,6
5995,213.31557988,industrial_works,5
5996,306.46213496,industrial_works,5
5997,1007.67586758,industrial_works,6
5998,,,0
5999,,,0
6000,,,0
6001,,,0
6002,3212.24755252,power_plant,3
6003,3091.72205813,industrial_works,4
6004,2859.97403055,industrial_area,3
6005,3157.9074266,industrial_works,3
6006,2867.44582424,industrial_area,3
6007,2533.81959012,industrial_area,3
6008,2901.65292884,industrial_area,3
6009,,,0
6010,,,0
6011,,,0
6012,,,0
6013,,,0
6014,,,0
6015,,,0
6016,,,0
6017,,,0
6018,1620.02528233,industrial_area,2
6019,,,0
6020,,,0
6021,,,0
6022,,,0
6023,,,0
6024,,,0
6025,,,0
6026,,,0
6027,,,0
6028,392.44362493,power_plant,4
6029,2886.87279268,power_plant,2
6030,446.24456454,power_plant,2
6031,542.77960052,power_plant,2
6032,,,0
6033,,,0
6034,,,0
6035,322.12650761,industrial_area,12
6036,,,0
6037,,,0
6038,3846.56937023,power_plant,1
6039,,,0
6040,,,0
6041,,,0
6042,,,0
6043,,,0
6044,,,0
6045,,,0
6046,,,0
6047,,,0
6048,,,0
6049,,,0
6050,,,0
6051,,,0
6052,,,0
6053,,,0
6054,,,0
6055,,,0
6056,,,0
6057,,,0
6058,,,0
6059,,,0
6060,1368.60097073,industrial_area,9
6061,,,0
6062,,,0
6063,,,0
6064,,,0
6065,,,0
6066,1308.04010396,power_plant,1
6067,,,0
6068,,,0
6069,,,0
6070,,,0
6071,3101.94852543,industrial_area,6
6072,,,0
6073,,,0
6074,,,0
6075,,,0
6076,,,0
6077,,,0
6078,,,0
6079,,,0
6080,,,0
6081,,,0
6082,,,0
6083,,,0
6084,,,0
6085,,,0
6086,,,0
6087,,,0
6088,,,0
6089,,,0
6090,,,0
6091,,,0
6092,,,0
6093,,,0
6094,,,0
6095,,,0
6096,,,0
6097,,,0
6098,,,0
6099,,,0
6100,,,0
6101,,,0
6102,2316.43190688,industrial_works,1
6103,,,0
6104,,,0
6105,,,0
6106,2642.93429835,industrial_area,1
6107,,,0
6108,,,0
6109,,,0
6110,,,0
6111,,,0
6112,,,0
6113,,,0
6114,,,0
6115,,,0
6116,,,0
6117,,,0
6118,,,0
6119,,,0
6120,,,0
6121,,,0
6122,,,0
6123,,,0
6124,,,0
6125,,,0
6126,,,0
6127,,,0
6128,,,0
6129,4920.6247289,power_plant,1
6130,,,0
6131,,,0
6132,,,0
6133,1940.22803281,power_plant,1
6134,,,0
6135,588.23898199,industrial_area,13
6136,2335.80430463,power_plant,4
6137,2670.70480215,power_plant,4
6138,2160.68097263,power_plant,4
6139,1013.29162677,power_plant,7
6140,2344.15794461,power_plant,4
6141,2607.29655878,power_plant,4
6142,2560.06192281,power_plant,4
6143,990.62742839,power_plant,6
6144,2716.98556576,power_plant,4
6145,1468.83720388,power_plant,7
6146,2946.71630328,power_plant,4
6147,1211.94737053,power_plant,5
6148,2926.1704343,industrial_area,2
6149,,,0
6150,,,0
6151,,,0
6152,,,0
6153,,,0
6154,,,0
6155,,,0
6156,,,0
6157,,,0
6158,,,0
6159,,,0
6160,,,0
6161,2402.76479071,industrial_area,2
6162,2543.33446096,industrial_area,2
6163,2366.71444331,industrial_area,2
6164,,,0
6165,,,0
6166,,,0
6167,555.14524676,power_plant,6
6168,203.93587082,power_plant,6
6169,702.75943814,power_plant,5
6170,469.68036901,power_plant,6
6171,890.61756134,power_plant,3
6172,4812.73216259,industrial_area,1
6173,2809.91210357,industrial_area,1
6174,2729.43441944,industrial_area,2
6175,,,0
6176,,,0
6177,4758.55808905,industrial_area,1
6178,,,0
6179,1277.23911144,power_plant,6
6180,,,0
6181,,,0
6182,,,0
6183,,,0
6184,,,0
6185,,,0
6186,,,0
6187,,,0
6188,,,0
6189,,,0
6190,,,0
6191,,,0
6192,,,0
6193,,,0
6194,,,0
6195,,,0
6196,,,0
6197,,,0
6198,,,0
6199,,,0
6200,,,0
6201,,,0
6202,,,0
6203,,,0
6204,4519.63536946,industrial_works,4
6205,1851.69134987,industrial_area,5
6206,,,0
6207,819.00299248,industrial_area,11
6208,270.16598794,industrial_area,12
6209,637.29073269,industrial_area,12
6210,3737.46782727,industrial_area,3
6211,4367.87455244,industrial_area,2
6212,550.86767228,industrial_area,5
6213,961.18876627,industrial_area,5
6214,825.53703986,industrial_area,5
6215,2701.0239941,power_plant,2
6216,3478.61162146,power_plant,2
6217,,,0
6218,,,0
6219,,,0
6220,,,0
6221,,,0
6222,,,0
6223,,,0
6224,,,0
6225,,,0
6226,,,0
6227,,,0
6228,,,0
6229,1907.86619822,industrial_area,7
6230,,,0
6231,4129.93058583,industrial_area,2
6232,3920.41056379,industrial_area,2
6233,406.02009199,industrial_area,5
6234,2389.9120675,industrial_area,3
6235,3646.44893593,industrial_area,3
6236,3393.98194003,industrial_area,3
6237,3430.33501648,industrial_area,2
6238,3886.72898975,industrial_area,2
6239,,,0
6240,,,0
6241,,,0
6242,,,0
6243,,,0
6244,,,0
6245,,,0
6246,,,0
6247,,,0
6248,495.72799611,industrial_area,9
6249,826.48867216,industrial_area,7
6250,1136.91616529,industrial_area,7
6251,,,0
6252,,,0
6253,,,0
6254,,,0
6255,,,0
6256,,,0
6257,,,0
6258,,,0
6259,,,0
6260,,,0
6261,386.34051326,industrial_area,1
6262,325.50992717,industrial_area,1
6263,3031.83806271,power_plant,2
6264,,,0
6265,,,0
6266,4428.37189077,industrial_works,1
6267,4743.01793175,industrial_works,1
6268,,,0
6269,607.49138388,power_plant,2
6270,68.26435248,industrial_area,30
6271,2539.4465159,power_plant,2
6272,,,0
6273,,,0
6274,,,0
6275,,,0
6276,,,0
6277,,,0
6278,,,0
6279,,,0
6280,1843.47690618,industrial_area,5
6281,984.08624419,power_plant,5
6282,977.45434619,power_plant,5
6283,1410.39552187,industrial_area,3
6284,468.6399924,industrial_area,12
6285,3035.78219597,industrial_area,3
6286,2225.70336967,industrial_area,3
6287,2962.22728127,industrial_area,3
6288,3675.33625744,industrial_area,3
6289,3781.07740332,industrial_area,3
6290,4440.60288675,industrial_area,2
6291,4455.9713426,industrial_area,1
6292,4902.26603125,industrial_area,1
6293,3489.26076799,power_plant,2
6294,2968.00500311,power_plant,2
6295,1771.87302761,power_plant,1
6296,2163.19103977,power_plant,1
6297,1379.27516972,power_plant,1
6298,1768.56400608,power_plant,1
6299,2160.12672339,power_plant,1
6300,,,0
6301,,,0
6302,,,0
6303,,,0
6304,,,0
6305,,,0
6306,,,0
6307,,,0
6308,,,0
6309,,,0
6310,,,0
6311,,,0
6312,,,0
6313,,,0
6314,,,0
6315,,,0
6316,,,0
6317,,,0
6318,1035.00932365,power_plant,1
6319,,,0
6320,,,0
6321,,,0
6322,,,0
6323,,,0
6324,,,0
6325,,,0
6326,,,0
6327,,,0
6328,,,0
6329,,,0
6330,,,0
6331,,,0
6332,,,0
6333,,,0
6334,2711.08491503,power_plant,1
6335,,,0
6336,,,0
6337,,,0
6338,,,0
6339,,,0
6340,,,0
6341,4798.12521397,industrial_area,1
6342,2103.65122093,industrial_area,13
6343,2783.05980295,industrial_area,10
6344,,,0
6345,3256.80785344,industrial_area,2
6346,2318.1452772,industrial_area,11
6347,,,0
6348,,,0
6349,4772.57684099,industrial_area,1
6350,,,0
6351,,,0
6352,,,0
6353,4561.0838674,industrial_area,1
6354,1638.42826233,power_plant,1
6355,1986.14536349,power_plant,1
6356,1884.67702873,power_plant,1
6357,2194.8848686,power_plant,1
6358,,,0
6359,989.80740347,power_plant,1
6360,,,0
6361,,,0
6362,,,0
6363,,,0
6364,,,0
6365,,,0
6366,,,0
6367,,,0
6368,,,0
6369,,,0
6370,2471.39803817,power_plant,7
6371,,,0
6372,,,0
6373,,,0
6374,,,0
6375,,,0
6376,,,0
6377,,,0
6378,,,0
6379,,,0
6380,,,0
6381,,,0
6382,,,0
6383,,,0
6384,,,0
6385,4335.71669641,industrial_area,1
6386,,,0
6387,,,0
6388,,,0
6389,,,0
6390,,,0
6391,,,0
6392,,,0
6393,4667.48698558,industrial_area,3
6394,,,0
6395,,,0
6396,,,0
6397,,,0
6398,,,0
6399,,,0
6400,,,0
6401,748.97192261,industrial_area,2
6402,4307.113,industrial_area,1
6403,2841.20993049,industrial_area,5
6404,4088.109582,industrial_area,5
6405,,,0
6406,4984.84521056,industrial_area,1
6407,867.28650163,industrial_area,2
6408,,,0
6409,668.83323776,industrial_area,4
6410,553.36789074,industrial_area,4
6411,2324.58646655,industrial_area,8
6412,,,0
6413,,,0
6414,,,0
6415,,,0
6416,1297.67076044,industrial_area,1
6417,765.23869239,industrial_area,41
6418,514.41792195,industrial_area,47
6419,151.25801133,industrial_area,46
6420,505.71163187,industrial_area,34
6421,,,0
6422,4128.19262722,industrial_works,6
6423,3441.12972877,industrial_area,3
6424,413.49957045,industrial_area,12
6425,520.65649976,industrial_area,9
6426,,,0
6427,,,0
6428,,,0
6429,,,0
6430,,,0
6431,2183.0134062,power_plant,2
6432,,,0
6433,,,0
6434,,,0
6435,,,0
6436,,,0
6437,,,0
6438,,,0
6439,,,0
6440,,,0
6441,,,0
6442,,,0
6443,,,0
6444,,,0
6445,,,0
6446,,,0
6447,2081.70711328,industrial_area,4
6448,,,0
6449,,,0
6450,,,0
6451,,,0
6452,,,0
6453,,,0
6454,4817.26099849,industrial_area,1
6455,453.44135133,industrial_area,3
6456,348.63914378,industrial_area,6
6457,574.40005579,industrial_area,6
6458,1095.4990278,industrial_area,6
6459,507.34149038,power_plant,4
6460,1299.11227218,industrial_area,7
6461,1587.20260877,power_plant,6
6462,1798.0767172,power_plant,6
6463,2521.88340234,industrial_area,8
6464,1238.99330892,power_plant,6
6465,1051.74522387,industrial_works,7
6466,1498.81235498,power_plant,6
6467,321.2237775,industrial_works,5
6468,164.54727923,industrial_area,2
6469,498.89668367,industrial_area,5
6470,,,0
6471,810.32472066,industrial_area,10
6472,711.33561631,industrial_area,9
6473,550.45640607,industrial_area,9
6474,481.18352799,industrial_area,9
6475,746.34967573,power_plant,8
6476,,,0
6477,,,0
6478,,,0
6479,,,0
6480,,,0
6481,,,0
6482,,,0
6483,,,0
6484,,,0
6485,,,0
6486,,,0
6487,,,0
6488,,,0
6489,,,0
6490,,,0
6491,,,0
6492,,,0
6493,,,0
6494,,,0
6495,,,0
6496,,,0
6497,,,0
6498,,,0
6499,,,0
6500,,,0
6501,,,0
6502,,,0
6503,,,0
6504,,,0
6505,,,0
6506,,,0
6507,,,0
6508,,,0
6509,,,0
6510,,,0
6511,,,0
6512,,,0
6513,,,0
6514,,,0
6515,,,0
6516,,,0
6517,,,0
6518,,,0
6519,,,0
6520,,,0
6521,,,0
6522,,,0
6523,,,0
6524,,,0
6525,,,0
6526,,,0
6527,,,0
6528,,,0
6529,,,0
6530,,,0
6531,,,0
6532,,,0
6533,,,0
6534,,,0
6535,,,0
6536,,,0
6537,,,0
6538,,,0
6539,,,0
6540,,,0
6541,47.59608416,industrial_area,2
6542,,,0
6543,,,0
6544,619.65502338,industrial_area,1
6545,,,0
6546,,,0
6547,4298.04732099,pipeline,1
6548,4200.40955998,pipeline,1
6549,4635.3244834,pipeline,1
6550,4527.37471093,pipeline,1
6551,4843.98173781,pipeline,1
6552,4753.07238513,pipeline,1
6553,,,0
6554,,,0
6555,,,0
6556,,,0
6557,2546.20751512,power_plant,1
6558,1796.3857211,power_plant,1
6559,,,0
6560,,,0
6561,,,0
6562,,,0
6563,,,0
6564,1996.8739562,power_plant,1
6565,2397.1492405,power_plant,1
6566,,,0
6567,,,0
6568,,,0
6569,,,0
6570,,,0
6571,,,0
6572,,,0
6573,,,0
6574,3724.08523774,power_plant,2
6575,,,0
6576,,,0
6577,4523.4062697,industrial_area,1
6578,,,0
6579,3707.95598404,industrial_area,2
6580,,,0
6581,1235.33821542,industrial_area,1
6582,,,0
6583,,,0
6584,,,0
6585,,,0
6586,,,0
6587,117.28121229,industrial_area,4
6588,2129.43926286,industrial_area,6
6589,2284.07378884,industrial_area,11
6590,,,0
6591,,,0
6592,,,0
6593,1034.20404647,industrial_area,38
6594,4965.55633394,industrial_area,1
6595,728.60938914,industrial_area,21
6596,,,0
6597,1198.87110667,power_plant,3
6598,2445.29653067,industrial_area,3
6599,,,0
6600,,,0
6601,,,0
6602,,,0
6603,1469.94549938,power_plant,2
6604,,,0
6605,,,0
6606,,,0
6607,4747.64318356,industrial_area,1
6608,4639.38455282,industrial_area,1
6609,,,0
6610,,,0
6611,,,0
6612,204.52060607,industrial_works,6
6613,,,0
6614,,,0
6615,,,0
6616,,,0
6617,,,0
6618,,,0
6619,,,0
6620,,,0
6621,,,0
6622,,,0
6623,,,0
6624,,,0
6625,,,0
6626,,,0
6627,,,0
6628,,,0
6629,,,0
6630,,,0
6631,,,0
6632,,,0
6633,,,0
6634,,,0
6635,,,0
6636,,,0
6637,,,0
6638,,,0
6639,,,0
6640,,,0
6641,,,0
6642,,,0
6643,,,0
6644,,,0
6645,,,0
6646,,,0
6647,,,0
6648,,,0
6649,,,0
6650,,,0
6651,,,0
6652,,,0
6653,,,0
6654,,,0
6655,181.21228239,industrial_works,5
6656,,,0
6657,460.63528105,industrial_area,7
6658,250.96425468,industrial_area,7
6659,255.35119129,industrial_area,1
6660,,,0
6661,,,0
6662,,,0
6663,,,0
6664,,,0
6665,,,0
6666,,,0
6667,,,0
6668,,,0
6669,,,0
6670,,,0
6671,179.09889785,industrial_area,4
6672,1895.66978852,industrial_area,9
6673,,,0
6674,,,0
6675,989.69357927,industrial_area,53
6676,,,0
6677,119.67978126,industrial_area,1
6678,189.86821433,industrial_area,2
6679,,,0
6680,456.7232445,industrial_area,3
6681,436.50391709,industrial_area,5
6682,341.95063047,industrial_area,6
6683,1091.17292967,industrial_area,7
6684,453.21590681,power_plant,4
6685,2435.43831764,industrial_area,8
6686,2465.89098716,industrial_works,8
6687,1683.71387678,power_plant,6
6688,1162.69028933,industrial_works,6
6689,1363.43645786,power_plant,6
6690,1571.03468841,power_plant,6
6691,793.71150659,industrial_area,3
6692,1140.3161442,power_plant,6
6693,1368.15819869,power_plant,6
6694,1010.19326677,power_plant,6
6695,1277.23695233,power_plant,6
6696,701.16259027,industrial_works,6
6697,353.65218653,industrial_area,3
6698,316.65326212,industrial_works,6
6699,279.60086429,industrial_works,5
6700,263.34858626,industrial_works,5
6701,2693.17328384,power_plant,4
6702,620.38910493,industrial_works,5
6703,611.29701625,industrial_area,5
6704,530.57417473,industrial_area,5
6705,373.94375571,industrial_area,5
6706,4807.08709083,industrial_area,1
6707,1738.38825662,power_plant,1
6708,1706.61949212,power_plant,1
6709,2093.17610082,power_plant,1
6710,,,0
6711,,,0
6712,4846.45164426,industrial_area,1
6713,4622.65462495,industrial_area,1
6714,4928.16242594,industrial_area,1
6715,,,0
6716,,,0
6717,,,0
6718,,,0
6719,,,0
6720,,,0
6721,,,0
6722,,,0
6723,1699.90833842,industrial_area,2
6724,,,0
6725,,,0
6726,,,0
6727,,,0
6728,,,0
6729,,,0
6730,,,0
6731,1810.94055643,industrial_area,3
6732,1698.52293251,industrial_area,3
6733,,,0
6734,,,0
6735,,,0
6736,,,0
6737,,,0
6738,,,0
6739,,,0
6740,,,0
6741,,,0
6742,,,0
6743,,,0
6744,,,0
6745,,,0
6746,,,0
6747,,,0
6748,,,0
6749,3613.54569033,pipeline,4
6750,,,0
6751,2387.74334761,industrial_area,10
6752,1707.18876496,industrial_area,6
6753,580.21654156,industrial_area,10
6754,1529.74705183,industrial_area,7
6755,612.66117612,industrial_area,13
6756,4498.70807313,industrial_area,2
6757,2440.61496101,industrial_area,6
6758,,,0
6759,,,0
6760,,,0
6761,,,0
6762,3144.97259551,industrial_area,1
6763,,,0
6764,4292.25565046,power_plant,3
6765,,,0
6766,1065.38404668,industrial_works,3
6767,1352.13084448,industrial_works,3
6768,1924.55718401,industrial_area,1
6769,,,0
6770,2561.28135919,industrial_area,2
6771,,,0
6772,,,0
6773,4886.26834854,industrial_area,2
6774,,,0
6775,1975.80626784,industrial_area,3
6776,,,0
6777,2172.09314148,industrial_area,3
6778,3082.40052056,industrial_area,1
6779,,,0
6780,,,0
6781,,,0
6782,,,0
6783,,,0
6784,3717.28625176,power_plant,1
6785,3814.77803281,power_plant,1
6786,3540.15998135,power_plant,1
6787,3602.22735342,power_plant,1
6788,,,0
6789,,,0
6790,,,0
6791,,,0
6792,,,0
6793,,,0
6794,,,0
6795,,,0
6796,,,0
6797,,,0
6798,,,0
6799,,,0
6800,,,0
6801,,,0
6802,,,0
6803,,,0
6804,,,0
6805,,,0
6806,,,0
6807,,,0
6808,,,0
6809,,,0
6810,,,0
6811,,,0
6812,,,0
6813,,,0
6814,,,0
6815,,,0
6816,,,0
6817,,,0
6818,,,0
6819,403.98596739,industrial_area,1
6820,,,0
6821,435.77189352,industrial_area,6
6822,1319.5780184,industrial_area,3
6823,1172.05768705,industrial_area,3
6824,1127.16376886,industrial_area,3
6825,1096.38297381,power_plant,4
6826,575.70336195,industrial_area,10
6827,896.21961864,industrial_area,12
6828,413.71387113,industrial_area,9
6829,167.74189752,industrial_area,9
6830,452.92605765,industrial_area,7
6831,725.92850833,industrial_area,7
6832,,,0
6833,,,0
6834,,,0
6835,,,0
6836,,,0
6837,,,0
6838,,,0
6839,,,0
6840,,,0
6841,,,0
6842,,,0
6843,,,0
6844,,,0
6845,,,0
6846,,,0
6847,,,0
6848,,,0
6849,,,0
6850,,,0
6851,,,0
6852,,,0
6853,,,0
6854,,,0
6855,,,0
6856,,,0
6857,,,0
6858,,,0
6859,,,0
6860,,,0
6861,,,0
6862,,,0
6863,,,0
6864,,,0
6865,,,0
6866,,,0
6867,,,0
6868,,,0
6869,,,0
6870,,,0
6871,,,0
6872,,,0
6873,,,0
6874,,,0
6875,,,0
6876,,,0
6877,,,0
6878,,,0
6879,,,0
6880,,,0
6881,,,0
6882,,,0
6883,,,0
6884,,,0
6885,,,0
6886,,,0
6887,,,0
6888,,,0
6889,,,0
6890,,,0
6891,,,0
6892,,,0
6893,,,0
6894,,,0
6895,,,0
6896,,,0
6897,,,0
6898,,,0
6899,,,0
6900,,,0
6901,,,0
6902,,,0
6903,,,0
6904,,,0
6905,,,0
6906,,,0
6907,,,0
6908,,,0
6909,,,0
6910,,,0
6911,,,0
6912,,,0
6913,,,0
6914,,,0
6915,,,0
6916,,,0
6917,,,0
6918,,,0
6919,,,0
6920,,,0
6921,,,0
6922,,,0
6923,,,0
6924,,,0
6925,,,0
6926,,,0
6927,,,0
6928,,,0
6929,,,0
6930,,,0
6931,464.37799177,power_plant,4
6932,80.44130349,industrial_area,2
6933,,,0
6934,3734.26780244,industrial_area,3
6935,229.68204568,industrial_works,12
6936,928.49300265,industrial_works,6
6937,593.76236992,industrial_works,6
6938,527.2390411,power_plant,5
6939,267.42793047,industrial_works,5
6940,35.91983936,power_plant,5
6941,718.34707733,industrial_area,3
6942,,,0
6943,,,0
6944,,,0
6945,,,0
6946,,,0
6947,,,0
6948,,,0
6949,,,0
6950,,,0
6951,,,0
6952,,,0
6953,,,0
6954,,,0
6955,4415.04324076,industrial_area,1
6956,,,0
6957,,,0
6958,1430.2481669,industrial_area,2
6959,,,0
6960,2257.69711236,industrial_area,7
6961,1787.28846039,industrial_area,9
6962,122.52854695,industrial_area,2
6963,,,0
6964,,,0
6965,1676.46387337,power_plant,2
6966,1486.66240694,power_plant,2
6967,,,0
6968,4148.99443894,power_plant,1
6969,4071.27589431,industrial_area,4
6970,4177.99316091,industrial_area,3
6971,4339.53823021,power_plant,1
6972,,,0
6973,,,0
6974,,,0
6975,,,0
6976,,,0
6977,,,0
6978,538.58763666,power_plant,4
6979,,,0
6980,826.93967692,power_plant,2
6981,,,0
6982,,,0
6983,,,0
6984,,,0
6985,,,0
6986,,,0
6987,,,0
6988,,,0
6989,,,0
6990,,,0
6991,,,0
6992,4300.36446432,industrial_area,2
6993,3205.16508826,industrial_area,13
6994,2849.94554021,industrial_area,13
6995,,,0
6996,,,0
6997,,,0
6998,,,0
6999,,,0
7000,,,0
7001,,,0
7002,,,0
7003,,,0
7004,,,0
7005,,,0
7006,,,0
7007,,,0
7008,,,0
7009,,,0
7010,,,0
7011,,,0
7012,,,0
7013,,,0
7014,,,0
7015,,,0
7016,2550.58380895,industrial_area,1
7017,,,0
7018,,,0
7019,,,0
7020,,,0
7021,,,0
7022,,,0
7023,259.88239861,pipeline,60
7024,,,0
7025,,,0
7026,,,0
7027,,,0
7028,,,0
7029,,,0
7030,,,0
7031,2480.15851636,power_plant,1
7032,,,0
7033,3240.91403492,industrial_area,1
7034,,,0
7035,,,0
7036,,,0
7037,,,0
7038,,,0
7039,,,0
7040,,,0
7041,,,0
7042,,,0
7043,,,0
7044,,,0
7045,417.17185262,industrial_area,6
7046,45.97963871,industrial_area,6
7047,,,0
7048,,,0
7049,,,0
7050,,,0
7051,,,0
7052,,,0
7053,,,0
7054,,,0
7055,,,0
7056,,,0
7057,,,0
7058,,,0
7059,,,0
7060,,,0
7061,,,0
7062,,,0
7063,,,0
7064,,,0
7065,,,0
7066,,,0
7067,,,0
7068,,,0
7069,,,0
7070,,,0
7071,,,0
7072,,,0
7073,,,0
7074,,,0
7075,,,0
7076,,,0
7077,,,0
7078,,,0
7079,,,0
7080,,,0
7081,,,0
7082,,,0
7083,,,0
7084,,,0
7085,,,0
7086,,,0
7087,,,0
7088,,,0
7089,,,0
7090,,,0
7091,,,0
7092,,,0
7093,,,0
7094,,,0
7095,,,0
7096,,,0
7097,,,0
7098,,,0
7099,572.05158761,industrial_area,11
7100,258.01500248,industrial_works,5
7101,269.92126315,industrial_works,6
7102,,,0
7103,3466.34564379,industrial_area,1
7104,,,0
7105,,,0
7106,,,0
7107,,,0
7108,,,0
7109,,,0
7110,,,0
7111,,,0
7112,,,0
7113,,,0
7114,,,0
7115,,,0
7116,,,0
7117,535.99800854,industrial_area,3
7118,,,0
7119,,,0
7120,,,0
7121,,,0
7122,,,0
7123,,,0
7124,,,0
7125,,,0
7126,,,0
7127,,,0
7128,304.82590065,industrial_area,2
7129,440.27263227,power_plant,2
7130,,,0
7131,355.9497203,industrial_area,18
7132,120.5899562,industrial_area,49
7133,4422.78027975,industrial_area,1
7134,,,0
7135,,,0
7136,,,0
7137,,,0
7138,,,0
7139,,,0
7140,,,0
7141,,,0
7142,,,0
7143,,,0
7144,,,0
7145,,,0
7146,,,0
7147,,,0
7148,,,0
7149,,,0
7150,,,0
7151,,,0
7152,,,0
7153,,,0
7154,,,0
7155,,,0
7156,,,0
7157,,,0
7158,,,0
7159,,,0
7160,,,0
7161,,,0
7162,,,0
7163,,,0
7164,,,0
7165,,,0
7166,,,0
7167,,,0
7168,,,0
7169,4189.42256759,power_plant,4
7170,2063.29637705,industrial_works,1
7171,1946.17339618,industrial_area,1
7172,4286.76955251,industrial_area,3
7173,3880.49470246,industrial_area,3
7174,,,0
7175,,,0
7176,,,0
7177,,,0
7178,,,0
7179,,,0
7180,,,0
7181,,,0
7182,,,0
7183,,,0
7184,4607.57098436,power_plant,1
7185,4287.13053295,power_plant,1
7186,4696.55444708,power_plant,1
7187,4318.10168245,power_plant,1
7188,,,0
7189,,,0
7190,,,0
7191,,,0
7192,,,0
7193,,,0
7194,,,0
7195,,,0
7196,383.2104344,industrial_area,21
7197,2405.94784032,industrial_area,6
7198,674.23151282,power_plant,3
7199,803.11680753,power_plant,3
7200,885.96929007,power_plant,1
7201,390.03323399,power_plant,1
7202,521.78952471,power_plant,1
7203,723.54473511,industrial_area,1
7204,,,0
7205,2907.47717727,industrial_works,1
7206,4466.65672071,power_plant,1
7207,3023.30006987,industrial_area,1
7208,3389.19084285,industrial_area,1
7209,2610.3604298,industrial_area,14
7210,2779.13116636,industrial_area,2
7211,,,0
7212,,,0
7213,,,0
7214,,,0
7215,,,0
7216,,,0
7217,,,0
7218,,,0
7219,,,0
7220,,,0
7221,,,0
7222,606.03358847,industrial_area,4
7223,1302.04672185,industrial_works,6
7224,2401.23600128,industrial_area,8
7225,4594.50381626,pipeline,1
7226,,,0
7227,,,0
7228,3227.61617996,industrial_area,1
7229,,,0
7230,,,0
7231,,,0
7232,,,0
7233,,,0
7234,,,0
7235,,,0
7236,,,0
7237,,,0
7238,,,0
7239,,,0
7240,,,0
7241,,,0
7242,,,0
7243,,,0
7244,,,0
7245,,,0
7246,,,0
7247,,,0
7248,,,0
7249,,,0
7250,,,0
7251,,,0
7252,,,0
7253,,,0
7254,,,0
7255,,,0
7256,,,0
7257,,,0
7258,,,0
7259,,,0
7260,,,0
7261,,,0
7262,,,0
7263,,,0
7264,,,0
7265,,,0
7266,,,0
7267,,,0
7268,,,0
7269,,,0
7270,,,0
7271,,,0
7272,,,0
7273,1822.39285219,industrial_area,6
7274,1505.11212608,industrial_area,5
7275,,,0
7276,,,0
7277,,,0
7278,,,0
7279,227.22223264,power_plant,2
7280,355.20891939,industrial_area,4
7281,432.57921415,industrial_area,1
7282,3014.53677104,power_plant,2
7283,3098.32125144,power_plant,2
7284,86.17799429,industrial_area,5
7285,4449.90411633,industrial_works,1
7286,4774.39556144,industrial_works,1
7287,147.58661761,industrial_area,1
7288,,,0
7289,,,0
7290,,,0
7291,,,0
7292,,,0
7293,583.55696486,industrial_area,32
7294,,,0
7295,4448.34476532,industrial_area,3
7296,2560.76192332,industrial_works,8
7297,874.45581894,industrial_works,6
7298,275.53942978,power_plant,5
7299,191.93935114,industrial_area,2
7300,458.69917638,industrial_area,2
7301,,,0
7302,,,0
7303,47.23484251,industrial_area,4
7304,,,0
7305,,,0
7306,,,0
7307,3156.90980002,power_plant,1
7308,2185.93022018,power_plant,1
7309,,,0
7310,,,0
7311,,,0
7312,,,0
7313,,,0
7314,,,0
7315,,,0
7316,,,0
7317,,,0
7318,,,0
7319,,,0
7320,,,0
7321,,,0
7322,,,0
7323,,,0
7324,,,0
7325,,,0
7326,,,0
7327,,,0
7328,1318.57079829,pipeline,17
7329,,,0
7330,,,0
7331,,,0
7332,2209.41076976,pipeline,45
7333,,,0
7334,,,0
7335,,,0
7336,3354.47920031,industrial_area,1
7337,,,0
7338,4553.1213216,industrial_area,1
7339,4510.69024247,pipeline,1
7340,,,0
7341,3747.95356738,industrial_works,1
7342,,,0
7343,,,0
7344,,,0
7345,,,0
7346,,,0
7347,,,0
7348,,,0
7349,4690.81058913,industrial_area,1
7350,,,0
7351,3458.94316342,power_plant,8
7352,3116.33626341,power_plant,10
7353,,,0
7354,,,0
7355,,,0
7356,,,0
7357,,,0
7358,,,0
7359,,,0
7360,,,0
7361,,,0
7362,,,0
7363,,,0
7364,,,0
7365,,,0
7366,,,0
7367,,,0
7368,,,0
7369,,,0
7370,,,0
7371,,,0
7372,,,0
7373,4859.76761137,power_plant,1
7374,4763.73879696,industrial_area,1
7375,,,0
7376,,,0
7377,,,0
7378,,,0
7379,,,0
7380,,,0
7381,,,0
7382,,,0
7383,,,0
7384,,,0
7385,,,0
7386,,,0
7387,,,0
7388,,,0
7389,1577.26374786,industrial_area,5
7390,1539.97829267,industrial_area,5
7391,,,0
7392,1493.14017673,industrial_area,4
7393,3697.53011092,industrial_area,1
7394,2381.9715275,power_plant,5
7395,1438.76208405,pipeline,3
7396,,,0
7397,,,0
7398,,,0
7399,,,0
7400,,,0
7401,,,0
7402,,,0
7403,571.33489878,industrial_area,3
7404,403.01789965,industrial_area,3
7405,,,0
7406,,,0
7407,484.70814191,power_plant,2
7408,273.95468655,power_plant,2
7409,,,0
7410,,,0
7411,,,0
7412,,,0
7413,,,0
7414,,,0
7415,,,0
7416,640.98470705,industrial_area,1
7417,2869.21418188,power_plant,2
7418,,,0
7419,4145.608362,industrial_works,1
7420,4207.91051466,industrial_works,1
7421,542.81608245,industrial_area,100
7422,582.92898129,power_plant,100
7423,2510.44864335,power_plant,1
7424,4357.47562523,industrial_area,2
7425,222.51354087,industrial_area,3
7426,608.07511817,industrial_area,3
7427,854.93548851,industrial_area,3
7428,371.92483784,industrial_area,3
7429,431.61593411,industrial_area,5
7430,,,0
7431,,,0
7432,,,0
7433,,,0
7434,,,0
7435,,,0
7436,,,0
7437,,,0
7438,,,0
7439,,,0
7440,,,0
7441,,,0
7442,,,0
7443,,,0
7444,1402.11613712,industrial_area,2
7445,,,0
7446,,,0
7447,2017.92568283,industrial_area,9
7448,4632.54602383,power_plant,1
7449,839.94298403,industrial_area,2
7450,919.7222359,industrial_area,2
7451,552.74440046,industrial_area,2
7452,,,0
7453,,,0
7454,,,0
7455,,,0
7456,,,0
7457,,,0
7458,,,0
7459,3942.61767441,industrial_area,16
7460,,,0
7461,,,0
7462,,,0
7463,2961.31815829,power_plant,1
7464,,,0
7465,,,0
7466,,,0
7467,,,0
7468,,,0
7469,,,0
7470,820.90830094,industrial_works,3
7471,460.32815238,industrial_works,3
7472,642.60190389,industrial_works,3
7473,,,0
7474,413.72359033,industrial_area,7
7475,,,0
7476,,,0
7477,,,0
7478,3556.06087892,industrial_area,1
7479,,,0
7480,,,0
7481,1530.3582451,industrial_area,5
7482,1796.37240976,industrial_area,4
7483,,,0
7484,,,0
7485,,,0
7486,,,0
7487,,,0
7488,,,0
7489,,,0
7490,,,0
7491,,,0
7492,1185.19324657,industrial_area,1
7493,,,0
7494,,,0
7495,,,0
7496,1639.9762797,industrial_works,20
7497,,,0
7498,,,0
7499,,,0
7500,,,0
7501,2418.09540434,industrial_works,2
7502,1857.51318718,industrial_area,1
7503,4221.10870993,pipeline,1
7504,,,0
7505,3525.18444737,power_plant,1
7506,3494.31850041,power_plant,1
7507,,,0
7508,,,0
7509,,,0
7510,,,0
7511,,,0
7512,,,0
7513,,,0
7514,,,0
7515,,,0
7516,,,0
7517,,,0
7518,,,0
7519,,,0
7520,,,0
7521,,,0
7522,,,0
7523,,,0
7524,,,0
7525,,,0
7526,3770.56285001,industrial_area,3
7527,,,0
7528,,,0
7529,,,0
7530,,,0
7531,,,0
7532,,,0
7533,,,0
7534,,,0
7535,,,0
7536,,,0
7537,,,0
7538,,,0
7539,,,0
7540,,,0
7541,,,0
7542,,,0
7543,,,0
7544,,,0
7545,,,0
7546,,,0
7547,,,0
7548,,,0
7549,,,0
7550,,,0
7551,,,0
7552,,,0
7553,1722.02691095,industrial_area,5
7554,,,0
7555,,,0
7556,211.9363978,industrial_area,4
7557,270.26896577,industrial_area,2
7558,,,0
7559,,,0
7560,,,0
7561,,,0
7562,,,0
7563,,,0
7564,4668.71799387,power_plant,1
7565,796.43877147,industrial_area,4
7566,47.22685862,industrial_area,2
7567,1042.60468263,industrial_area,7
7568,930.18058414,industrial_area,3
7569,1285.57926097,power_plant,6
7570,799.16427926,industrial_works,6
7571,529.34978956,industrial_area,3
7572,300.92650911,industrial_works,5
7573,226.57240947,industrial_area,2
7574,,,0
7575,,,0
7576,,,0
7577,,,0
7578,,,0
7579,,,0
7580,,,0
7581,,,0
7582,,,0
7583,,,0
7584,,,0
7585,,,0
7586,,,0
7587,279.7884721,industrial_area,1
7588,,,0
7589,,,0
7590,,,0
7591,,,0
7592,,,0
7593,,,0
7594,,,0
7595,2299.03077704,power_plant,1
7596,1707.88550547,power_plant,1
7597,,,0
7598,,,0
7599,,,0
7600,,,0
7601,,,0
7602,,,0
7603,,,0
7604,,,0
7605,,,0
7606,,,0
7607,,,0
7608,,,0
7609,4947.77809086,industrial_area,1
7610,,,0
7611,3610.34404203,power_plant,5
7612,3995.09873834,power_plant,3
7613,3968.31880284,power_plant,4
7614,4233.76092295,power_plant,2
7615,4338.03134499,power_plant,2
7616,,,0
7617,,,0
7618,,,0
7619,,,0
7620,,,0
7621,,,0
7622,,,0
7623,,,0
7624,239.77954045,industrial_area,23
7625,,,0
7626,,,0
7627,,,0
7628,,,0
7629,,,0
7630,,,0
7631,,,0
7632,,,0
7633,,,0
7634,2958.84421801,industrial_area,5
7635,2965.08065812,industrial_area,5
7636,3583.28354602,industrial_works,2
7637,3237.29553488,industrial_works,5
7638,,,0
7639,,,0
7640,,,0
7641,,,0
7642,,,0
7643,,,0
7644,,,0
7645,,,0
7646,,,0
7647,,,0
7648,,,0
7649,,,0
7650,,,0
7651,381.69975466,industrial_area,6
7652,688.56744394,industrial_area,8
7653,,,0
7654,,,0
7655,343.47389688,industrial_works,6
7656,291.78362533,industrial_works,5
7657,,,0
7658,,,0
7659,,,0
7660,,,0
7661,,,0
7662,,,0
7663,,,0
7664,,,0
7665,2274.0510779,industrial_area,1
7666,1788.14426398,industrial_area,1
7667,,,0
7668,,,0
7669,,,0
7670,,,0
7671,646.72348807,industrial_area,1
7672,,,0
7673,,,0
7674,4855.12622656,power_plant,3
7675,,,0
7676,,,0
7677,1051.73884831,industrial_area,19
7678,,,0
7679,,,0
7680,,,0
7681,,,0
7682,4405.07561129,power_plant,1
7683,,,0
7684,,,0
7685,,,0
7686,,,0
7687,,,0
7688,,,0
7689,,,0
7690,,,0
7691,,,0
7692,,,0
7693,,,0
7694,,,0
7695,,,0
7696,1444.39666599,power_plant,5
7697,3356.06031628,industrial_area,2
7698,3101.38416845,industrial_area,2
7699,,,0
7700,,,0
7701,,,0
7702,,,0
7703,4340.124342,industrial_area,1
7704,2239.03565936,power_plant,2
7705,2172.93431259,power_plant,3
7706,,,0
7707,3414.1507222,industrial_area,1
7708,,,0
7709,,,0
7710,,,0
7711,2405.41654197,industrial_area,2
7712,2467.85520045,industrial_area,2
7713,1529.63442102,industrial_area,12
7714,4343.57499898,industrial_area,1
7715,2354.08163756,power_plant,1
7716,,,0
7717,,,0
7718,,,0
7719,3564.05802356,industrial_area,3
7720,,,0
7721,2270.36414161,power_plant,2
7722,2292.57350457,power_plant,3
7723,1950.60717849,power_plant,3
7724,1990.5218601,power_plant,3
7725,,,0
7726,,,0
7727,,,0
7728,,,0
7729,,,0
7730,,,0
7731,,,0
7732,,,0
7733,,,0
7734,,,0
7735,,,0
7736,3030.05636999,power_plant,1
7737,,,0
7738,610.19845036,industrial_area,4
7739,962.31842199,industrial_area,4
7740,1127.84673712,industrial_area,3
7741,,,0
7742,,,0
7743,,,0
7744,325.49132282,industrial_area,1
7745,1193.15795002,industrial_area,1
7746,1652.06164473,industrial_area,1
7747,,,0
7748,,,0
7749,,,0
7750,,,0
7751,,,0
7752,,,0
7753,,,0
7754,,,0
7755,148.86547209,power_plant,11
7756,608.02477845,industrial_area,4
7757,4587.3306355,industrial_works,4
7758,3083.74548155,industrial_area,3
7759,1679.19024856,industrial_area,5
7760,537.06296839,industrial_area,7
7761,4212.80041028,industrial_area,2
7762,259.59528256,power_plant,3
7763,202.70800346,industrial_area,10
7764,205.77200514,industrial_area,10
7765,1039.25454171,power_plant,1
7766,,,0
7767,,,0
7768,3886.01276704,power_plant,1
7769,4045.6208706,power_plant,1
7770,3889.50309738,power_plant,1
7771,3915.50262202,industrial_works,2
7772,3924.81869213,industrial_works,2
7773,,,0
7774,,,0
7775,4121.12794379,industrial_works,2
7776,3487.01860957,industrial_works,2
7777,3271.88272976,power_plant,1
7778,,,0
7779,,,0
7780,,,0
7781,,,0
7782,,,0
7783,,,0
7784,,,0
7785,,,0
7786,,,0
7787,3766.19701876,industrial_area,2
7788,4028.34522546,industrial_area,1
7789,,,0
7790,,,0
7791,519.02116577,power_plant,2
7792,,,0
7793,,,0
7794,,,0
7795,,,0
7796,,,0
7797,484.81249473,industrial_area,1
7798,,,0
7799,90.86400647,industrial_works,149
7800,,,0
7801,,,0
7802,3843.8484116,industrial_area,2
7803,4137.45329338,industrial_area,1
7804,4040.77907937,industrial_area,1
7805,4340.16041031,industrial_area,1
7806,4291.98033359,industrial_area,1
7807,,,0
7808,,,0
7809,,,0
7810,,,0
7811,,,0
7812,3158.42141331,industrial_works,1
7813,3481.15235981,industrial_works,1
7814,1309.26612674,pipeline,3
7815,,,0
7816,,,0
7817,,,0
7818,,,0
7819,,,0
7820,,,0
7821,,,0
7822,,,0
7823,,,0
7824,,,0
7825,,,0
7826,3363.58241774,power_plant,1
7827,3570.41516819,power_plant,1
7828,,,0
7829,199.85400313,power_plant,1
7830,,,0
7831,,,0
7832,,,0
7833,,,0
7834,,,0
7835,,,0
7836,,,0
7837,,,0
7838,,,0
7839,,,0
7840,3678.1292497,industrial_area,1
7841,,,0
7842,,,0
7843,949.7482184,power_plant,7
7844,1286.5911968,power_plant,5
7845,,,0
7846,,,0
7847,,,0
7848,,,0
7849,,,0
7850,,,0
7851,3603.82106658,industrial_area,9
7852,1646.03209323,power_plant,7
7853,4972.10827535,industrial_area,1
7854,,,0
7855,4390.93246994,power_plant,1
7856,3692.9068535,industrial_area,1
7857,,,0
7858,,,0
7859,2254.46164112,industrial_area,8
7860,2562.68909342,industrial_area,7
7861,,,0
7862,,,0
7863,,,0
7864,,,0
7865,1226.69081693,industrial_area,5
7866,,,0
7867,987.10057452,pipeline,7
7868,,,0
7869,,,0
7870,408.50084589,power_plant,1
7871,,,0
7872,,,0
7873,,,0
7874,1268.40468541,industrial_area,2
7875,,,0
7876,,,0
7877,177.97555127,power_plant,3
7878,507.54004764,power_plant,3
7879,718.40628398,power_plant,3
7880,,,0
7881,,,0
7882,354.53647966,power_plant,1
7883,42.57355544,power_plant,1
7884,,,0
7885,,,0
7886,,,0
7887,,,0
7888,,,0
7889,,,0
7890,,,0
7891,,,0
7892,,,0
7893,,,0
7894,,,0
7895,,,0
7896,,,0
7897,,,0
7898,,,0
7899,,,0
7900,,,0
7901,,,0
7902,,,0
7903,,,0
7904,,,0
7905,,,0
7906,,,0
7907,,,0
7908,,,0
7909,,,0
7910,,,0
7911,,,0
7912,,,0
7913,,,0
7914,,,0
7915,687.71939054,industrial_area,8
7916,3853.97802004,power_plant,5
7917,,,0
7918,,,0
7919,,,0
7920,,,0
7921,,,0
7922,,,0
7923,,,0
7924,,,0
7925,,,0
7926,,,0
7927,,,0
7928,368.83845128,industrial_area,3
7929,1290.41686504,industrial_works,6
7930,2512.09307319,industrial_area,8
7931,906.07121407,industrial_area,3
7932,1177.52185289,power_plant,6
7933,1235.70587414,industrial_works,7
7934,1402.61916283,power_plant,6
7935,497.27089182,industrial_area,3
7936,1089.09122646,power_plant,6
7937,825.99114953,power_plant,4
7938,262.59270264,industrial_area,2
7939,738.34084808,industrial_area,6
7940,297.13736022,industrial_area,5
7941,334.99191635,industrial_area,5
7942,,,0
7943,,,0
7944,1127.68503769,industrial_area,5
7945,3520.23797333,industrial_area,3
7946,3354.89935608,industrial_area,3
7947,3241.97552922,industrial_area,3
7948,3952.82370573,industrial_area,2
7949,4490.38371,industrial_area,2
7950,4520.721415,industrial_area,2
7951,4594.21368597,industrial_area,1
7952,4859.09143835,industrial_area,1
7953,,,0
7954,,,0
7955,,,0
7956,,,0
7957,,,0
7958,,,0
7959,,,0
7960,,,0
7961,,,0
7962,,,0
7963,,,0
7964,402.60540191,industrial_works,9
7965,704.33807625,industrial_area,13
7966,272.32138165,industrial_area,12
7967,118.43413158,industrial_area,2
7968,278.96276764,industrial_area,2
7969,,,0
7970,,,0
7971,,,0
7972,,,0
7973,,,0
7974,,,0
7975,,,0
7976,,,0
7977,,,0
7978,,,0
7979,,,0
7980,,,0
7981,,,0
7982,,,0
7983,,,0
7984,,,0
7985,,,0
7986,,,0
7987,,,0
7988,,,0
7989,,,0
7990,,,0
7991,,,0
7992,,,0
7993,,,0
7994,,,0
7995,,,0
7996,,,0
7997,,,0
7998,,,0
7999,,,0
8000,,,0
8001,,,0
8002,,,0
8003,,,0
8004,,,0
8005,,,0
8006,,,0
8007,,,0
8008,,,0
8009,,,0
8010,,,0
8011,70.48075203,industrial_area,33
8012,187.40496881,industrial_area,5
8013,,,0
8014,,,0
8015,586.86428494,power_plant,2
8016,402.44359956,industrial_area,16
8017,356.51535667,industrial_area,4
8018,,,0
8019,,,0
8020,,,0
8021,,,0
8022,,,0
8023,,,0
8024,,,0
8025,,,0
8026,,,0
8027,,,0
8028,,,0
8029,,,0
8030,,,0
8031,,,0
8032,,,0
8033,,,0
8034,,,0
8035,531.47572058,industrial_area,1
8036,587.72117926,industrial_area,1
8037,2914.47043393,power_plant,2
8038,,,0
8039,,,0
8040,,,0
8041,,,0
8042,,,0
8043,,,0
8044,,,0
8045,,,0
8046,,,0
8047,,,0
8048,,,0
8049,,,0
8050,,,0
8051,,,0
8052,,,0
8053,,,0
8054,,,0
8055,,,0
8056,,,0
8057,,,0
8058,2594.35107161,industrial_works,6
8059,,,0
8060,,,0
8061,,,0
8062,,,0
8063,,,0
8064,,,0
8065,,,0
8066,,,0
8067,,,0
8068,,,0
8069,,,0
8070,,,0
8071,,,0
8072,,,0
8073,,,0
8074,1905.99566238,industrial_area,4
8075,,,0
8076,,,0
8077,,,0
8078,,,0
8079,,,0
8080,,,0
8081,,,0
8082,,,0
8083,,,0
8084,,,0
8085,,,0
8086,1997.66553276,industrial_area,10
8087,4954.20641261,industrial_area,1
8088,,,0
8089,,,0
8090,,,0
8091,4330.7862935,industrial_area,1
8092,4943.43964939,industrial_area,1
8093,516.96528945,industrial_area,4
8094,,,0
8095,4354.59103666,power_plant,2
8096,4371.02123254,industrial_area,1
8097,,,0
8098,,,0
8099,,,0
8100,,,0
8101,1326.78322464,power_plant,5
8102,2752.31262931,power_plant,1
8103,3243.90719872,power_plant,3
8104,348.93953485,industrial_area,2
8105,,,0
8106,,,0
8107,,,0
8108,,,0
8109,,,0
8110,,,0
8111,,,0
8112,,,0
8113,,,0
8114,,,0
8115,,,0
8116,,,0
8117,,,0
8118,,,0
8119,,,0
8120,,,0
8121,,,0
8122,,,0
8123,356.90502004,industrial_area,5
8124,,,0
8125,,,0
8126,4794.93765118,industrial_works,2
8127,4812.42462066,industrial_works,2
8128,3046.41403746,industrial_area,3
8129,4150.30285267,industrial_area,2
8130,249.67111372,industrial_area,6
8131,367.36236815,industrial_area,6
8132,,,0
8133,,,0
8134,,,0
8135,,,0
8136,,,0
8137,,,0
8138,,,0
8139,,,0
8140,,,0
8141,,,0
8142,,,0
8143,,,0
8144,,,0
8145,,,0
8146,,,0
8147,,,0
8148,,,0
8149,,,0
8150,,,0
8151,,,0
8152,317.37979796,industrial_area,5
8153,,,0
8154,,,0
8155,,,0
8156,258.53755854,industrial_area,4
8157,1470.18012864,industrial_area,3
8158,1304.80238435,industrial_area,3
8159,1324.14215289,industrial_area,3
8160,1071.51366782,industrial_area,3
8161,,,0
8162,,,0
8163,,,0
8164,,,0
8165,,,0
8166,,,0
8167,,,0
8168,,,0
8169,,,0
8170,,,0
8171,,,0
8172,330.33695342,industrial_area,1
8173,,,0
8174,,,0
8175,,,0
8176,3947.27578236,industrial_area,5
8177,3851.9768845,industrial_area,2
8178,,,0
8179,1920.39519382,industrial_area,1
8180,,,0
8181,,,0
8182,,,0
8183,,,0
8184,,,0
8185,,,0
8186,,,0
8187,,,0
8188,,,0
8189,,,0
8190,,,0
8191,,,0
8192,,,0
8193,,,0
8194,,,0
8195,,,0
8196,,,0
8197,,,0
8198,,,0
8199,,,0
8200,,,0
8201,,,0
8202,,,0
8203,,,0
8204,,,0
8205,,,0
8206,,,0
8207,4887.1358121,power_plant,1
8208,4704.01619838,power_plant,1
8209,4264.11888328,power_plant,1
8210,4892.12381361,power_plant,1
8211,4502.36464037,power_plant,1
8212,4757.85556406,power_plant,1
8213,,,0
8214,,,0
8215,3944.37094611,power_plant,1
8216,,,0
8217,,,0
8218,,,0
8219,,,0
8220,,,0
8221,,,0
8222,,,0
8223,,,0
8224,,,0
8225,4896.86465471,industrial_area,1
8226,3895.06967325,power_plant,3
8227,3553.6556295,power_plant,1
8228,,,0
8229,,,0
8230,,,0
8231,1480.29926261,power_plant,4
8232,,,0
8233,,,0
8234,,,0
8235,,,0
8236,,,0
8237,,,0
8238,2530.32814531,industrial_area,8
8239,,,0
8240,,,0
8241,,,0
8242,,,0
8243,,,0
8244,,,0
8245,4528.50026429,power_plant,1
8246,4833.9854561,power_plant,1
8247,4280.01673368,industrial_area,1
8248,3415.93536614,power_plant,2
8249,,,0
8250,,,0
8251,,,0
8252,,,0
8253,,,0
8254,,,0
8255,3850.63032688,industrial_area,1
8256,,,0
8257,,,0
8258,,,0
8259,1151.0747608,power_plant,2
8260,,,0
8261,3563.0936529,industrial_area,1
8262,,,0
8263,,,0
8264,,,0
8265,,,0
8266,,,0
8267,,,0
8268,,,0
8269,,,0
8270,,,0
8271,,,0
8272,,,0
8273,,,0
8274,,,0
8275,,,0
8276,,,0
8277,,,0
8278,4512.199551,industrial_works,1
8279,,,0
8280,,,0
8281,,,0
8282,1504.89083392,industrial_area,18
8283,,,0
8284,,,0
8285,,,0
8286,,,0
8287,,,0
8288,15.94394968,industrial_area,6
8289,,,0
8290,289.82556865,industrial_area,5
8291,2279.27793385,industrial_area,3
8292,,,0
8293,,,0
8294,,,0
8295,,,0
8296,,,0
8297,,,0
8298,,,0
8299,,,0
8300,,,0
8301,,,0
8302,,,0
8303,,,0
8304,,,0
8305,,,0
8306,,,0
8307,,,0
8308,,,0
8309,,,0
8310,,,0
8311,,,0
8312,,,0
8313,,,0
8314,,,0
8315,,,0
8316,,,0
8317,,,0
8318,,,0
8319,,,0
8320,,,0
8321,,,0
8322,,,0
8323,,,0
8324,,,0
8325,,,0
8326,,,0
8327,,,0
8328,,,0
8329,,,0
8330,,,0
8331,,,0
8332,,,0
8333,,,0
8334,,,0
8335,,,0
8336,,,0
8337,,,0
8338,,,0
8339,,,0
8340,,,0
8341,,,0
8342,,,0
8343,,,0
8344,,,0
8345,,,0
8346,,,0
8347,,,0
8348,,,0
8349,,,0
8350,,,0
8351,,,0
8352,,,0
8353,,,0
8354,,,0
8355,,,0
8356,,,0
8357,,,0
8358,,,0
8359,,,0
8360,1332.91412569,industrial_area,23
8361,614.91397657,industrial_works,9
8362,526.12428942,industrial_works,9
8363,1791.8593542,industrial_area,4
8364,,,0
8365,,,0
8366,,,0
8367,1405.4549433,industrial_area,2
8368,1809.67037481,industrial_area,9
8369,532.20359017,industrial_area,3
8370,753.02849321,industrial_area,3
8371,,,0
8372,886.18595324,industrial_area,8
8373,,,0
8374,3143.55417513,power_plant,3
8375,3555.76295476,power_plant,3
8376,116.69011399,industrial_area,7
8377,108.49060856,industrial_area,9
8378,,,0
8379,1135.12130738,industrial_area,140
8380,1006.14386519,industrial_area,53
8381,294.27738121,industrial_area,1
8382,503.63220169,power_plant,2
8383,,,0
8384,,,0
8385,,,0
8386,,,0
8387,,,0
8388,,,0
8389,,,0
8390,,,0
8391,,,0
8392,2034.21403304,industrial_area,1
8393,2044.80141321,industrial_area,1
8394,2237.47238175,power_plant,4
8395,2309.23590214,power_plant,4
8396,2543.6959495,power_plant,4
8397,,,0
8398,3899.98976133,power_plant,2
8399,3723.9743271,power_plant,2
8400,,,0
8401,,,0
8402,,,0
8403,,,0
8404,,,0
8405,,,0
8406,,,0
8407,,,0
8408,,,0
8409,,,0
8410,,,0
8411,,,0
8412,,,0
8413,175.77742027,industrial_area,6
8414,340.52191875,industrial_area,6
8415,1593.1091317,industrial_area,2
8416,,,0
8417,2140.32118416,industrial_area,3
8418,2065.67960889,industrial_area,3
8419,2716.02378738,industrial_area,2
8420,3811.02938835,industrial_area,2
8421,4574.64577383,industrial_area,3
8422,324.40839863,industrial_area,11
8423,,,0
8424,,,0
8425,,,0
8426,,,0
8427,,,0
8428,,,0
8429,,,0
8430,,,0
8431,,,0
8432,4141.78922882,industrial_area,1
8433,4045.21041067,industrial_area,1
8434,780.79056832,industrial_area,3
8435,628.55447577,industrial_area,3
8436,,,0
8437,,,0
8438,,,0
8439,581.87216516,industrial_area,1
8440,,,0
8441,,,0
8442,,,0
8443,,,0
8444,4502.38833554,industrial_area,1
8445,,,0
8446,,,0
8447,,,0
8448,,,0
8449,,,0
8450,,,0
8451,,,0
8452,,,0
8453,3164.08208543,power_plant,3
8454,1574.19900525,pipeline,8
8455,,,0
8456,,,0
8457,,,0
8458,,,0
8459,,,0
8460,2678.59228151,industrial_area,1
8461,2975.36766055,industrial_area,2
8462,2859.36419706,industrial_area,2
8463,1212.97063493,power_plant,4
8464,,,0
8465,,,0
8466,,,0
8467,,,0
8468,,,0
8469,,,0
8470,,,0
8471,,,0
8472,,,0
8473,3473.64240049,industrial_area,2
8474,3522.34944297,power_plant,1
8475,,,0
8476,,,0
8477,337.11414862,industrial_area,1
8478,4307.19410463,industrial_area,2
8479,,,0
8480,,,0
8481,,,0
8482,,,0
8483,,,0
8484,,,0
8485,,,0
8486,,,0
8487,,,0
8488,,,0
8489,,,0
8490,,,0
8491,,,0
8492,,,0
8493,203.89819508,industrial_area,6
8494,344.34044293,industrial_area,5
8495,,,0
8496,565.78878919,industrial_area,9
8497,680.45994263,industrial_area,8
8498,,,0
8499,,,0
8500,,,0
8501,,,0
8502,,,0
8503,,,0
8504,,,0
8505,,,0
8506,,,0
8507,4045.9818901,power_plant,3
8508,,,0
8509,,,0
8510,2959.07690012,industrial_area,2
8511,,,0
8512,,,0
8513,,,0
8514,,,0
8515,474.02044774,power_plant,4
8516,,,0
8517,,,0
8518,178.56968483,power_plant,2
8519,178.69159307,industrial_area,30
8520,2377.83701483,industrial_area,3
8521,,,0
8522,,,0
8523,,,0
8524,,,0
8525,,,0
8526,236.82843434,industrial_area,4
8527,546.82024118,industrial_area,10
8528,606.82658035,industrial_area,1
8529,3437.77425439,industrial_area,3
8530,,,0
8531,,,0
8532,,,0
8533,,,0
8534,,,0
8535,4476.86363803,power_plant,1
8536,4705.80323416,power_plant,1
8537,4431.34037109,industrial_area,1
8538,,,0
8539,,,0
8540,,,0
8541,,,0
8542,1790.23364911,industrial_area,9
8543,1922.56692186,industrial_area,10
8544,3251.90830507,industrial_area,4
8545,,,0
8546,,,0
8547,4003.92153701,industrial_area,1
8548,3101.71354212,power_plant,1
8549,,,0
8550,,,0
8551,,,0
8552,1062.51719151,power_plant,2
8553,,,0
8554,,,0
8555,,,0
8556,,,0
8557,,,0
8558,,,0
8559,,,0
8560,,,0
8561,,,0
8562,,,0
8563,,,0
8564,,,0
8565,,,0
8566,,,0
8567,4799.37122123,industrial_works,2
8568,3661.73436579,industrial_area,3
8569,3982.47967853,industrial_area,2
8570,304.55674145,industrial_area,6
8571,380.65859323,industrial_area,6
8572,,,0
8573,,,0
8574,131.41429079,industrial_area,4
8575,,,0
8576,,,0
8577,2930.65050455,power_plant,2
8578,2738.75275251,power_plant,2
8579,2579.01379425,power_plant,2
8580,3255.24598793,industrial_area,2
8581,3250.44842693,power_plant,2
8582,3116.21715372,power_plant,2
8583,1948.6751687,industrial_area,5
8584,261.22181562,industrial_area,7
8585,248.39725089,industrial_area,2
8586,574.44062493,industrial_area,3
8587,511.31083847,industrial_works,7
8588,137.24416588,industrial_works,8
8589,,,0
8590,,,0
8591,,,0
8592,2910.25183955,industrial_area,5
8593,582.97216661,power_plant,3
8594,,,0
8595,2881.41780916,industrial_area,1
8596,,,0
8597,,,0
8598,,,0
8599,380.62713474,industrial_area,3
8600,1027.36934828,industrial_area,7
8601,2532.21667745,industrial_area,8
8602,1330.94125407,power_plant,6
8603,1055.82486711,industrial_works,7
8604,1583.65311799,power_plant,6
8605,515.7171191,industrial_works,6
8606,364.81451719,industrial_works,5
8607,411.6370863,industrial_area,5
8608,1499.71113137,power_plant,9
8609,1777.43657888,power_plant,2
8610,2149.02821943,power_plant,2
8611,,,0
8612,,,0
8613,,,0
8614,,,0
8615,2536.19639562,industrial_area,4
8616,,,0
8617,,,0
8618,,,0
8619,,,0
8620,,,0
8621,,,0
8622,,,0
8623,,,0
8624,,,0
8625,,,0
8626,,,0
8627,,,0
8628,,,0
8629,,,0
8630,,,0
8631,,,0
8632,,,0
8633,,,0
8634,,,0
8635,1162.73564711,industrial_area,1
8636,,,0
8637,,,0
8638,217.18449767,industrial_area,6
8639,275.89164822,industrial_area,6
8640,,,0
8641,,,0
8642,564.82089129,industrial_area,9
8643,2182.88213981,industrial_area,3
8644,2444.57784095,industrial_area,3
8645,,,0
8646,,,0
8647,,,0
8648,,,0
8649,,,0
8650,,,0
8651,,,0
8652,,,0
8653,,,0
8654,,,0
8655,,,0
8656,,,0
8657,,,0
8658,,,0
8659,,,0
8660,,,0
8661,,,0
8662,,,0
8663,,,0
8664,,,0
8665,,,0
8666,674.58414325,industrial_area,1
8667,685.65324657,industrial_area,1
8668,3084.46303271,industrial_area,2
8669,,,0
8670,,,0
8671,,,0
8672,705.44229828,industrial_works,10
8673,698.75302923,power_plant,10
8674,961.38639164,industrial_area,1
8675,,,0
8676,,,0
8677,,,0
8678,,,0
8679,,,0
8680,,,0
8681,,,0
8682,,,0
8683,,,0
8684,,,0
8685,,,0
8686,,,0
8687,,,0
8688,,,0
8689,,,0
8690,,,0
8691,,,0
8692,,,0
8693,,,0
8694,,,0
8695,,,0
8696,,,0
8697,,,0
8698,,,0
8699,1564.03838591,industrial_area,2
8700,262.41348663,industrial_area,6
8701,404.59618128,industrial_area,6
8702,,,0
8703,,,0
8704,,,0
8705,,,0
8706,,,0
8707,,,0
8708,,,0
8709,,,0
8710,,,0
8711,,,0
8712,,,0
8713,,,0
8714,,,0
8715,,,0
8716,,,0
8717,,,0
8718,,,0
8719,,,0
8720,,,0
8721,,,0
8722,,,0
8723,,,0
8724,,,0
8725,4013.45251939,industrial_area,2
8726,456.0688854,industrial_area,5
8727,476.83661632,industrial_area,5
8728,,,0
8729,,,0
8730,229.26332756,industrial_area,12
8731,,,0
8732,,,0
8733,,,0
8734,,,0
8735,,,0
8736,,,0
8737,,,0
8738,623.67890325,power_plant,2
8739,,,0
8740,,,0
8741,,,0
8742,,,0
8743,,,0
8744,,,0
8745,511.44099049,industrial_area,1
8746,,,0
8747,,,0
8748,196.95197834,industrial_area,83
8749,,,0
8750,1333.78223749,industrial_area,117
8751,1023.42896021,industrial_area,46
8752,161.07577911,industrial_area,67
8753,2682.79114575,pipeline,7
8754,2910.47348726,pipeline,6
8755,565.11582209,pipeline,8
8756,431.97208843,pipeline,8
8757,630.99802623,pipeline,8
8758,455.04070316,pipeline,8
8759,4737.40245386,pipeline,3
8760,,,0
8761,,,0
8762,4908.59770166,power_plant,1
8763,3475.12368373,power_plant,1
8764,,,0
8765,3982.89446358,industrial_area,1
8766,,,0
8767,,,0
8768,,,0
8769,,,0
8770,,,0
8771,,,0
8772,,,0
8773,,,0
8774,,,0
8775,,,0
8776,,,0
8777,,,0
8778,,,0
8779,,,0
8780,,,0
8781,,,0
8782,,,0
8783,,,0
8784,,,0
8785,,,0
8786,,,0
8787,,,0
8788,,,0
8789,198.33251681,industrial_area,6
8790,,,0
8791,686.95042865,industrial_area,8
8792,,,0
8793,,,0
8794,,,0
8795,,,0
8796,,,0
8797,,,0
8798,,,0
8799,,,0
8800,,,0
8801,,,0
8802,,,0
8803,,,0
8804,,,0
8805,,,0
8806,,,0
8807,,,0
8808,,,0
8809,,,0
8810,,,0
8811,,,0
8812,,,0
8813,2017.43809093,industrial_area,5
8814,1975.0459026,industrial_area,5
8815,1920.38299514,industrial_area,5
8816,1856.86768291,industrial_area,5
8817,229.96691854,power_plant,5
8818,434.35328998,industrial_area,12
8819,896.54903907,industrial_area,12
8820,2403.73907655,industrial_area,3
8821,2764.33779831,industrial_area,3
8822,3128.13186491,industrial_area,3
8823,3574.18052322,industrial_area,3
8824,3094.69789572,industrial_area,3
8825,3584.65083681,industrial_area,3
8826,3944.87278719,industrial_area,3
8827,4453.86177556,industrial_area,2
8828,,,0
8829,3204.36953499,power_plant,2
8830,,,0
8831,,,0
8832,,,0
8833,,,0
8834,,,0
8835,,,0
8836,,,0
8837,,,0
8838,,,0
8839,,,0
8840,,,0
8841,,,0
8842,,,0
8843,,,0
8844,304.4660136,industrial_area,1
8845,652.10534853,industrial_area,1
8846,1340.8416808,industrial_area,2
8847,1130.38582581,industrial_area,2
8848,,,0
8849,,,0
8850,456.08760904,industrial_area,3
8851,604.99305643,power_plant,2
8852,342.48861356,industrial_works,6
8853,635.19893755,industrial_works,7
8854,,,0
8855,,,0
8856,691.7286115,power_plant,1
8857,327.58919527,power_plant,2
8858,758.51843866,power_plant,2
8859,337.36633151,industrial_area,16
8860,105.41370278,power_plant,2
8861,,,0
8862,41.39119101,industrial_area,1
8863,315.7184177,industrial_area,6
8864,1094.96791497,power_plant,6
8865,1236.74555918,power_plant,6
8866,1445.34516731,power_plant,6
8867,825.57084425,industrial_works,6
8868,307.90462781,industrial_works,5
8869,374.75082189,power_plant,5
8870,263.14513314,industrial_area,5
8871,,,0
8872,,,0
8873,,,0
8874,,,0
8875,,,0
8876,,,0
8877,,,0
8878,,,0
8879,,,0
8880,,,0
8881,,,0
8882,,,0
8883,,,0
8884,4382.00582925,power_plant,1
8885,3560.11922523,power_plant,1
8886,,,0
8887,,,0
8888,,,0
8889,,,0
8890,,,0
8891,,,0
8892,,,0
8893,,,0
8894,,,0
8895,,,0
8896,,,0
8897,,,0
8898,,,0
8899,,,0
8900,,,0
8901,3086.10984341,industrial_works,2
8902,4022.77250829,pipeline,2
8903,4382.85667138,pipeline,1
8904,,,0
8905,4420.34183962,pipeline,3
8906,,,0
8907,,,0
8908,,,0
8909,,,0
8910,,,0
8911,,,0
8912,,,0
8913,,,0
8914,,,0
8915,,,0
8916,,,0
8917,,,0
8918,,,0
8919,,,0
8920,,,0
8921,,,0
8922,,,0
8923,,,0
8924,,,0
8925,,,0
8926,,,0
8927,,,0
8928,,,0
8929,,,0
8930,,,0
8931,,,0
8932,,,0
8933,,,0
8934,,,0
8935,,,0
8936,,,0
8937,,,0
8938,,,0
8939,,,0
8940,,,0
8941,,,0
8942,,,0
8943,,,0
8944,,,0
8945,,,0
8946,,,0
8947,4093.85806576,power_plant,1
8948,4888.44485057,power_plant,1
8949,,,0
8950,4278.37693469,power_plant,1
8951,3756.3980398,power_plant,1
8952,4042.51838778,power_plant,1
8953,4661.00553742,power_plant,1
8954,4297.27829085,power_plant,1
8955,,,0
8956,3868.53279057,industrial_area,1
8957,,,0
8958,,,0
8959,,,0
8960,1041.24598049,industrial_area,6
8961,,,0
8962,,,0
8963,798.29418282,industrial_works,10
8964,2934.64491166,industrial_area,1
8965,,,0
8966,2900.25161216,industrial_area,1
8967,3162.59122744,industrial_area,1
8968,2547.62638704,industrial_area,5
8969,1472.41414605,power_plant,2
8970,,,0
8971,3915.60310229,power_plant,4
8972,3115.3830059,industrial_area,1
8973,949.82306135,industrial_area,2
8974,,,0
8975,,,0
8976,,,0
8977,3455.48260746,industrial_area,5
8978,,,0
8979,,,0
8980,,,0
8981,284.73415883,industrial_area,6
8982,,,0
8983,,,0
8984,,,0
8985,,,0
8986,,,0
8987,467.32557507,industrial_area,2
8988,1083.26811568,industrial_area,3
8989,280.81714436,industrial_area,3
8990,,,0
8991,,,0
8992,264.93025821,industrial_area,28
8993,,,0
8994,755.37725949,industrial_area,8
8995,115.91738899,industrial_area,1
8996,430.17374747,industrial_area,1
8997,4145.62056609,power_plant,4
8998,3395.80482069,power_plant,6
8999,2161.2848295,power_plant,2
9000,204.77198893,industrial_area,30
9001,,,0
9002,1322.84400719,industrial_area,3
9003,587.19070051,industrial_area,2
9004,1944.27048723,industrial_area,5
9005,1918.12042626,industrial_area,5
9006,1793.97240643,industrial_area,5
9007,1807.28757808,industrial_area,5
9008,1312.57142782,industrial_area,5
9009,1377.84962887,industrial_area,5
9010,734.9826285,industrial_area,5
9011,1467.49253308,industrial_area,3
9012,1295.25025381,industrial_area,3
9013,1147.91383159,industrial_area,3
9014,1342.34150795,industrial_area,3
9015,977.7418299,industrial_area,3
9016,857.55804166,industrial_area,3
9017,1086.30886214,industrial_area,4
9018,2445.69949026,industrial_area,3
9019,3016.58369833,industrial_area,3
9020,3583.5143403,industrial_area,3
9021,3323.11810545,industrial_area,3
9022,3131.48584491,industrial_area,3
9023,2427.97191575,industrial_area,3
9024,3002.43713154,industrial_area,3
9025,3571.12177398,industrial_area,3
9026,3815.34943087,industrial_area,3
9027,3648.74683708,industrial_area,3
9028,3305.79982897,power_plant,2
9029,3747.85921058,power_plant,2
9030,2992.43614784,power_plant,2
9031,457.25256707,industrial_works,9
9032,288.33127231,industrial_works,8
9033,1098.47635599,industrial_area,12
9034,1291.65241077,power_plant,9
9035,,,0
9036,91.45205389,industrial_area,11
9037,414.04912334,industrial_area,11
9038,16.45873418,industrial_area,6
9039,222.33599876,industrial_area,6
9040,288.31223066,industrial_area,3
9041,,,0
9042,,,0
9043,,,0
9044,,,0
9045,,,0
9046,,,0
9047,,,0
9048,,,0
9049,,,0
9050,,,0
9051,,,0
9052,,,0
9053,,,0
9054,412.70911547,industrial_area,1
9055,,,0
9056,,,0
9057,,,0
9058,,,0
9059,,,0
9060,,,0
9061,,,0
9062,,,0
9063,,,0
9064,,,0
9065,,,0
9066,,,0
9067,,,0
9068,2941.95779724,power_plant,2
9069,,,0
9070,,,0
9071,646.40130691,power_plant,3
9072,,,0
9073,90.7764449,industrial_area,2
9074,,,0
9075,,,0
9076,,,0
9077,4900.13123367,power_plant,1
9078,1021.54911905,pipeline,13
9079,,,0
9080,,,0
9081,,,0
9082,,,0
9083,,,0
9084,,,0
9085,,,0
9086,,,0
9087,1864.21482457,power_plant,1
9088,517.50718821,industrial_works,10
9089,788.9123487,industrial_works,10
9090,3600.53482193,industrial_area,3
9091,3588.22351987,industrial_area,3
9092,3496.8898211,industrial_area,3
9093,3492.12140793,industrial_area,3
9094,3877.60126446,industrial_area,2
9095,3867.27664834,industrial_area,2
9096,,,0
9097,3666.49845758,power_plant,2
9098,1446.92574609,industrial_area,3
9099,979.16071969,industrial_area,8
9100,,,0
9101,4815.61399214,industrial_area,1
9102,,,0
9103,,,0
9104,,,0
9105,,,0
9106,,,0
9107,,,0
9108,,,0
9109,,,0
9110,,,0
9111,,,0
9112,,,0
9113,,,0
9114,,,0
9115,,,0
9116,,,0
9117,,,0
9118,,,0
9119,,,0
9120,,,0
9121,,,0
9122,,,0
9123,,,0
9124,,,0
9125,,,0
9126,,,0
9127,,,0
9128,,,0
9129,4008.15443565,industrial_area,1
9130,4041.066098,industrial_area,1
9131,,,0
9132,4079.38341052,industrial_area,1
9133,,,0
9134,3697.09661695,industrial_area,1
9135,3744.89745074,industrial_area,1
9136,,,0
9137,1660.94077714,industrial_area,1
9138,1179.36516609,industrial_area,1
9139,,,0
9140,,,0
9141,,,0
9142,,,0
9143,,,0
9144,,,0
9145,,,0
9146,,,0
9147,,,0
9148,,,0
9149,,,0
9150,,,0
9151,,,0
9152,,,0
9153,1903.17753321,industrial_area,5
9154,2136.83131057,industrial_area,4
9155,4975.52166189,power_plant,1
9156,,,0
9157,,,0
9158,,,0
9159,,,0
9160,,,0
9161,,,0
9162,,,0
9163,,,0
9164,,,0
9165,,,0
9166,,,0
9167,,,0
9168,,,0
9169,,,0
9170,,,0
9171,,,0
9172,704.72170313,power_plant,10
9173,,,0
9174,,,0
9175,,,0
9176,,,0
9177,,,0
9178,,,0
9179,2430.54145614,power_plant,2
9180,,,0
9181,,,0
9182,,,0
9183,,,0
9184,,,0
9185,1832.11336109,power_plant,2
9186,,,0
9187,4125.8147313,power_plant,1
9188,1053.3245098,industrial_area,1
9189,2706.67962903,industrial_area,1
9190,3707.96954549,industrial_area,5
9191,2535.85780963,industrial_area,4
9192,,,0
9193,4835.72802163,industrial_area,1
9194,,,0
9195,,,0
9196,,,0
9197,,,0
9198,1319.74734052,industrial_area,16
9199,4168.20535955,industrial_area,1
9200,2054.22680712,pipeline,2
9201,914.28317987,industrial_area,17
9202,,,0
9203,,,0
9204,2029.00419804,industrial_area,5
9205,2033.13348646,industrial_area,5
9206,1746.42628943,industrial_area,5
9207,1707.82147465,industrial_area,5
9208,1253.84331341,power_plant,5
9209,1438.16913694,industrial_area,3
9210,1343.25085465,industrial_area,3
9211,2279.72699447,industrial_area,3
9212,3278.87953168,industrial_area,3
9213,3559.09816074,industrial_area,3
9214,3782.77571742,industrial_area,3
9215,3947.68027727,industrial_area,2
9216,,,0
9217,,,0
9218,,,0
9219,,,0
9220,,,0
9221,,,0
9222,,,0
9223,,,0
9224,,,0
9225,1128.49039281,power_plant,6
9226,698.75926996,power_plant,6
9227,597.36781806,power_plant,6
9228,937.66806022,power_plant,5
9229,836.15092136,power_plant,6
9230,401.84354152,power_plant,6
9231,177.02398778,power_plant,6
9232,746.43112811,power_plant,5
9233,,,0
9234,,,0
9235,,,0
9236,,,0
9237,,,0
9238,,,0
9239,,,0
9240,,,0
9241,,,0
9242,,,0
9243,,,0
9244,,,0
9245,,,0
9246,,,0
9247,,,0
9248,,,0
9249,,,0
9250,,,0
9251,,,0
9252,,,0
9253,4738.71769039,power_plant,1
9254,4929.71092649,power_plant,1
9255,,,0
9256,,,0
9257,,,0
9258,,,0
9259,,,0
9260,,,0
9261,,,0
9262,,,0
9263,,,0
9264,,,0
9265,,,0
9266,,,0
9267,,,0
9268,,,0
9269,,,0
9270,,,0
9271,,,0
9272,,,0
9273,,,0
9274,,,0
9275,,,0
9276,,,0
9277,,,0
9278,,,0
9279,,,0
9280,,,0
9281,,,0
9282,,,0
9283,,,0
9284,,,0
9285,,,0
9286,,,0
9287,,,0
9288,,,0
9289,,,0
9290,,,0
9291,,,0
9292,,,0
9293,,,0
9294,,,0
9295,,,0
9296,,,0
9297,,,0
9298,,,0
9299,,,0
9300,,,0
9301,,,0
9302,,,0
9303,,,0
9304,,,0
9305,,,0
9306,,,0
9307,,,0
9308,,,0
9309,,,0
9310,,,0
9311,,,0
9312,,,0
9313,,,0
9314,,,0
9315,,,0
9316,,,0
9317,,,0
9318,,,0
9319,,,0
9320,,,0
9321,,,0
9322,2710.90201409,power_plant,2
9323,1210.19794225,industrial_area,3
9324,990.14635078,industrial_area,3
9325,1465.32342434,industrial_area,2
9326,1105.47803877,industrial_area,2
9327,1388.35833889,industrial_area,3
9328,1196.20824473,industrial_area,3
9329,,,0
9330,,,0
9331,,,0
9332,139.58626901,power_plant,5
9333,337.33816527,industrial_area,4
9334,3407.97295276,industrial_area,3
9335,672.22401496,power_plant,8
9336,462.50946485,power_plant,7
9337,568.75031564,power_plant,7
9338,533.71308191,industrial_works,7
9339,162.49992696,industrial_works,8
9340,443.74465941,industrial_works,9
9341,464.17327616,industrial_area,8
9342,836.62727501,industrial_area,11
9343,2189.26711407,industrial_area,3
9344,2783.44886796,industrial_area,2
9345,3860.68372182,industrial_area,2
9346,706.2844683,industrial_area,13
9347,935.97192122,industrial_area,8
9348,3445.77245731,industrial_works,1
9349,619.50977339,industrial_area,4
9350,588.19623199,power_plant,3
9351,1617.52790488,power_plant,1
9352,,,0
9353,,,0
9354,,,0
9355,251.87298001,industrial_area,43
9356,897.6011806,industrial_area,53
9357,119.70951337,industrial_area,50
9358,207.40827254,industrial_area,49
9359,3692.95743063,power_plant,1
9360,4123.52677684,power_plant,1
9361,3562.45570093,industrial_works,4
9362,,,0
9363,2958.92905959,industrial_area,2
9364,4809.12986616,power_plant,1
9365,,,0
9366,,,0
9367,,,0
9368,,,0
9369,,,0
9370,,,0
9371,,,0
9372,,,0
9373,,,0
9374,,,0
9375,,,0
9376,,,0
9377,,,0
9378,,,0
9379,,,0
9380,,,0
9381,,,0
9382,,,0
9383,,,0
9384,,,0
9385,,,0
9386,,,0
9387,101.72210863,industrial_area,6
9388,2228.85369001,industrial_area,3
9389,,,0
9390,,,0
9391,225.604129,industrial_area,4
9392,174.80888942,industrial_area,6
9393,,,0
9394,823.93410361,industrial_area,12
9395,945.63966939,industrial_area,8
9396,441.01848984,industrial_area,7
9397,212.91467471,industrial_works,8
9398,238.00079325,industrial_area,8
9399,252.21114509,industrial_works,8
9400,1228.40470422,industrial_area,11
9401,4672.7299114,industrial_area,3
9402,412.99903089,industrial_area,11
9403,1030.22565787,industrial_area,8
9404,279.98735633,industrial_area,7
9405,,,0
9406,,,0
9407,,,0
9408,,,0
9409,,,0
9410,,,0
9411,,,0
9412,,,0
9413,,,0
9414,,,0
9415,,,0
9416,,,0
9417,,,0
9418,,,0
9419,,,0
9420,,,0
9421,,,0
9422,,,0
9423,,,0
9424,,,0
9425,,,0
9426,,,0
9427,,,0
9428,,,0
9429,,,0
9430,,,0
9431,,,0
9432,,,0
9433,,,0
9434,,,0
9435,,,0
9436,,,0
9437,,,0
9438,,,0
9439,,,0
9440,,,0
9441,,,0
9442,,,0
9443,,,0
9444,,,0
9445,,,0
9446,,,0
9447,,,0
9448,,,0
9449,,,0
9450,,,0
9451,,,0
9452,372.84734896,industrial_area,7
9453,1059.28418199,industrial_area,2
9454,735.52508178,industrial_area,2
9455,1067.13424168,industrial_area,3
9456,,,0
9457,,,0
9458,,,0
9459,,,0
9460,,,0
9461,,,0
9462,3589.57196174,industrial_area,2
9463,,,0
9464,,,0
9465,700.15955166,industrial_works,10
9466,659.28992838,power_plant,10
9467,,,0
9468,1051.93256879,industrial_area,15
9469,973.30772373,industrial_area,4
9470,716.84847362,industrial_area,3
9471,,,0
9472,,,0
9473,,,0
9474,,,0
9475,,,0
9476,,,0
9477,,,0
9478,4814.70608667,industrial_area,1
9479,485.73818748,industrial_works,6
9480,3700.54451336,industrial_area,3
9481,,,0
9482,,,0
9483,,,0
9484,,,0
9485,,,0
9486,,,0
9487,,,0
9488,100.74294213,industrial_area,19
9489,353.08344419,industrial_area,19
9490,1028.08275807,industrial_area,10
9491,,,0
9492,,,0
9493,2606.99648656,power_plant,1
9494,,,0
9495,,,0
9496,,,0
9497,,,0
9498,,,0
9499,,,0
9500,,,0
9501,,,0
9502,,,0
9503,371.73284079,industrial_area,6
9504,1703.59057287,industrial_area,1
9505,52.3465076,power_plant,7
9506,,,0
9507,,,0
9508,,,0
9509,,,0
9510,,,0
9511,,,0
9512,,,0
9513,,,0
9514,,,0
9515,,,0
9516,,,0
9517,,,0
9518,,,0
9519,,,0
9520,,,0
9521,,,0
9522,,,0
9523,,,0
9524,,,0
9525,,,0
9526,,,0
9527,,,0
9528,,,0
9529,,,0
9530,,,0
9531,,,0
9532,,,0
9533,,,0
9534,,,0
9535,,,0
9536,,,0
9537,,,0
9538,,,0
9539,,,0
9540,,,0
9541,,,0
9542,,,0
9543,,,0
9544,,,0
9545,,,0
9546,,,0
9547,,,0
9548,,,0
9549,459.92323343,power_plant,6
9550,409.23026684,industrial_works,7
9551,829.60575365,industrial_area,2
9552,814.6574522,industrial_area,2
9553,,,0
9554,,,0
9555,2000.06973528,industrial_area,5
9556,1229.14819764,power_plant,5
9557,242.07618576,power_plant,5
9558,332.62644672,industrial_area,12
9559,698.59376868,industrial_area,12
9560,2224.40126293,industrial_area,3
9561,2668.94164732,industrial_area,3
9562,3207.31961722,industrial_area,3
9563,2980.75054485,industrial_area,3
9564,2807.73410402,industrial_area,3
9565,2236.96485759,industrial_area,3
9566,2682.74289766,industrial_area,3
9567,3133.69310309,industrial_area,3
9568,3587.6362738,industrial_area,3
9569,3619.28719455,industrial_area,3
9570,3417.17429374,industrial_area,3
9571,1169.43520035,industrial_area,11
9572,3157.37848528,industrial_area,2
9573,3661.40261626,industrial_area,2
9574,4045.27838913,industrial_area,3
9575,968.04083454,power_plant,11
9576,4231.92184733,industrial_area,2
9577,4331.13131878,industrial_area,1
9578,4322.22906903,industrial_area,2
9579,573.19118506,industrial_area,6
9580,873.62143006,industrial_area,3
9581,,,0
9582,,,0
9583,,,0
9584,,,0
9585,,,0
9586,,,0
9587,,,0
9588,,,0
9589,,,0
9590,,,0
9591,,,0
9592,485.36187907,industrial_area,10
9593,,,0
9594,,,0
9595,,,0
9596,,,0
9597,,,0
9598,,,0
9599,,,0
9600,,,0
9601,,,0
9602,,,0
9603,,,0
9604,,,0
9605,,,0
9606,,,0
9607,,,0
9608,4306.72252116,power_plant,1
9609,3081.96041518,industrial_works,2
9610,1400.71125451,power_plant,1
9611,1780.00178345,power_plant,1
9612,1841.71274705,power_plant,1
9613,,,0
9614,,,0
9615,,,0
9616,,,0
9617,,,0
9618,,,0
9619,,,0
9620,,,0
9621,,,0
9622,,,0
9623,,,0
9624,,,0
9625,,,0
9626,,,0
9627,,,0
9628,4567.1136372,power_plant,1
9629,2304.0803363,pipeline,12
9630,2671.02044407,industrial_area,8
9631,2525.44698271,pipeline,9
9632,2779.98090196,pipeline,7
9633,3359.03096796,pipeline,4
9634,1048.9829947,industrial_area,16
9635,4734.07136424,pipeline,1
9636,,,0
9637,,,0
9638,3894.68381676,industrial_area,1
9639,,,0
9640,,,0
9641,,,0
9642,,,0
9643,,,0
9644,,,0
9645,,,0
9646,,,0
9647,,,0
9648,,,0
9649,,,0
9650,,,0
9651,,,0
9652,,,0
9653,,,0
9654,,,0
9655,,,0
9656,,,0
9657,3882.47722128,pipeline,1
9658,,,0
9659,,,0
9660,,,0
9661,4682.18456751,power_plant,1
9662,,,0
9663,,,0
9664,2685.61085759,industrial_works,2
9665,4109.83363722,industrial_works,1
9666,693.25839445,industrial_area,1
9667,4749.67768811,industrial_area,1
9668,3991.2356064,industrial_area,1
9669,,,0
9670,,,0
9671,,,0
9672,,,0
9673,3434.20461413,industrial_works,2
9674,3364.25932029,industrial_works,2
9675,2485.76726506,industrial_area,2
9676,3725.89774673,industrial_area,1
9677,1180.67770527,industrial_area,1
9678,4158.48097367,industrial_area,4
9679,4840.39681303,power_plant,1
9680,,,0
9681,,,0
9682,2826.54626572,power_plant,1
9683,2937.65588764,power_plant,2
9684,,,0
9685,,,0
9686,1725.44275819,power_plant,1
9687,1629.09602428,industrial_area,11
9688,2707.78028395,industrial_area,10
9689,,,0
9690,,,0
9691,,,0
9692,2724.30520163,industrial_works,12
9693,2783.16787898,industrial_area,2
9694,3459.64615046,power_plant,1
9695,,,0
9696,,,0
9697,,,0
9698,,,0
9699,,,0
9700,,,0
9701,,,0
9702,,,0
9703,,,0
9704,,,0
9705,,,0
9706,,,0
9707,,,0
9708,,,0
9709,3882.66914348,industrial_area,2
9710,,,0
9711,,,0
9712,,,0
9713,2897.37625466,power_plant,2
9714,,,0
9715,,,0
9716,,,0
9717,,,0
9718,,,0
9719,,,0
9720,,,0
9721,,,0
9722,,,0
9723,,,0
9724,,,0
9725,,,0
9726,,,0
9727,,,0
9728,,,0
9729,,,0
9730,,,0
9731,,,0
9732,,,0
9733,,,0
9734,,,0
9735,,,0
9736,,,0
9737,,,0
9738,,,0
9739,,,0
9740,212.95389345,industrial_area,1
9741,,,0
9742,,,0
9743,,,0
9744,,,0
9745,,,0
9746,570.87931586,industrial_area,1
9747,347.97987003,industrial_area,7
9748,181.93718937,industrial_area,5
9749,1167.01137395,industrial_area,3
9750,4387.3610845,industrial_area,1
9751,,,0
9752,,,0
9753,,,0
9754,,,0
9755,,,0
9756,88.91965334,industrial_area,2
9757,1177.30829716,industrial_area,3
9758,307.2871229,industrial_area,7
9759,,,0
9760,239.23598601,industrial_area,4
9761,253.79892746,industrial_works,1
9762,3895.05003017,industrial_area,2
9763,4562.36244375,industrial_area,3
9764,,,0
9765,821.00043524,power_plant,6
9766,4548.17432991,industrial_area,1
9767,,,0
9768,1385.76526332,industrial_area,2
9769,2093.81704296,industrial_area,9
9770,,,0
9771,601.45780378,industrial_area,2
9772,214.57387005,industrial_area,3
9773,1010.10859192,industrial_area,3
9774,2268.27963368,industrial_area,5
9775,462.08250843,industrial_area,5
9776,502.73338767,industrial_area,5
9777,629.13051005,industrial_area,4
9778,,,0
9779,,,0
9780,,,0
9781,,,0
9782,4757.24137972,pipeline,6
9783,,,0
9784,,,0
9785,,,0
9786,,,0
9787,,,0
9788,,,0
9789,,,0
9790,4654.75964707,power_plant,1
9791,4999.98421115,power_plant,1
9792,,,0
9793,,,0
9794,3485.68236785,industrial_area,1
9795,,,0
9796,,,0
9797,,,0
9798,,,0
9799,,,0
9800,,,0
9801,,,0
9802,,,0
9803,,,0
9804,,,0
9805,,,0
9806,,,0
9807,,,0
9808,,,0
9809,,,0
9810,,,0
9811,,,0
9812,,,0
9813,,,0
9814,,,0
9815,,,0
9816,,,0
9817,,,0
9818,3234.63143933,power_plant,1
9819,3205.25840434,power_plant,1
9820,3087.29672036,industrial_area,3
9821,,,0
9822,,,0
9823,,,0
9824,3307.00414466,power_plant,1
9825,,,0
9826,,,0
9827,,,0
9828,,,0
9829,,,0
9830,4601.79272207,industrial_area,1
9831,2799.96237249,industrial_works,2
9832,2373.47149839,industrial_works,2
9833,,,0
9834,,,0
9835,921.32209517,power_plant,1
9836,,,0
9837,,,0
9838,,,0
9839,,,0
9840,,,0
9841,,,0
9842,,,0
9843,,,0
9844,4019.76831148,pipeline,1
9845,4006.21802428,pipeline,1
9846,,,0
9847,,,0
9848,,,0
9849,,,0
9850,,,0
9851,,,0
9852,4904.20083787,industrial_area,1
9853,3278.36812186,industrial_area,1
9854,,,0
9855,,,0
9856,,,0
9857,,,0
9858,,,0
9859,,,0
9860,,,0
9861,,,0
9862,,,0
9863,,,0
9864,,,0
9865,,,0
9866,,,0
9867,,,0
9868,,,0
9869,3882.48145285,industrial_works,4
9870,3741.98117731,industrial_area,4
9871,4885.56734154,industrial_area,3
9872,2188.81292578,industrial_area,7
9873,,,0
9874,851.66468281,industrial_area,42
9875,,,0
9876,,,0
9877,,,0
9878,,,0
9879,,,0
9880,2574.05500616,industrial_area,2
9881,,,0
9882,,,0
9883,,,0
9884,,,0
9885,,,0
9886,,,0
9887,,,0
9888,,,0
9889,,,0
9890,,,0
9891,,,0
9892,,,0
9893,,,0
9894,,,0
9895,,,0
9896,,,0
9897,,,0
9898,,,0
9899,,,0
9900,,,0
9901,,,0
9902,,,0
9903,,,0
9904,,,0
9905,,,0
9906,,,0
9907,,,0
9908,,,0
9909,,,0
9910,,,0
9911,,,0
9912,,,0
9913,,,0
9914,,,0
9915,539.2221545,industrial_area,6
9916,422.07912374,industrial_area,6
9917,,,0
9918,527.15932065,industrial_area,12
9919,812.74327946,industrial_area,12
9920,243.14977252,industrial_area,12
9921,667.5010834,industrial_area,12
9922,311.21576514,power_plant,11
9923,3158.64225963,industrial_area,2
9924,4288.41837167,industrial_area,1
9925,4602.14632718,industrial_area,1
9926,2774.04366161,power_plant,2
9927,4423.21236522,industrial_area,3
9928,949.25780423,industrial_area,8
9929,,,0
9930,161.00820466,industrial_area,1
9931,312.63038355,industrial_area,1
9932,,,0
9933,,,0
9934,,,0
9935,,,0
9936,,,0
9937,,,0
9938,,,0
9939,,,0
9940,,,0
9941,,,0
9942,,,0
9943,,,0
9944,,,0
9945,,,0
9946,,,0
9947,,,0
9948,372.7726698,industrial_area,1
9949,1258.62435415,industrial_area,2
9950,,,0
9951,,,0
9952,,,0
9953,,,0
9954,,,0
9955,,,0
9956,,,0
9957,,,0
9958,2944.97138651,power_plant,1
9959,,,0
9960,2455.78282013,industrial_area,1
9961,,,0
9962,,,0
9963,,,0
9964,,,0
9965,4710.64216788,power_plant,2
9966,,,0
9967,,,0
9968,,,0
9969,,,0
9970,,,0
9971,,,0
9972,3615.07833408,industrial_area,1
9973,,,0
9974,,,0
9975,1441.58810485,power_plant,9
9976,2735.49349444,power_plant,3
9977,,,0
9978,,,0
9979,,,0
9980,816.30963888,industrial_area,51
9981,,,0
9982,,,0
9983,,,0
9984,,,0
9985,,,0
9986,,,0
9987,,,0
9988,1312.08960046,industrial_area,3
9989,,,0
9990,,,0
9991,,,0
9992,,,0
9993,,,0
9994,,,0
9995,604.37996171,pipeline,8
9996,605.10829074,pipeline,8
9997,387.97883377,pipeline,8
9998,389.07528157,pipeline,8
9999,4793.45943698,industrial_area,1
10000,,,0
10001,,,0
10002,,,0
10003,,,0
10004,4798.06195381,industrial_area,1
10005,4795.13132533,industrial_area,1
10006,,,0
10007,,,0
10008,,,0
10009,,,0
10010,,,0
10011,4979.56898706,industrial_area,1
10012,2793.97426214,industrial_works,2
10013,2363.71874444,industrial_works,2
10014,2374.95107642,industrial_works,2
10015,1926.62016128,industrial_works,2
10016,,,0
10017,1826.61586809,power_plant,1
10018,,,0
10019,,,0
10020,,,0
10021,,,0
10022,,,0
10023,,,0
10024,2343.59381175,industrial_area,1
10025,1725.63842275,industrial_area,1
10026,,,0
10027,,,0
10028,,,0
10029,,,0
10030,4497.11717857,industrial_area,1
10031,,,0
10032,,,0
10033,,,0
10034,,,0
10035,,,0
10036,,,0
10037,3518.6323394,industrial_area,2
10038,,,0
10039,,,0
10040,,,0
10041,,,0
10042,,,0
10043,4968.48306116,industrial_area,1
10044,,,0
10045,,,0
10046,,,0
10047,,,0
10048,,,0
10049,,,0
10050,,,0
10051,,,0
10052,,,0
10053,,,0
10054,,,0
10055,1524.72426578,industrial_area,2
10056,1462.65137554,industrial_area,2
10057,,,0
10058,,,0
10059,,,0
10060,,,0
10061,,,0
10062,,,0
10063,,,0
10064,,,0
10065,,,0
10066,,,0
10067,,,0
10068,,,0
10069,,,0
10070,,,0
10071,,,0
10072,,,0
10073,,,0
10074,,,0
10075,,,0
10076,,,0
10077,,,0
10078,,,0
10079,,,0
10080,,,0
10081,3200.80237156,industrial_area,4
10082,674.0423549,industrial_works,48
10083,811.76517507,industrial_works,48
10084,891.27366734,industrial_area,3
10085,3197.75821299,industrial_area,3
10086,535.55094293,industrial_works,4
10087,,,0
10088,,,0
10089,1939.97915064,pipeline,5
10090,1978.03042933,pipeline,9
10091,1513.1106455,pipeline,7
10092,1564.33398729,pipeline,9
10093,899.04243375,pipeline,13
10094,967.88505731,pipeline,13
10095,,,0
10096,306.58272407,industrial_area,1
10097,492.54038543,industrial_area,1
10098,,,0
10099,,,0
10100,,,0
10101,,,0
10102,,,0
10103,,,0
10104,411.22111269,industrial_area,1
10105,,,0
10106,411.12827908,power_plant,1
10107,166.73653077,power_plant,1
10108,335.14121248,power_plant,1
10109,752.78594456,power_plant,1
10110,599.22004966,power_plant,1
10111,902.82018377,power_plant,1
10112,472.78542934,power_plant,1
10113,891.2397897,power_plant,1
10114,1414.88912369,power_plant,1
10115,1278.97854068,power_plant,1
10116,1604.87494214,power_plant,1
10117,,,0
10118,,,0
10119,,,0
10120,,,0
10121,,,0
10122,,,0
10123,,,0
10124,,,0
10125,,,0
10126,,,0
10127,,,0
10128,,,0
10129,,,0
10130,,,0
10131,,,0
10132,,,0
10133,,,0
10134,,,0
10135,2501.69220084,industrial_area,1
10136,,,0
10137,3883.75616532,power_plant,1
10138,3643.76051438,power_plant,1
10139,3576.19306009,power_plant,2
10140,,,0
10141,,,0
10142,4754.65599117,industrial_area,1
10143,,,0
10144,1358.75748784,industrial_area,17
10145,1393.56190529,industrial_area,17
10146,163.567417,industrial_area,3
10147,667.58142107,industrial_area,2
10148,1843.76975549,industrial_area,2
10149,1882.49922358,industrial_area,2
10150,1962.33113656,industrial_area,2
10151,,,0
10152,,,0
10153,,,0
10154,4639.47838878,industrial_works,1
10155,4433.60017888,industrial_works,2
10156,3997.69898654,industrial_area,2
10157,3217.74770007,industrial_area,2
10158,4846.41090009,industrial_area,1
10159,4784.83336923,industrial_area,2
10160,,,0
10161,,,0
10162,,,0
10163,,,0
10164,1088.64334482,industrial_area,13
10165,880.21027178,industrial_area,13
10166,,,0
10167,471.54835639,industrial_area,1
10168,,,0
10169,,,0
10170,,,0
10171,,,0
10172,,,0
10173,,,0
10174,653.69395912,power_plant,2
10175,448.39866824,industrial_area,1
10176,,,0
10177,,,0
10178,,,0
10179,,,0
10180,,,0
10181,,,0
10182,,,0
10183,,,0
10184,,,0
10185,,,0
10186,,,0
10187,,,0
10188,,,0
10189,4104.23590227,industrial_area,2
10190,,,0
10191,,,0
10192,,,0
10193,,,0
10194,,,0
10195,,,0
10196,,,0
10197,,,0
10198,,,0
10199,,,0
10200,,,0
10201,,,0
10202,,,0
10203,,,0
10204,,,0
10205,,,0
10206,,,0
10207,,,0
10208,,,0
10209,,,0
10210,,,0
10211,,,0
10212,,,0
10213,,,0
10214,,,0
10215,,,0
10216,,,0
10217,,,0
10218,,,0
10219,,,0
10220,,,0
10221,,,0
10222,,,0
10223,,,0
10224,,,0
10225,,,0
10226,,,0
10227,,,0
10228,677.18477528,industrial_area,2
10229,,,0
10230,,,0
10231,1319.38316795,industrial_area,52
10232,1988.19116598,industrial_area,88
10233,,,0
10234,,,0
10235,,,0
10236,,,0
10237,,,0
10238,,,0
10239,,,0
10240,429.14152093,industrial_area,1
10241,3103.1495419,power_plant,2
10242,450.79372429,power_plant,2
10243,350.77329752,industrial_area,1
10244,525.40782162,industrial_area,1
10245,64.47444683,industrial_area,5
10246,309.54029464,industrial_area,5
10247,,,0
10248,2422.07564476,industrial_works,2
10249,4456.37372805,industrial_works,1
10250,4119.64526016,industrial_works,1
10251,,,0
10252,,,0
10253,,,0
10254,2283.75028705,industrial_area,16
10255,4498.22870818,industrial_area,1
10256,,,0
10257,,,0
10258,,,0
10259,,,0
10260,,,0
10261,,,0
10262,,,0
10263,,,0
10264,4361.10343123,industrial_area,6
10265,,,0
10266,,,0
10267,,,0
10268,,,0
10269,,,0
10270,,,0
10271,,,0
10272,,,0
10273,,,0
10274,,,0
10275,,,0
10276,,,0
10277,,,0
10278,,,0
10279,,,0
10280,,,0
10281,,,0
10282,,,0
10283,,,0
10284,,,0
10285,,,0
10286,,,0
10287,3181.13465814,power_plant,1
10288,,,0
10289,,,0
10290,,,0
10291,,,0
10292,3783.61178665,power_plant,3
10293,3711.22086585,power_plant,3
10294,3436.93220391,industrial_area,1
10295,4065.35717695,power_plant,1
10296,,,0
10297,,,0
10298,670.34960149,industrial_works,10
10299,1259.67453352,industrial_area,9
10300,895.8611882,industrial_area,9
10301,,,0
10302,2410.90455504,industrial_area,10
10303,1722.6930103,industrial_area,7
10304,1235.73375193,power_plant,9
10305,,,0
10306,,,0
10307,,,0
10308,,,0
10309,,,0
10310,,,0
10311,,,0
10312,3191.45857406,power_plant,1
10313,3108.69311613,power_plant,1
10314,674.92709899,industrial_area,8
10315,,,0
10316,439.04752585,industrial_area,2
10317,3261.34452957,power_plant,1
10318,2952.05513048,power_plant,1
10319,,,0
10320,,,0
10321,,,0
10322,1097.14199961,power_plant,2
10323,,,0
10324,,,0
10325,1763.74772095,industrial_works,2
10326,4039.61706934,industrial_area,2
10327,,,0
10328,,,0
10329,,,0
10330,,,0
10331,,,0
10332,,,0
10333,,,0
10334,,,0
10335,,,0
10336,,,0
10337,,,0
10338,,,0
10339,,,0
10340,,,0
10341,,,0
10342,,,0
10343,,,0
10344,,,0
10345,,,0
10346,,,0
10347,,,0
10348,,,0
10349,,,0
10350,,,0
10351,,,0
10352,,,0
10353,,,0
10354,,,0
10355,,,0
10356,,,0
10357,,,0
10358,,,0
10359,,,0
10360,,,0
10361,,,0
10362,178.37078731,industrial_area,9
10363,,,0
10364,,,0
10365,,,0
10366,,,0
10367,,,0
10368,,,0
10369,,,0
10370,,,0
10371,,,0
10372,,,0
10373,,,0
10374,648.84534614,industrial_area,8
10375,458.56788514,industrial_area,12
10376,290.56499436,industrial_area,12
10377,3943.53336964,power_plant,5
10378,2318.14019057,industrial_area,4
10379,2421.60506703,industrial_area,4
10380,,,0
10381,,,0
10382,,,0
10383,,,0
10384,,,0
10385,,,0
10386,,,0
10387,,,0
10388,,,0
10389,,,0
10390,3333.05251838,industrial_area,1
10391,,,0
10392,,,0
10393,,,0
10394,,,0
10395,,,0
10396,,,0
10397,4694.90162848,power_plant,1
10398,4707.94338465,power_plant,1
10399,4746.97959777,power_plant,1
10400,4411.53673468,power_plant,1
10401,,,0
10402,,,0
10403,,,0
10404,,,0
10405,,,0
10406,,,0
10407,,,0
10408,,,0
10409,,,0
10410,,,0
10411,,,0
10412,,,0
10413,338.41570037,industrial_area,10
10414,2914.18503361,power_plant,2
10415,3243.64385741,power_plant,2
10416,1277.26218467,industrial_area,2
10417,,,0
10418,360.73864858,industrial_area,3
10419,217.99793901,industrial_area,3
10420,690.71639701,power_plant,2
10421,,,0
10422,805.01870224,industrial_works,10
10423,671.88369616,power_plant,10
10424,,,0
10425,3831.5770774,industrial_area,2
10426,3745.72435567,industrial_area,2
10427,,,0
10428,,,0
10429,721.75514053,industrial_area,14
10430,,,0
10431,,,0
10432,718.91920077,industrial_area,2
10433,653.77493395,industrial_works,7
10434,3120.92466048,industrial_works,18
10435,,,0
10436,,,0
10437,,,0
10438,,,0
10439,,,0
10440,,,0
10441,,,0
10442,,,0
10443,,,0
10444,,,0
10445,,,0
10446,,,0
10447,,,0
10448,,,0
10449,,,0
10450,,,0
10451,,,0
10452,,,0
10453,,,0
10454,,,0
10455,,,0
10456,,,0
10457,,,0
10458,,,0
10459,,,0
10460,,,0
10461,,,0
10462,,,0
10463,,,0
10464,,,0
10465,245.09900653,industrial_area,6
10466,,,0
10467,252.8566895,industrial_area,5
10468,,,0
10469,,,0
10470,,,0
10471,2806.26894559,power_plant,2
10472,2849.22536864,power_plant,2
10473,,,0
10474,,,0
10475,,,0
10476,,,0
10477,,,0
10478,,,0
10479,,,0
10480,,,0
10481,,,0
10482,,,0
10483,,,0
10484,,,0
10485,,,0
10486,,,0
10487,,,0
10488,3665.33078715,industrial_area,2
10489,4002.91294907,industrial_area,2
10490,3973.30899316,industrial_area,6
10491,3870.27188369,industrial_area,6
10492,,,0
10493,,,0
10494,,,0
10495,,,0
10496,,,0
10497,,,0
10498,,,0
10499,,,0
10500,,,0
10501,,,0
10502,,,0
10503,,,0
10504,,,0
10505,1788.7774864,industrial_area,1
10506,189.99783009,industrial_area,6
10507,51.38920039,industrial_area,12
10508,266.13342661,industrial_works,12
10509,,,0
10510,,,0
10511,1168.68116778,industrial_area,138
10512,,,0
10513,495.1001137,industrial_works,7
10514,3363.44422111,pipeline,1
10515,,,0
10516,3048.97504076,industrial_area,3
10517,3347.0201377,industrial_area,4
10518,4125.09162447,industrial_area,4
10519,,,0
10520,,,0
10521,1560.68345529,pipeline,21
10522,1311.59322622,pipeline,28
10523,1784.45252735,pipeline,20
10524,2016.20524016,pipeline,24
10525,2153.11779653,pipeline,21
10526,,,0
10527,,,0
10528,,,0
10529,4840.06610936,pipeline,2
10530,186.88883623,industrial_area,1
10531,,,0
10532,1559.64713299,industrial_area,2
10533,,,0
10534,,,0
10535,,,0
10536,,,0
10537,,,0
10538,,,0
10539,,,0
10540,,,0
10541,,,0
10542,,,0
10543,,,0
10544,1730.24910958,power_plant,1
10545,,,0
10546,,,0
10547,,,0
10548,,,0
10549,,,0
10550,1138.59988979,power_plant,4
10551,274.14716393,industrial_area,6
10552,423.90657312,industrial_area,3
10553,,,0
10554,,,0
10555,,,0
10556,,,0
10557,,,0
10558,,,0
10559,,,0
10560,,,0
10561,,,0
10562,,,0
10563,,,0
10564,,,0
10565,,,0
10566,,,0
10567,,,0
10568,1634.5099217,industrial_area,2
10569,1491.74355802,industrial_area,2
10570,569.2892096,industrial_area,2
10571,1674.34624522,industrial_area,33
10572,,,0
10573,,,0
10574,,,0
10575,657.30650533,industrial_area,3
10576,2036.1916082,industrial_works,2
10577,4009.41582629,industrial_area,1
10578,,,0
10579,,,0
10580,,,0
10581,4792.77543839,industrial_area,1
10582,4790.4902488,industrial_area,1
10583,473.91721402,power_plant,1
10584,694.49598067,pipeline,42
10585,1157.82224541,pipeline,41
10586,1225.72186349,pipeline,32
10587,1623.91055171,pipeline,36
10588,,,0
10589,,,0
10590,451.10142876,industrial_area,3
10591,292.35848323,industrial_area,3
10592,,,0
10593,869.11592568,industrial_area,3
10594,721.70840727,industrial_area,3
10595,,,0
10596,,,0
10597,,,0
10598,,,0
10599,,,0
10600,,,0
10601,2156.40953596,power_plant,2
10602,2506.00019643,power_plant,1
10603,2874.82529061,power_plant,1
10604,1948.987379,power_plant,2
10605,2329.82999212,power_plant,2
10606,2723.16606336,power_plant,1
10607,1800.27161079,power_plant,2
10608,,,0
10609,4906.24445493,pipeline,4
10610,642.17787173,power_plant,1
10611,,,0
10612,,,0
10613,,,0
10614,,,0
10615,,,0
10616,,,0
10617,,,0
10618,,,0
10619,,,0
10620,2519.04518022,power_plant,1
10621,820.16207465,power_plant,10
10622,792.89466999,power_plant,10
10623,4910.8868655,power_plant,1
10624,1990.61905956,industrial_area,4
10625,,,0
10626,3504.08635812,power_plant,2
10627,4270.33145673,power_plant,3
10628,1354.7145355,power_plant,1
10629,920.88949535,power_plant,1
10630,,,0
10631,,,0
10632,,,0
10633,,,0
10634,2175.04023493,industrial_area,3
10635,4675.08695206,industrial_area,1
10636,1456.77834197,power_plant,2
10637,,,0
10638,672.28450309,industrial_area,10
10639,524.04133609,industrial_area,19
10640,477.19698338,industrial_area,19
10641,1856.04858351,industrial_area,78
10642,1905.8705781,power_plant,76
10643,119.66230795,industrial_works,54
10644,2340.22133756,power_plant,1
10645,,,0
10646,,,0
10647,2575.3431983,industrial_area,1
10648,2464.32159264,industrial_area,1
10649,2799.04459073,industrial_area,1
10650,,,0
10651,,,0
10652,,,0
10653,,,0
10654,,,0
10655,,,0
10656,,,0
10657,,,0
10658,,,0
10659,,,0
10660,,,0
10661,,,0
10662,,,0
10663,,,0
10664,,,0
10665,,,0
10666,,,0
10667,3044.64480776,industrial_area,3
10668,473.06408957,industrial_area,6
10669,360.34691508,industrial_area,6
10670,4112.22508607,industrial_area,2
10671,,,0
10672,1872.02871452,industrial_area,7
10673,690.77808829,industrial_works,7
10674,,,0
10675,,,0
10676,3074.84226195,industrial_works,2
10677,2458.37014039,industrial_works,2
10678,,,0
10679,,,0
10680,4087.97339761,industrial_works,1
10681,3191.59516493,industrial_area,1
10682,577.63412735,power_plant,10
10683,,,0
10684,,,0
10685,,,0
10686,,,0
10687,,,0
10688,,,0
10689,536.78278323,power_plant,2
10690,3103.30313363,power_plant,7
10691,700.07523475,industrial_area,2
10692,,,0
10693,,,0
10694,231.03847498,industrial_area,70
10695,429.2150062,industrial_area,62
10696,,,0
10697,,,0
10698,4432.29990444,industrial_area,2
10699,,,0
10700,,,0
10701,,,0
10702,,,0
10703,,,0
10704,1201.44135945,industrial_area,5
10705,4724.34859059,power_plant,1
10706,4634.91944886,power_plant,2
10707,,,0
10708,,,0
10709,,,0
10710,,,0
10711,2411.06271974,industrial_area,3
10712,2308.27648794,industrial_area,30
10713,1688.27604781,power_plant,1
10714,2103.77871233,power_plant,1
10715,1740.33249316,industrial_works,1
10716,,,0
10717,1646.52788256,industrial_works,1
10718,,,0
10719,507.26732239,industrial_area,1
10720,,,0
10721,,,0
10722,,,0
10723,4069.59172041,pipeline,2
10724,4181.87123314,pipeline,1
10725,,,0
10726,,,0
10727,,,0
10728,,,0
10729,,,0
10730,,,0
10731,4654.8251358,power_plant,1
10732,,,0
10733,4987.59338829,power_plant,1
10734,4970.20954009,power_plant,1
10735,,,0
10736,,,0
10737,,,0
10738,,,0
10739,,,0
10740,,,0
10741,,,0
10742,,,0
10743,,,0
10744,,,0
10745,,,0
10746,,,0
10747,,,0
10748,,,0
10749,,,0
10750,,,0
10751,2158.67541351,pipeline,1
10752,1738.29993329,pipeline,1
10753,1860.2055092,pipeline,1
10754,,,0
10755,3125.83918902,power_plant,1
10756,2732.76350966,industrial_works,2
10757,,,0
10758,,,0
10759,,,0
10760,,,0
10761,4489.74503274,power_plant,1
10762,,,0
10763,,,0
10764,,,0
10765,2945.95367224,industrial_area,1
10766,,,0
10767,,,0
10768,,,0
10769,,,0
10770,,,0
10771,,,0
10772,,,0
10773,4924.30607783,power_plant,1
10774,,,0
10775,,,0
10776,,,0
10777,1249.5673229,industrial_area,4
10778,,,0
10779,,,0
10780,,,0
10781,2444.59087383,power_plant,3
10782,,,0
10783,,,0
10784,,,0
10785,,,0
10786,,,0
10787,2101.87071355,industrial_area,3
10788,2157.76278357,industrial_area,12
10789,,,0
10790,,,0
10791,1066.13701339,power_plant,4
10792,,,0
10793,,,0
10794,,,0
10795,,,0
10796,,,0
10797,,,0
10798,3943.03170976,industrial_area,3
10799,2124.93300146,industrial_area,11
10800,2966.23577971,power_plant,2
10801,,,0
10802,,,0
10803,4640.89624483,power_plant,1
10804,,,0
10805,4855.17437488,power_plant,1
10806,4912.2288909,power_plant,1
10807,,,0
10808,3034.91476209,pipeline,1
10809,,,0
10810,,,0
10811,,,0
10812,,,0
10813,2226.16645445,power_plant,33
10814,1721.00110788,industrial_area,16
10815,2955.35363101,power_plant,1
10816,1849.81355502,industrial_area,23
10817,,,0
10818,4695.57934656,industrial_area,1
10819,,,0
10820,4590.41482611,industrial_area,1
10821,,,0
10822,,,0
10823,,,0
10824,,,0
10825,,,0
10826,,,0
10827,,,0
10828,,,0
10829,,,0
10830,,,0
10831,,,0
10832,,,0
10833,,,0
10834,3010.70403317,industrial_area,1
10835,,,0
10836,4797.61685749,industrial_area,1
10837,4410.05441421,industrial_area,1
10838,877.9579676,industrial_area,1
10839,2396.76910723,industrial_area,8
10840,,,0
10841,,,0
10842,,,0
10843,,,0
10844,562.09509527,industrial_area,7
10845,,,0
10846,,,0
10847,,,0
10848,3396.00740326,industrial_area,3
10849,,,0
10850,4698.40691931,power_plant,2
10851,3462.80029352,industrial_works,3
10852,135.27475446,power_plant,1
10853,560.55961175,power_plant,1
10854,,,0
10855,2745.67855227,industrial_area,2
10856,,,0
10857,,,0
10858,923.30014942,industrial_area,3
10859,,,0
10860,,,0
10861,,,0
10862,,,0
10863,,,0
10864,,,0
10865,,,0
10866,,,0
10867,,,0
10868,124.16702343,industrial_works,61
10869,,,0
10870,,,0
10871,,,0
10872,640.08531815,industrial_area,7
10873,306.4738283,industrial_area,5
10874,403.14221106,industrial_area,5
10875,,,0
10876,91.73767734,industrial_area,30
10877,,,0
10878,,,0
10879,1041.23390706,industrial_area,137
10880,1488.76140557,industrial_area,2
10881,235.59841009,industrial_area,3
10882,692.71255256,industrial_area,3
10883,,,0
10884,,,0
10885,,,0
10886,283.70079225,industrial_works,1
10887,,,0
10888,,,0
10889,,,0
10890,,,0
10891,,,0
10892,,,0
10893,369.94215026,industrial_area,1
10894,340.56376991,industrial_area,1
10895,239.76827083,industrial_area,1
10896,4756.78156365,industrial_works,1
10897,,,0
10898,1515.24025248,industrial_works,2
10899,,,0
10900,,,0
10901,,,0
10902,3447.57077443,industrial_area,1
10903,,,0
10904,,,0
10905,,,0
10906,,,0
10907,,,0
10908,,,0
10909,,,0
10910,149.05221865,industrial_area,2
10911,,,0
10912,,,0
10913,,,0
10914,,,0
10915,,,0
10916,,,0
10917,,,0
10918,,,0
10919,,,0
10920,,,0
10921,,,0
10922,,,0
10923,,,0
10924,,,0
10925,,,0
10926,,,0
10927,,,0
10928,,,0
10929,,,0
10930,,,0
10931,1731.24871885,industrial_area,2
10932,1488.26160694,industrial_area,2
10933,1779.42250564,industrial_area,4
10934,2116.95549284,industrial_area,4
10935,1195.28204833,industrial_area,138
10936,,,0
10937,,,0
10938,,,0
10939,,,0
10940,,,0
10941,,,0
10942,,,0
10943,,,0
10944,4962.93160111,industrial_area,1
10945,,,0
10946,3694.4967031,industrial_works,3
10947,1400.21976592,industrial_area,6
10948,,,0
10949,,,0
10950,,,0
10951,,,0
10952,,,0
10953,,,0
10954,,,0
10955,,,0
10956,,,0
10957,,,0
10958,,,0
10959,,,0
10960,,,0
10961,,,0
10962,,,0
10963,,,0
10964,,,0
10965,,,0
10966,,,0
10967,,,0
10968,,,0
10969,,,0
10970,,,0
10971,,,0
10972,307.59073352,power_plant,2
10973,,,0
10974,,,0
10975,,,0
10976,,,0
10977,,,0
10978,,,0
10979,,,0
10980,,,0
10981,,,0
10982,,,0
10983,,,0
10984,,,0
10985,,,0
10986,,,0
10987,,,0
10988,,,0
10989,211.02880971,power_plant,2
10990,85.50136258,industrial_area,2
10991,404.0266512,industrial_area,4
10992,372.04831285,industrial_area,4
10993,,,0
10994,368.99119032,industrial_area,1
10995,,,0
10996,,,0
10997,,,0
10998,,,0
10999,,,0
11000,,,0
11001,,,0
11002,,,0
11003,,,0
11004,93.23068572,industrial_area,19
11005,262.75060412,industrial_area,52
11006,791.57708704,industrial_area,54
11007,1308.04408088,industrial_area,3
11008,,,0
11009,,,0
11010,,,0
11011,,,0
11012,,,0
11013,,,0
11014,,,0
11015,,,0
11016,,,0
11017,,,0
11018,,,0
11019,,,0
11020,,,0
11021,,,0
11022,4388.11452477,power_plant,1
11023,,,0
11024,,,0
11025,,,0
11026,,,0
11027,,,0
11028,,,0
11029,,,0
11030,,,0
11031,,,0
11032,,,0
11033,,,0
11034,,,0
11035,,,0
11036,,,0
11037,,,0
11038,,,0
11039,,,0
11040,,,0
11041,,,0
11042,,,0
11043,1159.28172124,industrial_area,2
11044,1251.86154314,industrial_area,2
11045,,,0
11046,,,0
11047,,,0
11048,3722.52158304,power_plant,1
11049,3727.18922998,power_plant,1
11050,,,0
11051,,,0
11052,,,0
11053,,,0
11054,,,0
11055,,,0
11056,,,0
11057,,,0
11058,,,0
11059,,,0
11060,,,0
11061,,,0
11062,,,0
11063,,,0
11064,,,0
11065,,,0
11066,,,0
11067,,,0
11068,,,0
11069,,,0
11070,,,0
11071,,,0
11072,,,0
11073,,,0
11074,,,0
11075,,,0
11076,,,0
11077,,,0
11078,,,0
11079,,,0
11080,,,0
11081,,,0
11082,,,0
11083,,,0
11084,,,0
11085,,,0
11086,,,0
11087,,,0
11088,,,0
11089,,,0
11090,,,0
11091,,,0
11092,,,0
11093,,,0
11094,,,0
11095,,,0
11096,,,0
11097,,,0
11098,,,0
11099,,,0
11100,,,0
11101,,,0
11102,,,0
11103,,,0
11104,,,0
11105,,,0
11106,,,0
11107,,,0
11108,,,0
11109,,,0
11110,,,0
11111,,,0
11112,,,0
11113,,,0
11114,,,0
11115,,,0
11116,,,0
11117,,,0
11118,,,0
11119,,,0
11120,,,0
11121,,,0
11122,,,0
11123,,,0
11124,,,0
11125,79.37682347,industrial_area,80
11126,,,0
11127,,,0
11128,,,0
11129,198.395224,power_plant,1
11130,,,0
11131,,,0
11132,,,0
11133,570.0392944,industrial_area,1
11134,,,0
11135,,,0
11136,422.02167885,power_plant,2
11137,,,0
11138,,,0
11139,,,0
11140,423.67188483,power_plant,1
11141,,,0
11142,,,0
11143,,,0
11144,,,0
11145,4341.51016055,power_plant,1
11146,4139.50660037,power_plant,1
11147,716.48987689,power_plant,1
11148,,,0
11149,2396.70525604,power_plant,2
11150,,,0
11151,,,0
11152,,,0
11153,3101.51578987,pipeline,6
11154,,,0
11155,,,0
11156,4970.02905622,pipeline,1
11157,,,0
11158,,,0
11159,,,0
11160,,,0
11161,,,0
11162,,,0
11163,,,0
11164,,,0
11165,2448.29879409,industrial_area,6
11166,,,0
11167,526.4388572,industrial_area,5
11168,1847.87246916,power_plant,1
11169,4609.54988016,industrial_area,1
11170,1679.5208927,power_plant,5
11171,,,0
11172,,,0
11173,1690.97458089,power_plant,2
11174,,,0
11175,,,0
11176,,,0
11177,,,0
11178,4565.74514161,power_plant,2
11179,3182.61786478,industrial_area,1
11180,4234.07332531,power_plant,1
11181,,,0
11182,,,0
11183,1871.26572849,industrial_area,13
11184,2004.47006235,industrial_works,6
11185,1851.54283755,industrial_works,6
11186,1774.37843072,industrial_works,6
11187,3212.81333376,pipeline,1
11188,,,0
11189,,,0
11190,4764.08409243,power_plant,1
11191,,,0
11192,,,0
11193,,,0
11194,2717.80888697,industrial_area,1
11195,1038.59817768,industrial_area,1
11196,615.23949676,power_plant,1
11197,,,0
11198,1894.00668297,industrial_area,1
11199,,,0
11200,,,0
11201,284.51760045,power_plant,13
11202,,,0
11203,,,0
11204,,,0
11205,,,0
11206,,,0
11207,,,0
11208,,,0
11209,,,0
11210,,,0
11211,,,0
11212,,,0
11213,,,0
11214,,,0
11215,,,0
11216,,,0
11217,,,0
11218,,,0
11219,,,0
11220,,,0
11221,,,0
11222,,,0
11223,,,0
11224,,,0
11225,,,0
11226,,,0
11227,,,0
11228,,,0
11229,,,0
11230,,,0
11231,,,0
11232,,,0
11233,,,0
11234,,,0
11235,,,0
11236,,,0
11237,,,0
11238,,,0
11239,,,0
11240,,,0
11241,,,0
11242,,,0
11243,,,0
11244,,,0
11245,,,0
11246,,,0
11247,,,0
11248,,,0
11249,,,0
11250,,,0
11251,,,0
11252,,,0
11253,,,0
11254,,,0
11255,,,0
11256,,,0
11257,,,0
11258,,,0
11259,,,0
11260,,,0
11261,,,0
11262,,,0
11263,,,0
11264,,,0
11265,,,0
11266,,,0
11267,,,0
11268,,,0
11269,,,0
11270,,,0
11271,,,0
11272,,,0
11273,,,0
11274,,,0
11275,,,0
11276,,,0
11277,,,0
11278,,,0
11279,,,0
11280,,,0
11281,,,0
11282,,,0
11283,,,0
11284,,,0
11285,,,0
11286,,,0
11287,,,0
11288,,,0
11289,,,0
11290,805.76147399,industrial_area,8
11291,116.95915524,industrial_area,12
11292,289.18505387,industrial_area,9
11293,998.15965266,industrial_area,2
11294,894.18910691,industrial_area,12
11295,498.95234603,industrial_area,12
11296,896.86085169,industrial_area,12
11297,3048.9027329,industrial_area,4
11298,1099.2165684,industrial_area,9
11299,1280.1894381,industrial_area,8
11300,163.61420135,power_plant,12
11301,960.60979552,industrial_area,11
11302,425.09627249,industrial_area,9
11303,693.71232007,power_plant,7
11304,794.93687906,power_plant,10
11305,289.47021906,power_plant,6
11306,1055.57189178,industrial_area,5
11307,,,0
11308,,,0
11309,,,0
11310,,,0
11311,,,0
11312,249.16318778,power_plant,61
11313,4267.53383971,power_plant,1
11314,,,0
11315,,,0
11316,,,0
11317,,,0
11318,,,0
11319,425.30863365,industrial_area,31
11320,347.66638673,industrial_area,30
11321,280.0360886,industrial_area,34
11322,135.00199551,industrial_area,33
11323,,,0
11324,241.90144701,industrial_area,2
11325,1062.89146597,industrial_area,1
11326,889.29533774,industrial_area,15
11327,237.79087331,industrial_area,4
11328,545.38455635,power_plant,4
11329,374.46290403,industrial_area,2
11330,373.97228523,industrial_area,4
11331,4429.56357971,industrial_works,1
11332,4759.98654931,industrial_works,1
11333,,,0
11334,622.13744596,power_plant,2
11335,473.56541935,power_plant,6
11336,309.16337791,power_plant,6
11337,470.8228738,power_plant,6
11338,174.88477111,industrial_works,5
11339,555.6235316,industrial_works,7
11340,855.88080367,industrial_works,8
11341,,,0
11342,,,0
11343,349.20382867,industrial_area,3
11344,3676.55324436,power_plant,3
11345,,,0
11346,,,0
11347,,,0
11348,,,0
11349,2342.26367331,industrial_area,2
11350,,,0
11351,,,0
11352,1877.97219747,power_plant,4
11353,,,0
11354,,,0
11355,,,0
11356,,,0
11357,,,0
11358,,,0
11359,,,0
11360,,,0
11361,,,0
11362,,,0
11363,4602.74841109,pipeline,1
11364,4237.96113214,pipeline,1
11365,,,0
11366,,,0
11367,,,0
11368,,,0
11369,,,0
11370,,,0
11371,,,0
11372,,,0
11373,,,0
11374,,,0
11375,,,0
11376,,,0
11377,,,0
11378,,,0
11379,,,0
11380,,,0
11381,,,0
11382,,,0
11383,3842.00737998,power_plant,1
11384,,,0
11385,,,0
11386,,,0
11387,,,0
11388,,,0
11389,,,0
11390,,,0
11391,,,0
11392,,,0
11393,,,0
11394,,,0
11395,2393.34286138,industrial_area,3
11396,2862.24901407,power_plant,1
11397,2806.14817696,power_plant,1
11398,2495.67486072,power_plant,1
11399,732.38534632,power_plant,10
11400,3549.50652066,power_plant,1
11401,,,0
11402,,,0
11403,,,0
11404,,,0
11405,,,0
11406,,,0
11407,,,0
11408,,,0
11409,,,0
11410,,,0
11411,,,0
11412,,,0
11413,,,0
11414,,,0
11415,,,0
11416,,,0
11417,4236.08434202,industrial_area,6
11418,,,0
11419,,,0
11420,,,0
11421,,,0
11422,,,0
11423,3416.44682833,industrial_area,2
11424,,,0
11425,,,0
11426,400.8663166,industrial_works,6
11427,3875.24594238,pipeline,1
11428,294.97260191,industrial_area,16
11429,,,0
11430,,,0
11431,,,0
11432,354.31956289,power_plant,2
11433,,,0
11434,,,0
11435,,,0
11436,,,0
11437,,,0
11438,,,0
11439,,,0
11440,1571.54833467,industrial_area,8
11441,461.27169428,pipeline,31
