{
"type": "FeatureCollection",
"name": "firms_geo",
"crs": { "type": "name", "properties": { "name": "urn:ogc:def:crs:OGC:1.3:CRS84" } },
"features": [
{ "type": "Feature", "properties": { "latitude": 6.71136, "longitude": 81.53332, "bright_ti4": 331.31, "scan": 0.61, "track": 0.71, "acq_date": "2026-09-08", "acq_time": 718, "satellite": "N", "instrument": "VIIRS", "confidence": "n", "version": "2.0NRT", "bright_ti5": 289.61, "frp": 5.84, "daynight": "D" }, "geometry": { "type": "Point", "coordinates": [ 81.53332, 6.71136 ] } },
{ "type": "Feature", "properties": { "latitude": 6.71596, "longitude": 81.53243, "bright_ti4": 333.96, "scan": 0.61, "track": 0.71, "acq_date": "2026-09-08", "acq_time": 718, "satellite": "N", "instrument": "VIIRS", "confidence": "n", "version": "2.0NRT", "bright_ti5": 289.69, "frp": 5.37, "daynight": "D" }, "geometry": { "type": "Point", "coordinates": [ 81.53243, 6.71596 ] } },
{ "type": "Feature", "properties": { "latitude": 6.72456, "longitude": 81.28551, "bright_ti4": 330.86, "scan": 0.63, "track": 0.72, "acq_date": "2026-09-08", "acq_time": 718, "satellite": "N", "instrument": "VIIRS", "confidence": "n", "version": "2.0NRT", "bright_ti5": 291.77, "frp": 6.84, "daynight": "D" }, "geometry": { "type": "Point", "coordinates": [ 81.28551, 6.72456 ] } },
{ "type": "Feature", "properties": { "latitude": 7.61222, "longitude": 80.93584, "bright_ti4": 339.15, "scan": 0.64, "track": 0.72, "acq_date": "2026-09-08", "acq_time": 718, "satellite": "N", "instrument": "VIIRS", "confidence": "n", "version": "2.0NRT", "bright_ti5": 291.93, "frp": 6.81, "daynight": "D" }, "geometry": { "type": "Point", "coordinates": [ 80.93584, 7.61222 ] } },
{ "type": "Feature", "properties": { "latitude": 7.95023, "longitude": 80.10661, "bright_ti4": 333.68, "scan": 0.72, "track": 0.75, "acq_date": "2026-09-08", "acq_time": 718, "satellite": "N", "instrument": "VIIRS", "confidence": "n", "version": "2.0NRT", "bright_ti5": 287.82, "frp": 6.49, "daynight": "D" }, "geometry": { "type": "Point", "coordinates": [ 80.10661, 7.95023 ] } },
{ "type": "Feature", "properties": { "latitude": 7.97608, "longitude": 80.05353, "bright_ti4": 333.42, "scan": 0.72, "track": 0.76, "acq_date": "2026-09-08", "acq_time": 718, "satellite": "N", "instrument": "VIIRS", "confidence": "n", "version": "2.0NRT", "bright_ti5": 288.36, "frp": 9.72, "daynight": "D" }, "geometry": { "type": "Point", "coordinates": [ 80.05353, 7.97608 ] } },
{ "type": "Feature", "properties": { "latitude": 8.15005, "longitude": 81.13979, "bright_ti4": 337.83, "scan": 0.61, "track": 0.71, "acq_date": "2026-09-08", "acq_time": 718, "satellite": "N", "instrument": "VIIRS", "confidence": "n", "version": "2.0NRT", "bright_ti5": 289.69, "frp": 7.53, "daynight": "D" }, "geometry": { "type": "Point", "coordinates": [ 81.13979, 8.15005 ] } },
{ "type": "Feature", "properties": { "latitude": 8.54175, "longitude": 80.52318, "bright_ti4": 336.54, "scan": 0.66, "track": 0.73, "acq_date": "2026-09-08", "acq_time": 718, "satellite": "N", "instrument": "VIIRS", "confidence": "n", "version": "2.0NRT", "bright_ti5": 289.66, "frp": 7.06, "daynight": "D" }, "geometry": { "type": "Point", "coordinates": [ 80.52318, 8.54175 ] } },
{ "type": "Feature", "properties": { "latitude": 9.37813, "longitude": 80.43444, "bright_ti4": 341.92, "scan": 0.64, "track": 0.72, "acq_date": "2026-09-08", "acq_time": 718, "satellite": "N", "instrument": "VIIRS", "confidence": "n", "version": "2.0NRT", "bright_ti5": 291.88, "frp": 7.48, "daynight": "D" }, "geometry": { "type": "Point", "coordinates": [ 80.43444, 9.37813 ] } },
{ "type": "Feature", "properties": { "latitude": 10.41876, "longitude": 79.25484, "bright_ti4": 335.8, "scan": 0.74, "track": 0.76, "acq_date": "2026-09-08", "acq_time": 718, "satellite": "N", "instrument": "VIIRS", "confidence": "n", "version": "2.0NRT", "bright_ti5": 295.51, "frp": 7.07, "daynight": "D" }, "geometry": { "type": "Point", "coordinates": [ 79.25484, 10.41876 ] } },
{ "type": "Feature", "properties": { "latitude": 10.42313, "longitude": 79.25229, "bright_ti4": 355.09, "scan": 0.73, "track": 0.76, "acq_date": "2026-09-08", "acq_time": 718, "satellite": "N", "instrument": "VIIRS", "confidence": "n", "version": "2.0NRT", "bright_ti5": 295.22, "frp": 10.43, "daynight": "D" }, "geometry": { "type": "Point", "coordinates": [ 79.25229, 10.42313 ] } },
{ "type": "Feature", "properties": { "latitude": 10.42577, "longitude": 79.25342, "bright_ti4": 344.95, "scan": 0.74, "track": 0.76, "acq_date": "2026-09-08", "acq_time": 718, "satellite": "N", "instrument": "VIIRS", "confidence": "n", "version": "2.0NRT", "bright_ti5": 295.13, "frp": 7.07, "daynight": "D" }, "geometry": { "type": "Point", "coordinates": [ 79.25342, 10.42577 ] } },
{ "type": "Feature", "properties": { "latitude": 11.16977, "longitude": 79.58669, "bright_ti4": 330.7, "scan": 0.68, "track": 0.74, "acq_date": "2026-09-08", "acq_time": 718, "satellite": "N", "instrument": "VIIRS", "confidence": "n", "version": "2.0NRT", "bright_ti5": 293.92, "frp": 5.67, "daynight": "D" }, "geometry": { "type": "Point", "coordinates": [ 79.58669, 11.16977 ] } },
{ "type": "Feature", "properties": { "latitude": 11.44852, "longitude": 79.55484, "bright_ti4": 331.28, "scan": 0.67, "track": 0.74, "acq_date": "2026-09-08", "acq_time": 720, "satellite": "N", "instrument": "VIIRS", "confidence": "n", "version": "2.0NRT", "bright_ti5": 294.18, "frp": 6.1, "daynight": "D" }, "geometry": { "type": "Point", "coordinates": [ 79.55484, 11.44852 ] } },
{ "type": "Feature", "properties": { "latitude": 11.71798, "longitude": 79.20487, "bright_ti4": 330.28, "scan": 0.7, "track": 0.75, "acq_date": "2026-09-08", "acq_time": 720, "satellite": "N", "instrument": "VIIRS", "confidence": "n", "version": "2.0NRT", "bright_ti5": 294.5, "frp": 6.98, "daynight": "D" }, "geometry": { "type": "Point", "coordinates": [ 79.20487, 11.71798 ] } },
{ "type": "Feature", "properties": { "latitude": 11.71861, "longitude": 79.20637, "bright_ti4": 333.78, "scan": 0.7, "track": 0.75, "acq_date": "2026-09-08", "acq_time": 720, "satellite": "N", "instrument": "VIIRS", "confidence": "n", "version": "2.0NRT", "bright_ti5": 294.92, "frp": 4.97, "daynight": "D" }, "geometry": { "type": "Point", "coordinates": [ 79.20637, 11.71861 ] } },
{ "type": "Feature", "properties": { "latitude": 11.91456, "longitude": 78.91544, "bright_ti4": 337.28, "scan": 0.73, "track": 0.76, "acq_date": "2026-09-08", "acq_time": 720, "satellite": "N", "instrument": "VIIRS", "confidence": "n", "version": "2.0NRT", "bright_ti5": 294.41, "frp": 4.43, "daynight": "D" }, "geometry": { "type": "Point", "coordinates": [ 78.91544, 11.91456 ] } },
{ "type": "Feature", "properties": { "latitude": 16.86624, "longitude": 79.28669, "bright_ti4": 340.8, "scan": 0.55, "track": 0.68, "acq_date": "2026-09-08", "acq_time": 720, "satellite": "N", "instrument": "VIIRS", "confidence": "n", "version": "2.0NRT", "bright_ti5": 287.48, "frp": 10.5, "daynight": "D" }, "geometry": { "type": "Point", "coordinates": [ 79.28669, 16.86624 ] } },
{ "type": "Feature", "properties": { "latitude": 16.86987, "longitude": 79.28905, "bright_ti4": 349.2, "scan": 0.55, "track": 0.68, "acq_date": "2026-09-08", "acq_time": 720, "satellite": "N", "instrument": "VIIRS", "confidence": "n", "version": "2.0NRT", "bright_ti5": 286.91, "frp": 9.74, "daynight": "D" }, "geometry": { "type": "Point", "coordinates": [ 79.28905, 16.86987 ] } },
{ "type": "Feature", "properties": { "latitude": 17.42077, "longitude": 82.34301, "bright_ti4": 336.64, "scan": 0.34, "track": 0.56, "acq_date": "2026-09-08", "acq_time": 720, "satellite": "N", "instrument": "VIIRS", "confidence": "n", "version": "2.0NRT", "bright_ti5": 292.76, "frp": 2.06, "daynight": "D" }, "geometry": { "type": "Point", "coordinates": [ 82.34301, 17.42077 ] } },
{ "type": "Feature", "properties": { "latitude": 17.42123, "longitude": 82.3414, "bright_ti4": 329.03, "scan": 0.34, "track": 0.56, "acq_date": "2026-09-08", "acq_time": 720, "satellite": "N", "instrument": "VIIRS", "confidence": "n", "version": "2.0NRT", "bright_ti5": 292.18, "frp": 2.8, "daynight": "D" }, "geometry": { "type": "Point", "coordinates": [ 82.3414, 17.42123 ] } },
{ "type": "Feature", "properties": { "latitude": 19.09924, "longitude": 82.16588, "bright_ti4": 327.77, "scan": 0.33, "track": 0.55, "acq_date": "2026-09-08", "acq_time": 720, "satellite": "N", "instrument": "VIIRS", "confidence": "n", "version": "2.0NRT", "bright_ti5": 293.54, "frp": 3.91, "daynight": "D" }, "geometry": { "type": "Point", "coordinates": [ 82.16588, 19.09924 ] } },
{ "type": "Feature", "properties": { "latitude": 22.68995, "longitude": 92.1611, "bright_ti4": 329.81, "scan": 0.41, "track": 0.37, "acq_date": "2026-09-08", "acq_time": 722, "satellite": "N", "instrument": "VIIRS", "confidence": "n", "version": "2.0NRT", "bright_ti5": 292.02, "frp": 2.89, "daynight": "D" }, "geometry": { "type": "Point", "coordinates": [ 92.1611, 22.68995 ] } },
{ "type": "Feature", "properties": { "latitude": 23.67418, "longitude": 86.0887, "bright_ti4": 335.29, "scan": 0.48, "track": 0.4, "acq_date": "2026-09-08", "acq_time": 722, "satellite": "N", "instrument": "VIIRS", "confidence": "n", "version": "2.0NRT", "bright_ti5": 289.13, "frp": 7.74, "daynight": "D" }, "geometry": { "type": "Point", "coordinates": [ 86.0887, 23.67418 ] } },
{ "type": "Feature", "properties": { "latitude": 27.94888, "longitude": 95.25629, "bright_ti4": 332.5, "scan": 0.44, "track": 0.46, "acq_date": "2026-09-08", "acq_time": 722, "satellite": "N", "instrument": "VIIRS", "confidence": "n", "version": "2.0NRT", "bright_ti5": 294.32, "frp": 2.75, "daynight": "D" }, "geometry": { "type": "Point", "coordinates": [ 95.25629, 27.94888 ] } },
{ "type": "Feature", "properties": { "latitude": 28.65772, "longitude": 77.57368, "bright_ti4": 338.07, "scan": 0.39, "track": 0.6, "acq_date": "2026-09-08", "acq_time": 724, "satellite": "N", "instrument": "VIIRS", "confidence": "n", "version": "2.0NRT", "bright_ti5": 294.07, "frp": 3.21, "daynight": "D" }, "geometry": { "type": "Point", "coordinates": [ 77.57368, 28.65772 ] } },
{ "type": "Feature", "properties": { "latitude": 29.9065, "longitude": 74.94508, "bright_ti4": 367.0, "scan": 0.52, "track": 0.67, "acq_date": "2026-09-08", "acq_time": 724, "satellite": "N", "instrument": "VIIRS", "confidence": "h", "version": "2.0NRT", "bright_ti5": 295.48, "frp": 13.87, "daynight": "D" }, "geometry": { "type": "Point", "coordinates": [ 74.94508, 29.9065 ] } },
{ "type": "Feature", "properties": { "latitude": 29.90792, "longitude": 74.9504, "bright_ti4": 333.77, "scan": 0.52, "track": 0.67, "acq_date": "2026-09-08", "acq_time": 724, "satellite": "N", "instrument": "VIIRS", "confidence": "n", "version": "2.0NRT", "bright_ti5": 296.05, "frp": 16.71, "daynight": "D" }, "geometry": { "type": "Point", "coordinates": [ 74.9504, 29.90792 ] } },
{ "type": "Feature", "properties": { "latitude": 29.90838, "longitude": 74.94791, "bright_ti4": 367.0, "scan": 0.52, "track": 0.67, "acq_date": "2026-09-08", "acq_time": 724, "satellite": "N", "instrument": "VIIRS", "confidence": "h", "version": "2.0NRT", "bright_ti5": 295.73, "frp": 15.56, "daynight": "D" }, "geometry": { "type": "Point", "coordinates": [ 74.94791, 29.90838 ] } },
{ "type": "Feature", "properties": { "latitude": 31.21099, "longitude": 75.96707, "bright_ti4": 329.07, "scan": 0.42, "track": 0.61, "acq_date": "2026-09-08", "acq_time": 724, "satellite": "N", "instrument": "VIIRS", "confidence": "n", "version": "2.0NRT", "bright_ti5": 295.18, "frp": 2.47, "daynight": "D" }, "geometry": { "type": "Point", "coordinates": [ 75.96707, 31.21099 ] } },
{ "type": "Feature", "properties": { "latitude": 6.38879, "longitude": 81.01832, "bright_ti4": 333.68, "scan": 0.61, "track": 0.71, "acq_date": "2026-09-08", "acq_time": 858, "satellite": "N", "instrument": "VIIRS", "confidence": "n", "version": "2.0NRT", "bright_ti5": 288.76, "frp": 5.0, "daynight": "D" }, "geometry": { "type": "Point", "coordinates": [ 81.01832, 6.38879 ] } },
{ "type": "Feature", "properties": { "latitude": 6.39152, "longitude": 81.01944, "bright_ti4": 335.74, "scan": 0.61, "track": 0.71, "acq_date": "2026-09-08", "acq_time": 858, "satellite": "N", "instrument": "VIIRS", "confidence": "n", "version": "2.0NRT", "bright_ti5": 288.81, "frp": 4.47, "daynight": "D" }, "geometry": { "type": "Point", "coordinates": [ 81.01944, 6.39152 ] } },
{ "type": "Feature", "properties": { "latitude": 7.56449, "longitude": 81.01935, "bright_ti4": 341.91, "scan": 0.63, "track": 0.72, "acq_date": "2026-09-08", "acq_time": 858, "satellite": "N", "instrument": "VIIRS", "confidence": "n", "version": "2.0NRT", "bright_ti5": 292.38, "frp": 10.86, "daynight": "D" }, "geometry": { "type": "Point", "coordinates": [ 81.01935, 7.56449 ] } },
{ "type": "Feature", "properties": { "latitude": 7.56569, "longitude": 81.05844, "bright_ti4": 353.87, "scan": 0.64, "track": 0.72, "acq_date": "2026-09-08", "acq_time": 858, "satellite": "N", "instrument": "VIIRS", "confidence": "n", "version": "2.0NRT", "bright_ti5": 291.01, "frp": 13.73, "daynight": "D" }, "geometry": { "type": "Point", "coordinates": [ 81.05844, 7.56569 ] } },
{ "type": "Feature", "properties": { "latitude": 7.56799, "longitude": 81.02248, "bright_ti4": 335.25, "scan": 0.63, "track": 0.72, "acq_date": "2026-09-08", "acq_time": 858, "satellite": "N", "instrument": "VIIRS", "confidence": "n", "version": "2.0NRT", "bright_ti5": 292.17, "frp": 9.12, "daynight": "D" }, "geometry": { "type": "Point", "coordinates": [ 81.02248, 7.56799 ] } },
{ "type": "Feature", "properties": { "latitude": 7.56993, "longitude": 81.06039, "bright_ti4": 340.3, "scan": 0.64, "track": 0.72, "acq_date": "2026-09-08", "acq_time": 858, "satellite": "N", "instrument": "VIIRS", "confidence": "n", "version": "2.0NRT", "bright_ti5": 290.96, "frp": 10.01, "daynight": "D" }, "geometry": { "type": "Point", "coordinates": [ 81.06039, 7.56993 ] } },
{ "type": "Feature", "properties": { "latitude": 7.7091, "longitude": 80.68776, "bright_ti4": 338.87, "scan": 0.6, "track": 0.71, "acq_date": "2026-09-08", "acq_time": 858, "satellite": "N", "instrument": "VIIRS", "confidence": "n", "version": "2.0NRT", "bright_ti5": 290.04, "frp": 10.21, "daynight": "D" }, "geometry": { "type": "Point", "coordinates": [ 80.68776, 7.7091 ] } },
{ "type": "Feature", "properties": { "latitude": 7.70964, "longitude": 80.69207, "bright_ti4": 341.61, "scan": 0.6, "track": 0.71, "acq_date": "2026-09-08", "acq_time": 858, "satellite": "N", "instrument": "VIIRS", "confidence": "n", "version": "2.0NRT", "bright_ti5": 290.31, "frp": 14.15, "daynight": "D" }, "geometry": { "type": "Point", "coordinates": [ 80.69207, 7.70964 ] } },
{ "type": "Feature", "properties": { "latitude": 7.71078, "longitude": 80.68703, "bright_ti4": 340.15, "scan": 0.6, "track": 0.71, "acq_date": "2026-09-08", "acq_time": 858, "satellite": "N", "instrument": "VIIRS", "confidence": "n", "version": "2.0NRT", "bright_ti5": 289.75, "frp": 9.17, "daynight": "D" }, "geometry": { "type": "Point", "coordinates": [ 80.68703, 7.71078 ] } },
{ "type": "Feature", "properties": { "latitude": 7.71136, "longitude": 80.69144, "bright_ti4": 343.91, "scan": 0.6, "track": 0.71, "acq_date": "2026-09-08", "acq_time": 858, "satellite": "N", "instrument": "VIIRS", "confidence": "n", "version": "2.0NRT", "bright_ti5": 290.21, "frp": 9.17, "daynight": "D" }, "geometry": { "type": "Point", "coordinates": [ 80.69144, 7.71136 ] } },
{ "type": "Feature", "properties": { "latitude": 7.84198, "longitude": 79.8895, "bright_ti4": 343.53, "scan": 0.54, "track": 0.67, "acq_date": "2026-09-08", "acq_time": 858, "satellite": "N", "instrument": "VIIRS", "confidence": "n", "version": "2.0NRT", "bright_ti5": 290.92, "frp": 7.16, "daynight": "D" }, "geometry": { "type": "Point", "coordinates": [ 79.8895, 7.84198 ] } },
{ "type": "Feature", "properties": { "latitude": 8.43047, "longitude": 80.35378, "bright_ti4": 336.38, "scan": 0.59, "track": 0.7, "acq_date": "2026-09-08", "acq_time": 858, "satellite": "N", "instrument": "VIIRS", "confidence": "n", "version": "2.0NRT", "bright_ti5": 290.13, "frp": 6.95, "daynight": "D" }, "geometry": { "type": "Point", "coordinates": [ 80.35378, 8.43047 ] } },
{ "type": "Feature", "properties": { "latitude": 8.60429, "longitude": 77.96714, "bright_ti4": 337.01, "scan": 0.41, "track": 0.6, "acq_date": "2026-09-08", "acq_time": 858, "satellite": "N", "instrument": "VIIRS", "confidence": "n", "version": "2.0NRT", "bright_ti5": 299.88, "frp": 2.57, "daynight": "D" }, "geometry": { "type": "Point", "coordinates": [ 77.96714, 8.60429 ] } },
{ "type": "Feature", "properties": { "latitude": 8.68277, "longitude": 80.80513, "bright_ti4": 337.41, "scan": 0.63, "track": 0.72, "acq_date": "2026-09-08", "acq_time": 858, "satellite": "N", "instrument": "VIIRS", "confidence": "n", "version": "2.0NRT", "bright_ti5": 290.81, "frp": 3.8, "daynight": "D" }, "geometry": { "type": "Point", "coordinates": [ 80.80513, 8.68277 ] } },
{ "type": "Feature", "properties": { "latitude": 8.95051, "longitude": 80.46358, "bright_ti4": 330.71, "scan": 0.61, "track": 0.71, "acq_date": "2026-09-08", "acq_time": 858, "satellite": "N", "instrument": "VIIRS", "confidence": "n", "version": "2.0NRT", "bright_ti5": 289.22, "frp": 3.53, "daynight": "D" }, "geometry": { "type": "Point", "coordinates": [ 80.46358, 8.95051 ] } },
{ "type": "Feature", "properties": { "latitude": 9.09733, "longitude": 77.4617, "bright_ti4": 330.93, "scan": 0.38, "track": 0.59, "acq_date": "2026-09-08", "acq_time": 858, "satellite": "N", "instrument": "VIIRS", "confidence": "n", "version": "2.0NRT", "bright_ti5": 298.6, "frp": 1.47, "daynight": "D" }, "geometry": { "type": "Point", "coordinates": [ 77.4617, 9.09733 ] } },
{ "type": "Feature", "properties": { "latitude": 9.09777, "longitude": 77.45968, "bright_ti4": 335.17, "scan": 0.38, "track": 0.59, "acq_date": "2026-09-08", "acq_time": 858, "satellite": "N", "instrument": "VIIRS", "confidence": "n", "version": "2.0NRT", "bright_ti5": 298.97, "frp": 1.46, "daynight": "D" }, "geometry": { "type": "Point", "coordinates": [ 77.45968, 9.09777 ] } },
{ "type": "Feature", "properties": { "latitude": 9.24284, "longitude": 77.45622, "bright_ti4": 367.0, "scan": 0.38, "track": 0.59, "acq_date": "2026-09-08", "acq_time": 858, "satellite": "N", "instrument": "VIIRS", "confidence": "h", "version": "2.0NRT", "bright_ti5": 300.12, "frp": 6.7, "daynight": "D" }, "geometry": { "type": "Point", "coordinates": [ 77.45622, 9.24284 ] } },
{ "type": "Feature", "properties": { "latitude": 9.34336, "longitude": 77.66833, "bright_ti4": 336.37, "scan": 0.4, "track": 0.6, "acq_date": "2026-09-08", "acq_time": 858, "satellite": "N", "instrument": "VIIRS", "confidence": "n", "version": "2.0NRT", "bright_ti5": 301.54, "frp": 1.47, "daynight": "D" }, "geometry": { "type": "Point", "coordinates": [ 77.66833, 9.34336 ] } },
{ "type": "Feature", "properties": { "latitude": 9.34557, "longitude": 78.82265, "bright_ti4": 340.93, "scan": 0.48, "track": 0.64, "acq_date": "2026-09-08", "acq_time": 858, "satellite": "N", "instrument": "VIIRS", "confidence": "n", "version": "2.0NRT", "bright_ti5": 294.84, "frp": 7.49, "daynight": "D" }, "geometry": { "type": "Point", "coordinates": [ 78.82265, 9.34557 ] } },
{ "type": "Feature", "properties": { "latitude": 9.3474, "longitude": 77.66602, "bright_ti4": 348.28, "scan": 0.4, "track": 0.6, "acq_date": "2026-09-08", "acq_time": 858, "satellite": "N", "instrument": "VIIRS", "confidence": "n", "version": "2.0NRT", "bright_ti5": 300.93, "frp": 2.13, "daynight": "D" }, "geometry": { "type": "Point", "coordinates": [ 77.66602, 9.3474 ] } },
{ "type": "Feature", "properties": { "latitude": 9.34892, "longitude": 77.66765, "bright_ti4": 330.81, "scan": 0.4, "track": 0.6, "acq_date": "2026-09-08", "acq_time": 858, "satellite": "N", "instrument": "VIIRS", "confidence": "n", "version": "2.0NRT", "bright_ti5": 300.21, "frp": 1.47, "daynight": "D" }, "geometry": { "type": "Point", "coordinates": [ 77.66765, 9.34892 ] } },
{ "type": "Feature", "properties": { "latitude": 9.48111, "longitude": 78.22231, "bright_ti4": 334.78, "scan": 0.44, "track": 0.62, "acq_date": "2026-09-08", "acq_time": 858, "satellite": "N", "instrument": "VIIRS", "confidence": "n", "version": "2.0NRT", "bright_ti5": 297.17, "frp": 3.12, "daynight": "D" }, "geometry": { "type": "Point", "coordinates": [ 78.22231, 9.48111 ] } },
{ "type": "Feature", "properties": { "latitude": 9.53493, "longitude": 78.64525, "bright_ti4": 358.03, "scan": 0.47, "track": 0.64, "acq_date": "2026-09-08", "acq_time": 858, "satellite": "N", "instrument": "VIIRS", "confidence": "n", "version": "2.0NRT", "bright_ti5": 293.97, "frp": 10.55, "daynight": "D" }, "geometry": { "type": "Point", "coordinates": [ 78.64525, 9.53493 ] } },
{ "type": "Feature", "properties": { "latitude": 9.84427, "longitude": 77.43711, "bright_ti4": 333.04, "scan": 0.39, "track": 0.59, "acq_date": "2026-09-08", "acq_time": 858, "satellite": "N", "instrument": "VIIRS", "confidence": "n", "version": "2.0NRT", "bright_ti5": 301.65, "frp": 1.08, "daynight": "D" }, "geometry": { "type": "Point", "coordinates": [ 77.43711, 9.84427 ] } },
{ "type": "Feature", "properties": { "latitude": 9.84432, "longitude": 77.43795, "bright_ti4": 330.84, "scan": 0.39, "track": 0.59, "acq_date": "2026-09-08", "acq_time": 858, "satellite": "N", "instrument": "VIIRS", "confidence": "l", "version": "2.0NRT", "bright_ti5": 301.21, "frp": 2.31, "daynight": "D" }, "geometry": { "type": "Point", "coordinates": [ 77.43795, 9.84432 ] } },
{ "type": "Feature", "properties": { "latitude": 10.26803, "longitude": 77.25012, "bright_ti4": 333.67, "scan": 0.38, "track": 0.59, "acq_date": "2026-09-08", "acq_time": 858, "satellite": "N", "instrument": "VIIRS", "confidence": "n", "version": "2.0NRT", "bright_ti5": 300.52, "frp": 4.37, "daynight": "D" }, "geometry": { "type": "Point", "coordinates": [ 77.25012, 10.26803 ] } },
{ "type": "Feature", "properties": { "latitude": 10.26851, "longitude": 77.25398, "bright_ti4": 367.0, "scan": 0.39, "track": 0.59, "acq_date": "2026-09-08", "acq_time": 858, "satellite": "N", "instrument": "VIIRS", "confidence": "h", "version": "2.0NRT", "bright_ti5": 303.46, "frp": 13.47, "daynight": "D" }, "geometry": { "type": "Point", "coordinates": [ 77.25398, 10.26851 ] } },
{ "type": "Feature", "properties": { "latitude": 10.26912, "longitude": 77.25885, "bright_ti4": 367.0, "scan": 0.39, "track": 0.59, "acq_date": "2026-09-08", "acq_time": 858, "satellite": "N", "instrument": "VIIRS", "confidence": "h", "version": "2.0NRT", "bright_ti5": 303.19, "frp": 13.47, "daynight": "D" }, "geometry": { "type": "Point", "coordinates": [ 77.25885, 10.26912 ] } },
{ "type": "Feature", "properties": { "latitude": 10.27382, "longitude": 77.25198, "bright_ti4": 367.0, "scan": 0.38, "track": 0.59, "acq_date": "2026-09-08", "acq_time": 858, "satellite": "N", "instrument": "VIIRS", "confidence": "h", "version": "2.0NRT", "bright_ti5": 306.94, "frp": 8.66, "daynight": "D" }, "geometry": { "type": "Point", "coordinates": [ 77.25198, 10.27382 ] } },
{ "type": "Feature", "properties": { "latitude": 10.27434, "longitude": 77.2561, "bright_ti4": 338.94, "scan": 0.39, "track": 0.59, "acq_date": "2026-09-08", "acq_time": 858, "satellite": "N", "instrument": "VIIRS", "confidence": "n", "version": "2.0NRT", "bright_ti5": 304.77, "frp": 7.95, "daynight": "D" }, "geometry": { "type": "Point", "coordinates": [ 77.2561, 10.27434 ] } },
{ "type": "Feature", "properties": { "latitude": 12.06157, "longitude": 77.02383, "bright_ti4": 330.93, "scan": 0.39, "track": 0.6, "acq_date": "2026-09-08", "acq_time": 900, "satellite": "N", "instrument": "VIIRS", "confidence": "n", "version": "2.0NRT", "bright_ti5": 298.73, "frp": 2.86, "daynight": "D" }, "geometry": { "type": "Point", "coordinates": [ 77.02383, 12.06157 ] } },
{ "type": "Feature", "properties": { "latitude": 12.09969, "longitude": 77.06045, "bright_ti4": 331.42, "scan": 0.4, "track": 0.6, "acq_date": "2026-09-08", "acq_time": 900, "satellite": "N", "instrument": "VIIRS", "confidence": "l", "version": "2.0NRT", "bright_ti5": 302.11, "frp": 3.63, "daynight": "D" }, "geometry": { "type": "Point", "coordinates": [ 77.06045, 12.09969 ] } },
{ "type": "Feature", "properties": { "latitude": 12.6018, "longitude": 76.3521, "bright_ti4": 330.43, "scan": 0.36, "track": 0.57, "acq_date": "2026-09-08", "acq_time": 900, "satellite": "N", "instrument": "VIIRS", "confidence": "n", "version": "2.0NRT", "bright_ti5": 297.42, "frp": 1.17, "daynight": "D" }, "geometry": { "type": "Point", "coordinates": [ 76.3521, 12.6018 ] } },
{ "type": "Feature", "properties": { "latitude": 12.68629, "longitude": 79.22961, "bright_ti4": 330.03, "scan": 0.56, "track": 0.69, "acq_date": "2026-09-08", "acq_time": 900, "satellite": "N", "instrument": "VIIRS", "confidence": "n", "version": "2.0NRT", "bright_ti5": 290.8, "frp": 5.0, "daynight": "D" }, "geometry": { "type": "Point", "coordinates": [ 79.22961, 12.68629 ] } },
{ "type": "Feature", "properties": { "latitude": 13.76837, "longitude": 76.63393, "bright_ti4": 334.36, "scan": 0.39, "track": 0.59, "acq_date": "2026-09-08", "acq_time": 900, "satellite": "N", "instrument": "VIIRS", "confidence": "n", "version": "2.0NRT", "bright_ti5": 294.39, "frp": 3.36, "daynight": "D" }, "geometry": { "type": "Point", "coordinates": [ 76.63393, 13.76837 ] } },
{ "type": "Feature", "properties": { "latitude": 14.2825, "longitude": 76.63771, "bright_ti4": 339.44, "scan": 0.4, "track": 0.6, "acq_date": "2026-09-08", "acq_time": 900, "satellite": "N", "instrument": "VIIRS", "confidence": "n", "version": "2.0NRT", "bright_ti5": 295.05, "frp": 4.58, "daynight": "D" }, "geometry": { "type": "Point", "coordinates": [ 76.63771, 14.2825 ] } },
{ "type": "Feature", "properties": { "latitude": 16.83965, "longitude": 76.57693, "bright_ti4": 338.6, "scan": 0.42, "track": 0.61, "acq_date": "2026-09-08", "acq_time": 902, "satellite": "N", "instrument": "VIIRS", "confidence": "n", "version": "2.0NRT", "bright_ti5": 289.66, "frp": 3.65, "daynight": "D" }, "geometry": { "type": "Point", "coordinates": [ 76.57693, 16.83965 ] } },
{ "type": "Feature", "properties": { "latitude": 20.81934, "longitude": 71.06818, "bright_ti4": 330.11, "scan": 0.42, "track": 0.45, "acq_date": "2026-09-08", "acq_time": 902, "satellite": "N", "instrument": "VIIRS", "confidence": "n", "version": "2.0NRT", "bright_ti5": 299.88, "frp": 2.79, "daynight": "D" }, "geometry": { "type": "Point", "coordinates": [ 71.06818, 20.81934 ] } },
{ "type": "Feature", "properties": { "latitude": 21.10201, "longitude": 72.65463, "bright_ti4": 333.48, "scan": 0.53, "track": 0.5, "acq_date": "2026-09-08", "acq_time": 902, "satellite": "N", "instrument": "VIIRS", "confidence": "n", "version": "2.0NRT", "bright_ti5": 297.8, "frp": 4.88, "daynight": "D" }, "geometry": { "type": "Point", "coordinates": [ 72.65463, 21.10201 ] } },
{ "type": "Feature", "properties": { "latitude": 21.10262, "longitude": 72.63547, "bright_ti4": 337.55, "scan": 0.53, "track": 0.5, "acq_date": "2026-09-08", "acq_time": 902, "satellite": "N", "instrument": "VIIRS", "confidence": "n", "version": "2.0NRT", "bright_ti5": 298.03, "frp": 9.33, "daynight": "D" }, "geometry": { "type": "Point", "coordinates": [ 72.63547, 21.10262 ] } },
{ "type": "Feature", "properties": { "latitude": 21.10373, "longitude": 72.64575, "bright_ti4": 343.32, "scan": 0.53, "track": 0.5, "acq_date": "2026-09-08", "acq_time": 902, "satellite": "N", "instrument": "VIIRS", "confidence": "n", "version": "2.0NRT", "bright_ti5": 299.18, "frp": 10.64, "daynight": "D" }, "geometry": { "type": "Point", "coordinates": [ 72.64575, 21.10373 ] } },
{ "type": "Feature", "properties": { "latitude": 21.10607, "longitude": 72.6489, "bright_ti4": 339.2, "scan": 0.53, "track": 0.5, "acq_date": "2026-09-08", "acq_time": 902, "satellite": "N", "instrument": "VIIRS", "confidence": "n", "version": "2.0NRT", "bright_ti5": 299.32, "frp": 10.32, "daynight": "D" }, "geometry": { "type": "Point", "coordinates": [ 72.6489, 21.10607 ] } },
{ "type": "Feature", "properties": { "latitude": 24.67546, "longitude": 68.22954, "bright_ti4": 337.51, "scan": 0.49, "track": 0.4, "acq_date": "2026-09-08", "acq_time": 905, "satellite": "N", "instrument": "VIIRS", "confidence": "n", "version": "2.0NRT", "bright_ti5": 302.66, "frp": 3.29, "daynight": "D" }, "geometry": { "type": "Point", "coordinates": [ 68.22954, 24.67546 ] } },
{ "type": "Feature", "properties": { "latitude": 24.88822, "longitude": 68.00552, "bright_ti4": 343.55, "scan": 0.48, "track": 0.4, "acq_date": "2026-09-08", "acq_time": 905, "satellite": "N", "instrument": "VIIRS", "confidence": "n", "version": "2.0NRT", "bright_ti5": 308.6, "frp": 4.46, "daynight": "D" }, "geometry": { "type": "Point", "coordinates": [ 68.00552, 24.88822 ] } },
{ "type": "Feature", "properties": { "latitude": 25.02114, "longitude": 68.23278, "bright_ti4": 339.49, "scan": 0.49, "track": 0.4, "acq_date": "2026-09-08", "acq_time": 905, "satellite": "N", "instrument": "VIIRS", "confidence": "n", "version": "2.0NRT", "bright_ti5": 307.46, "frp": 3.65, "daynight": "D" }, "geometry": { "type": "Point", "coordinates": [ 68.23278, 25.02114 ] } },
{ "type": "Feature", "properties": { "latitude": 25.02487, "longitude": 68.23222, "bright_ti4": 340.54, "scan": 0.49, "track": 0.4, "acq_date": "2026-09-08", "acq_time": 905, "satellite": "N", "instrument": "VIIRS", "confidence": "n", "version": "2.0NRT", "bright_ti5": 308.72, "frp": 7.97, "daynight": "D" }, "geometry": { "type": "Point", "coordinates": [ 68.23222, 25.02487 ] } },
{ "type": "Feature", "properties": { "latitude": 25.57998, "longitude": 68.63033, "bright_ti4": 331.53, "scan": 0.52, "track": 0.42, "acq_date": "2026-09-08", "acq_time": 905, "satellite": "N", "instrument": "VIIRS", "confidence": "l", "version": "2.0NRT", "bright_ti5": 305.96, "frp": 3.84, "daynight": "D" }, "geometry": { "type": "Point", "coordinates": [ 68.63033, 25.57998 ] } },
{ "type": "Feature", "properties": { "latitude": 26.11402, "longitude": 68.94534, "bright_ti4": 338.33, "scan": 0.55, "track": 0.43, "acq_date": "2026-09-08", "acq_time": 905, "satellite": "N", "instrument": "VIIRS", "confidence": "n", "version": "2.0NRT", "bright_ti5": 305.78, "frp": 5.33, "daynight": "D" }, "geometry": { "type": "Point", "coordinates": [ 68.94534, 26.11402 ] } },
{ "type": "Feature", "properties": { "latitude": 26.11474, "longitude": 68.94655, "bright_ti4": 334.53, "scan": 0.55, "track": 0.43, "acq_date": "2026-09-08", "acq_time": 905, "satellite": "N", "instrument": "VIIRS", "confidence": "l", "version": "2.0NRT", "bright_ti5": 305.1, "frp": 2.47, "daynight": "D" }, "geometry": { "type": "Point", "coordinates": [ 68.94655, 26.11474 ] } },
{ "type": "Feature", "properties": { "latitude": 26.15266, "longitude": 68.60349, "bright_ti4": 340.16, "scan": 0.53, "track": 0.42, "acq_date": "2026-09-08", "acq_time": 905, "satellite": "N", "instrument": "VIIRS", "confidence": "l", "version": "2.0NRT", "bright_ti5": 311.45, "frp": 6.53, "daynight": "D" }, "geometry": { "type": "Point", "coordinates": [ 68.60349, 26.15266 ] } },
{ "type": "Feature", "properties": { "latitude": 26.61547, "longitude": 68.16102, "bright_ti4": 343.67, "scan": 0.51, "track": 0.41, "acq_date": "2026-09-08", "acq_time": 905, "satellite": "N", "instrument": "VIIRS", "confidence": "n", "version": "2.0NRT", "bright_ti5": 306.76, "frp": 10.62, "daynight": "D" }, "geometry": { "type": "Point", "coordinates": [ 68.16102, 26.61547 ] } },
{ "type": "Feature", "properties": { "latitude": 27.97179, "longitude": 68.9266, "bright_ti4": 342.52, "scan": 0.39, "track": 0.44, "acq_date": "2026-09-08", "acq_time": 905, "satellite": "N", "instrument": "VIIRS", "confidence": "n", "version": "2.0NRT", "bright_ti5": 307.6, "frp": 3.99, "daynight": "D" }, "geometry": { "type": "Point", "coordinates": [ 68.9266, 27.97179 ] } },
{ "type": "Feature", "properties": { "latitude": 28.04094, "longitude": 69.6731, "bright_ti4": 333.71, "scan": 0.42, "track": 0.46, "acq_date": "2026-09-08", "acq_time": 905, "satellite": "N", "instrument": "VIIRS", "confidence": "l", "version": "2.0NRT", "bright_ti5": 305.84, "frp": 4.14, "daynight": "D" }, "geometry": { "type": "Point", "coordinates": [ 69.6731, 28.04094 ] } },
{ "type": "Feature", "properties": { "latitude": 29.82304, "longitude": 72.84699, "bright_ti4": 337.52, "scan": 0.34, "track": 0.56, "acq_date": "2026-09-08", "acq_time": 905, "satellite": "N", "instrument": "VIIRS", "confidence": "n", "version": "2.0NRT", "bright_ti5": 299.51, "frp": 2.06, "daynight": "D" }, "geometry": { "type": "Point", "coordinates": [ 72.84699, 29.82304 ] } },
{ "type": "Feature", "properties": { "latitude": 30.33233, "longitude": 71.97624, "bright_ti4": 338.09, "scan": 0.62, "track": 0.54, "acq_date": "2026-09-08", "acq_time": 905, "satellite": "N", "instrument": "VIIRS", "confidence": "n", "version": "2.0NRT", "bright_ti5": 300.17, "frp": 5.02, "daynight": "D" }, "geometry": { "type": "Point", "coordinates": [ 71.97624, 30.33233 ] } },
{ "type": "Feature", "properties": { "latitude": 31.33438, "longitude": 72.16042, "bright_ti4": 333.78, "scan": 0.32, "track": 0.55, "acq_date": "2026-09-08", "acq_time": 905, "satellite": "N", "instrument": "VIIRS", "confidence": "n", "version": "2.0NRT", "bright_ti5": 297.11, "frp": 2.1, "daynight": "D" }, "geometry": { "type": "Point", "coordinates": [ 72.16042, 31.33438 ] } },
{ "type": "Feature", "properties": { "latitude": 31.33746, "longitude": 72.16238, "bright_ti4": 333.87, "scan": 0.32, "track": 0.55, "acq_date": "2026-09-08", "acq_time": 905, "satellite": "N", "instrument": "VIIRS", "confidence": "n", "version": "2.0NRT", "bright_ti5": 296.93, "frp": 3.64, "daynight": "D" }, "geometry": { "type": "Point", "coordinates": [ 72.16238, 31.33746 ] } },
{ "type": "Feature", "properties": { "latitude": 31.45633, "longitude": 72.13813, "bright_ti4": 337.01, "scan": 0.32, "track": 0.55, "acq_date": "2026-09-08", "acq_time": 905, "satellite": "N", "instrument": "VIIRS", "confidence": "n", "version": "2.0NRT", "bright_ti5": 297.88, "frp": 2.5, "daynight": "D" }, "geometry": { "type": "Point", "coordinates": [ 72.13813, 31.45633 ] } },
{ "type": "Feature", "properties": { "latitude": 35.48441, "longitude": 74.07708, "bright_ti4": 331.6, "scan": 0.46, "track": 0.64, "acq_date": "2026-09-08", "acq_time": 905, "satellite": "N", "instrument": "VIIRS", "confidence": "l", "version": "2.0NRT", "bright_ti5": 306.33, "frp": 5.29, "daynight": "D" }, "geometry": { "type": "Point", "coordinates": [ 74.07708, 35.48441 ] } },
{ "type": "Feature", "properties": { "latitude": 33.37469, "longitude": 70.30645, "bright_ti4": 342.48, "scan": 0.53, "track": 0.5, "acq_date": "2026-09-08", "acq_time": 907, "satellite": "N", "instrument": "VIIRS", "confidence": "n", "version": "2.0NRT", "bright_ti5": 300.81, "frp": 3.7, "daynight": "D" }, "geometry": { "type": "Point", "coordinates": [ 70.30645, 33.37469 ] } },
{ "type": "Feature", "properties": { "latitude": 19.10295, "longitude": 82.16367, "bright_ti4": 306.2, "scan": 0.53, "track": 0.5, "acq_date": "2026-09-08", "acq_time": 1949, "satellite": "N", "instrument": "VIIRS", "confidence": "n", "version": "2.0NRT", "bright_ti5": 273.54, "frp": 1.37, "daynight": "N" }, "geometry": { "type": "Point", "coordinates": [ 82.16367, 19.10295 ] } },
{ "type": "Feature", "properties": { "latitude": 19.96099, "longitude": 79.33219, "bright_ti4": 300.58, "scan": 0.42, "track": 0.61, "acq_date": "2026-09-08", "acq_time": 1949, "satellite": "N", "instrument": "VIIRS", "confidence": "n", "version": "2.0NRT", "bright_ti5": 269.83, "frp": 0.78, "daynight": "N" }, "geometry": { "type": "Point", "coordinates": [ 79.33219, 19.96099 ] } },
{ "type": "Feature", "properties": { "latitude": 20.78671, "longitude": 85.26124, "bright_ti4": 298.84, "scan": 0.54, "track": 0.42, "acq_date": "2026-09-08", "acq_time": 1949, "satellite": "N", "instrument": "VIIRS", "confidence": "n", "version": "2.0NRT", "bright_ti5": 272.8, "frp": 2.18, "daynight": "N" }, "geometry": { "type": "Point", "coordinates": [ 85.26124, 20.78671 ] } },
{ "type": "Feature", "properties": { "latitude": 20.79587, "longitude": 85.25201, "bright_ti4": 315.69, "scan": 0.54, "track": 0.42, "acq_date": "2026-09-08", "acq_time": 1949, "satellite": "N", "instrument": "VIIRS", "confidence": "n", "version": "2.0NRT", "bright_ti5": 272.81, "frp": 3.87, "daynight": "N" }, "geometry": { "type": "Point", "coordinates": [ 85.25201, 20.79587 ] } },
{ "type": "Feature", "properties": { "latitude": 20.80691, "longitude": 85.25891, "bright_ti4": 300.08, "scan": 0.54, "track": 0.42, "acq_date": "2026-09-08", "acq_time": 1949, "satellite": "N", "instrument": "VIIRS", "confidence": "n", "version": "2.0NRT", "bright_ti5": 268.92, "frp": 2.19, "daynight": "N" }, "geometry": { "type": "Point", "coordinates": [ 85.25891, 20.80691 ] } },
{ "type": "Feature", "properties": { "latitude": 20.86284, "longitude": 84.98545, "bright_ti4": 298.67, "scan": 0.56, "track": 0.43, "acq_date": "2026-09-08", "acq_time": 1949, "satellite": "N", "instrument": "VIIRS", "confidence": "n", "version": "2.0NRT", "bright_ti5": 270.94, "frp": 1.25, "daynight": "N" }, "geometry": { "type": "Point", "coordinates": [ 84.98545, 20.86284 ] } },
{ "type": "Feature", "properties": { "latitude": 20.86435, "longitude": 84.99242, "bright_ti4": 296.94, "scan": 0.56, "track": 0.43, "acq_date": "2026-09-08", "acq_time": 1949, "satellite": "N", "instrument": "VIIRS", "confidence": "n", "version": "2.0NRT", "bright_ti5": 269.84, "frp": 1.16, "daynight": "N" }, "geometry": { "type": "Point", "coordinates": [ 84.99242, 20.86435 ] } },
{ "type": "Feature", "properties": { "latitude": 20.86501, "longitude": 84.98708, "bright_ti4": 306.75, "scan": 0.56, "track": 0.43, "acq_date": "2026-09-08", "acq_time": 1949, "satellite": "N", "instrument": "VIIRS", "confidence": "n", "version": "2.0NRT", "bright_ti5": 271.06, "frp": 1.16, "daynight": "N" }, "geometry": { "type": "Point", "coordinates": [ 84.98708, 20.86501 ] } },
{ "type": "Feature", "properties": { "latitude": 20.86611, "longitude": 84.99142, "bright_ti4": 299.33, "scan": 0.56, "track": 0.43, "acq_date": "2026-09-08", "acq_time": 1949, "satellite": "N", "instrument": "VIIRS", "confidence": "n", "version": "2.0NRT", "bright_ti5": 270.68, "frp": 1.96, "daynight": "N" }, "geometry": { "type": "Point", "coordinates": [ 84.99142, 20.86611 ] } },
{ "type": "Feature", "properties": { "latitude": 20.88556, "longitude": 84.98448, "bright_ti4": 298.64, "scan": 0.56, "track": 0.43, "acq_date": "2026-09-08", "acq_time": 1949, "satellite": "N", "instrument": "VIIRS", "confidence": "n", "version": "2.0NRT", "bright_ti5": 268.71, "frp": 1.3, "daynight": "N" }, "geometry": { "type": "Point", "coordinates": [ 84.98448, 20.88556 ] } },
{ "type": "Feature", "properties": { "latitude": 20.89022, "longitude": 84.97961, "bright_ti4": 305.39, "scan": 0.56, "track": 0.43, "acq_date": "2026-09-08", "acq_time": 1949, "satellite": "N", "instrument": "VIIRS", "confidence": "n", "version": "2.0NRT", "bright_ti5": 268.48, "frp": 1.48, "daynight": "N" }, "geometry": { "type": "Point", "coordinates": [ 84.97961, 20.89022 ] } },
{ "type": "Feature", "properties": { "latitude": 20.95109, "longitude": 86.04737, "bright_ti4": 310.27, "scan": 0.5, "track": 0.41, "acq_date": "2026-09-08", "acq_time": 1949, "satellite": "N", "instrument": "VIIRS", "confidence": "n", "version": "2.0NRT", "bright_ti5": 271.42, "frp": 1.38, "daynight": "N" }, "geometry": { "type": "Point", "coordinates": [ 86.04737, 20.95109 ] } },
{ "type": "Feature", "properties": { "latitude": 20.95175, "longitude": 86.04957, "bright_ti4": 310.7, "scan": 0.5, "track": 0.41, "acq_date": "2026-09-08", "acq_time": 1949, "satellite": "N", "instrument": "VIIRS", "confidence": "n", "version": "2.0NRT", "bright_ti5": 272.04, "frp": 1.4, "daynight": "N" }, "geometry": { "type": "Point", "coordinates": [ 86.04957, 20.95175 ] } },
{ "type": "Feature", "properties": { "latitude": 20.96103, "longitude": 85.1719, "bright_ti4": 297.17, "scan": 0.55, "track": 0.43, "acq_date": "2026-09-08", "acq_time": 1949, "satellite": "N", "instrument": "VIIRS", "confidence": "n", "version": "2.0NRT", "bright_ti5": 272.55, "frp": 1.48, "daynight": "N" }, "geometry": { "type": "Point", "coordinates": [ 85.1719, 20.96103 ] } },
{ "type": "Feature", "properties": { "latitude": 20.96147, "longitude": 85.17611, "bright_ti4": 298.83, "scan": 0.55, "track": 0.43, "acq_date": "2026-09-08", "acq_time": 1949, "satellite": "N", "instrument": "VIIRS", "confidence": "n", "version": "2.0NRT", "bright_ti5": 272.18, "frp": 2.6, "daynight": "N" }, "geometry": { "type": "Point", "coordinates": [ 85.17611, 20.96147 ] } },
{ "type": "Feature", "properties": { "latitude": 20.96218, "longitude": 85.17078, "bright_ti4": 300.26, "scan": 0.55, "track": 0.43, "acq_date": "2026-09-08", "acq_time": 1949, "satellite": "N", "instrument": "VIIRS", "confidence": "n", "version": "2.0NRT", "bright_ti5": 272.53, "frp": 3.59, "daynight": "N" }, "geometry": { "type": "Point", "coordinates": [ 85.17078, 20.96218 ] } },
{ "type": "Feature", "properties": { "latitude": 20.96296, "longitude": 85.18839, "bright_ti4": 307.2, "scan": 0.55, "track": 0.43, "acq_date": "2026-09-08", "acq_time": 1949, "satellite": "N", "instrument": "VIIRS", "confidence": "n", "version": "2.0NRT", "bright_ti5": 268.75, "frp": 1.24, "daynight": "N" }, "geometry": { "type": "Point", "coordinates": [ 85.18839, 20.96296 ] } },
{ "type": "Feature", "properties": { "latitude": 20.96362, "longitude": 85.18311, "bright_ti4": 296.46, "scan": 0.55, "track": 0.43, "acq_date": "2026-09-08", "acq_time": 1949, "satellite": "N", "instrument": "VIIRS", "confidence": "n", "version": "2.0NRT", "bright_ti5": 271.8, "frp": 1.24, "daynight": "N" }, "geometry": { "type": "Point", "coordinates": [ 85.18311, 20.96362 ] } },
{ "type": "Feature", "properties": { "latitude": 20.96399, "longitude": 85.18727, "bright_ti4": 307.6, "scan": 0.55, "track": 0.43, "acq_date": "2026-09-08", "acq_time": 1949, "satellite": "N", "instrument": "VIIRS", "confidence": "n", "version": "2.0NRT", "bright_ti5": 270.26, "frp": 2.38, "daynight": "N" }, "geometry": { "type": "Point", "coordinates": [ 85.18727, 20.96399 ] } },
{ "type": "Feature", "properties": { "latitude": 20.96497, "longitude": 85.17246, "bright_ti4": 301.6, "scan": 0.55, "track": 0.43, "acq_date": "2026-09-08", "acq_time": 1949, "satellite": "N", "instrument": "VIIRS", "confidence": "n", "version": "2.0NRT", "bright_ti5": 273.25, "frp": 1.63, "daynight": "N" }, "geometry": { "type": "Point", "coordinates": [ 85.17246, 20.96497 ] } },
{ "type": "Feature", "properties": { "latitude": 20.96564, "longitude": 85.16711, "bright_ti4": 301.3, "scan": 0.55, "track": 0.43, "acq_date": "2026-09-08", "acq_time": 1949, "satellite": "N", "instrument": "VIIRS", "confidence": "n", "version": "2.0NRT", "bright_ti5": 273.54, "frp": 2.31, "daynight": "N" }, "geometry": { "type": "Point", "coordinates": [ 85.16711, 20.96564 ] } },
{ "type": "Feature", "properties": { "latitude": 20.96801, "longitude": 86.01303, "bright_ti4": 298.69, "scan": 0.5, "track": 0.41, "acq_date": "2026-09-08", "acq_time": 1949, "satellite": "N", "instrument": "VIIRS", "confidence": "n", "version": "2.0NRT", "bright_ti5": 273.17, "frp": 1.58, "daynight": "N" }, "geometry": { "type": "Point", "coordinates": [ 86.01303, 20.96801 ] } },
{ "type": "Feature", "properties": { "latitude": 20.96823, "longitude": 85.17837, "bright_ti4": 305.13, "scan": 0.55, "track": 0.43, "acq_date": "2026-09-08", "acq_time": 1949, "satellite": "N", "instrument": "VIIRS", "confidence": "n", "version": "2.0NRT", "bright_ti5": 273.49, "frp": 1.63, "daynight": "N" }, "geometry": { "type": "Point", "coordinates": [ 85.17837, 20.96823 ] } },
{ "type": "Feature", "properties": { "latitude": 20.96824, "longitude": 85.15533, "bright_ti4": 299.2, "scan": 0.55, "track": 0.43, "acq_date": "2026-09-08", "acq_time": 1949, "satellite": "N", "instrument": "VIIRS", "confidence": "n", "version": "2.0NRT", "bright_ti5": 272.53, "frp": 1.8, "daynight": "N" }, "geometry": { "type": "Point", "coordinates": [ 85.15533, 20.96824 ] } },
{ "type": "Feature", "properties": { "latitude": 20.9689, "longitude": 85.17302, "bright_ti4": 309.48, "scan": 0.55, "track": 0.43, "acq_date": "2026-09-08", "acq_time": 1949, "satellite": "N", "instrument": "VIIRS", "confidence": "n", "version": "2.0NRT", "bright_ti5": 274.62, "frp": 1.63, "daynight": "N" }, "geometry": { "type": "Point", "coordinates": [ 85.17302, 20.9689 ] } },
{ "type": "Feature", "properties": { "latitude": 20.97303, "longitude": 86.00401, "bright_ti4": 299.09, "scan": 0.5, "track": 0.41, "acq_date": "2026-09-08", "acq_time": 1949, "satellite": "N", "instrument": "VIIRS", "confidence": "n", "version": "2.0NRT", "bright_ti5": 272.26, "frp": 1.05, "daynight": "N" }, "geometry": { "type": "Point", "coordinates": [ 86.00401, 20.97303 ] } },
{ "type": "Feature", "properties": { "latitude": 20.97745, "longitude": 85.16879, "bright_ti4": 301.13, "scan": 0.55, "track": 0.43, "acq_date": "2026-09-08", "acq_time": 1949, "satellite": "N", "instrument": "VIIRS", "confidence": "n", "version": "2.0NRT", "bright_ti5": 275.55, "frp": 1.53, "daynight": "N" }, "geometry": { "type": "Point", "coordinates": [ 85.16879, 20.97745 ] } },
{ "type": "Feature", "properties": { "latitude": 21.07918, "longitude": 85.03577, "bright_ti4": 300.85, "scan": 0.56, "track": 0.43, "acq_date": "2026-09-08", "acq_time": 1949, "satellite": "N", "instrument": "VIIRS", "confidence": "n", "version": "2.0NRT", "bright_ti5": 272.89, "frp": 2.47, "daynight": "N" }, "geometry": { "type": "Point", "coordinates": [ 85.03577, 21.07918 ] } },
{ "type": "Feature", "properties": { "latitude": 21.24244, "longitude": 79.22527, "bright_ti4": 306.63, "scan": 0.44, "track": 0.62, "acq_date": "2026-09-08", "acq_time": 1949, "satellite": "N", "instrument": "VIIRS", "confidence": "n", "version": "2.0NRT", "bright_ti5": 287.33, "frp": 1.09, "daynight": "N" }, "geometry": { "type": "Point", "coordinates": [ 79.22527, 21.24244 ] } },
{ "type": "Feature", "properties": { "latitude": 21.33592, "longitude": 78.96922, "bright_ti4": 313.41, "scan": 0.46, "track": 0.63, "acq_date": "2026-09-08", "acq_time": 1949, "satellite": "N", "instrument": "VIIRS", "confidence": "n", "version": "2.0NRT", "bright_ti5": 283.01, "frp": 1.74, "daynight": "N" }, "geometry": { "type": "Point", "coordinates": [ 78.96922, 21.33592 ] } },
{ "type": "Feature", "properties": { "latitude": 21.3374, "longitude": 78.96973, "bright_ti4": 314.29, "scan": 0.45, "track": 0.63, "acq_date": "2026-09-08", "acq_time": 1949, "satellite": "N", "instrument": "VIIRS", "confidence": "n", "version": "2.0NRT", "bright_ti5": 283.02, "frp": 2.12, "daynight": "N" }, "geometry": { "type": "Point", "coordinates": [ 78.96973, 21.3374 ] } },
{ "type": "Feature", "properties": { "latitude": 21.67748, "longitude": 84.04029, "bright_ti4": 304.58, "scan": 0.44, "track": 0.46, "acq_date": "2026-09-08", "acq_time": 1949, "satellite": "N", "instrument": "VIIRS", "confidence": "n", "version": "2.0NRT", "bright_ti5": 283.06, "frp": 1.83, "daynight": "N" }, "geometry": { "type": "Point", "coordinates": [ 84.04029, 21.67748 ] } },
{ "type": "Feature", "properties": { "latitude": 21.68175, "longitude": 84.04088, "bright_ti4": 306.79, "scan": 0.44, "track": 0.46, "acq_date": "2026-09-08", "acq_time": 1949, "satellite": "N", "instrument": "VIIRS", "confidence": "n", "version": "2.0NRT", "bright_ti5": 283.25, "frp": 1.39, "daynight": "N" }, "geometry": { "type": "Point", "coordinates": [ 84.04088, 21.68175 ] } },
{ "type": "Feature", "properties": { "latitude": 21.91912, "longitude": 83.35267, "bright_ti4": 297.13, "scan": 0.48, "track": 0.48, "acq_date": "2026-09-08", "acq_time": 1949, "satellite": "N", "instrument": "VIIRS", "confidence": "n", "version": "2.0NRT", "bright_ti5": 268.48, "frp": 0.71, "daynight": "N" }, "geometry": { "type": "Point", "coordinates": [ 83.35267, 21.91912 ] } },
{ "type": "Feature", "properties": { "latitude": 21.91968, "longitude": 83.34795, "bright_ti4": 300.5, "scan": 0.49, "track": 0.48, "acq_date": "2026-09-08", "acq_time": 1949, "satellite": "N", "instrument": "VIIRS", "confidence": "n", "version": "2.0NRT", "bright_ti5": 268.28, "frp": 0.71, "daynight": "N" }, "geometry": { "type": "Point", "coordinates": [ 83.34795, 21.91968 ] } },
{ "type": "Feature", "properties": { "latitude": 21.92199, "longitude": 83.3504, "bright_ti4": 308.56, "scan": 0.49, "track": 0.48, "acq_date": "2026-09-08", "acq_time": 1949, "satellite": "N", "instrument": "VIIRS", "confidence": "n", "version": "2.0NRT", "bright_ti5": 267.01, "frp": 1.63, "daynight": "N" }, "geometry": { "type": "Point", "coordinates": [ 83.3504, 21.92199 ] } },
{ "type": "Feature", "properties": { "latitude": 22.21111, "longitude": 84.86725, "bright_ti4": 296.64, "scan": 0.4, "track": 0.44, "acq_date": "2026-09-08", "acq_time": 1949, "satellite": "N", "instrument": "VIIRS", "confidence": "n", "version": "2.0NRT", "bright_ti5": 265.75, "frp": 0.93, "daynight": "N" }, "geometry": { "type": "Point", "coordinates": [ 84.86725, 22.21111 ] } },
{ "type": "Feature", "properties": { "latitude": 22.32055, "longitude": 82.56607, "bright_ti4": 296.17, "scan": 0.55, "track": 0.51, "acq_date": "2026-09-08", "acq_time": 1949, "satellite": "N", "instrument": "VIIRS", "confidence": "n", "version": "2.0NRT", "bright_ti5": 265.75, "frp": 1.13, "daynight": "N" }, "geometry": { "type": "Point", "coordinates": [ 82.56607, 22.32055 ] } },
{ "type": "Feature", "properties": { "latitude": 22.33052, "longitude": 82.60535, "bright_ti4": 296.65, "scan": 0.55, "track": 0.51, "acq_date": "2026-09-08", "acq_time": 1949, "satellite": "N", "instrument": "VIIRS", "confidence": "n", "version": "2.0NRT", "bright_ti5": 264.1, "frp": 0.57, "daynight": "N" }, "geometry": { "type": "Point", "coordinates": [ 82.60535, 22.33052 ] } },
{ "type": "Feature", "properties": { "latitude": 22.4775, "longitude": 90.71188, "bright_ti4": 296.91, "scan": 0.38, "track": 0.36, "acq_date": "2026-09-08", "acq_time": 1949, "satellite": "N", "instrument": "VIIRS", "confidence": "n", "version": "2.0NRT", "bright_ti5": 270.8, "frp": 0.43, "daynight": "N" }, "geometry": { "type": "Point", "coordinates": [ 90.71188, 22.4775 ] } },
{ "type": "Feature", "properties": { "latitude": 22.78655, "longitude": 86.19794, "bright_ti4": 303.72, "scan": 0.51, "track": 0.41, "acq_date": "2026-09-08", "acq_time": 1949, "satellite": "N", "instrument": "VIIRS", "confidence": "n", "version": "2.0NRT", "bright_ti5": 282.63, "frp": 1.5, "daynight": "N" }, "geometry": { "type": "Point", "coordinates": [ 86.19794, 22.78655 ] } },
{ "type": "Feature", "properties": { "latitude": 22.79034, "longitude": 86.19852, "bright_ti4": 312.09, "scan": 0.51, "track": 0.41, "acq_date": "2026-09-08", "acq_time": 1949, "satellite": "N", "instrument": "VIIRS", "confidence": "n", "version": "2.0NRT", "bright_ti5": 283.06, "frp": 2.54, "daynight": "N" }, "geometry": { "type": "Point", "coordinates": [ 86.19852, 22.79034 ] } },
{ "type": "Feature", "properties": { "latitude": 22.79099, "longitude": 86.19352, "bright_ti4": 316.28, "scan": 0.51, "track": 0.41, "acq_date": "2026-09-08", "acq_time": 1949, "satellite": "N", "instrument": "VIIRS", "confidence": "n", "version": "2.0NRT", "bright_ti5": 284.3, "frp": 2.54, "daynight": "N" }, "geometry": { "type": "Point", "coordinates": [ 86.19352, 22.79099 ] } },
{ "type": "Feature", "properties": { "latitude": 23.55746, "longitude": 87.24306, "bright_ti4": 316.67, "scan": 0.46, "track": 0.39, "acq_date": "2026-09-08", "acq_time": 1949, "satellite": "N", "instrument": "VIIRS", "confidence": "n", "version": "2.0NRT", "bright_ti5": 285.87, "frp": 5.33, "daynight": "N" }, "geometry": { "type": "Point", "coordinates": [ 87.24306, 23.55746 ] } },
{ "type": "Feature", "properties": { "latitude": 23.55808, "longitude": 87.23852, "bright_ti4": 331.0, "scan": 0.46, "track": 0.39, "acq_date": "2026-09-08", "acq_time": 1949, "satellite": "N", "instrument": "VIIRS", "confidence": "n", "version": "2.0NRT", "bright_ti5": 286.14, "frp": 5.48, "daynight": "N" }, "geometry": { "type": "Point", "coordinates": [ 87.23852, 23.55808 ] } },
{ "type": "Feature", "properties": { "latitude": 23.55933, "longitude": 87.22939, "bright_ti4": 317.11, "scan": 0.46, "track": 0.39, "acq_date": "2026-09-08", "acq_time": 1949, "satellite": "N", "instrument": "VIIRS", "confidence": "n", "version": "2.0NRT", "bright_ti5": 285.55, "frp": 2.15, "daynight": "N" }, "geometry": { "type": "Point", "coordinates": [ 87.22939, 23.55933 ] } },
{ "type": "Feature", "properties": { "latitude": 23.5617, "longitude": 87.2391, "bright_ti4": 315.55, "scan": 0.46, "track": 0.39, "acq_date": "2026-09-08", "acq_time": 1949, "satellite": "N", "instrument": "VIIRS", "confidence": "n", "version": "2.0NRT", "bright_ti5": 285.37, "frp": 5.48, "daynight": "N" }, "geometry": { "type": "Point", "coordinates": [ 87.2391, 23.5617 ] } },
{ "type": "Feature", "properties": { "latitude": 23.61153, "longitude": 87.1468, "bright_ti4": 306.1, "scan": 0.47, "track": 0.4, "acq_date": "2026-09-08", "acq_time": 1949, "satellite": "N", "instrument": "VIIRS", "confidence": "n", "version": "2.0NRT", "bright_ti5": 283.12, "frp": 0.84, "daynight": "N" }, "geometry": { "type": "Point", "coordinates": [ 87.1468, 23.61153 ] } },
{ "type": "Feature", "properties": { "latitude": 23.66251, "longitude": 87.15499, "bright_ti4": 307.21, "scan": 0.47, "track": 0.4, "acq_date": "2026-09-08", "acq_time": 1949, "satellite": "N", "instrument": "VIIRS", "confidence": "n", "version": "2.0NRT", "bright_ti5": 278.78, "frp": 1.3, "daynight": "N" }, "geometry": { "type": "Point", "coordinates": [ 87.15499, 23.66251 ] } },
{ "type": "Feature", "properties": { "latitude": 23.66553, "longitude": 87.1602, "bright_ti4": 303.3, "scan": 0.47, "track": 0.4, "acq_date": "2026-09-08", "acq_time": 1949, "satellite": "N", "instrument": "VIIRS", "confidence": "n", "version": "2.0NRT", "bright_ti5": 280.63, "frp": 1.3, "daynight": "N" }, "geometry": { "type": "Point", "coordinates": [ 87.1602, 23.66553 ] } },
{ "type": "Feature", "properties": { "latitude": 23.67217, "longitude": 86.11553, "bright_ti4": 308.55, "scan": 0.53, "track": 0.42, "acq_date": "2026-09-08", "acq_time": 1949, "satellite": "N", "instrument": "VIIRS", "confidence": "n", "version": "2.0NRT", "bright_ti5": 283.62, "frp": 1.25, "daynight": "N" }, "geometry": { "type": "Point", "coordinates": [ 86.11553, 23.67217 ] } },
{ "type": "Feature", "properties": { "latitude": 23.68253, "longitude": 86.09591, "bright_ti4": 314.45, "scan": 0.53, "track": 0.42, "acq_date": "2026-09-08", "acq_time": 1949, "satellite": "N", "instrument": "VIIRS", "confidence": "n", "version": "2.0NRT", "bright_ti5": 283.44, "frp": 1.63, "daynight": "N" }, "geometry": { "type": "Point", "coordinates": [ 86.09591, 23.68253 ] } },
{ "type": "Feature", "properties": { "latitude": 23.69677, "longitude": 86.07681, "bright_ti4": 321.72, "scan": 0.53, "track": 0.42, "acq_date": "2026-09-08", "acq_time": 1949, "satellite": "N", "instrument": "VIIRS", "confidence": "n", "version": "2.0NRT", "bright_ti5": 283.98, "frp": 3.27, "daynight": "N" }, "geometry": { "type": "Point", "coordinates": [ 86.07681, 23.69677 ] } },
{ "type": "Feature", "properties": { "latitude": 23.7728, "longitude": 86.20103, "bright_ti4": 303.01, "scan": 0.52, "track": 0.42, "acq_date": "2026-09-08", "acq_time": 1949, "satellite": "N", "instrument": "VIIRS", "confidence": "n", "version": "2.0NRT", "bright_ti5": 284.66, "frp": 2.29, "daynight": "N" }, "geometry": { "type": "Point", "coordinates": [ 86.20103, 23.7728 ] } },
{ "type": "Feature", "properties": { "latitude": 23.77346, "longitude": 86.19588, "bright_ti4": 308.14, "scan": 0.52, "track": 0.42, "acq_date": "2026-09-08", "acq_time": 1949, "satellite": "N", "instrument": "VIIRS", "confidence": "n", "version": "2.0NRT", "bright_ti5": 284.71, "frp": 1.73, "daynight": "N" }, "geometry": { "type": "Point", "coordinates": [ 86.19588, 23.77346 ] } },
{ "type": "Feature", "properties": { "latitude": 23.77914, "longitude": 86.21259, "bright_ti4": 311.63, "scan": 0.52, "track": 0.42, "acq_date": "2026-09-08", "acq_time": 1949, "satellite": "N", "instrument": "VIIRS", "confidence": "n", "version": "2.0NRT", "bright_ti5": 284.99, "frp": 1.55, "daynight": "N" }, "geometry": { "type": "Point", "coordinates": [ 86.21259, 23.77914 ] } },
{ "type": "Feature", "properties": { "latitude": 23.7798, "longitude": 86.20742, "bright_ti4": 309.32, "scan": 0.52, "track": 0.42, "acq_date": "2026-09-08", "acq_time": 1949, "satellite": "N", "instrument": "VIIRS", "confidence": "n", "version": "2.0NRT", "bright_ti5": 285.51, "frp": 2.44, "daynight": "N" }, "geometry": { "type": "Point", "coordinates": [ 86.20742, 23.7798 ] } },
{ "type": "Feature", "properties": { "latitude": 23.80277, "longitude": 86.33076, "bright_ti4": 303.31, "scan": 0.52, "track": 0.41, "acq_date": "2026-09-08", "acq_time": 1949, "satellite": "N", "instrument": "VIIRS", "confidence": "n", "version": "2.0NRT", "bright_ti5": 277.22, "frp": 0.85, "daynight": "N" }, "geometry": { "type": "Point", "coordinates": [ 86.33076, 23.80277 ] } },
{ "type": "Feature", "properties": { "latitude": 23.83902, "longitude": 85.30463, "bright_ti4": 303.99, "scan": 0.39, "track": 0.44, "acq_date": "2026-09-08", "acq_time": 1949, "satellite": "N", "instrument": "VIIRS", "confidence": "n", "version": "2.0NRT", "bright_ti5": 287.28, "frp": 1.02, "daynight": "N" }, "geometry": { "type": "Point", "coordinates": [ 85.30463, 23.83902 ] } },
{ "type": "Feature", "properties": { "latitude": 23.83938, "longitude": 85.30389, "bright_ti4": 302.27, "scan": 0.39, "track": 0.44, "acq_date": "2026-09-08", "acq_time": 1949, "satellite": "N", "instrument": "VIIRS", "confidence": "n", "version": "2.0NRT", "bright_ti5": 287.36, "frp": 0.51, "daynight": "N" }, "geometry": { "type": "Point", "coordinates": [ 85.30389, 23.83938 ] } },
{ "type": "Feature", "properties": { "latitude": 24.92294, "longitude": 84.15626, "bright_ti4": 306.82, "scan": 0.47, "track": 0.48, "acq_date": "2026-09-08", "acq_time": 1949, "satellite": "N", "instrument": "VIIRS", "confidence": "n", "version": "2.0NRT", "bright_ti5": 286.0, "frp": 1.73, "daynight": "N" }, "geometry": { "type": "Point", "coordinates": [ 84.15626, 24.92294 ] } },
{ "type": "Feature", "properties": { "latitude": 26.64162, "longitude": 79.47488, "bright_ti4": 304.22, "scan": 0.48, "track": 0.65, "acq_date": "2026-09-08", "acq_time": 1949, "satellite": "N", "instrument": "VIIRS", "confidence": "n", "version": "2.0NRT", "bright_ti5": 290.65, "frp": 0.53, "daynight": "N" }, "geometry": { "type": "Point", "coordinates": [ 79.47488, 26.64162 ] } },
{ "type": "Feature", "properties": { "latitude": 11.86825, "longitude": 79.20898, "bright_ti4": 308.07, "scan": 0.33, "track": 0.56, "acq_date": "2026-09-08", "acq_time": 1951, "satellite": "N", "instrument": "VIIRS", "confidence": "n", "version": "2.0NRT", "bright_ti5": 291.62, "frp": 0.69, "daynight": "N" }, "geometry": { "type": "Point", "coordinates": [ 79.20898, 11.86825 ] } },
{ "type": "Feature", "properties": { "latitude": 11.86972, "longitude": 79.20905, "bright_ti4": 308.67, "scan": 0.33, "track": 0.56, "acq_date": "2026-09-08", "acq_time": 1951, "satellite": "N", "instrument": "VIIRS", "confidence": "n", "version": "2.0NRT", "bright_ti5": 291.66, "frp": 0.73, "daynight": "N" }, "geometry": { "type": "Point", "coordinates": [ 79.20905, 11.86972 ] } },
{ "type": "Feature", "properties": { "latitude": 12.69771, "longitude": 76.40362, "bright_ti4": 296.02, "scan": 0.53, "track": 0.67, "acq_date": "2026-09-08", "acq_time": 1951, "satellite": "N", "instrument": "VIIRS", "confidence": "n", "version": "2.0NRT", "bright_ti5": 285.99, "frp": 2.14, "daynight": "N" }, "geometry": { "type": "Point", "coordinates": [ 76.40362, 12.69771 ] } },
{ "type": "Feature", "properties": { "latitude": 14.60695, "longitude": 79.35424, "bright_ti4": 295.06, "scan": 0.36, "track": 0.57, "acq_date": "2026-09-08", "acq_time": 1951, "satellite": "N", "instrument": "VIIRS", "confidence": "n", "version": "2.0NRT", "bright_ti5": 284.72, "frp": 2.36, "daynight": "N" }, "geometry": { "type": "Point", "coordinates": [ 79.35424, 14.60695 ] } },
{ "type": "Feature", "properties": { "latitude": 15.17607, "longitude": 76.65705, "bright_ti4": 301.42, "scan": 0.55, "track": 0.68, "acq_date": "2026-09-08", "acq_time": 1951, "satellite": "N", "instrument": "VIIRS", "confidence": "n", "version": "2.0NRT", "bright_ti5": 278.43, "frp": 2.31, "daynight": "N" }, "geometry": { "type": "Point", "coordinates": [ 76.65705, 15.17607 ] } },
{ "type": "Feature", "properties": { "latitude": 17.46397, "longitude": 80.65453, "bright_ti4": 305.67, "scan": 0.64, "track": 0.54, "acq_date": "2026-09-08", "acq_time": 1951, "satellite": "N", "instrument": "VIIRS", "confidence": "n", "version": "2.0NRT", "bright_ti5": 289.37, "frp": 1.51, "daynight": "N" }, "geometry": { "type": "Point", "coordinates": [ 80.65453, 17.46397 ] } },
{ "type": "Feature", "properties": { "latitude": 17.60929, "longitude": 83.20439, "bright_ti4": 306.12, "scan": 0.44, "track": 0.46, "acq_date": "2026-09-08", "acq_time": 1951, "satellite": "N", "instrument": "VIIRS", "confidence": "n", "version": "2.0NRT", "bright_ti5": 275.54, "frp": 0.83, "daynight": "N" }, "geometry": { "type": "Point", "coordinates": [ 83.20439, 17.60929 ] } },
{ "type": "Feature", "properties": { "latitude": 19.0977, "longitude": 82.16817, "bright_ti4": 303.81, "scan": 0.53, "track": 0.5, "acq_date": "2026-09-08", "acq_time": 1951, "satellite": "N", "instrument": "VIIRS", "confidence": "n", "version": "2.0NRT", "bright_ti5": 273.29, "frp": 1.64, "daynight": "N" }, "geometry": { "type": "Point", "coordinates": [ 82.16817, 19.0977 ] } },
{ "type": "Feature", "properties": { "latitude": 6.78723, "longitude": 81.522, "bright_ti4": 307.55, "scan": 0.4, "track": 0.44, "acq_date": "2026-09-08", "acq_time": 1953, "satellite": "N", "instrument": "VIIRS", "confidence": "n", "version": "2.0NRT", "bright_ti5": 288.12, "frp": 0.93, "daynight": "N" }, "geometry": { "type": "Point", "coordinates": [ 81.522, 6.78723 ] } },
{ "type": "Feature", "properties": { "latitude": 7.74249, "longitude": 80.7152, "bright_ti4": 304.47, "scan": 0.46, "track": 0.47, "acq_date": "2026-09-08", "acq_time": 1953, "satellite": "N", "instrument": "VIIRS", "confidence": "n", "version": "2.0NRT", "bright_ti5": 291.24, "frp": 1.31, "daynight": "N" }, "geometry": { "type": "Point", "coordinates": [ 80.7152, 7.74249 ] } },
{ "type": "Feature", "properties": { "latitude": 7.87005, "longitude": 80.20573, "bright_ti4": 305.26, "scan": 0.5, "track": 0.49, "acq_date": "2026-09-08", "acq_time": 1953, "satellite": "N", "instrument": "VIIRS", "confidence": "n", "version": "2.0NRT", "bright_ti5": 291.34, "frp": 0.6, "daynight": "N" }, "geometry": { "type": "Point", "coordinates": [ 80.20573, 7.87005 ] } },
{ "type": "Feature", "properties": { "latitude": 8.10951, "longitude": 79.96661, "bright_ti4": 307.71, "scan": 0.53, "track": 0.5, "acq_date": "2026-09-08", "acq_time": 1953, "satellite": "N", "instrument": "VIIRS", "confidence": "n", "version": "2.0NRT", "bright_ti5": 292.32, "frp": 2.24, "daynight": "N" }, "geometry": { "type": "Point", "coordinates": [ 79.96661, 8.10951 ] } },
{ "type": "Feature", "properties": { "latitude": 8.16852, "longitude": 80.86479, "bright_ti4": 308.74, "scan": 0.46, "track": 0.47, "acq_date": "2026-09-08", "acq_time": 1953, "satellite": "N", "instrument": "VIIRS", "confidence": "n", "version": "2.0NRT", "bright_ti5": 292.56, "frp": 0.81, "daynight": "N" }, "geometry": { "type": "Point", "coordinates": [ 80.86479, 8.16852 ] } },
{ "type": "Feature", "properties": { "latitude": 8.17287, "longitude": 80.86552, "bright_ti4": 305.72, "scan": 0.46, "track": 0.47, "acq_date": "2026-09-08", "acq_time": 1953, "satellite": "N", "instrument": "VIIRS", "confidence": "n", "version": "2.0NRT", "bright_ti5": 292.32, "frp": 0.36, "daynight": "N" }, "geometry": { "type": "Point", "coordinates": [ 80.86552, 8.17287 ] } },
{ "type": "Feature", "properties": { "latitude": 9.93439, "longitude": 78.31834, "bright_ti4": 308.55, "scan": 0.36, "track": 0.57, "acq_date": "2026-09-08", "acq_time": 1953, "satellite": "N", "instrument": "VIIRS", "confidence": "n", "version": "2.0NRT", "bright_ti5": 292.76, "frp": 0.7, "daynight": "N" }, "geometry": { "type": "Point", "coordinates": [ 78.31834, 9.93439 ] } },
{ "type": "Feature", "properties": { "latitude": 10.26213, "longitude": 77.25868, "bright_ti4": 300.67, "scan": 0.43, "track": 0.62, "acq_date": "2026-09-08", "acq_time": 1953, "satellite": "N", "instrument": "VIIRS", "confidence": "n", "version": "2.0NRT", "bright_ti5": 289.55, "frp": 0.89, "daynight": "N" }, "geometry": { "type": "Point", "coordinates": [ 77.25868, 10.26213 ] } },
{ "type": "Feature", "properties": { "latitude": 10.39128, "longitude": 79.30709, "bright_ti4": 311.77, "scan": 0.63, "track": 0.54, "acq_date": "2026-09-08", "acq_time": 1953, "satellite": "N", "instrument": "VIIRS", "confidence": "n", "version": "2.0NRT", "bright_ti5": 293.29, "frp": 2.85, "daynight": "N" }, "geometry": { "type": "Point", "coordinates": [ 79.30709, 10.39128 ] } },
{ "type": "Feature", "properties": { "latitude": 28.34513, "longitude": 77.23094, "bright_ti4": 307.2, "scan": 0.38, "track": 0.58, "acq_date": "2026-09-08", "acq_time": 2127, "satellite": "N", "instrument": "VIIRS", "confidence": "n", "version": "2.0NRT", "bright_ti5": 291.84, "frp": 0.78, "daynight": "N" }, "geometry": { "type": "Point", "coordinates": [ 77.23094, 28.34513 ] } },
{ "type": "Feature", "properties": { "latitude": 28.744, "longitude": 76.92703, "bright_ti4": 309.02, "scan": 0.35, "track": 0.57, "acq_date": "2026-09-08", "acq_time": 2127, "satellite": "N", "instrument": "VIIRS", "confidence": "n", "version": "2.0NRT", "bright_ti5": 291.79, "frp": 0.88, "daynight": "N" }, "geometry": { "type": "Point", "coordinates": [ 76.92703, 28.744 ] } },
{ "type": "Feature", "properties": { "latitude": 28.74435, "longitude": 76.92632, "bright_ti4": 305.77, "scan": 0.35, "track": 0.57, "acq_date": "2026-09-08", "acq_time": 2127, "satellite": "N", "instrument": "VIIRS", "confidence": "n", "version": "2.0NRT", "bright_ti5": 291.99, "frp": 1.24, "daynight": "N" }, "geometry": { "type": "Point", "coordinates": [ 76.92632, 28.74435 ] } },
{ "type": "Feature", "properties": { "latitude": 28.77183, "longitude": 77.56693, "bright_ti4": 306.21, "scan": 0.39, "track": 0.59, "acq_date": "2026-09-08", "acq_time": 2127, "satellite": "N", "instrument": "VIIRS", "confidence": "n", "version": "2.0NRT", "bright_ti5": 290.42, "frp": 0.51, "daynight": "N" }, "geometry": { "type": "Point", "coordinates": [ 77.56693, 28.77183 ] } },
{ "type": "Feature", "properties": { "latitude": 29.47554, "longitude": 76.86042, "bright_ti4": 310.75, "scan": 0.34, "track": 0.56, "acq_date": "2026-09-08", "acq_time": 2127, "satellite": "N", "instrument": "VIIRS", "confidence": "n", "version": "2.0NRT", "bright_ti5": 292.51, "frp": 0.75, "daynight": "N" }, "geometry": { "type": "Point", "coordinates": [ 76.86042, 29.47554 ] } },
{ "type": "Feature", "properties": { "latitude": 29.47636, "longitude": 76.85699, "bright_ti4": 304.91, "scan": 0.34, "track": 0.56, "acq_date": "2026-09-08", "acq_time": 2127, "satellite": "N", "instrument": "VIIRS", "confidence": "n", "version": "2.0NRT", "bright_ti5": 291.99, "frp": 0.75, "daynight": "N" }, "geometry": { "type": "Point", "coordinates": [ 76.85699, 29.47636 ] } },
{ "type": "Feature", "properties": { "latitude": 29.63118, "longitude": 77.24579, "bright_ti4": 303.99, "scan": 0.35, "track": 0.57, "acq_date": "2026-09-08", "acq_time": 2127, "satellite": "N", "instrument": "VIIRS", "confidence": "n", "version": "2.0NRT", "bright_ti5": 291.79, "frp": 0.58, "daynight": "N" }, "geometry": { "type": "Point", "coordinates": [ 77.24579, 29.63118 ] } },
{ "type": "Feature", "properties": { "latitude": 32.28975, "longitude": 70.74053, "bright_ti4": 313.42, "scan": 0.44, "track": 0.38, "acq_date": "2026-09-08", "acq_time": 2127, "satellite": "N", "instrument": "VIIRS", "confidence": "n", "version": "2.0NRT", "bright_ti5": 299.03, "frp": 2.4, "daynight": "N" }, "geometry": { "type": "Point", "coordinates": [ 70.74053, 32.28975 ] } },
{ "type": "Feature", "properties": { "latitude": 32.65488, "longitude": 70.47535, "bright_ti4": 312.61, "scan": 0.42, "track": 0.38, "acq_date": "2026-09-08", "acq_time": 2127, "satellite": "N", "instrument": "VIIRS", "confidence": "n", "version": "2.0NRT", "bright_ti5": 297.87, "frp": 1.05, "daynight": "N" }, "geometry": { "type": "Point", "coordinates": [ 70.47535, 32.65488 ] } },
{ "type": "Feature", "properties": { "latitude": 32.88793, "longitude": 71.61536, "bright_ti4": 312.55, "scan": 0.46, "track": 0.39, "acq_date": "2026-09-08", "acq_time": 2127, "satellite": "N", "instrument": "VIIRS", "confidence": "n", "version": "2.0NRT", "bright_ti5": 297.11, "frp": 2.77, "daynight": "N" }, "geometry": { "type": "Point", "coordinates": [ 71.61536, 32.88793 ] } },
{ "type": "Feature", "properties": { "latitude": 33.29699, "longitude": 71.18787, "bright_ti4": 308.57, "scan": 0.44, "track": 0.38, "acq_date": "2026-09-08", "acq_time": 2127, "satellite": "N", "instrument": "VIIRS", "confidence": "n", "version": "2.0NRT", "bright_ti5": 294.99, "frp": 0.84, "daynight": "N" }, "geometry": { "type": "Point", "coordinates": [ 71.18787, 33.29699 ] } },
{ "type": "Feature", "properties": { "latitude": 33.54652, "longitude": 71.54891, "bright_ti4": 306.94, "scan": 0.45, "track": 0.39, "acq_date": "2026-09-08", "acq_time": 2127, "satellite": "N", "instrument": "VIIRS", "confidence": "n", "version": "2.0NRT", "bright_ti5": 295.96, "frp": 1.34, "daynight": "N" }, "geometry": { "type": "Point", "coordinates": [ 71.54891, 33.54652 ] } },
{ "type": "Feature", "properties": { "latitude": 33.80086, "longitude": 72.09872, "bright_ti4": 306.87, "scan": 0.47, "track": 0.4, "acq_date": "2026-09-08", "acq_time": 2127, "satellite": "N", "instrument": "VIIRS", "confidence": "n", "version": "2.0NRT", "bright_ti5": 295.32, "frp": 1.52, "daynight": "N" }, "geometry": { "type": "Point", "coordinates": [ 72.09872, 33.80086 ] } },
{ "type": "Feature", "properties": { "latitude": 33.90252, "longitude": 74.64256, "bright_ti4": 303.02, "scan": 0.41, "track": 0.45, "acq_date": "2026-09-08", "acq_time": 2127, "satellite": "N", "instrument": "VIIRS", "confidence": "n", "version": "2.0NRT", "bright_ti5": 283.88, "frp": 1.2, "daynight": "N" }, "geometry": { "type": "Point", "coordinates": [ 74.64256, 33.90252 ] } },
{ "type": "Feature", "properties": { "latitude": 35.96978, "longitude": 68.6861, "bright_ti4": 306.24, "scan": 0.38, "track": 0.36, "acq_date": "2026-09-08", "acq_time": 2127, "satellite": "N", "instrument": "VIIRS", "confidence": "n", "version": "2.0NRT", "bright_ti5": 292.39, "frp": 1.1, "daynight": "N" }, "geometry": { "type": "Point", "coordinates": [ 68.6861, 35.96978 ] } },
{ "type": "Feature", "properties": { "latitude": 22.26371, "longitude": 75.1344, "bright_ti4": 305.94, "scan": 0.38, "track": 0.59, "acq_date": "2026-09-08", "acq_time": 2129, "satellite": "N", "instrument": "VIIRS", "confidence": "n", "version": "2.0NRT", "bright_ti5": 289.82, "frp": 1.06, "daynight": "N" }, "geometry": { "type": "Point", "coordinates": [ 75.1344, 22.26371 ] } },
{ "type": "Feature", "properties": { "latitude": 23.2817, "longitude": 72.41914, "bright_ti4": 310.48, "scan": 0.49, "track": 0.49, "acq_date": "2026-09-08", "acq_time": 2129, "satellite": "N", "instrument": "VIIRS", "confidence": "n", "version": "2.0NRT", "bright_ti5": 292.49, "frp": 0.89, "daynight": "N" }, "geometry": { "type": "Point", "coordinates": [ 72.41914, 23.2817 ] } },
{ "type": "Feature", "properties": { "latitude": 23.28408, "longitude": 72.41761, "bright_ti4": 307.05, "scan": 0.49, "track": 0.49, "acq_date": "2026-09-08", "acq_time": 2129, "satellite": "N", "instrument": "VIIRS", "confidence": "n", "version": "2.0NRT", "bright_ti5": 292.41, "frp": 0.91, "daynight": "N" }, "geometry": { "type": "Point", "coordinates": [ 72.41761, 23.28408 ] } },
{ "type": "Feature", "properties": { "latitude": 24.6623, "longitude": 74.63559, "bright_ti4": 305.55, "scan": 0.63, "track": 0.54, "acq_date": "2026-09-08", "acq_time": 2129, "satellite": "N", "instrument": "VIIRS", "confidence": "n", "version": "2.0NRT", "bright_ti5": 292.59, "frp": 1.89, "daynight": "N" }, "geometry": { "type": "Point", "coordinates": [ 74.63559, 24.6623 ] } },
{ "type": "Feature", "properties": { "latitude": 24.66258, "longitude": 74.636, "bright_ti4": 304.85, "scan": 0.63, "track": 0.54, "acq_date": "2026-09-08", "acq_time": 2129, "satellite": "N", "instrument": "VIIRS", "confidence": "n", "version": "2.0NRT", "bright_ti5": 292.63, "frp": 1.81, "daynight": "N" }, "geometry": { "type": "Point", "coordinates": [ 74.636, 24.66258 ] } },
{ "type": "Feature", "properties": { "latitude": 24.69026, "longitude": 73.00349, "bright_ti4": 304.37, "scan": 0.5, "track": 0.49, "acq_date": "2026-09-08", "acq_time": 2129, "satellite": "N", "instrument": "VIIRS", "confidence": "n", "version": "2.0NRT", "bright_ti5": 293.62, "frp": 1.03, "daynight": "N" }, "geometry": { "type": "Point", "coordinates": [ 73.00349, 24.69026 ] } },
{ "type": "Feature", "properties": { "latitude": 24.93405, "longitude": 74.6332, "bright_ti4": 303.84, "scan": 0.62, "track": 0.54, "acq_date": "2026-09-08", "acq_time": 2129, "satellite": "N", "instrument": "VIIRS", "confidence": "n", "version": "2.0NRT", "bright_ti5": 292.51, "frp": 1.36, "daynight": "N" }, "geometry": { "type": "Point", "coordinates": [ 74.6332, 24.93405 ] } },
{ "type": "Feature", "properties": { "latitude": 25.38731, "longitude": 68.58466, "bright_ti4": 319.6, "scan": 0.43, "track": 0.38, "acq_date": "2026-09-08", "acq_time": 2129, "satellite": "N", "instrument": "VIIRS", "confidence": "n", "version": "2.0NRT", "bright_ti5": 295.89, "frp": 1.19, "daynight": "N" }, "geometry": { "type": "Point", "coordinates": [ 68.58466, 25.38731 ] } },
{ "type": "Feature", "properties": { "latitude": 26.09434, "longitude": 68.87854, "bright_ti4": 315.79, "scan": 0.44, "track": 0.38, "acq_date": "2026-09-08", "acq_time": 2129, "satellite": "N", "instrument": "VIIRS", "confidence": "n", "version": "2.0NRT", "bright_ti5": 297.03, "frp": 1.69, "daynight": "N" }, "geometry": { "type": "Point", "coordinates": [ 68.87854, 26.09434 ] } },
{ "type": "Feature", "properties": { "latitude": 26.87394, "longitude": 73.51777, "bright_ti4": 305.58, "scan": 0.49, "track": 0.48, "acq_date": "2026-09-08", "acq_time": 2129, "satellite": "N", "instrument": "VIIRS", "confidence": "n", "version": "2.0NRT", "bright_ti5": 295.45, "frp": 1.38, "daynight": "N" }, "geometry": { "type": "Point", "coordinates": [ 73.51777, 26.87394 ] } },
{ "type": "Feature", "properties": { "latitude": 27.66834, "longitude": 76.12954, "bright_ti4": 304.87, "scan": 0.34, "track": 0.56, "acq_date": "2026-09-08", "acq_time": 2129, "satellite": "N", "instrument": "VIIRS", "confidence": "n", "version": "2.0NRT", "bright_ti5": 293.68, "frp": 0.87, "daynight": "N" }, "geometry": { "type": "Point", "coordinates": [ 76.12954, 27.66834 ] } },
{ "type": "Feature", "properties": { "latitude": 28.42417, "longitude": 69.70237, "bright_ti4": 322.16, "scan": 0.44, "track": 0.39, "acq_date": "2026-09-08", "acq_time": 2129, "satellite": "N", "instrument": "VIIRS", "confidence": "n", "version": "2.0NRT", "bright_ti5": 298.08, "frp": 1.8, "daynight": "N" }, "geometry": { "type": "Point", "coordinates": [ 69.70237, 28.42417 ] } },
{ "type": "Feature", "properties": { "latitude": 15.13748, "longitude": 76.71239, "bright_ti4": 304.03, "scan": 0.67, "track": 0.73, "acq_date": "2026-09-08", "acq_time": 2131, "satellite": "N", "instrument": "VIIRS", "confidence": "n", "version": "2.0NRT", "bright_ti5": 287.39, "frp": 1.38, "daynight": "N" }, "geometry": { "type": "Point", "coordinates": [ 76.71239, 15.13748 ] } },
{ "type": "Feature", "properties": { "latitude": 15.17795, "longitude": 76.657, "bright_ti4": 308.23, "scan": 0.66, "track": 0.73, "acq_date": "2026-09-08", "acq_time": 2131, "satellite": "N", "instrument": "VIIRS", "confidence": "n", "version": "2.0NRT", "bright_ti5": 287.68, "frp": 3.05, "daynight": "N" }, "geometry": { "type": "Point", "coordinates": [ 76.657, 15.17795 ] } },
{ "type": "Feature", "properties": { "latitude": 15.17892, "longitude": 76.66013, "bright_ti4": 304.46, "scan": 0.66, "track": 0.73, "acq_date": "2026-09-08", "acq_time": 2131, "satellite": "N", "instrument": "VIIRS", "confidence": "n", "version": "2.0NRT", "bright_ti5": 287.58, "frp": 2.95, "daynight": "N" }, "geometry": { "type": "Point", "coordinates": [ 76.66013, 15.17892 ] } },
{ "type": "Feature", "properties": { "latitude": 15.18275, "longitude": 76.67428, "bright_ti4": 302.85, "scan": 0.66, "track": 0.73, "acq_date": "2026-09-08", "acq_time": 2131, "satellite": "N", "instrument": "VIIRS", "confidence": "n", "version": "2.0NRT", "bright_ti5": 287.4, "frp": 1.89, "daynight": "N" }, "geometry": { "type": "Point", "coordinates": [ 76.67428, 15.18275 ] } },
{ "type": "Feature", "properties": { "latitude": 15.22613, "longitude": 76.76373, "bright_ti4": 301.41, "scan": 0.67, "track": 0.74, "acq_date": "2026-09-08", "acq_time": 2131, "satellite": "N", "instrument": "VIIRS", "confidence": "n", "version": "2.0NRT", "bright_ti5": 287.0, "frp": 1.03, "daynight": "N" }, "geometry": { "type": "Point", "coordinates": [ 76.76373, 15.22613 ] } },
{ "type": "Feature", "properties": { "latitude": 15.65884, "longitude": 73.9893, "bright_ti4": 310.62, "scan": 0.44, "track": 0.62, "acq_date": "2026-09-08", "acq_time": 2131, "satellite": "N", "instrument": "VIIRS", "confidence": "n", "version": "2.0NRT", "bright_ti5": 288.94, "frp": 1.44, "daynight": "N" }, "geometry": { "type": "Point", "coordinates": [ 73.9893, 15.65884 ] } },
{ "type": "Feature", "properties": { "latitude": 15.6609, "longitude": 73.98779, "bright_ti4": 300.61, "scan": 0.43, "track": 0.62, "acq_date": "2026-09-08", "acq_time": 2131, "satellite": "N", "instrument": "VIIRS", "confidence": "n", "version": "2.0NRT", "bright_ti5": 288.62, "frp": 1.28, "daynight": "N" }, "geometry": { "type": "Point", "coordinates": [ 73.98779, 15.6609 ] } },
{ "type": "Feature", "properties": { "latitude": 18.57086, "longitude": 74.15802, "bright_ti4": 301.48, "scan": 0.39, "track": 0.59, "acq_date": "2026-09-08", "acq_time": 2131, "satellite": "N", "instrument": "VIIRS", "confidence": "n", "version": "2.0NRT", "bright_ti5": 289.11, "frp": 0.94, "daynight": "N" }, "geometry": { "type": "Point", "coordinates": [ 74.15802, 18.57086 ] } },
{ "type": "Feature", "properties": { "latitude": 18.57162, "longitude": 74.15484, "bright_ti4": 303.27, "scan": 0.39, "track": 0.59, "acq_date": "2026-09-08", "acq_time": 2131, "satellite": "N", "instrument": "VIIRS", "confidence": "n", "version": "2.0NRT", "bright_ti5": 289.09, "frp": 0.82, "daynight": "N" }, "geometry": { "type": "Point", "coordinates": [ 74.15484, 18.57162 ] } },
{ "type": "Feature", "properties": { "latitude": 18.68038, "longitude": 73.04181, "bright_ti4": 303.95, "scan": 0.33, "track": 0.55, "acq_date": "2026-09-08", "acq_time": 2131, "satellite": "N", "instrument": "VIIRS", "confidence": "n", "version": "2.0NRT", "bright_ti5": 290.64, "frp": 2.04, "daynight": "N" }, "geometry": { "type": "Point", "coordinates": [ 73.04181, 18.68038 ] } },
{ "type": "Feature", "properties": { "latitude": 18.68104, "longitude": 73.0387, "bright_ti4": 311.31, "scan": 0.33, "track": 0.55, "acq_date": "2026-09-08", "acq_time": 2131, "satellite": "N", "instrument": "VIIRS", "confidence": "n", "version": "2.0NRT", "bright_ti5": 290.91, "frp": 1.06, "daynight": "N" }, "geometry": { "type": "Point", "coordinates": [ 73.0387, 18.68104 ] } },
{ "type": "Feature", "properties": { "latitude": 18.6817, "longitude": 73.03559, "bright_ti4": 303.54, "scan": 0.33, "track": 0.55, "acq_date": "2026-09-08", "acq_time": 2131, "satellite": "N", "instrument": "VIIRS", "confidence": "n", "version": "2.0NRT", "bright_ti5": 291.62, "frp": 1.06, "daynight": "N" }, "geometry": { "type": "Point", "coordinates": [ 73.03559, 18.6817 ] } },
{ "type": "Feature", "properties": { "latitude": 18.68233, "longitude": 73.04176, "bright_ti4": 310.34, "scan": 0.33, "track": 0.55, "acq_date": "2026-09-08", "acq_time": 2131, "satellite": "N", "instrument": "VIIRS", "confidence": "n", "version": "2.0NRT", "bright_ti5": 290.94, "frp": 1.64, "daynight": "N" }, "geometry": { "type": "Point", "coordinates": [ 73.04176, 18.68233 ] } },
{ "type": "Feature", "properties": { "latitude": 18.68296, "longitude": 73.03863, "bright_ti4": 305.36, "scan": 0.33, "track": 0.55, "acq_date": "2026-09-08", "acq_time": 2131, "satellite": "N", "instrument": "VIIRS", "confidence": "n", "version": "2.0NRT", "bright_ti5": 291.24, "frp": 2.36, "daynight": "N" }, "geometry": { "type": "Point", "coordinates": [ 73.03863, 18.68296 ] } },
{ "type": "Feature", "properties": { "latitude": 18.68424, "longitude": 73.03241, "bright_ti4": 313.03, "scan": 0.33, "track": 0.55, "acq_date": "2026-09-08", "acq_time": 2131, "satellite": "N", "instrument": "VIIRS", "confidence": "n", "version": "2.0NRT", "bright_ti5": 291.62, "frp": 1.8, "daynight": "N" }, "geometry": { "type": "Point", "coordinates": [ 73.03241, 18.68424 ] } },
{ "type": "Feature", "properties": { "latitude": 18.68609, "longitude": 73.03984, "bright_ti4": 303.23, "scan": 0.33, "track": 0.55, "acq_date": "2026-09-08", "acq_time": 2131, "satellite": "N", "instrument": "VIIRS", "confidence": "n", "version": "2.0NRT", "bright_ti5": 290.86, "frp": 1.06, "daynight": "N" }, "geometry": { "type": "Point", "coordinates": [ 73.03984, 18.68609 ] } },
{ "type": "Feature", "properties": { "latitude": 18.6874, "longitude": 73.03365, "bright_ti4": 303.69, "scan": 0.33, "track": 0.55, "acq_date": "2026-09-08", "acq_time": 2131, "satellite": "N", "instrument": "VIIRS", "confidence": "n", "version": "2.0NRT", "bright_ti5": 291.25, "frp": 2.33, "daynight": "N" }, "geometry": { "type": "Point", "coordinates": [ 73.03365, 18.6874 ] } },
{ "type": "Feature", "properties": { "latitude": 18.69113, "longitude": 73.041, "bright_ti4": 316.05, "scan": 0.33, "track": 0.55, "acq_date": "2026-09-08", "acq_time": 2131, "satellite": "N", "instrument": "VIIRS", "confidence": "n", "version": "2.0NRT", "bright_ti5": 290.89, "frp": 2.15, "daynight": "N" }, "geometry": { "type": "Point", "coordinates": [ 73.041, 18.69113 ] } },
{ "type": "Feature", "properties": { "latitude": 18.69305, "longitude": 73.04095, "bright_ti4": 316.93, "scan": 0.33, "track": 0.55, "acq_date": "2026-09-08", "acq_time": 2131, "satellite": "N", "instrument": "VIIRS", "confidence": "n", "version": "2.0NRT", "bright_ti5": 291.47, "frp": 2.21, "daynight": "N" }, "geometry": { "type": "Point", "coordinates": [ 73.04095, 18.69305 ] } },
{ "type": "Feature", "properties": { "latitude": 19.82081, "longitude": 79.33638, "bright_ti4": 300.96, "scan": 0.78, "track": 0.78, "acq_date": "2026-09-08", "acq_time": 2131, "satellite": "N", "instrument": "VIIRS", "confidence": "n", "version": "2.0NRT", "bright_ti5": 277.48, "frp": 1.84, "daynight": "N" }, "geometry": { "type": "Point", "coordinates": [ 79.33638, 19.82081 ] } },
{ "type": "Feature", "properties": { "latitude": 19.93463, "longitude": 73.71231, "bright_ti4": 301.71, "scan": 0.35, "track": 0.56, "acq_date": "2026-09-08", "acq_time": 2131, "satellite": "N", "instrument": "VIIRS", "confidence": "n", "version": "2.0NRT", "bright_ti5": 287.55, "frp": 0.43, "daynight": "N" }, "geometry": { "type": "Point", "coordinates": [ 73.71231, 19.93463 ] } },
{ "type": "Feature", "properties": { "latitude": 20.35331, "longitude": 72.95158, "bright_ti4": 302.88, "scan": 0.6, "track": 0.53, "acq_date": "2026-09-08", "acq_time": 2131, "satellite": "N", "instrument": "VIIRS", "confidence": "n", "version": "2.0NRT", "bright_ti5": 290.82, "frp": 2.13, "daynight": "N" }, "geometry": { "type": "Point", "coordinates": [ 72.95158, 20.35331 ] } },
{ "type": "Feature", "properties": { "latitude": 20.91132, "longitude": 71.46037, "bright_ti4": 311.82, "scan": 0.48, "track": 0.48, "acq_date": "2026-09-08", "acq_time": 2131, "satellite": "N", "instrument": "VIIRS", "confidence": "n", "version": "2.0NRT", "bright_ti5": 294.96, "frp": 1.86, "daynight": "N" }, "geometry": { "type": "Point", "coordinates": [ 71.46037, 20.91132 ] } },
{ "type": "Feature", "properties": { "latitude": 21.10329, "longitude": 72.63621, "bright_ti4": 309.85, "scan": 0.56, "track": 0.51, "acq_date": "2026-09-08", "acq_time": 2131, "satellite": "N", "instrument": "VIIRS", "confidence": "n", "version": "2.0NRT", "bright_ti5": 291.32, "frp": 2.74, "daynight": "N" }, "geometry": { "type": "Point", "coordinates": [ 72.63621, 21.10329 ] } },
{ "type": "Feature", "properties": { "latitude": 21.10576, "longitude": 72.64803, "bright_ti4": 305.61, "scan": 0.56, "track": 0.51, "acq_date": "2026-09-08", "acq_time": 2131, "satellite": "N", "instrument": "VIIRS", "confidence": "n", "version": "2.0NRT", "bright_ti5": 291.86, "frp": 2.49, "daynight": "N" }, "geometry": { "type": "Point", "coordinates": [ 72.64803, 21.10576 ] } },
{ "type": "Feature", "properties": { "latitude": 22.92725, "longitude": 70.10981, "bright_ti4": 310.63, "scan": 0.55, "track": 0.43, "acq_date": "2026-09-08", "acq_time": 2131, "satellite": "N", "instrument": "VIIRS", "confidence": "n", "version": "2.0NRT", "bright_ti5": 292.31, "frp": 4.11, "daynight": "N" }, "geometry": { "type": "Point", "coordinates": [ 70.10981, 22.92725 ] } },
{ "type": "Feature", "properties": { "latitude": 24.79702, "longitude": 94.19991, "bright_ti4": 325.94, "scan": 0.38, "track": 0.36, "acq_date": "2026-09-09", "acq_time": 703, "satellite": "N", "instrument": "VIIRS", "confidence": "n", "version": "2.0NRT", "bright_ti5": 288.79, "frp": 1.88, "daynight": "D" }, "geometry": { "type": "Point", "coordinates": [ 94.19991, 24.79702 ] } },
{ "type": "Feature", "properties": { "latitude": 27.37927, "longitude": 95.33396, "bright_ti4": 330.91, "scan": 0.4, "track": 0.37, "acq_date": "2026-09-09", "acq_time": 703, "satellite": "N", "instrument": "VIIRS", "confidence": "n", "version": "2.0NRT", "bright_ti5": 295.35, "frp": 2.29, "daynight": "D" }, "geometry": { "type": "Point", "coordinates": [ 95.33396, 27.37927 ] } },
{ "type": "Feature", "properties": { "latitude": 27.87187, "longitude": 96.85019, "bright_ti4": 335.29, "scan": 0.45, "track": 0.39, "acq_date": "2026-09-09", "acq_time": 703, "satellite": "N", "instrument": "VIIRS", "confidence": "n", "version": "2.0NRT", "bright_ti5": 294.94, "frp": 6.71, "daynight": "D" }, "geometry": { "type": "Point", "coordinates": [ 96.85019, 27.87187 ] } },
{ "type": "Feature", "properties": { "latitude": 27.87366, "longitude": 96.83576, "bright_ti4": 337.86, "scan": 0.45, "track": 0.39, "acq_date": "2026-09-09", "acq_time": 703, "satellite": "N", "instrument": "VIIRS", "confidence": "n", "version": "2.0NRT", "bright_ti5": 296.25, "frp": 5.55, "daynight": "D" }, "geometry": { "type": "Point", "coordinates": [ 96.83576, 27.87366 ] } },
{ "type": "Feature", "properties": { "latitude": 27.87488, "longitude": 96.84531, "bright_ti4": 331.52, "scan": 0.45, "track": 0.39, "acq_date": "2026-09-09", "acq_time": 703, "satellite": "N", "instrument": "VIIRS", "confidence": "n", "version": "2.0NRT", "bright_ti5": 294.68, "frp": 2.22, "daynight": "D" }, "geometry": { "type": "Point", "coordinates": [ 96.84531, 27.87488 ] } },
{ "type": "Feature", "properties": { "latitude": 27.93021, "longitude": 96.76659, "bright_ti4": 332.46, "scan": 0.45, "track": 0.39, "acq_date": "2026-09-09", "acq_time": 703, "satellite": "N", "instrument": "VIIRS", "confidence": "n", "version": "2.0NRT", "bright_ti5": 295.41, "frp": 4.17, "daynight": "D" }, "geometry": { "type": "Point", "coordinates": [ 96.76659, 27.93021 ] } },
{ "type": "Feature", "properties": { "latitude": 28.01827, "longitude": 96.64623, "bright_ti4": 329.37, "scan": 0.44, "track": 0.39, "acq_date": "2026-09-09", "acq_time": 703, "satellite": "N", "instrument": "VIIRS", "confidence": "n", "version": "2.0NRT", "bright_ti5": 292.44, "frp": 1.22, "daynight": "D" }, "geometry": { "type": "Point", "coordinates": [ 96.64623, 28.01827 ] } },
{ "type": "Feature", "properties": { "latitude": 29.30994, "longitude": 88.86318, "bright_ti4": 327.35, "scan": 0.5, "track": 0.41, "acq_date": "2026-09-09", "acq_time": 703, "satellite": "N", "instrument": "VIIRS", "confidence": "l", "version": "2.0NRT", "bright_ti5": 299.54, "frp": 2.64, "daynight": "D" }, "geometry": { "type": "Point", "coordinates": [ 88.86318, 29.30994 ] } },
{ "type": "Feature", "properties": { "latitude": 29.55372, "longitude": 90.96186, "bright_ti4": 328.62, "scan": 0.41, "track": 0.37, "acq_date": "2026-09-09", "acq_time": 703, "satellite": "N", "instrument": "VIIRS", "confidence": "l", "version": "2.0NRT", "bright_ti5": 300.35, "frp": 1.68, "daynight": "D" }, "geometry": { "type": "Point", "coordinates": [ 90.96186, 29.55372 ] } },
{ "type": "Feature", "properties": { "latitude": 29.5571, "longitude": 90.96114, "bright_ti4": 326.22, "scan": 0.41, "track": 0.37, "acq_date": "2026-09-09", "acq_time": 703, "satellite": "N", "instrument": "VIIRS", "confidence": "l", "version": "2.0NRT", "bright_ti5": 299.62, "frp": 1.68, "daynight": "D" }, "geometry": { "type": "Point", "coordinates": [ 90.96114, 29.5571 ] } },
{ "type": "Feature", "properties": { "latitude": 29.56206, "longitude": 90.99042, "bright_ti4": 326.76, "scan": 0.41, "track": 0.37, "acq_date": "2026-09-09", "acq_time": 703, "satellite": "N", "instrument": "VIIRS", "confidence": "l", "version": "2.0NRT", "bright_ti5": 300.25, "frp": 2.63, "daynight": "D" }, "geometry": { "type": "Point", "coordinates": [ 90.99042, 29.56206 ] } },
{ "type": "Feature", "properties": { "latitude": 6.33895, "longitude": 80.99429, "bright_ti4": 342.35, "scan": 0.58, "track": 0.52, "acq_date": "2026-09-09", "acq_time": 837, "satellite": "N", "instrument": "VIIRS", "confidence": "n", "version": "2.0NRT", "bright_ti5": 298.15, "frp": 6.59, "daynight": "D" }, "geometry": { "type": "Point", "coordinates": [ 80.99429, 6.33895 ] } },
{ "type": "Feature", "properties": { "latitude": 6.36096, "longitude": 80.77393, "bright_ti4": 331.67, "scan": 0.56, "track": 0.51, "acq_date": "2026-09-09", "acq_time": 837, "satellite": "N", "instrument": "VIIRS", "confidence": "n", "version": "2.0NRT", "bright_ti5": 296.64, "frp": 2.49, "daynight": "D" }, "geometry": { "type": "Point", "coordinates": [ 80.77393, 6.36096 ] } },
{ "type": "Feature", "properties": { "latitude": 6.36174, "longitude": 80.77742, "bright_ti4": 336.21, "scan": 0.56, "track": 0.51, "acq_date": "2026-09-09", "acq_time": 837, "satellite": "N", "instrument": "VIIRS", "confidence": "n", "version": "2.0NRT", "bright_ti5": 296.83, "frp": 5.69, "daynight": "D" }, "geometry": { "type": "Point", "coordinates": [ 80.77742, 6.36174 ] } },
{ "type": "Feature", "properties": { "latitude": 6.36473, "longitude": 80.94134, "bright_ti4": 342.41, "scan": 0.57, "track": 0.52, "acq_date": "2026-09-09", "acq_time": 837, "satellite": "N", "instrument": "VIIRS", "confidence": "n", "version": "2.0NRT", "bright_ti5": 295.7, "frp": 7.83, "daynight": "D" }, "geometry": { "type": "Point", "coordinates": [ 80.94134, 6.36473 ] } },
{ "type": "Feature", "properties": { "latitude": 6.36599, "longitude": 80.94292, "bright_ti4": 340.4, "scan": 0.57, "track": 0.52, "acq_date": "2026-09-09", "acq_time": 837, "satellite": "N", "instrument": "VIIRS", "confidence": "n", "version": "2.0NRT", "bright_ti5": 295.48, "frp": 9.15, "daynight": "D" }, "geometry": { "type": "Point", "coordinates": [ 80.94292, 6.36599 ] } },
{ "type": "Feature", "properties": { "latitude": 6.39418, "longitude": 81.13857, "bright_ti4": 336.3, "scan": 0.59, "track": 0.53, "acq_date": "2026-09-09", "acq_time": 837, "satellite": "N", "instrument": "VIIRS", "confidence": "n", "version": "2.0NRT", "bright_ti5": 297.86, "frp": 5.83, "daynight": "D" }, "geometry": { "type": "Point", "coordinates": [ 81.13857, 6.39418 ] } },
{ "type": "Feature", "properties": { "latitude": 6.39629, "longitude": 81.13673, "bright_ti4": 332.19, "scan": 0.59, "track": 0.53, "acq_date": "2026-09-09", "acq_time": 837, "satellite": "N", "instrument": "VIIRS", "confidence": "n", "version": "2.0NRT", "bright_ti5": 296.7, "frp": 3.52, "daynight": "D" }, "geometry": { "type": "Point", "coordinates": [ 81.13673, 6.39629 ] } },
{ "type": "Feature", "properties": { "latitude": 6.58226, "longitude": 81.1302, "bright_ti4": 333.74, "scan": 0.59, "track": 0.53, "acq_date": "2026-09-09", "acq_time": 839, "satellite": "N", "instrument": "VIIRS", "confidence": "n", "version": "2.0NRT", "bright_ti5": 294.99, "frp": 1.47, "daynight": "D" }, "geometry": { "type": "Point", "coordinates": [ 81.1302, 6.58226 ] } },
{ "type": "Feature", "properties": { "latitude": 6.59408, "longitude": 81.17841, "bright_ti4": 345.02, "scan": 0.6, "track": 0.53, "acq_date": "2026-09-09", "acq_time": 839, "satellite": "N", "instrument": "VIIRS", "confidence": "n", "version": "2.0NRT", "bright_ti5": 297.24, "frp": 9.85, "daynight": "D" }, "geometry": { "type": "Point", "coordinates": [ 81.17841, 6.59408 ] } },
{ "type": "Feature", "properties": { "latitude": 6.71685, "longitude": 81.32734, "bright_ti4": 337.67, "scan": 0.61, "track": 0.54, "acq_date": "2026-09-09", "acq_time": 839, "satellite": "N", "instrument": "VIIRS", "confidence": "n", "version": "2.0NRT", "bright_ti5": 298.85, "frp": 8.54, "daynight": "D" }, "geometry": { "type": "Point", "coordinates": [ 81.32734, 6.71685 ] } },
{ "type": "Feature", "properties": { "latitude": 6.73186, "longitude": 81.15031, "bright_ti4": 330.56, "scan": 0.6, "track": 0.53, "acq_date": "2026-09-09", "acq_time": 839, "satellite": "N", "instrument": "VIIRS", "confidence": "n", "version": "2.0NRT", "bright_ti5": 294.18, "frp": 3.58, "daynight": "D" }, "geometry": { "type": "Point", "coordinates": [ 81.15031, 6.73186 ] } },
{ "type": "Feature", "properties": { "latitude": 6.84331, "longitude": 81.76249, "bright_ti4": 348.0, "scan": 0.33, "track": 0.55, "acq_date": "2026-09-09", "acq_time": 839, "satellite": "N", "instrument": "VIIRS", "confidence": "n", "version": "2.0NRT", "bright_ti5": 296.95, "frp": 4.29, "daynight": "D" }, "geometry": { "type": "Point", "coordinates": [ 81.76249, 6.84331 ] } },
{ "type": "Feature", "properties": { "latitude": 6.98842, "longitude": 81.59173, "bright_ti4": 367.0, "scan": 0.32, "track": 0.55, "acq_date": "2026-09-09", "acq_time": 839, "satellite": "N", "instrument": "VIIRS", "confidence": "h", "version": "2.0NRT", "bright_ti5": 299.46, "frp": 6.85, "daynight": "D" }, "geometry": { "type": "Point", "coordinates": [ 81.59173, 6.98842 ] } },
{ "type": "Feature", "properties": { "latitude": 6.99588, "longitude": 81.58228, "bright_ti4": 350.28, "scan": 0.32, "track": 0.55, "acq_date": "2026-09-09", "acq_time": 839, "satellite": "N", "instrument": "VIIRS", "confidence": "n", "version": "2.0NRT", "bright_ti5": 297.53, "frp": 4.03, "daynight": "D" }, "geometry": { "type": "Point", "coordinates": [ 81.58228, 6.99588 ] } },
{ "type": "Feature", "properties": { "latitude": 6.99729, "longitude": 81.58129, "bright_ti4": 349.7, "scan": 0.32, "track": 0.55, "acq_date": "2026-09-09", "acq_time": 839, "satellite": "N", "instrument": "VIIRS", "confidence": "n", "version": "2.0NRT", "bright_ti5": 297.26, "frp": 2.32, "daynight": "D" }, "geometry": { "type": "Point", "coordinates": [ 81.58129, 6.99729 ] } },
{ "type": "Feature", "properties": { "latitude": 7.1891, "longitude": 81.5724, "bright_ti4": 332.06, "scan": 0.32, "track": 0.55, "acq_date": "2026-09-09", "acq_time": 839, "satellite": "N", "instrument": "VIIRS", "confidence": "n", "version": "2.0NRT", "bright_ti5": 300.75, "frp": 3.39, "daynight": "D" }, "geometry": { "type": "Point", "coordinates": [ 81.5724, 7.1891 ] } },
{ "type": "Feature", "properties": { "latitude": 7.25047, "longitude": 81.77212, "bright_ti4": 337.29, "scan": 0.34, "track": 0.56, "acq_date": "2026-09-09", "acq_time": 839, "satellite": "N", "instrument": "VIIRS", "confidence": "n", "version": "2.0NRT", "bright_ti5": 297.58, "frp": 2.24, "daynight": "D" }, "geometry": { "type": "Point", "coordinates": [ 81.77212, 7.25047 ] } },
{ "type": "Feature", "properties": { "latitude": 7.28344, "longitude": 81.82129, "bright_ti4": 344.9, "scan": 0.34, "track": 0.56, "acq_date": "2026-09-09", "acq_time": 839, "satellite": "N", "instrument": "VIIRS", "confidence": "n", "version": "2.0NRT", "bright_ti5": 297.74, "frp": 2.31, "daynight": "D" }, "geometry": { "type": "Point", "coordinates": [ 81.82129, 7.28344 ] } },
{ "type": "Feature", "properties": { "latitude": 7.31883, "longitude": 81.84831, "bright_ti4": 332.87, "scan": 0.34, "track": 0.56, "acq_date": "2026-09-09", "acq_time": 839, "satellite": "N", "instrument": "VIIRS", "confidence": "n", "version": "2.0NRT", "bright_ti5": 299.27, "frp": 1.82, "daynight": "D" }, "geometry": { "type": "Point", "coordinates": [ 81.84831, 7.31883 ] } },
{ "type": "Feature", "properties": { "latitude": 7.43295, "longitude": 81.12988, "bright_ti4": 335.67, "scan": 0.61, "track": 0.53, "acq_date": "2026-09-09", "acq_time": 839, "satellite": "N", "instrument": "VIIRS", "confidence": "n", "version": "2.0NRT", "bright_ti5": 302.73, "frp": 6.63, "daynight": "D" }, "geometry": { "type": "Point", "coordinates": [ 81.12988, 7.43295 ] } },
{ "type": "Feature", "properties": { "latitude": 7.51097, "longitude": 80.19008, "bright_ti4": 344.88, "scan": 0.53, "track": 0.5, "acq_date": "2026-09-09", "acq_time": 839, "satellite": "N", "instrument": "VIIRS", "confidence": "n", "version": "2.0NRT", "bright_ti5": 300.49, "frp": 5.17, "daynight": "D" }, "geometry": { "type": "Point", "coordinates": [ 80.19008, 7.51097 ] } },
{ "type": "Feature", "properties": { "latitude": 7.54614, "longitude": 81.36263, "bright_ti4": 338.43, "scan": 0.64, "track": 0.54, "acq_date": "2026-09-09", "acq_time": 839, "satellite": "N", "instrument": "VIIRS", "confidence": "n", "version": "2.0NRT", "bright_ti5": 298.75, "frp": 3.4, "daynight": "D" }, "geometry": { "type": "Point", "coordinates": [ 81.36263, 7.54614 ] } },
{ "type": "Feature", "properties": { "latitude": 7.55166, "longitude": 80.19073, "bright_ti4": 330.26, "scan": 0.53, "track": 0.5, "acq_date": "2026-09-09", "acq_time": 839, "satellite": "N", "instrument": "VIIRS", "confidence": "n", "version": "2.0NRT", "bright_ti5": 298.77, "frp": 2.5, "daynight": "D" }, "geometry": { "type": "Point", "coordinates": [ 80.19073, 7.55166 ] } },
{ "type": "Feature", "properties": { "latitude": 7.59074, "longitude": 81.05297, "bright_ti4": 343.45, "scan": 0.61, "track": 0.53, "acq_date": "2026-09-09", "acq_time": 839, "satellite": "N", "instrument": "VIIRS", "confidence": "n", "version": "2.0NRT", "bright_ti5": 302.93, "frp": 6.15, "daynight": "D" }, "geometry": { "type": "Point", "coordinates": [ 81.05297, 7.59074 ] } },
{ "type": "Feature", "properties": { "latitude": 7.61807, "longitude": 81.03234, "bright_ti4": 336.06, "scan": 0.6, "track": 0.53, "acq_date": "2026-09-09", "acq_time": 839, "satellite": "N", "instrument": "VIIRS", "confidence": "n", "version": "2.0NRT", "bright_ti5": 303.04, "frp": 6.72, "daynight": "D" }, "geometry": { "type": "Point", "coordinates": [ 81.03234, 7.61807 ] } },
{ "type": "Feature", "properties": { "latitude": 7.70898, "longitude": 80.0405, "bright_ti4": 344.18, "scan": 0.52, "track": 0.5, "acq_date": "2026-09-09", "acq_time": 839, "satellite": "N", "instrument": "VIIRS", "confidence": "n", "version": "2.0NRT", "bright_ti5": 298.58, "frp": 8.36, "daynight": "D" }, "geometry": { "type": "Point", "coordinates": [ 80.0405, 7.70898 ] } },
{ "type": "Feature", "properties": { "latitude": 7.71594, "longitude": 81.0788, "bright_ti4": 336.03, "scan": 0.61, "track": 0.53, "acq_date": "2026-09-09", "acq_time": 839, "satellite": "N", "instrument": "VIIRS", "confidence": "n", "version": "2.0NRT", "bright_ti5": 299.7, "frp": 2.92, "daynight": "D" }, "geometry": { "type": "Point", "coordinates": [ 81.0788, 7.71594 ] } },
{ "type": "Feature", "properties": { "latitude": 7.77461, "longitude": 80.47596, "bright_ti4": 349.28, "scan": 0.56, "track": 0.51, "acq_date": "2026-09-09", "acq_time": 839, "satellite": "N", "instrument": "VIIRS", "confidence": "n", "version": "2.0NRT", "bright_ti5": 300.24, "frp": 11.62, "daynight": "D" }, "geometry": { "type": "Point", "coordinates": [ 80.47596, 7.77461 ] } },
{ "type": "Feature", "properties": { "latitude": 7.79754, "longitude": 80.64051, "bright_ti4": 339.96, "scan": 0.57, "track": 0.52, "acq_date": "2026-09-09", "acq_time": 839, "satellite": "N", "instrument": "VIIRS", "confidence": "n", "version": "2.0NRT", "bright_ti5": 299.71, "frp": 6.34, "daynight": "D" }, "geometry": { "type": "Point", "coordinates": [ 80.64051, 7.79754 ] } },
{ "type": "Feature", "properties": { "latitude": 7.80289, "longitude": 80.15063, "bright_ti4": 330.57, "scan": 0.53, "track": 0.5, "acq_date": "2026-09-09", "acq_time": 839, "satellite": "N", "instrument": "VIIRS", "confidence": "n", "version": "2.0NRT", "bright_ti5": 296.47, "frp": 4.35, "daynight": "D" }, "geometry": { "type": "Point", "coordinates": [ 80.15063, 7.80289 ] } },
{ "type": "Feature", "properties": { "latitude": 7.87047, "longitude": 80.20759, "bright_ti4": 331.55, "scan": 0.54, "track": 0.51, "acq_date": "2026-09-09", "acq_time": 839, "satellite": "N", "instrument": "VIIRS", "confidence": "n", "version": "2.0NRT", "bright_ti5": 299.0, "frp": 3.88, "daynight": "D" }, "geometry": { "type": "Point", "coordinates": [ 80.20759, 7.87047 ] } },
{ "type": "Feature", "properties": { "latitude": 7.92872, "longitude": 80.28514, "bright_ti4": 344.98, "scan": 0.54, "track": 0.51, "acq_date": "2026-09-09", "acq_time": 839, "satellite": "N", "instrument": "VIIRS", "confidence": "n", "version": "2.0NRT", "bright_ti5": 302.44, "frp": 7.9, "daynight": "D" }, "geometry": { "type": "Point", "coordinates": [ 80.28514, 7.92872 ] } },
{ "type": "Feature", "properties": { "latitude": 7.93467, "longitude": 81.38467, "bright_ti4": 334.37, "scan": 0.32, "track": 0.55, "acq_date": "2026-09-09", "acq_time": 839, "satellite": "N", "instrument": "VIIRS", "confidence": "n", "version": "2.0NRT", "bright_ti5": 297.86, "frp": 2.49, "daynight": "D" }, "geometry": { "type": "Point", "coordinates": [ 81.38467, 7.93467 ] } },
{ "type": "Feature", "properties": { "latitude": 7.9366, "longitude": 81.38432, "bright_ti4": 332.22, "scan": 0.32, "track": 0.55, "acq_date": "2026-09-09", "acq_time": 839, "satellite": "N", "instrument": "VIIRS", "confidence": "n", "version": "2.0NRT", "bright_ti5": 298.17, "frp": 4.08, "daynight": "D" }, "geometry": { "type": "Point", "coordinates": [ 81.38432, 7.9366 ] } },
{ "type": "Feature", "properties": { "latitude": 7.93867, "longitude": 80.57105, "bright_ti4": 335.35, "scan": 0.57, "track": 0.52, "acq_date": "2026-09-09", "acq_time": 839, "satellite": "N", "instrument": "VIIRS", "confidence": "n", "version": "2.0NRT", "bright_ti5": 300.15, "frp": 5.95, "daynight": "D" }, "geometry": { "type": "Point", "coordinates": [ 80.57105, 7.93867 ] } },
{ "type": "Feature", "properties": { "latitude": 7.93974, "longitude": 81.38399, "bright_ti4": 333.71, "scan": 0.32, "track": 0.55, "acq_date": "2026-09-09", "acq_time": 839, "satellite": "N", "instrument": "VIIRS", "confidence": "n", "version": "2.0NRT", "bright_ti5": 298.82, "frp": 2.49, "daynight": "D" }, "geometry": { "type": "Point", "coordinates": [ 81.38399, 7.93974 ] } },
{ "type": "Feature", "properties": { "latitude": 7.94733, "longitude": 80.45666, "bright_ti4": 333.69, "scan": 0.56, "track": 0.51, "acq_date": "2026-09-09", "acq_time": 839, "satellite": "N", "instrument": "VIIRS", "confidence": "n", "version": "2.0NRT", "bright_ti5": 300.22, "frp": 5.62, "daynight": "D" }, "geometry": { "type": "Point", "coordinates": [ 80.45666, 7.94733 ] } },
{ "type": "Feature", "properties": { "latitude": 7.96101, "longitude": 80.10643, "bright_ti4": 340.71, "scan": 0.53, "track": 0.5, "acq_date": "2026-09-09", "acq_time": 839, "satellite": "N", "instrument": "VIIRS", "confidence": "n", "version": "2.0NRT", "bright_ti5": 299.73, "frp": 5.84, "daynight": "D" }, "geometry": { "type": "Point", "coordinates": [ 80.10643, 7.96101 ] } },
{ "type": "Feature", "properties": { "latitude": 8.03355, "longitude": 80.4838, "bright_ti4": 342.04, "scan": 0.56, "track": 0.52, "acq_date": "2026-09-09", "acq_time": 839, "satellite": "N", "instrument": "VIIRS", "confidence": "n", "version": "2.0NRT", "bright_ti5": 301.17, "frp": 3.38, "daynight": "D" }, "geometry": { "type": "Point", "coordinates": [ 80.4838, 8.03355 ] } },
{ "type": "Feature", "properties": { "latitude": 8.03416, "longitude": 80.48712, "bright_ti4": 340.1, "scan": 0.56, "track": 0.52, "acq_date": "2026-09-09", "acq_time": 839, "satellite": "N", "instrument": "VIIRS", "confidence": "n", "version": "2.0NRT", "bright_ti5": 301.53, "frp": 5.25, "daynight": "D" }, "geometry": { "type": "Point", "coordinates": [ 80.48712, 8.03416 ] } },
{ "type": "Feature", "properties": { "latitude": 8.0565, "longitude": 80.40259, "bright_ti4": 334.94, "scan": 0.56, "track": 0.51, "acq_date": "2026-09-09", "acq_time": 839, "satellite": "N", "instrument": "VIIRS", "confidence": "n", "version": "2.0NRT", "bright_ti5": 302.42, "frp": 7.49, "daynight": "D" }, "geometry": { "type": "Point", "coordinates": [ 80.40259, 8.0565 ] } },
{ "type": "Feature", "properties": { "latitude": 8.0572, "longitude": 80.40765, "bright_ti4": 341.32, "scan": 0.56, "track": 0.51, "acq_date": "2026-09-09", "acq_time": 839, "satellite": "N", "instrument": "VIIRS", "confidence": "n", "version": "2.0NRT", "bright_ti5": 301.58, "frp": 7.49, "daynight": "D" }, "geometry": { "type": "Point", "coordinates": [ 80.40765, 8.0572 ] } },
{ "type": "Feature", "properties": { "latitude": 8.07086, "longitude": 80.09274, "bright_ti4": 330.58, "scan": 0.53, "track": 0.5, "acq_date": "2026-09-09", "acq_time": 839, "satellite": "N", "instrument": "VIIRS", "confidence": "n", "version": "2.0NRT", "bright_ti5": 296.44, "frp": 2.55, "daynight": "D" }, "geometry": { "type": "Point", "coordinates": [ 80.09274, 8.07086 ] } },
{ "type": "Feature", "properties": { "latitude": 8.09054, "longitude": 80.54442, "bright_ti4": 344.61, "scan": 0.57, "track": 0.52, "acq_date": "2026-09-09", "acq_time": 839, "satellite": "N", "instrument": "VIIRS", "confidence": "n", "version": "2.0NRT", "bright_ti5": 301.27, "frp": 7.04, "daynight": "D" }, "geometry": { "type": "Point", "coordinates": [ 80.54442, 8.09054 ] } },
{ "type": "Feature", "properties": { "latitude": 8.12141, "longitude": 80.80586, "bright_ti4": 332.52, "scan": 0.59, "track": 0.53, "acq_date": "2026-09-09", "acq_time": 839, "satellite": "N", "instrument": "VIIRS", "confidence": "l", "version": "2.0NRT", "bright_ti5": 303.24, "frp": 3.52, "daynight": "D" }, "geometry": { "type": "Point", "coordinates": [ 80.80586, 8.12141 ] } },
{ "type": "Feature", "properties": { "latitude": 8.1263, "longitude": 80.8052, "bright_ti4": 336.49, "scan": 0.59, "track": 0.53, "acq_date": "2026-09-09", "acq_time": 839, "satellite": "N", "instrument": "VIIRS", "confidence": "n", "version": "2.0NRT", "bright_ti5": 300.34, "frp": 3.52, "daynight": "D" }, "geometry": { "type": "Point", "coordinates": [ 80.8052, 8.1263 ] } },
{ "type": "Feature", "properties": { "latitude": 8.12681, "longitude": 80.0978, "bright_ti4": 342.88, "scan": 0.53, "track": 0.5, "acq_date": "2026-09-09", "acq_time": 839, "satellite": "N", "instrument": "VIIRS", "confidence": "n", "version": "2.0NRT", "bright_ti5": 299.8, "frp": 7.15, "daynight": "D" }, "geometry": { "type": "Point", "coordinates": [ 80.0978, 8.12681 ] } },
{ "type": "Feature", "properties": { "latitude": 8.21031, "longitude": 80.56414, "bright_ti4": 337.27, "scan": 0.57, "track": 0.52, "acq_date": "2026-09-09", "acq_time": 839, "satellite": "N", "instrument": "VIIRS", "confidence": "n", "version": "2.0NRT", "bright_ti5": 301.13, "frp": 5.45, "daynight": "D" }, "geometry": { "type": "Point", "coordinates": [ 80.56414, 8.21031 ] } },
{ "type": "Feature", "properties": { "latitude": 8.21103, "longitude": 80.56943, "bright_ti4": 343.1, "scan": 0.57, "track": 0.52, "acq_date": "2026-09-09", "acq_time": 839, "satellite": "N", "instrument": "VIIRS", "confidence": "n", "version": "2.0NRT", "bright_ti5": 302.32, "frp": 5.45, "daynight": "D" }, "geometry": { "type": "Point", "coordinates": [ 80.56943, 8.21103 ] } },
{ "type": "Feature", "properties": { "latitude": 8.21852, "longitude": 81.07156, "bright_ti4": 345.37, "scan": 0.62, "track": 0.54, "acq_date": "2026-09-09", "acq_time": 839, "satellite": "N", "instrument": "VIIRS", "confidence": "n", "version": "2.0NRT", "bright_ti5": 299.25, "frp": 6.22, "daynight": "D" }, "geometry": { "type": "Point", "coordinates": [ 81.07156, 8.21852 ] } },
{ "type": "Feature", "properties": { "latitude": 8.2188, "longitude": 81.07023, "bright_ti4": 346.73, "scan": 0.62, "track": 0.54, "acq_date": "2026-09-09", "acq_time": 839, "satellite": "N", "instrument": "VIIRS", "confidence": "n", "version": "2.0NRT", "bright_ti5": 299.18, "frp": 10.97, "daynight": "D" }, "geometry": { "type": "Point", "coordinates": [ 81.07023, 8.2188 ] } },
{ "type": "Feature", "properties": { "latitude": 8.22351, "longitude": 81.07091, "bright_ti4": 334.89, "scan": 0.62, "track": 0.54, "acq_date": "2026-09-09", "acq_time": 839, "satellite": "N", "instrument": "VIIRS", "confidence": "n", "version": "2.0NRT", "bright_ti5": 298.72, "frp": 6.22, "daynight": "D" }, "geometry": { "type": "Point", "coordinates": [ 81.07091, 8.22351 ] } },
{ "type": "Feature", "properties": { "latitude": 8.22378, "longitude": 81.06954, "bright_ti4": 330.41, "scan": 0.62, "track": 0.54, "acq_date": "2026-09-09", "acq_time": 839, "satellite": "N", "instrument": "VIIRS", "confidence": "n", "version": "2.0NRT", "bright_ti5": 298.8, "frp": 4.23, "daynight": "D" }, "geometry": { "type": "Point", "coordinates": [ 81.06954, 8.22378 ] } },
{ "type": "Feature", "properties": { "latitude": 8.26615, "longitude": 80.16025, "bright_ti4": 344.39, "scan": 0.54, "track": 0.51, "acq_date": "2026-09-09", "acq_time": 839, "satellite": "N", "instrument": "VIIRS", "confidence": "n", "version": "2.0NRT", "bright_ti5": 300.63, "frp": 11.17, "daynight": "D" }, "geometry": { "type": "Point", "coordinates": [ 80.16025, 8.26615 ] } },
{ "type": "Feature", "properties": { "latitude": 8.27084, "longitude": 80.15961, "bright_ti4": 348.91, "scan": 0.54, "track": 0.51, "acq_date": "2026-09-09", "acq_time": 839, "satellite": "N", "instrument": "VIIRS", "confidence": "n", "version": "2.0NRT", "bright_ti5": 301.13, "frp": 11.17, "daynight": "D" }, "geometry": { "type": "Point", "coordinates": [ 80.15961, 8.27084 ] } },
{ "type": "Feature", "properties": { "latitude": 8.30223, "longitude": 81.01012, "bright_ti4": 342.36, "scan": 0.62, "track": 0.54, "acq_date": "2026-09-09", "acq_time": 839, "satellite": "N", "instrument": "VIIRS", "confidence": "n", "version": "2.0NRT", "bright_ti5": 301.02, "frp": 14.97, "daynight": "D" }, "geometry": { "type": "Point", "coordinates": [ 81.01012, 8.30223 ] } },
{ "type": "Feature", "properties": { "latitude": 8.3023, "longitude": 81.01288, "bright_ti4": 342.43, "scan": 0.62, "track": 0.54, "acq_date": "2026-09-09", "acq_time": 839, "satellite": "N", "instrument": "VIIRS", "confidence": "n", "version": "2.0NRT", "bright_ti5": 299.96, "frp": 8.12, "daynight": "D" }, "geometry": { "type": "Point", "coordinates": [ 81.01288, 8.3023 ] } },
{ "type": "Feature", "properties": { "latitude": 8.30616, "longitude": 80.48454, "bright_ti4": 336.37, "scan": 0.57, "track": 0.52, "acq_date": "2026-09-09", "acq_time": 839, "satellite": "N", "instrument": "VIIRS", "confidence": "n", "version": "2.0NRT", "bright_ti5": 300.54, "frp": 3.36, "daynight": "D" }, "geometry": { "type": "Point", "coordinates": [ 80.48454, 8.30616 ] } },
{ "type": "Feature", "properties": { "latitude": 8.30727, "longitude": 81.0122, "bright_ti4": 331.43, "scan": 0.62, "track": 0.54, "acq_date": "2026-09-09", "acq_time": 839, "satellite": "N", "instrument": "VIIRS", "confidence": "n", "version": "2.0NRT", "bright_ti5": 299.02, "frp": 9.38, "daynight": "D" }, "geometry": { "type": "Point", "coordinates": [ 81.0122, 8.30727 ] } },
{ "type": "Feature", "properties": { "latitude": 8.31061, "longitude": 80.6608, "bright_ti4": 344.7, "scan": 0.58, "track": 0.52, "acq_date": "2026-09-09", "acq_time": 839, "satellite": "N", "instrument": "VIIRS", "confidence": "n", "version": "2.0NRT", "bright_ti5": 301.57, "frp": 10.03, "daynight": "D" }, "geometry": { "type": "Point", "coordinates": [ 80.6608, 8.31061 ] } },
{ "type": "Feature", "properties": { "latitude": 8.31722, "longitude": 81.01086, "bright_ti4": 330.29, "scan": 0.62, "track": 0.54, "acq_date": "2026-09-09", "acq_time": 839, "satellite": "N", "instrument": "VIIRS", "confidence": "n", "version": "2.0NRT", "bright_ti5": 299.93, "frp": 4.48, "daynight": "D" }, "geometry": { "type": "Point", "coordinates": [ 81.01086, 8.31722 ] } },
{ "type": "Feature", "properties": { "latitude": 8.37003, "longitude": 80.74961, "bright_ti4": 330.97, "scan": 0.59, "track": 0.53, "acq_date": "2026-09-09", "acq_time": 839, "satellite": "N", "instrument": "VIIRS", "confidence": "n", "version": "2.0NRT", "bright_ti5": 294.68, "frp": 0.82, "daynight": "D" }, "geometry": { "type": "Point", "coordinates": [ 80.74961, 8.37003 ] } },
{ "type": "Feature", "properties": { "latitude": 8.37234, "longitude": 77.62077, "bright_ti4": 339.77, "scan": 0.56, "track": 0.43, "acq_date": "2026-09-09", "acq_time": 839, "satellite": "N", "instrument": "VIIRS", "confidence": "n", "version": "2.0NRT", "bright_ti5": 306.54, "frp": 10.28, "daynight": "D" }, "geometry": { "type": "Point", "coordinates": [ 77.62077, 8.37234 ] } },
{ "type": "Feature", "properties": { "latitude": 8.3732, "longitude": 80.40456, "bright_ti4": 331.35, "scan": 0.56, "track": 0.52, "acq_date": "2026-09-09", "acq_time": 839, "satellite": "N", "instrument": "VIIRS", "confidence": "n", "version": "2.0NRT", "bright_ti5": 294.45, "frp": 3.21, "daynight": "D" }, "geometry": { "type": "Point", "coordinates": [ 80.40456, 8.3732 ] } },
{ "type": "Feature", "properties": { "latitude": 8.37381, "longitude": 77.62325, "bright_ti4": 339.68, "scan": 0.56, "track": 0.43, "acq_date": "2026-09-09", "acq_time": 839, "satellite": "N", "instrument": "VIIRS", "confidence": "n", "version": "2.0NRT", "bright_ti5": 307.26, "frp": 6.09, "daynight": "D" }, "geometry": { "type": "Point", "coordinates": [ 77.62325, 8.37381 ] } },
{ "type": "Feature", "properties": { "latitude": 8.44805, "longitude": 80.62918, "bright_ti4": 341.88, "scan": 0.58, "track": 0.52, "acq_date": "2026-09-09", "acq_time": 839, "satellite": "N", "instrument": "VIIRS", "confidence": "n", "version": "2.0NRT", "bright_ti5": 294.99, "frp": 10.36, "daynight": "D" }, "geometry": { "type": "Point", "coordinates": [ 80.62918, 8.44805 ] } },
{ "type": "Feature", "properties": { "latitude": 8.44878, "longitude": 80.63449, "bright_ti4": 341.53, "scan": 0.58, "track": 0.52, "acq_date": "2026-09-09", "acq_time": 839, "satellite": "N", "instrument": "VIIRS", "confidence": "n", "version": "2.0NRT", "bright_ti5": 293.66, "frp": 11.76, "daynight": "D" }, "geometry": { "type": "Point", "coordinates": [ 80.63449, 8.44878 ] } },
{ "type": "Feature", "properties": { "latitude": 8.46447, "longitude": 80.82089, "bright_ti4": 346.78, "scan": 0.6, "track": 0.53, "acq_date": "2026-09-09", "acq_time": 839, "satellite": "N", "instrument": "VIIRS", "confidence": "n", "version": "2.0NRT", "bright_ti5": 297.09, "frp": 10.99, "daynight": "D" }, "geometry": { "type": "Point", "coordinates": [ 80.82089, 8.46447 ] } },
{ "type": "Feature", "properties": { "latitude": 8.46842, "longitude": 80.24854, "bright_ti4": 330.37, "scan": 0.55, "track": 0.51, "acq_date": "2026-09-09", "acq_time": 839, "satellite": "N", "instrument": "VIIRS", "confidence": "n", "version": "2.0NRT", "bright_ti5": 299.64, "frp": 2.25, "daynight": "D" }, "geometry": { "type": "Point", "coordinates": [ 80.24854, 8.46842 ] } },
{ "type": "Feature", "properties": { "latitude": 8.50964, "longitude": 80.51556, "bright_ti4": 339.51, "scan": 0.57, "track": 0.52, "acq_date": "2026-09-09", "acq_time": 839, "satellite": "N", "instrument": "VIIRS", "confidence": "n", "version": "2.0NRT", "bright_ti5": 299.7, "frp": 5.28, "daynight": "D" }, "geometry": { "type": "Point", "coordinates": [ 80.51556, 8.50964 ] } },
{ "type": "Feature", "properties": { "latitude": 8.53304, "longitude": 78.12076, "bright_ti4": 336.58, "scan": 0.4, "track": 0.44, "acq_date": "2026-09-09", "acq_time": 839, "satellite": "N", "instrument": "VIIRS", "confidence": "l", "version": "2.0NRT", "bright_ti5": 308.22, "frp": 2.69, "daynight": "D" }, "geometry": { "type": "Point", "coordinates": [ 78.12076, 8.53304 ] } },
{ "type": "Feature", "properties": { "latitude": 8.59542, "longitude": 80.85155, "bright_ti4": 334.69, "scan": 0.61, "track": 0.53, "acq_date": "2026-09-09", "acq_time": 839, "satellite": "N", "instrument": "VIIRS", "confidence": "n", "version": "2.0NRT", "bright_ti5": 299.55, "frp": 4.99, "daynight": "D" }, "geometry": { "type": "Point", "coordinates": [ 80.85155, 8.59542 ] } },
{ "type": "Feature", "properties": { "latitude": 8.60634, "longitude": 77.96951, "bright_ti4": 345.48, "scan": 0.39, "track": 0.44, "acq_date": "2026-09-09", "acq_time": 839, "satellite": "N", "instrument": "VIIRS", "confidence": "n", "version": "2.0NRT", "bright_ti5": 306.15, "frp": 4.79, "daynight": "D" }, "geometry": { "type": "Point", "coordinates": [ 77.96951, 8.60634 ] } },
{ "type": "Feature", "properties": { "latitude": 8.61346, "longitude": 80.4192, "bright_ti4": 331.44, "scan": 0.57, "track": 0.52, "acq_date": "2026-09-09", "acq_time": 839, "satellite": "N", "instrument": "VIIRS", "confidence": "n", "version": "2.0NRT", "bright_ti5": 300.54, "frp": 5.62, "daynight": "D" }, "geometry": { "type": "Point", "coordinates": [ 80.4192, 8.61346 ] } },
{ "type": "Feature", "properties": { "latitude": 8.64196, "longitude": 81.08068, "bright_ti4": 335.58, "scan": 0.63, "track": 0.54, "acq_date": "2026-09-09", "acq_time": 839, "satellite": "N", "instrument": "VIIRS", "confidence": "n", "version": "2.0NRT", "bright_ti5": 298.7, "frp": 6.21, "daynight": "D" }, "geometry": { "type": "Point", "coordinates": [ 81.08068, 8.64196 ] } },
{ "type": "Feature", "properties": { "latitude": 8.7018, "longitude": 80.28503, "bright_ti4": 339.68, "scan": 0.56, "track": 0.51, "acq_date": "2026-09-09", "acq_time": 839, "satellite": "N", "instrument": "VIIRS", "confidence": "n", "version": "2.0NRT", "bright_ti5": 298.82, "frp": 6.94, "daynight": "D" }, "geometry": { "type": "Point", "coordinates": [ 80.28503, 8.7018 ] } },
{ "type": "Feature", "properties": { "latitude": 8.70837, "longitude": 80.40471, "bright_ti4": 331.56, "scan": 0.57, "track": 0.52, "acq_date": "2026-09-09", "acq_time": 839, "satellite": "N", "instrument": "VIIRS", "confidence": "n", "version": "2.0NRT", "bright_ti5": 299.04, "frp": 3.3, "daynight": "D" }, "geometry": { "type": "Point", "coordinates": [ 80.40471, 8.70837 ] } },
{ "type": "Feature", "properties": { "latitude": 8.74929, "longitude": 81.1545, "bright_ti4": 332.23, "scan": 0.32, "track": 0.55, "acq_date": "2026-09-09", "acq_time": 839, "satellite": "N", "instrument": "VIIRS", "confidence": "n", "version": "2.0NRT", "bright_ti5": 297.6, "frp": 3.03, "daynight": "D" }, "geometry": { "type": "Point", "coordinates": [ 81.1545, 8.74929 ] } },
{ "type": "Feature", "properties": { "latitude": 8.75256, "longitude": 81.15276, "bright_ti4": 334.71, "scan": 0.32, "track": 0.55, "acq_date": "2026-09-09", "acq_time": 839, "satellite": "N", "instrument": "VIIRS", "confidence": "n", "version": "2.0NRT", "bright_ti5": 297.26, "frp": 3.32, "daynight": "D" }, "geometry": { "type": "Point", "coordinates": [ 81.15276, 8.75256 ] } },
{ "type": "Feature", "properties": { "latitude": 8.88306, "longitude": 77.78769, "bright_ti4": 334.5, "scan": 0.39, "track": 0.44, "acq_date": "2026-09-09", "acq_time": 839, "satellite": "N", "instrument": "VIIRS", "confidence": "n", "version": "2.0NRT", "bright_ti5": 303.98, "frp": 2.52, "daynight": "D" }, "geometry": { "type": "Point", "coordinates": [ 77.78769, 8.88306 ] } },
{ "type": "Feature", "properties": { "latitude": 8.91723, "longitude": 80.44055, "bright_ti4": 351.83, "scan": 0.58, "track": 0.52, "acq_date": "2026-09-09", "acq_time": 839, "satellite": "N", "instrument": "VIIRS", "confidence": "n", "version": "2.0NRT", "bright_ti5": 299.28, "frp": 9.36, "daynight": "D" }, "geometry": { "type": "Point", "coordinates": [ 80.44055, 8.91723 ] } },
{ "type": "Feature", "properties": { "latitude": 8.93182, "longitude": 80.89063, "bright_ti4": 331.66, "scan": 0.62, "track": 0.54, "acq_date": "2026-09-09", "acq_time": 839, "satellite": "N", "instrument": "VIIRS", "confidence": "n", "version": "2.0NRT", "bright_ti5": 300.87, "frp": 6.54, "daynight": "D" }, "geometry": { "type": "Point", "coordinates": [ 80.89063, 8.93182 ] } },
{ "type": "Feature", "properties": { "latitude": 8.94801, "longitude": 80.85964, "bright_ti4": 332.89, "scan": 0.61, "track": 0.54, "acq_date": "2026-09-09", "acq_time": 839, "satellite": "N", "instrument": "VIIRS", "confidence": "n", "version": "2.0NRT", "bright_ti5": 298.85, "frp": 9.03, "daynight": "D" }, "geometry": { "type": "Point", "coordinates": [ 80.85964, 8.94801 ] } },
{ "type": "Feature", "properties": { "latitude": 9.05835, "longitude": 80.58269, "bright_ti4": 332.53, "scan": 0.59, "track": 0.53, "acq_date": "2026-09-09", "acq_time": 839, "satellite": "N", "instrument": "VIIRS", "confidence": "n", "version": "2.0NRT", "bright_ti5": 298.44, "frp": 4.52, "daynight": "D" }, "geometry": { "type": "Point", "coordinates": [ 80.58269, 9.05835 ] } },
{ "type": "Feature", "properties": { "latitude": 9.38469, "longitude": 80.47755, "bright_ti4": 347.65, "scan": 0.59, "track": 0.53, "acq_date": "2026-09-09", "acq_time": 839, "satellite": "N", "instrument": "VIIRS", "confidence": "n", "version": "2.0NRT", "bright_ti5": 292.51, "frp": 10.9, "daynight": "D" }, "geometry": { "type": "Point", "coordinates": [ 80.47755, 9.38469 ] } },
{ "type": "Feature", "properties": { "latitude": 9.63687, "longitude": 78.10203, "bright_ti4": 339.96, "scan": 0.41, "track": 0.45, "acq_date": "2026-09-09", "acq_time": 839, "satellite": "N", "instrument": "VIIRS", "confidence": "n", "version": "2.0NRT", "bright_ti5": 308.2, "frp": 5.41, "daynight": "D" }, "geometry": { "type": "Point", "coordinates": [ 78.10203, 9.63687 ] } },
{ "type": "Feature", "properties": { "latitude": 9.80809, "longitude": 77.51385, "bright_ti4": 340.35, "scan": 0.57, "track": 0.43, "acq_date": "2026-09-09", "acq_time": 839, "satellite": "N", "instrument": "VIIRS", "confidence": "n", "version": "2.0NRT", "bright_ti5": 296.04, "frp": 7.83, "daynight": "D" }, "geometry": { "type": "Point", "coordinates": [ 77.51385, 9.80809 ] } },
{ "type": "Feature", "properties": { "latitude": 9.83046, "longitude": 77.55689, "bright_ti4": 341.33, "scan": 0.38, "track": 0.44, "acq_date": "2026-09-09", "acq_time": 839, "satellite": "N", "instrument": "VIIRS", "confidence": "n", "version": "2.0NRT", "bright_ti5": 295.21, "frp": 2.25, "daynight": "D" }, "geometry": { "type": "Point", "coordinates": [ 77.55689, 9.83046 ] } },
{ "type": "Feature", "properties": { "latitude": 9.83092, "longitude": 77.56013, "bright_ti4": 331.53, "scan": 0.38, "track": 0.44, "acq_date": "2026-09-09", "acq_time": 839, "satellite": "N", "instrument": "VIIRS", "confidence": "n", "version": "2.0NRT", "bright_ti5": 295.36, "frp": 3.1, "daynight": "D" }, "geometry": { "type": "Point", "coordinates": [ 77.56013, 9.83092 ] } },
{ "type": "Feature", "properties": { "latitude": 10.09023, "longitude": 77.69757, "bright_ti4": 343.84, "scan": 0.4, "track": 0.44, "acq_date": "2026-09-09", "acq_time": 839, "satellite": "N", "instrument": "VIIRS", "confidence": "n", "version": "2.0NRT", "bright_ti5": 303.29, "frp": 1.42, "daynight": "D" }, "geometry": { "type": "Point", "coordinates": [ 77.69757, 10.09023 ] } },
{ "type": "Feature", "properties": { "latitude": 10.25719, "longitude": 77.25083, "bright_ti4": 347.9, "scan": 0.56, "track": 0.43, "acq_date": "2026-09-09", "acq_time": 839, "satellite": "N", "instrument": "VIIRS", "confidence": "n", "version": "2.0NRT", "bright_ti5": 291.29, "frp": 94.07, "daynight": "D" }, "geometry": { "type": "Point", "coordinates": [ 77.25083, 10.25719 ] } },
{ "type": "Feature", "properties": { "latitude": 10.25788, "longitude": 77.24821, "bright_ti4": 335.44, "scan": 0.56, "track": 0.43, "acq_date": "2026-09-09", "acq_time": 839, "satellite": "N", "instrument": "VIIRS", "confidence": "n", "version": "2.0NRT", "bright_ti5": 295.72, "frp": 50.16, "daynight": "D" }, "geometry": { "type": "Point", "coordinates": [ 77.24821, 10.25788 ] } },
{ "type": "Feature", "properties": { "latitude": 10.26118, "longitude": 77.24303, "bright_ti4": 330.49, "scan": 0.56, "track": 0.43, "acq_date": "2026-09-09", "acq_time": 839, "satellite": "N", "instrument": "VIIRS", "confidence": "n", "version": "2.0NRT", "bright_ti5": 290.27, "frp": 26.52, "daynight": "D" }, "geometry": { "type": "Point", "coordinates": [ 77.24303, 10.26118 ] } },
{ "type": "Feature", "properties": { "latitude": 10.31302, "longitude": 78.61387, "bright_ti4": 342.94, "scan": 0.45, "track": 0.47, "acq_date": "2026-09-09", "acq_time": 839, "satellite": "N", "instrument": "VIIRS", "confidence": "n", "version": "2.0NRT", "bright_ti5": 300.44, "frp": 4.49, "daynight": "D" }, "geometry": { "type": "Point", "coordinates": [ 78.61387, 10.31302 ] } },
{ "type": "Feature", "properties": { "latitude": 10.34718, "longitude": 79.41057, "bright_ti4": 336.58, "scan": 0.51, "track": 0.5, "acq_date": "2026-09-09", "acq_time": 839, "satellite": "N", "instrument": "VIIRS", "confidence": "n", "version": "2.0NRT", "bright_ti5": 292.56, "frp": 3.7, "daynight": "D" }, "geometry": { "type": "Point", "coordinates": [ 79.41057, 10.34718 ] } },
{ "type": "Feature", "properties": { "latitude": 10.34748, "longitude": 79.41254, "bright_ti4": 338.36, "scan": 0.51, "track": 0.5, "acq_date": "2026-09-09", "acq_time": 839, "satellite": "N", "instrument": "VIIRS", "confidence": "n", "version": "2.0NRT", "bright_ti5": 292.31, "frp": 3.18, "daynight": "D" }, "geometry": { "type": "Point", "coordinates": [ 79.41254, 10.34748 ] } },
{ "type": "Feature", "properties": { "latitude": 10.43343, "longitude": 77.19473, "bright_ti4": 335.63, "scan": 0.56, "track": 0.43, "acq_date": "2026-09-09", "acq_time": 839, "satellite": "N", "instrument": "VIIRS", "confidence": "n", "version": "2.0NRT", "bright_ti5": 303.53, "frp": 9.4, "daynight": "D" }, "geometry": { "type": "Point", "coordinates": [ 77.19473, 10.43343 ] } },
{ "type": "Feature", "properties": { "latitude": 10.44232, "longitude": 77.11541, "bright_ti4": 335.28, "scan": 0.55, "track": 0.43, "acq_date": "2026-09-09", "acq_time": 839, "satellite": "N", "instrument": "VIIRS", "confidence": "n", "version": "2.0NRT", "bright_ti5": 299.13, "frp": 2.39, "daynight": "D" }, "geometry": { "type": "Point", "coordinates": [ 77.11541, 10.44232 ] } },
{ "type": "Feature", "properties": { "latitude": 10.53283, "longitude": 78.61864, "bright_ti4": 330.74, "scan": 0.46, "track": 0.47, "acq_date": "2026-09-09", "acq_time": 839, "satellite": "N", "instrument": "VIIRS", "confidence": "n", "version": "2.0NRT", "bright_ti5": 300.14, "frp": 1.94, "daynight": "D" }, "geometry": { "type": "Point", "coordinates": [ 78.61864, 10.53283 ] } },
{ "type": "Feature", "properties": { "latitude": 10.67141, "longitude": 78.88138, "bright_ti4": 335.09, "scan": 0.48, "track": 0.48, "acq_date": "2026-09-09", "acq_time": 839, "satellite": "N", "instrument": "VIIRS", "confidence": "n", "version": "2.0NRT", "bright_ti5": 301.43, "frp": 4.19, "daynight": "D" }, "geometry": { "type": "Point", "coordinates": [ 78.88138, 10.67141 ] } },
{ "type": "Feature", "properties": { "latitude": 10.68338, "longitude": 79.27805, "bright_ti4": 334.52, "scan": 0.51, "track": 0.49, "acq_date": "2026-09-09", "acq_time": 839, "satellite": "N", "instrument": "VIIRS", "confidence": "n", "version": "2.0NRT", "bright_ti5": 294.9, "frp": 3.25, "daynight": "D" }, "geometry": { "type": "Point", "coordinates": [ 79.27805, 10.68338 ] } },
{ "type": "Feature", "properties": { "latitude": 10.90465, "longitude": 78.49009, "bright_ti4": 345.24, "scan": 0.45, "track": 0.47, "acq_date": "2026-09-09", "acq_time": 839, "satellite": "N", "instrument": "VIIRS", "confidence": "n", "version": "2.0NRT", "bright_ti5": 300.98, "frp": 4.58, "daynight": "D" }, "geometry": { "type": "Point", "coordinates": [ 78.49009, 10.90465 ] } },
{ "type": "Feature", "properties": { "latitude": 10.91727, "longitude": 78.97856, "bright_ti4": 335.44, "scan": 0.49, "track": 0.49, "acq_date": "2026-09-09", "acq_time": 839, "satellite": "N", "instrument": "VIIRS", "confidence": "n", "version": "2.0NRT", "bright_ti5": 299.35, "frp": 2.94, "daynight": "D" }, "geometry": { "type": "Point", "coordinates": [ 78.97856, 10.91727 ] } },
{ "type": "Feature", "properties": { "latitude": 10.91968, "longitude": 78.97959, "bright_ti4": 334.43, "scan": 0.49, "track": 0.49, "acq_date": "2026-09-09", "acq_time": 839, "satellite": "N", "instrument": "VIIRS", "confidence": "n", "version": "2.0NRT", "bright_ti5": 299.05, "frp": 1.76, "daynight": "D" }, "geometry": { "type": "Point", "coordinates": [ 78.97959, 10.91968 ] } },
{ "type": "Feature", "properties": { "latitude": 11.02803, "longitude": 77.51046, "bright_ti4": 336.75, "scan": 0.4, "track": 0.44, "acq_date": "2026-09-09", "acq_time": 839, "satellite": "N", "instrument": "VIIRS", "confidence": "n", "version": "2.0NRT", "bright_ti5": 304.82, "frp": 4.23, "daynight": "D" }, "geometry": { "type": "Point", "coordinates": [ 77.51046, 11.02803 ] } },
{ "type": "Feature", "properties": { "latitude": 12.06407, "longitude": 79.16139, "bright_ti4": 333.03, "scan": 0.52, "track": 0.5, "acq_date": "2026-09-09", "acq_time": 839, "satellite": "N", "instrument": "VIIRS", "confidence": "n", "version": "2.0NRT", "bright_ti5": 299.16, "frp": 2.28, "daynight": "D" }, "geometry": { "type": "Point", "coordinates": [ 79.16139, 12.06407 ] } },
{ "type": "Feature", "properties": { "latitude": 12.56395, "longitude": 79.11487, "bright_ti4": 341.51, "scan": 0.53, "track": 0.5, "acq_date": "2026-09-09", "acq_time": 839, "satellite": "N", "instrument": "VIIRS", "confidence": "n", "version": "2.0NRT", "bright_ti5": 296.93, "frp": 15.8, "daynight": "D" }, "geometry": { "type": "Point", "coordinates": [ 79.11487, 12.56395 ] } },
{ "type": "Feature", "properties": { "latitude": 13.86723, "longitude": 77.47733, "bright_ti4": 342.52, "scan": 0.43, "track": 0.46, "acq_date": "2026-09-09", "acq_time": 841, "satellite": "N", "instrument": "VIIRS", "confidence": "n", "version": "2.0NRT", "bright_ti5": 291.65, "frp": 4.47, "daynight": "D" }, "geometry": { "type": "Point", "coordinates": [ 77.47733, 13.86723 ] } },
{ "type": "Feature", "properties": { "latitude": 14.04664, "longitude": 79.93987, "bright_ti4": 331.29, "scan": 0.63, "track": 0.54, "acq_date": "2026-09-09", "acq_time": 841, "satellite": "N", "instrument": "VIIRS", "confidence": "n", "version": "2.0NRT", "bright_ti5": 291.17, "frp": 2.68, "daynight": "D" }, "geometry": { "type": "Point", "coordinates": [ 79.93987, 14.04664 ] } },
{ "type": "Feature", "properties": { "latitude": 14.5568, "longitude": 78.02254, "bright_ti4": 345.93, "scan": 0.48, "track": 0.48, "acq_date": "2026-09-09", "acq_time": 841, "satellite": "N", "instrument": "VIIRS", "confidence": "n", "version": "2.0NRT", "bright_ti5": 298.39, "frp": 4.37, "daynight": "D" }, "geometry": { "type": "Point", "coordinates": [ 78.02254, 14.5568 ] } },
{ "type": "Feature", "properties": { "latitude": 14.70121, "longitude": 79.99017, "bright_ti4": 339.65, "scan": 0.32, "track": 0.55, "acq_date": "2026-09-09", "acq_time": 841, "satellite": "N", "instrument": "VIIRS", "confidence": "n", "version": "2.0NRT", "bright_ti5": 294.2, "frp": 3.2, "daynight": "D" }, "geometry": { "type": "Point", "coordinates": [ 79.99017, 14.70121 ] } },
{ "type": "Feature", "properties": { "latitude": 14.79568, "longitude": 79.02826, "bright_ti4": 345.59, "scan": 0.56, "track": 0.51, "acq_date": "2026-09-09", "acq_time": 841, "satellite": "N", "instrument": "VIIRS", "confidence": "n", "version": "2.0NRT", "bright_ti5": 292.83, "frp": 11.93, "daynight": "D" }, "geometry": { "type": "Point", "coordinates": [ 79.02826, 14.79568 ] } },
{ "type": "Feature", "properties": { "latitude": 15.17479, "longitude": 76.67694, "bright_ti4": 332.08, "scan": 0.4, "track": 0.44, "acq_date": "2026-09-09", "acq_time": 841, "satellite": "N", "instrument": "VIIRS", "confidence": "n", "version": "2.0NRT", "bright_ti5": 301.53, "frp": 4.6, "daynight": "D" }, "geometry": { "type": "Point", "coordinates": [ 76.67694, 15.17479 ] } },
{ "type": "Feature", "properties": { "latitude": 15.17643, "longitude": 76.65775, "bright_ti4": 341.25, "scan": 0.4, "track": 0.44, "acq_date": "2026-09-09", "acq_time": 841, "satellite": "N", "instrument": "VIIRS", "confidence": "n", "version": "2.0NRT", "bright_ti5": 302.38, "frp": 6.01, "daynight": "D" }, "geometry": { "type": "Point", "coordinates": [ 76.65775, 15.17643 ] } },
{ "type": "Feature", "properties": { "latitude": 15.18199, "longitude": 76.66843, "bright_ti4": 336.98, "scan": 0.4, "track": 0.44, "acq_date": "2026-09-09", "acq_time": 841, "satellite": "N", "instrument": "VIIRS", "confidence": "n", "version": "2.0NRT", "bright_ti5": 300.46, "frp": 6.09, "daynight": "D" }, "geometry": { "type": "Point", "coordinates": [ 76.66843, 15.18199 ] } },
{ "type": "Feature", "properties": { "latitude": 17.38081, "longitude": 75.72618, "bright_ti4": 336.85, "scan": 0.56, "track": 0.43, "acq_date": "2026-09-09", "acq_time": 841, "satellite": "N", "instrument": "VIIRS", "confidence": "n", "version": "2.0NRT", "bright_ti5": 301.49, "frp": 3.99, "daynight": "D" }, "geometry": { "type": "Point", "coordinates": [ 75.72618, 17.38081 ] } },
{ "type": "Feature", "properties": { "latitude": 18.37337, "longitude": 74.35523, "bright_ti4": 337.45, "scan": 0.49, "track": 0.4, "acq_date": "2026-09-09", "acq_time": 841, "satellite": "N", "instrument": "VIIRS", "confidence": "n", "version": "2.0NRT", "bright_ti5": 304.07, "frp": 5.1, "daynight": "D" }, "geometry": { "type": "Point", "coordinates": [ 74.35523, 18.37337 ] } },
{ "type": "Feature", "properties": { "latitude": 18.48067, "longitude": 73.98694, "bright_ti4": 330.97, "scan": 0.47, "track": 0.4, "acq_date": "2026-09-09", "acq_time": 841, "satellite": "N", "instrument": "VIIRS", "confidence": "l", "version": "2.0NRT", "bright_ti5": 301.28, "frp": 5.5, "daynight": "D" }, "geometry": { "type": "Point", "coordinates": [ 73.98694, 18.48067 ] } },
{ "type": "Feature", "properties": { "latitude": 18.55479, "longitude": 74.31213, "bright_ti4": 343.56, "scan": 0.49, "track": 0.4, "acq_date": "2026-09-09", "acq_time": 841, "satellite": "N", "instrument": "VIIRS", "confidence": "n", "version": "2.0NRT", "bright_ti5": 301.81, "frp": 7.86, "daynight": "D" }, "geometry": { "type": "Point", "coordinates": [ 74.31213, 18.55479 ] } },
{ "type": "Feature", "properties": { "latitude": 18.55849, "longitude": 74.3116, "bright_ti4": 334.95, "scan": 0.49, "track": 0.4, "acq_date": "2026-09-09", "acq_time": 841, "satellite": "N", "instrument": "VIIRS", "confidence": "n", "version": "2.0NRT", "bright_ti5": 304.73, "frp": 8.74, "daynight": "D" }, "geometry": { "type": "Point", "coordinates": [ 74.3116, 18.55849 ] } },
{ "type": "Feature", "properties": { "latitude": 18.62244, "longitude": 74.55608, "bright_ti4": 335.85, "scan": 0.5, "track": 0.41, "acq_date": "2026-09-09", "acq_time": 841, "satellite": "N", "instrument": "VIIRS", "confidence": "n", "version": "2.0NRT", "bright_ti5": 302.07, "frp": 4.25, "daynight": "D" }, "geometry": { "type": "Point", "coordinates": [ 74.55608, 18.62244 ] } },
{ "type": "Feature", "properties": { "latitude": 18.64365, "longitude": 74.65992, "bright_ti4": 335.5, "scan": 0.51, "track": 0.41, "acq_date": "2026-09-09", "acq_time": 841, "satellite": "N", "instrument": "VIIRS", "confidence": "n", "version": "2.0NRT", "bright_ti5": 304.29, "frp": 4.85, "daynight": "D" }, "geometry": { "type": "Point", "coordinates": [ 74.65992, 18.64365 ] } },
{ "type": "Feature", "properties": { "latitude": 18.68402, "longitude": 73.04089, "bright_ti4": 339.03, "scan": 0.43, "track": 0.38, "acq_date": "2026-09-09", "acq_time": 841, "satellite": "N", "instrument": "VIIRS", "confidence": "n", "version": "2.0NRT", "bright_ti5": 301.53, "frp": 8.87, "daynight": "D" }, "geometry": { "type": "Point", "coordinates": [ 73.04089, 18.68402 ] } },
{ "type": "Feature", "properties": { "latitude": 18.68637, "longitude": 73.03223, "bright_ti4": 331.44, "scan": 0.43, "track": 0.38, "acq_date": "2026-09-09", "acq_time": 841, "satellite": "N", "instrument": "VIIRS", "confidence": "n", "version": "2.0NRT", "bright_ti5": 301.25, "frp": 6.71, "daynight": "D" }, "geometry": { "type": "Point", "coordinates": [ 73.03223, 18.68637 ] } },
{ "type": "Feature", "properties": { "latitude": 18.691, "longitude": 73.03982, "bright_ti4": 339.49, "scan": 0.43, "track": 0.38, "acq_date": "2026-09-09", "acq_time": 841, "satellite": "N", "instrument": "VIIRS", "confidence": "n", "version": "2.0NRT", "bright_ti5": 302.47, "frp": 8.26, "daynight": "D" }, "geometry": { "type": "Point", "coordinates": [ 73.03982, 18.691 ] } },
{ "type": "Feature", "properties": { "latitude": 18.99486, "longitude": 74.43908, "bright_ti4": 330.89, "scan": 0.5, "track": 0.41, "acq_date": "2026-09-09", "acq_time": 841, "satellite": "N", "instrument": "VIIRS", "confidence": "l", "version": "2.0NRT", "bright_ti5": 303.44, "frp": 3.27, "daynight": "D" }, "geometry": { "type": "Point", "coordinates": [ 74.43908, 18.99486 ] } },
{ "type": "Feature", "properties": { "latitude": 19.65047, "longitude": 74.57458, "bright_ti4": 335.89, "scan": 0.52, "track": 0.41, "acq_date": "2026-09-09", "acq_time": 843, "satellite": "N", "instrument": "VIIRS", "confidence": "n", "version": "2.0NRT", "bright_ti5": 298.13, "frp": 6.15, "daynight": "D" }, "geometry": { "type": "Point", "coordinates": [ 74.57458, 19.65047 ] } },
{ "type": "Feature", "properties": { "latitude": 21.10127, "longitude": 72.63649, "bright_ti4": 343.94, "scan": 0.43, "track": 0.38, "acq_date": "2026-09-09", "acq_time": 843, "satellite": "N", "instrument": "VIIRS", "confidence": "n", "version": "2.0NRT", "bright_ti5": 303.4, "frp": 10.01, "daynight": "D" }, "geometry": { "type": "Point", "coordinates": [ 72.63649, 21.10127 ] } },
{ "type": "Feature", "properties": { "latitude": 21.10479, "longitude": 72.63596, "bright_ti4": 342.9, "scan": 0.43, "track": 0.38, "acq_date": "2026-09-09", "acq_time": 843, "satellite": "N", "instrument": "VIIRS", "confidence": "n", "version": "2.0NRT", "bright_ti5": 301.56, "frp": 10.01, "daynight": "D" }, "geometry": { "type": "Point", "coordinates": [ 72.63596, 21.10479 ] } },
{ "type": "Feature", "properties": { "latitude": 21.10594, "longitude": 72.64432, "bright_ti4": 339.18, "scan": 0.43, "track": 0.38, "acq_date": "2026-09-09", "acq_time": 843, "satellite": "N", "instrument": "VIIRS", "confidence": "n", "version": "2.0NRT", "bright_ti5": 304.26, "frp": 8.38, "daynight": "D" }, "geometry": { "type": "Point", "coordinates": [ 72.64432, 21.10594 ] } },
{ "type": "Feature", "properties": { "latitude": 21.10652, "longitude": 72.6485, "bright_ti4": 344.45, "scan": 0.43, "track": 0.38, "acq_date": "2026-09-09", "acq_time": 843, "satellite": "N", "instrument": "VIIRS", "confidence": "n", "version": "2.0NRT", "bright_ti5": 304.6, "frp": 8.4, "daynight": "D" }, "geometry": { "type": "Point", "coordinates": [ 72.6485, 21.10652 ] } },
{ "type": "Feature", "properties": { "latitude": 21.1083, "longitude": 72.63541, "bright_ti4": 341.85, "scan": 0.43, "track": 0.38, "acq_date": "2026-09-09", "acq_time": 843, "satellite": "N", "instrument": "VIIRS", "confidence": "n", "version": "2.0NRT", "bright_ti5": 303.4, "frp": 3.48, "daynight": "D" }, "geometry": { "type": "Point", "coordinates": [ 72.63541, 21.1083 ] } },
{ "type": "Feature", "properties": { "latitude": 21.11181, "longitude": 72.63486, "bright_ti4": 337.68, "scan": 0.43, "track": 0.38, "acq_date": "2026-09-09", "acq_time": 843, "satellite": "N", "instrument": "VIIRS", "confidence": "n", "version": "2.0NRT", "bright_ti5": 303.62, "frp": 3.48, "daynight": "D" }, "geometry": { "type": "Point", "coordinates": [ 72.63486, 21.11181 ] } },
{ "type": "Feature", "properties": { "latitude": 21.45597, "longitude": 72.9502, "bright_ti4": 334.97, "scan": 0.45, "track": 0.39, "acq_date": "2026-09-09", "acq_time": 843, "satellite": "N", "instrument": "VIIRS", "confidence": "n", "version": "2.0NRT", "bright_ti5": 301.66, "frp": 3.95, "daynight": "D" }, "geometry": { "type": "Point", "coordinates": [ 72.9502, 21.45597 ] } },
{ "type": "Feature", "properties": { "latitude": 21.96141, "longitude": 72.51338, "bright_ti4": 339.3, "scan": 0.44, "track": 0.38, "acq_date": "2026-09-09", "acq_time": 843, "satellite": "N", "instrument": "VIIRS", "confidence": "n", "version": "2.0NRT", "bright_ti5": 303.3, "frp": 6.19, "daynight": "D" }, "geometry": { "type": "Point", "coordinates": [ 72.51338, 21.96141 ] } },
{ "type": "Feature", "properties": { "latitude": 22.35983, "longitude": 82.30304, "bright_ti4": 326.78, "scan": 0.56, "track": 0.69, "acq_date": "2026-09-09", "acq_time": 843, "satellite": "N", "instrument": "VIIRS", "confidence": "n", "version": "2.0NRT", "bright_ti5": 287.19, "frp": 8.43, "daynight": "D" }, "geometry": { "type": "Point", "coordinates": [ 82.30304, 22.35983 ] } },
{ "type": "Feature", "properties": { "latitude": 22.4838, "longitude": 70.93859, "bright_ti4": 337.46, "scan": 0.4, "track": 0.37, "acq_date": "2026-09-09", "acq_time": 843, "satellite": "N", "instrument": "VIIRS", "confidence": "n", "version": "2.0NRT", "bright_ti5": 302.73, "frp": 3.49, "daynight": "D" }, "geometry": { "type": "Point", "coordinates": [ 70.93859, 22.4838 ] } },
{ "type": "Feature", "properties": { "latitude": 22.55157, "longitude": 71.63312, "bright_ti4": 338.85, "scan": 0.41, "track": 0.37, "acq_date": "2026-09-09", "acq_time": 843, "satellite": "N", "instrument": "VIIRS", "confidence": "n", "version": "2.0NRT", "bright_ti5": 305.61, "frp": 5.82, "daynight": "D" }, "geometry": { "type": "Point", "coordinates": [ 71.63312, 22.55157 ] } },
{ "type": "Feature", "properties": { "latitude": 22.78069, "longitude": 69.46031, "bright_ti4": 337.63, "scan": 0.38, "track": 0.36, "acq_date": "2026-09-09", "acq_time": 843, "satellite": "N", "instrument": "VIIRS", "confidence": "n", "version": "2.0NRT", "bright_ti5": 302.9, "frp": 3.57, "daynight": "D" }, "geometry": { "type": "Point", "coordinates": [ 69.46031, 22.78069 ] } },
{ "type": "Feature", "properties": { "latitude": 22.87284, "longitude": 69.57805, "bright_ti4": 332.78, "scan": 0.38, "track": 0.36, "acq_date": "2026-09-09", "acq_time": 843, "satellite": "N", "instrument": "VIIRS", "confidence": "n", "version": "2.0NRT", "bright_ti5": 301.04, "frp": 4.04, "daynight": "D" }, "geometry": { "type": "Point", "coordinates": [ 69.57805, 22.87284 ] } },
{ "type": "Feature", "properties": { "latitude": 22.89505, "longitude": 69.89949, "bright_ti4": 334.75, "scan": 0.39, "track": 0.36, "acq_date": "2026-09-09", "acq_time": 843, "satellite": "N", "instrument": "VIIRS", "confidence": "n", "version": "2.0NRT", "bright_ti5": 304.7, "frp": 1.82, "daynight": "D" }, "geometry": { "type": "Point", "coordinates": [ 69.89949, 22.89505 ] } },
{ "type": "Feature", "properties": { "latitude": 22.92988, "longitude": 70.10869, "bright_ti4": 336.43, "scan": 0.39, "track": 0.36, "acq_date": "2026-09-09", "acq_time": 843, "satellite": "N", "instrument": "VIIRS", "confidence": "n", "version": "2.0NRT", "bright_ti5": 304.53, "frp": 6.77, "daynight": "D" }, "geometry": { "type": "Point", "coordinates": [ 70.10869, 22.92988 ] } },
{ "type": "Feature", "properties": { "latitude": 22.9318, "longitude": 69.69779, "bright_ti4": 332.54, "scan": 0.38, "track": 0.36, "acq_date": "2026-09-09", "acq_time": 843, "satellite": "N", "instrument": "VIIRS", "confidence": "l", "version": "2.0NRT", "bright_ti5": 304.36, "frp": 2.27, "daynight": "D" }, "geometry": { "type": "Point", "coordinates": [ 69.69779, 22.9318 ] } },
{ "type": "Feature", "properties": { "latitude": 22.93237, "longitude": 69.70152, "bright_ti4": 331.13, "scan": 0.38, "track": 0.36, "acq_date": "2026-09-09", "acq_time": 843, "satellite": "N", "instrument": "VIIRS", "confidence": "l", "version": "2.0NRT", "bright_ti5": 303.33, "frp": 3.74, "daynight": "D" }, "geometry": { "type": "Point", "coordinates": [ 69.70152, 22.93237 ] } },
{ "type": "Feature", "properties": { "latitude": 22.93511, "longitude": 69.6972, "bright_ti4": 335.3, "scan": 0.38, "track": 0.36, "acq_date": "2026-09-09", "acq_time": 843, "satellite": "N", "instrument": "VIIRS", "confidence": "n", "version": "2.0NRT", "bright_ti5": 303.5, "frp": 2.27, "daynight": "D" }, "geometry": { "type": "Point", "coordinates": [ 69.6972, 22.93511 ] } },
{ "type": "Feature", "properties": { "latitude": 23.03181, "longitude": 69.53057, "bright_ti4": 331.92, "scan": 0.38, "track": 0.36, "acq_date": "2026-09-09", "acq_time": 843, "satellite": "N", "instrument": "VIIRS", "confidence": "l", "version": "2.0NRT", "bright_ti5": 302.92, "frp": 2.6, "daynight": "D" }, "geometry": { "type": "Point", "coordinates": [ 69.53057, 23.03181 ] } },
{ "type": "Feature", "properties": { "latitude": 23.05331, "longitude": 69.64938, "bright_ti4": 335.4, "scan": 0.38, "track": 0.36, "acq_date": "2026-09-09", "acq_time": 843, "satellite": "N", "instrument": "VIIRS", "confidence": "n", "version": "2.0NRT", "bright_ti5": 299.9, "frp": 5.02, "daynight": "D" }, "geometry": { "type": "Point", "coordinates": [ 69.64938, 23.05331 ] } },
{ "type": "Feature", "properties": { "latitude": 23.10171, "longitude": 72.47737, "bright_ti4": 330.84, "scan": 0.45, "track": 0.39, "acq_date": "2026-09-09", "acq_time": 843, "satellite": "N", "instrument": "VIIRS", "confidence": "l", "version": "2.0NRT", "bright_ti5": 303.73, "frp": 4.76, "daynight": "D" }, "geometry": { "type": "Point", "coordinates": [ 72.47737, 23.10171 ] } },
{ "type": "Feature", "properties": { "latitude": 23.50802, "longitude": 72.15764, "bright_ti4": 337.69, "scan": 0.44, "track": 0.38, "acq_date": "2026-09-09", "acq_time": 843, "satellite": "N", "instrument": "VIIRS", "confidence": "n", "version": "2.0NRT", "bright_ti5": 305.06, "frp": 3.69, "daynight": "D" }, "geometry": { "type": "Point", "coordinates": [ 72.15764, 23.50802 ] } },
{ "type": "Feature", "properties": { "latitude": 23.57267, "longitude": 72.47577, "bright_ti4": 335.21, "scan": 0.45, "track": 0.39, "acq_date": "2026-09-09", "acq_time": 843, "satellite": "N", "instrument": "VIIRS", "confidence": "n", "version": "2.0NRT", "bright_ti5": 305.14, "frp": 4.27, "daynight": "D" }, "geometry": { "type": "Point", "coordinates": [ 72.47577, 23.57267 ] } },
{ "type": "Feature", "properties": { "latitude": 24.48032, "longitude": 69.0869, "bright_ti4": 334.57, "scan": 0.38, "track": 0.36, "acq_date": "2026-09-09", "acq_time": 843, "satellite": "N", "instrument": "VIIRS", "confidence": "n", "version": "2.0NRT", "bright_ti5": 303.96, "frp": 2.81, "daynight": "D" }, "geometry": { "type": "Point", "coordinates": [ 69.0869, 24.48032 ] } },
{ "type": "Feature", "properties": { "latitude": 25.00024, "longitude": 69.17052, "bright_ti4": 333.45, "scan": 0.38, "track": 0.36, "acq_date": "2026-09-09", "acq_time": 843, "satellite": "N", "instrument": "VIIRS", "confidence": "l", "version": "2.0NRT", "bright_ti5": 305.19, "frp": 0.73, "daynight": "D" }, "geometry": { "type": "Point", "coordinates": [ 69.17052, 25.00024 ] } },
{ "type": "Feature", "properties": { "latitude": 25.35773, "longitude": 69.0938, "bright_ti4": 334.28, "scan": 0.38, "track": 0.36, "acq_date": "2026-09-09", "acq_time": 843, "satellite": "N", "instrument": "VIIRS", "confidence": "l", "version": "2.0NRT", "bright_ti5": 305.96, "frp": 2.47, "daynight": "D" }, "geometry": { "type": "Point", "coordinates": [ 69.0938, 25.35773 ] } },
{ "type": "Feature", "properties": { "latitude": 25.38771, "longitude": 68.58407, "bright_ti4": 343.72, "scan": 0.38, "track": 0.36, "acq_date": "2026-09-09", "acq_time": 843, "satellite": "N", "instrument": "VIIRS", "confidence": "n", "version": "2.0NRT", "bright_ti5": 306.56, "frp": 4.62, "daynight": "D" }, "geometry": { "type": "Point", "coordinates": [ 68.58407, 25.38771 ] } },
{ "type": "Feature", "properties": { "latitude": 25.41987, "longitude": 68.99232, "bright_ti4": 345.34, "scan": 0.38, "track": 0.36, "acq_date": "2026-09-09", "acq_time": 843, "satellite": "N", "instrument": "VIIRS", "confidence": "n", "version": "2.0NRT", "bright_ti5": 308.48, "frp": 4.22, "daynight": "D" }, "geometry": { "type": "Point", "coordinates": [ 68.99232, 25.41987 ] } },
{ "type": "Feature", "properties": { "latitude": 25.79195, "longitude": 68.59055, "bright_ti4": 331.3, "scan": 0.38, "track": 0.36, "acq_date": "2026-09-09", "acq_time": 843, "satellite": "N", "instrument": "VIIRS", "confidence": "n", "version": "2.0NRT", "bright_ti5": 304.9, "frp": 1.24, "daynight": "D" }, "geometry": { "type": "Point", "coordinates": [ 68.59055, 25.79195 ] } },
{ "type": "Feature", "properties": { "latitude": 25.89977, "longitude": 68.76244, "bright_ti4": 332.45, "scan": 0.38, "track": 0.36, "acq_date": "2026-09-09", "acq_time": 843, "satellite": "N", "instrument": "VIIRS", "confidence": "l", "version": "2.0NRT", "bright_ti5": 305.38, "frp": 2.09, "daynight": "D" }, "geometry": { "type": "Point", "coordinates": [ 68.76244, 25.89977 ] } },
{ "type": "Feature", "properties": { "latitude": 26.14395, "longitude": 68.98871, "bright_ti4": 332.5, "scan": 0.38, "track": 0.36, "acq_date": "2026-09-09", "acq_time": 843, "satellite": "N", "instrument": "VIIRS", "confidence": "n", "version": "2.0NRT", "bright_ti5": 305.64, "frp": 2.69, "daynight": "D" }, "geometry": { "type": "Point", "coordinates": [ 68.98871, 26.14395 ] } },
{ "type": "Feature", "properties": { "latitude": 26.64183, "longitude": 79.48302, "bright_ti4": 332.65, "scan": 0.41, "track": 0.61, "acq_date": "2026-09-09", "acq_time": 843, "satellite": "N", "instrument": "VIIRS", "confidence": "n", "version": "2.0NRT", "bright_ti5": 294.48, "frp": 4.48, "daynight": "D" }, "geometry": { "type": "Point", "coordinates": [ 79.48302, 26.64183 ] } },
{ "type": "Feature", "properties": { "latitude": 26.78156, "longitude": 72.00723, "bright_ti4": 343.32, "scan": 0.46, "track": 0.39, "acq_date": "2026-09-09", "acq_time": 843, "satellite": "N", "instrument": "VIIRS", "confidence": "n", "version": "2.0NRT", "bright_ti5": 310.89, "frp": 7.69, "daynight": "D" }, "geometry": { "type": "Point", "coordinates": [ 72.00723, 26.78156 ] } },
{ "type": "Feature", "properties": { "latitude": 26.78459, "longitude": 72.00198, "bright_ti4": 339.68, "scan": 0.46, "track": 0.39, "acq_date": "2026-09-09", "acq_time": 843, "satellite": "N", "instrument": "VIIRS", "confidence": "l", "version": "2.0NRT", "bright_ti5": 310.8, "frp": 7.69, "daynight": "D" }, "geometry": { "type": "Point", "coordinates": [ 72.00198, 26.78459 ] } },
{ "type": "Feature", "properties": { "latitude": 26.78636, "longitude": 72.01598, "bright_ti4": 341.03, "scan": 0.46, "track": 0.39, "acq_date": "2026-09-09", "acq_time": 843, "satellite": "N", "instrument": "VIIRS", "confidence": "n", "version": "2.0NRT", "bright_ti5": 309.83, "frp": 19.54, "daynight": "D" }, "geometry": { "type": "Point", "coordinates": [ 72.01598, 26.78636 ] } },
{ "type": "Feature", "properties": { "latitude": 26.78939, "longitude": 72.01074, "bright_ti4": 348.52, "scan": 0.46, "track": 0.39, "acq_date": "2026-09-09", "acq_time": 843, "satellite": "N", "instrument": "VIIRS", "confidence": "n", "version": "2.0NRT", "bright_ti5": 310.23, "frp": 9.4, "daynight": "D" }, "geometry": { "type": "Point", "coordinates": [ 72.01074, 26.78939 ] } },
{ "type": "Feature", "properties": { "latitude": 26.79242, "longitude": 72.0055, "bright_ti4": 347.32, "scan": 0.46, "track": 0.39, "acq_date": "2026-09-09", "acq_time": 843, "satellite": "N", "instrument": "VIIRS", "confidence": "n", "version": "2.0NRT", "bright_ti5": 311.3, "frp": 15.04, "daynight": "D" }, "geometry": { "type": "Point", "coordinates": [ 72.0055, 26.79242 ] } },
{ "type": "Feature", "properties": { "latitude": 26.7936, "longitude": 72.01483, "bright_ti4": 342.21, "scan": 0.46, "track": 0.39, "acq_date": "2026-09-09", "acq_time": 843, "satellite": "N", "instrument": "VIIRS", "confidence": "n", "version": "2.0NRT", "bright_ti5": 310.55, "frp": 9.4, "daynight": "D" }, "geometry": { "type": "Point", "coordinates": [ 72.01483, 26.7936 ] } },
{ "type": "Feature", "properties": { "latitude": 26.79663, "longitude": 72.00959, "bright_ti4": 342.06, "scan": 0.46, "track": 0.39, "acq_date": "2026-09-09", "acq_time": 843, "satellite": "N", "instrument": "VIIRS", "confidence": "n", "version": "2.0NRT", "bright_ti5": 310.44, "frp": 4.85, "daynight": "D" }, "geometry": { "type": "Point", "coordinates": [ 72.00959, 26.79663 ] } },
{ "type": "Feature", "properties": { "latitude": 26.79723, "longitude": 72.01426, "bright_ti4": 338.28, "scan": 0.46, "track": 0.39, "acq_date": "2026-09-09", "acq_time": 843, "satellite": "N", "instrument": "VIIRS", "confidence": "l", "version": "2.0NRT", "bright_ti5": 310.24, "frp": 4.85, "daynight": "D" }, "geometry": { "type": "Point", "coordinates": [ 72.01426, 26.79723 ] } },
{ "type": "Feature", "properties": { "latitude": 28.42417, "longitude": 69.70093, "bright_ti4": 337.49, "scan": 0.4, "track": 0.37, "acq_date": "2026-09-09", "acq_time": 845, "satellite": "N", "instrument": "VIIRS", "confidence": "l", "version": "2.0NRT", "bright_ti5": 311.47, "frp": 3.82, "daynight": "D" }, "geometry": { "type": "Point", "coordinates": [ 69.70093, 28.42417 ] } },
{ "type": "Feature", "properties": { "latitude": 30.3203, "longitude": 69.8423, "bright_ti4": 350.24, "scan": 0.42, "track": 0.37, "acq_date": "2026-09-09", "acq_time": 845, "satellite": "N", "instrument": "VIIRS", "confidence": "n", "version": "2.0NRT", "bright_ti5": 311.47, "frp": 2.96, "daynight": "D" }, "geometry": { "type": "Point", "coordinates": [ 69.8423, 30.3203 ] } },
{ "type": "Feature", "properties": { "latitude": 30.46224, "longitude": 73.80231, "bright_ti4": 335.0, "scan": 0.42, "track": 0.45, "acq_date": "2026-09-09", "acq_time": 845, "satellite": "N", "instrument": "VIIRS", "confidence": "n", "version": "2.0NRT", "bright_ti5": 302.14, "frp": 3.04, "daynight": "D" }, "geometry": { "type": "Point", "coordinates": [ 73.80231, 30.46224 ] } },
{ "type": "Feature", "properties": { "latitude": 31.11923, "longitude": 74.6719, "bright_ti4": 346.95, "scan": 0.48, "track": 0.48, "acq_date": "2026-09-09", "acq_time": 845, "satellite": "N", "instrument": "VIIRS", "confidence": "n", "version": "2.0NRT", "bright_ti5": 300.42, "frp": 10.59, "daynight": "D" }, "geometry": { "type": "Point", "coordinates": [ 74.6719, 31.11923 ] } },
{ "type": "Feature", "properties": { "latitude": 31.12366, "longitude": 74.67133, "bright_ti4": 345.68, "scan": 0.48, "track": 0.48, "acq_date": "2026-09-09", "acq_time": 845, "satellite": "N", "instrument": "VIIRS", "confidence": "n", "version": "2.0NRT", "bright_ti5": 298.08, "frp": 6.33, "daynight": "D" }, "geometry": { "type": "Point", "coordinates": [ 74.67133, 31.12366 ] } },
{ "type": "Feature", "properties": { "latitude": 31.12966, "longitude": 74.65249, "bright_ti4": 332.7, "scan": 0.48, "track": 0.48, "acq_date": "2026-09-09", "acq_time": 845, "satellite": "N", "instrument": "VIIRS", "confidence": "n", "version": "2.0NRT", "bright_ti5": 297.49, "frp": 2.66, "daynight": "D" }, "geometry": { "type": "Point", "coordinates": [ 74.65249, 31.12966 ] } },
{ "type": "Feature", "properties": { "latitude": 31.39262, "longitude": 73.96021, "bright_ti4": 340.26, "scan": 0.44, "track": 0.46, "acq_date": "2026-09-09", "acq_time": 845, "satellite": "N", "instrument": "VIIRS", "confidence": "n", "version": "2.0NRT", "bright_ti5": 298.55, "frp": 4.82, "daynight": "D" }, "geometry": { "type": "Point", "coordinates": [ 73.96021, 31.39262 ] } },
{ "type": "Feature", "properties": { "latitude": 36.79524, "longitude": 81.54149, "bright_ti4": 342.51, "scan": 0.66, "track": 0.73, "acq_date": "2026-09-09", "acq_time": 848, "satellite": "N", "instrument": "VIIRS", "confidence": "n", "version": "2.0NRT", "bright_ti5": 299.85, "frp": 6.22, "daynight": "D" }, "geometry": { "type": "Point", "coordinates": [ 81.54149, 36.79524 ] } },
{ "type": "Feature", "properties": { "latitude": 28.58281, "longitude": 96.94934, "bright_ti4": 309.49, "scan": 0.38, "track": 0.36, "acq_date": "2026-09-09", "acq_time": 1928, "satellite": "N", "instrument": "VIIRS", "confidence": "n", "version": "2.0NRT", "bright_ti5": 281.15, "frp": 1.2, "daynight": "N" }, "geometry": { "type": "Point", "coordinates": [ 96.94934, 28.58281 ] } },
{ "type": "Feature", "properties": { "latitude": 20.99799, "longitude": 86.01233, "bright_ti4": 300.3, "scan": 0.32, "track": 0.55, "acq_date": "2026-09-09", "acq_time": 1932, "satellite": "N", "instrument": "VIIRS", "confidence": "n", "version": "2.0NRT", "bright_ti5": 267.69, "frp": 0.42, "daynight": "N" }, "geometry": { "type": "Point", "coordinates": [ 86.01233, 20.99799 ] } },
{ "type": "Feature", "properties": { "latitude": 6.72036, "longitude": 81.1439, "bright_ti4": 309.22, "scan": 0.44, "track": 0.62, "acq_date": "2026-09-09", "acq_time": 1936, "satellite": "N", "instrument": "VIIRS", "confidence": "n", "version": "2.0NRT", "bright_ti5": 281.4, "frp": 1.04, "daynight": "N" }, "geometry": { "type": "Point", "coordinates": [ 81.1439, 6.72036 ] } },
{ "type": "Feature", "properties": { "latitude": 26.25893, "longitude": 74.09446, "bright_ti4": 310.9, "scan": 0.45, "track": 0.39, "acq_date": "2026-09-09", "acq_time": 2110, "satellite": "N", "instrument": "VIIRS", "confidence": "n", "version": "2.0NRT", "bright_ti5": 296.54, "frp": 1.6, "daynight": "N" }, "geometry": { "type": "Point", "coordinates": [ 74.09446, 26.25893 ] } },
{ "type": "Feature", "properties": { "latitude": 26.702, "longitude": 77.84742, "bright_ti4": 306.41, "scan": 0.46, "track": 0.47, "acq_date": "2026-09-09", "acq_time": 2110, "satellite": "N", "instrument": "VIIRS", "confidence": "n", "version": "2.0NRT", "bright_ti5": 293.08, "frp": 1.27, "daynight": "N" }, "geometry": { "type": "Point", "coordinates": [ 77.84742, 26.702 ] } },
{ "type": "Feature", "properties": { "latitude": 26.87392, "longitude": 73.51785, "bright_ti4": 307.54, "scan": 0.43, "track": 0.38, "acq_date": "2026-09-09", "acq_time": 2110, "satellite": "N", "instrument": "VIIRS", "confidence": "n", "version": "2.0NRT", "bright_ti5": 297.29, "frp": 1.08, "daynight": "N" }, "geometry": { "type": "Point", "coordinates": [ 73.51785, 26.87392 ] } },
{ "type": "Feature", "properties": { "latitude": 26.87812, "longitude": 73.51436, "bright_ti4": 311.62, "scan": 0.43, "track": 0.38, "acq_date": "2026-09-09", "acq_time": 2110, "satellite": "N", "instrument": "VIIRS", "confidence": "n", "version": "2.0NRT", "bright_ti5": 297.32, "frp": 1.08, "daynight": "N" }, "geometry": { "type": "Point", "coordinates": [ 73.51436, 26.87812 ] } },
{ "type": "Feature", "properties": { "latitude": 26.92571, "longitude": 73.46764, "bright_ti4": 307.46, "scan": 0.42, "track": 0.38, "acq_date": "2026-09-09", "acq_time": 2110, "satellite": "N", "instrument": "VIIRS", "confidence": "n", "version": "2.0NRT", "bright_ti5": 296.84, "frp": 1.03, "daynight": "N" }, "geometry": { "type": "Point", "coordinates": [ 73.46764, 26.92571 ] } },
{ "type": "Feature", "properties": { "latitude": 27.28872, "longitude": 73.83931, "bright_ti4": 310.71, "scan": 0.43, "track": 0.38, "acq_date": "2026-09-09", "acq_time": 2110, "satellite": "N", "instrument": "VIIRS", "confidence": "n", "version": "2.0NRT", "bright_ti5": 298.15, "frp": 1.61, "daynight": "N" }, "geometry": { "type": "Point", "coordinates": [ 73.83931, 27.28872 ] } },
{ "type": "Feature", "properties": { "latitude": 27.66891, "longitude": 76.13161, "bright_ti4": 308.25, "scan": 0.54, "track": 0.42, "acq_date": "2026-09-09", "acq_time": 2110, "satellite": "N", "instrument": "VIIRS", "confidence": "n", "version": "2.0NRT", "bright_ti5": 296.75, "frp": 2.32, "daynight": "N" }, "geometry": { "type": "Point", "coordinates": [ 76.13161, 27.66891 ] } },
{ "type": "Feature", "properties": { "latitude": 28.275, "longitude": 77.1826, "bright_ti4": 309.13, "scan": 0.4, "track": 0.44, "acq_date": "2026-09-09", "acq_time": 2110, "satellite": "N", "instrument": "VIIRS", "confidence": "n", "version": "2.0NRT", "bright_ti5": 294.05, "frp": 0.78, "daynight": "N" }, "geometry": { "type": "Point", "coordinates": [ 77.1826, 28.275 ] } },
{ "type": "Feature", "properties": { "latitude": 28.27803, "longitude": 77.27264, "bright_ti4": 308.04, "scan": 0.4, "track": 0.44, "acq_date": "2026-09-09", "acq_time": 2110, "satellite": "N", "instrument": "VIIRS", "confidence": "n", "version": "2.0NRT", "bright_ti5": 293.79, "frp": 1.08, "daynight": "N" }, "geometry": { "type": "Point", "coordinates": [ 77.27264, 28.27803 ] } },
{ "type": "Feature", "properties": { "latitude": 28.34753, "longitude": 77.25915, "bright_ti4": 306.48, "scan": 0.4, "track": 0.44, "acq_date": "2026-09-09", "acq_time": 2110, "satellite": "N", "instrument": "VIIRS", "confidence": "n", "version": "2.0NRT", "bright_ti5": 293.82, "frp": 1.02, "daynight": "N" }, "geometry": { "type": "Point", "coordinates": [ 77.25915, 28.34753 ] } },
{ "type": "Feature", "properties": { "latitude": 28.34835, "longitude": 77.25511, "bright_ti4": 307.79, "scan": 0.4, "track": 0.44, "acq_date": "2026-09-09", "acq_time": 2110, "satellite": "N", "instrument": "VIIRS", "confidence": "n", "version": "2.0NRT", "bright_ti5": 293.86, "frp": 1.02, "daynight": "N" }, "geometry": { "type": "Point", "coordinates": [ 77.25511, 28.34835 ] } },
{ "type": "Feature", "properties": { "latitude": 28.35967, "longitude": 77.24104, "bright_ti4": 308.29, "scan": 0.4, "track": 0.44, "acq_date": "2026-09-09", "acq_time": 2110, "satellite": "N", "instrument": "VIIRS", "confidence": "n", "version": "2.0NRT", "bright_ti5": 293.95, "frp": 0.92, "daynight": "N" }, "geometry": { "type": "Point", "coordinates": [ 77.24104, 28.35967 ] } },
{ "type": "Feature", "properties": { "latitude": 28.37098, "longitude": 77.22699, "bright_ti4": 305.53, "scan": 0.4, "track": 0.44, "acq_date": "2026-09-09", "acq_time": 2110, "satellite": "N", "instrument": "VIIRS", "confidence": "n", "version": "2.0NRT", "bright_ti5": 293.78, "frp": 1.01, "daynight": "N" }, "geometry": { "type": "Point", "coordinates": [ 77.22699, 28.37098 ] } },
{ "type": "Feature", "properties": { "latitude": 28.3718, "longitude": 77.22294, "bright_ti4": 308.59, "scan": 0.4, "track": 0.44, "acq_date": "2026-09-09", "acq_time": 2110, "satellite": "N", "instrument": "VIIRS", "confidence": "n", "version": "2.0NRT", "bright_ti5": 293.68, "frp": 1.32, "daynight": "N" }, "geometry": { "type": "Point", "coordinates": [ 77.22294, 28.3718 ] } },
{ "type": "Feature", "properties": { "latitude": 28.42315, "longitude": 69.70135, "bright_ti4": 316.97, "scan": 0.4, "track": 0.37, "acq_date": "2026-09-09", "acq_time": 2110, "satellite": "N", "instrument": "VIIRS", "confidence": "n", "version": "2.0NRT", "bright_ti5": 297.4, "frp": 1.92, "daynight": "N" }, "geometry": { "type": "Point", "coordinates": [ 69.70135, 28.42315 ] } },
{ "type": "Feature", "properties": { "latitude": 28.42652, "longitude": 69.70199, "bright_ti4": 311.1, "scan": 0.4, "track": 0.37, "acq_date": "2026-09-09", "acq_time": 2110, "satellite": "N", "instrument": "VIIRS", "confidence": "n", "version": "2.0NRT", "bright_ti5": 297.73, "frp": 1.46, "daynight": "N" }, "geometry": { "type": "Point", "coordinates": [ 69.70199, 28.42652 ] } },
{ "type": "Feature", "properties": { "latitude": 28.77395, "longitude": 77.56806, "bright_ti4": 310.88, "scan": 0.41, "track": 0.45, "acq_date": "2026-09-09", "acq_time": 2110, "satellite": "N", "instrument": "VIIRS", "confidence": "n", "version": "2.0NRT", "bright_ti5": 294.37, "frp": 0.77, "daynight": "N" }, "geometry": { "type": "Point", "coordinates": [ 77.56806, 28.77395 ] } },
{ "type": "Feature", "properties": { "latitude": 29.02955, "longitude": 73.97697, "bright_ti4": 318.86, "scan": 0.42, "track": 0.38, "acq_date": "2026-09-09", "acq_time": 2110, "satellite": "N", "instrument": "VIIRS", "confidence": "n", "version": "2.0NRT", "bright_ti5": 296.55, "frp": 1.05, "daynight": "N" }, "geometry": { "type": "Point", "coordinates": [ 73.97697, 29.02955 ] } },
{ "type": "Feature", "properties": { "latitude": 31.25911, "longitude": 76.92336, "bright_ti4": 303.81, "scan": 0.52, "track": 0.41, "acq_date": "2026-09-09", "acq_time": 2110, "satellite": "N", "instrument": "VIIRS", "confidence": "n", "version": "2.0NRT", "bright_ti5": 290.65, "frp": 0.89, "daynight": "N" }, "geometry": { "type": "Point", "coordinates": [ 76.92336, 31.25911 ] } },
{ "type": "Feature", "properties": { "latitude": 32.57447, "longitude": 72.56104, "bright_ti4": 311.35, "scan": 0.38, "track": 0.36, "acq_date": "2026-09-09", "acq_time": 2110, "satellite": "N", "instrument": "VIIRS", "confidence": "n", "version": "2.0NRT", "bright_ti5": 296.54, "frp": 2.05, "daynight": "N" }, "geometry": { "type": "Point", "coordinates": [ 72.56104, 32.57447 ] } },
{ "type": "Feature", "properties": { "latitude": 32.65298, "longitude": 70.47419, "bright_ti4": 314.51, "scan": 0.41, "track": 0.37, "acq_date": "2026-09-09", "acq_time": 2110, "satellite": "N", "instrument": "VIIRS", "confidence": "n", "version": "2.0NRT", "bright_ti5": 297.84, "frp": 1.53, "daynight": "N" }, "geometry": { "type": "Point", "coordinates": [ 70.47419, 32.65298 ] } },
{ "type": "Feature", "properties": { "latitude": 32.7166, "longitude": 72.77676, "bright_ti4": 312.74, "scan": 0.38, "track": 0.36, "acq_date": "2026-09-09", "acq_time": 2110, "satellite": "N", "instrument": "VIIRS", "confidence": "n", "version": "2.0NRT", "bright_ti5": 295.48, "frp": 1.21, "daynight": "N" }, "geometry": { "type": "Point", "coordinates": [ 72.77676, 32.7166 ] } },
{ "type": "Feature", "properties": { "latitude": 32.72005, "longitude": 72.92374, "bright_ti4": 308.62, "scan": 0.38, "track": 0.36, "acq_date": "2026-09-09", "acq_time": 2110, "satellite": "N", "instrument": "VIIRS", "confidence": "n", "version": "2.0NRT", "bright_ti5": 295.21, "frp": 0.93, "daynight": "N" }, "geometry": { "type": "Point", "coordinates": [ 72.92374, 32.72005 ] } },
{ "type": "Feature", "properties": { "latitude": 32.8899, "longitude": 71.61823, "bright_ti4": 310.73, "scan": 0.39, "track": 0.36, "acq_date": "2026-09-09", "acq_time": 2110, "satellite": "N", "instrument": "VIIRS", "confidence": "n", "version": "2.0NRT", "bright_ti5": 297.68, "frp": 1.08, "daynight": "N" }, "geometry": { "type": "Point", "coordinates": [ 71.61823, 32.8899 ] } },
{ "type": "Feature", "properties": { "latitude": 33.54676, "longitude": 71.54985, "bright_ti4": 309.65, "scan": 0.39, "track": 0.36, "acq_date": "2026-09-09", "acq_time": 2110, "satellite": "N", "instrument": "VIIRS", "confidence": "n", "version": "2.0NRT", "bright_ti5": 297.66, "frp": 0.93, "daynight": "N" }, "geometry": { "type": "Point", "coordinates": [ 71.54985, 33.54676 ] } },
{ "type": "Feature", "properties": { "latitude": 33.68788, "longitude": 72.7118, "bright_ti4": 313.69, "scan": 0.38, "track": 0.36, "acq_date": "2026-09-09", "acq_time": 2110, "satellite": "N", "instrument": "VIIRS", "confidence": "n", "version": "2.0NRT", "bright_ti5": 296.33, "frp": 2.94, "daynight": "N" }, "geometry": { "type": "Point", "coordinates": [ 72.7118, 33.68788 ] } },
{ "type": "Feature", "properties": { "latitude": 33.90514, "longitude": 71.91456, "bright_ti4": 308.72, "scan": 0.39, "track": 0.36, "acq_date": "2026-09-09", "acq_time": 2110, "satellite": "N", "instrument": "VIIRS", "confidence": "n", "version": "2.0NRT", "bright_ti5": 297.32, "frp": 2.04, "daynight": "N" }, "geometry": { "type": "Point", "coordinates": [ 71.91456, 33.90514 ] } },
{ "type": "Feature", "properties": { "latitude": 17.61107, "longitude": 83.20312, "bright_ti4": 299.76, "scan": 0.76, "track": 0.77, "acq_date": "2026-09-09", "acq_time": 2112, "satellite": "N", "instrument": "VIIRS", "confidence": "n", "version": "2.0NRT", "bright_ti5": 269.88, "frp": 1.97, "daynight": "N" }, "geometry": { "type": "Point", "coordinates": [ 83.20312, 17.61107 ] } },
{ "type": "Feature", "properties": { "latitude": 19.93405, "longitude": 73.71447, "bright_ti4": 306.08, "scan": 0.53, "track": 0.42, "acq_date": "2026-09-09", "acq_time": 2112, "satellite": "N", "instrument": "VIIRS", "confidence": "n", "version": "2.0NRT", "bright_ti5": 289.2, "frp": 0.62, "daynight": "N" }, "geometry": { "type": "Point", "coordinates": [ 73.71447, 19.93405 ] } },
{ "type": "Feature", "properties": { "latitude": 19.93644, "longitude": 73.71235, "bright_ti4": 311.96, "scan": 0.53, "track": 0.42, "acq_date": "2026-09-09", "acq_time": 2112, "satellite": "N", "instrument": "VIIRS", "confidence": "n", "version": "2.0NRT", "bright_ti5": 290.1, "frp": 1.54, "daynight": "N" }, "geometry": { "type": "Point", "coordinates": [ 73.71235, 19.93644 ] } },
{ "type": "Feature", "properties": { "latitude": 20.86701, "longitude": 70.56599, "bright_ti4": 311.65, "scan": 0.39, "track": 0.36, "acq_date": "2026-09-09", "acq_time": 2112, "satellite": "N", "instrument": "VIIRS", "confidence": "n", "version": "2.0NRT", "bright_ti5": 294.95, "frp": 1.55, "daynight": "N" }, "geometry": { "type": "Point", "coordinates": [ 70.56599, 20.86701 ] } },
{ "type": "Feature", "properties": { "latitude": 20.86824, "longitude": 71.39729, "bright_ti4": 307.63, "scan": 0.41, "track": 0.37, "acq_date": "2026-09-09", "acq_time": 2112, "satellite": "N", "instrument": "VIIRS", "confidence": "n", "version": "2.0NRT", "bright_ti5": 294.66, "frp": 0.73, "daynight": "N" }, "geometry": { "type": "Point", "coordinates": [ 71.39729, 20.86824 ] } },
{ "type": "Feature", "properties": { "latitude": 20.90956, "longitude": 71.46092, "bright_ti4": 311.05, "scan": 0.41, "track": 0.37, "acq_date": "2026-09-09", "acq_time": 2112, "satellite": "N", "instrument": "VIIRS", "confidence": "n", "version": "2.0NRT", "bright_ti5": 294.88, "frp": 2.1, "daynight": "N" }, "geometry": { "type": "Point", "coordinates": [ 71.46092, 20.90956 ] } },
{ "type": "Feature", "properties": { "latitude": 21.10076, "longitude": 72.63695, "bright_ti4": 334.48, "scan": 0.45, "track": 0.39, "acq_date": "2026-09-09", "acq_time": 2112, "satellite": "N", "instrument": "VIIRS", "confidence": "n", "version": "2.0NRT", "bright_ti5": 294.18, "frp": 5.71, "daynight": "N" }, "geometry": { "type": "Point", "coordinates": [ 72.63695, 21.10076 ] } },
{ "type": "Feature", "properties": { "latitude": 21.10252, "longitude": 72.63594, "bright_ti4": 333.31, "scan": 0.45, "track": 0.39, "acq_date": "2026-09-09", "acq_time": 2112, "satellite": "N", "instrument": "VIIRS", "confidence": "n", "version": "2.0NRT", "bright_ti5": 296.07, "frp": 10.96, "daynight": "N" }, "geometry": { "type": "Point", "coordinates": [ 72.63594, 21.10252 ] } },
{ "type": "Feature", "properties": { "latitude": 21.10281, "longitude": 72.64636, "bright_ti4": 308.29, "scan": 0.45, "track": 0.39, "acq_date": "2026-09-09", "acq_time": 2112, "satellite": "N", "instrument": "VIIRS", "confidence": "n", "version": "2.0NRT", "bright_ti5": 293.27, "frp": 3.56, "daynight": "N" }, "geometry": { "type": "Point", "coordinates": [ 72.64636, 21.10281 ] } },
{ "type": "Feature", "properties": { "latitude": 21.10432, "longitude": 72.63768, "bright_ti4": 321.45, "scan": 0.45, "track": 0.39, "acq_date": "2026-09-09", "acq_time": 2112, "satellite": "N", "instrument": "VIIRS", "confidence": "n", "version": "2.0NRT", "bright_ti5": 294.18, "frp": 5.71, "daynight": "N" }, "geometry": { "type": "Point", "coordinates": [ 72.63768, 21.10432 ] } },
{ "type": "Feature", "properties": { "latitude": 21.10452, "longitude": 72.64532, "bright_ti4": 340.71, "scan": 0.45, "track": 0.39, "acq_date": "2026-09-09", "acq_time": 2112, "satellite": "N", "instrument": "VIIRS", "confidence": "n", "version": "2.0NRT", "bright_ti5": 295.19, "frp": 18.82, "daynight": "N" }, "geometry": { "type": "Point", "coordinates": [ 72.64532, 21.10452 ] } },
{ "type": "Feature", "properties": { "latitude": 21.10808, "longitude": 72.64604, "bright_ti4": 339.52, "scan": 0.45, "track": 0.39, "acq_date": "2026-09-09", "acq_time": 2112, "satellite": "N", "instrument": "VIIRS", "confidence": "n", "version": "2.0NRT", "bright_ti5": 295.46, "frp": 18.82, "daynight": "N" }, "geometry": { "type": "Point", "coordinates": [ 72.64604, 21.10808 ] } },
{ "type": "Feature", "properties": { "latitude": 21.10964, "longitude": 72.63737, "bright_ti4": 315.57, "scan": 0.45, "track": 0.39, "acq_date": "2026-09-09", "acq_time": 2112, "satellite": "N", "instrument": "VIIRS", "confidence": "n", "version": "2.0NRT", "bright_ti5": 294.89, "frp": 4.74, "daynight": "N" }, "geometry": { "type": "Point", "coordinates": [ 72.63737, 21.10964 ] } },
{ "type": "Feature", "properties": { "latitude": 21.69743, "longitude": 72.53883, "bright_ti4": 307.31, "scan": 0.44, "track": 0.39, "acq_date": "2026-09-09", "acq_time": 2112, "satellite": "N", "instrument": "VIIRS", "confidence": "n", "version": "2.0NRT", "bright_ti5": 293.66, "frp": 0.44, "daynight": "N" }, "geometry": { "type": "Point", "coordinates": [ 72.53883, 21.69743 ] } },
{ "type": "Feature", "properties": { "latitude": 22.26339, "longitude": 75.13261, "bright_ti4": 304.97, "scan": 0.39, "track": 0.44, "acq_date": "2026-09-09", "acq_time": 2112, "satellite": "N", "instrument": "VIIRS", "confidence": "n", "version": "2.0NRT", "bright_ti5": 292.9, "frp": 1.44, "daynight": "N" }, "geometry": { "type": "Point", "coordinates": [ 75.13261, 22.26339 ] } },
{ "type": "Feature", "properties": { "latitude": 22.33705, "longitude": 69.86613, "bright_ti4": 308.05, "scan": 0.38, "track": 0.36, "acq_date": "2026-09-09", "acq_time": 2112, "satellite": "N", "instrument": "VIIRS", "confidence": "n", "version": "2.0NRT", "bright_ti5": 296.28, "frp": 3.31, "daynight": "N" }, "geometry": { "type": "Point", "coordinates": [ 69.86613, 22.33705 ] } },
{ "type": "Feature", "properties": { "latitude": 22.33882, "longitude": 69.85501, "bright_ti4": 315.32, "scan": 0.38, "track": 0.36, "acq_date": "2026-09-09", "acq_time": 2112, "satellite": "N", "instrument": "VIIRS", "confidence": "n", "version": "2.0NRT", "bright_ti5": 297.94, "frp": 3.38, "daynight": "N" }, "geometry": { "type": "Point", "coordinates": [ 69.85501, 22.33882 ] } },
{ "type": "Feature", "properties": { "latitude": 22.41555, "longitude": 69.03904, "bright_ti4": 326.87, "scan": 0.39, "track": 0.36, "acq_date": "2026-09-09", "acq_time": 2112, "satellite": "N", "instrument": "VIIRS", "confidence": "n", "version": "2.0NRT", "bright_ti5": 295.02, "frp": 3.3, "daynight": "N" }, "geometry": { "type": "Point", "coordinates": [ 69.03904, 22.41555 ] } },
{ "type": "Feature", "properties": { "latitude": 22.41887, "longitude": 69.03963, "bright_ti4": 311.95, "scan": 0.39, "track": 0.36, "acq_date": "2026-09-09", "acq_time": 2112, "satellite": "N", "instrument": "VIIRS", "confidence": "n", "version": "2.0NRT", "bright_ti5": 294.66, "frp": 2.1, "daynight": "N" }, "geometry": { "type": "Point", "coordinates": [ 69.03963, 22.41887 ] } },
{ "type": "Feature", "properties": { "latitude": 22.65471, "longitude": 70.98373, "bright_ti4": 305.96, "scan": 0.39, "track": 0.36, "acq_date": "2026-09-09", "acq_time": 2112, "satellite": "N", "instrument": "VIIRS", "confidence": "n", "version": "2.0NRT", "bright_ti5": 294.85, "frp": 0.49, "daynight": "N" }, "geometry": { "type": "Point", "coordinates": [ 70.98373, 22.65471 ] } },
{ "type": "Feature", "properties": { "latitude": 22.80195, "longitude": 70.89373, "bright_ti4": 307.56, "scan": 0.39, "track": 0.36, "acq_date": "2026-09-09", "acq_time": 2112, "satellite": "N", "instrument": "VIIRS", "confidence": "n", "version": "2.0NRT", "bright_ti5": 293.94, "frp": 0.85, "daynight": "N" }, "geometry": { "type": "Point", "coordinates": [ 70.89373, 22.80195 ] } },
{ "type": "Feature", "properties": { "latitude": 22.90915, "longitude": 69.69665, "bright_ti4": 307.65, "scan": 0.38, "track": 0.36, "acq_date": "2026-09-09", "acq_time": 2112, "satellite": "N", "instrument": "VIIRS", "confidence": "n", "version": "2.0NRT", "bright_ti5": 294.89, "frp": 1.67, "daynight": "N" }, "geometry": { "type": "Point", "coordinates": [ 69.69665, 22.90915 ] } },
{ "type": "Feature", "properties": { "latitude": 22.91245, "longitude": 69.69726, "bright_ti4": 306.83, "scan": 0.38, "track": 0.36, "acq_date": "2026-09-09", "acq_time": 2112, "satellite": "N", "instrument": "VIIRS", "confidence": "n", "version": "2.0NRT", "bright_ti5": 294.61, "frp": 1.06, "daynight": "N" }, "geometry": { "type": "Point", "coordinates": [ 69.69726, 22.91245 ] } },
{ "type": "Feature", "properties": { "latitude": 22.92675, "longitude": 69.82255, "bright_ti4": 308.26, "scan": 0.38, "track": 0.36, "acq_date": "2026-09-09", "acq_time": 2112, "satellite": "N", "instrument": "VIIRS", "confidence": "n", "version": "2.0NRT", "bright_ti5": 295.52, "frp": 1.46, "daynight": "N" }, "geometry": { "type": "Point", "coordinates": [ 69.82255, 22.92675 ] } },
{ "type": "Feature", "properties": { "latitude": 22.92927, "longitude": 70.10672, "bright_ti4": 306.23, "scan": 0.38, "track": 0.36, "acq_date": "2026-09-09", "acq_time": 2112, "satellite": "N", "instrument": "VIIRS", "confidence": "n", "version": "2.0NRT", "bright_ti5": 293.82, "frp": 1.86, "daynight": "N" }, "geometry": { "type": "Point", "coordinates": [ 70.10672, 22.92927 ] } },
{ "type": "Feature", "properties": { "latitude": 22.92957, "longitude": 69.69656, "bright_ti4": 320.29, "scan": 0.38, "track": 0.36, "acq_date": "2026-09-09", "acq_time": 2112, "satellite": "N", "instrument": "VIIRS", "confidence": "n", "version": "2.0NRT", "bright_ti5": 294.77, "frp": 2.26, "daynight": "N" }, "geometry": { "type": "Point", "coordinates": [ 69.69656, 22.92957 ] } },
{ "type": "Feature", "properties": { "latitude": 22.93229, "longitude": 69.70088, "bright_ti4": 323.29, "scan": 0.38, "track": 0.36, "acq_date": "2026-09-09", "acq_time": 2112, "satellite": "N", "instrument": "VIIRS", "confidence": "n", "version": "2.0NRT", "bright_ti5": 295.1, "frp": 2.27, "daynight": "N" }, "geometry": { "type": "Point", "coordinates": [ 69.70088, 22.93229 ] } },
{ "type": "Feature", "properties": { "latitude": 22.93287, "longitude": 69.69716, "bright_ti4": 337.93, "scan": 0.38, "track": 0.36, "acq_date": "2026-09-09", "acq_time": 2112, "satellite": "N", "instrument": "VIIRS", "confidence": "n", "version": "2.0NRT", "bright_ti5": 296.19, "frp": 7.62, "daynight": "N" }, "geometry": { "type": "Point", "coordinates": [ 69.69716, 22.93287 ] } },
{ "type": "Feature", "properties": { "latitude": 23.05618, "longitude": 69.9922, "bright_ti4": 306.29, "scan": 0.38, "track": 0.36, "acq_date": "2026-09-09", "acq_time": 2112, "satellite": "N", "instrument": "VIIRS", "confidence": "n", "version": "2.0NRT", "bright_ti5": 294.3, "frp": 0.62, "daynight": "N" }, "geometry": { "type": "Point", "coordinates": [ 69.9922, 23.05618 ] } },
{ "type": "Feature", "properties": { "latitude": 23.25672, "longitude": 70.26176, "bright_ti4": 323.61, "scan": 0.38, "track": 0.36, "acq_date": "2026-09-09", "acq_time": 2112, "satellite": "N", "instrument": "VIIRS", "confidence": "n", "version": "2.0NRT", "bright_ti5": 295.3, "frp": 1.41, "daynight": "N" }, "geometry": { "type": "Point", "coordinates": [ 70.26176, 23.25672 ] } },
{ "type": "Feature", "properties": { "latitude": 23.31528, "longitude": 70.4887, "bright_ti4": 312.09, "scan": 0.39, "track": 0.36, "acq_date": "2026-09-09", "acq_time": 2112, "satellite": "N", "instrument": "VIIRS", "confidence": "n", "version": "2.0NRT", "bright_ti5": 295.9, "frp": 1.43, "daynight": "N" }, "geometry": { "type": "Point", "coordinates": [ 70.4887, 23.31528 ] } },
{ "type": "Feature", "properties": { "latitude": 24.66075, "longitude": 74.63564, "bright_ti4": 307.83, "scan": 0.5, "track": 0.41, "acq_date": "2026-09-09", "acq_time": 2112, "satellite": "N", "instrument": "VIIRS", "confidence": "n", "version": "2.0NRT", "bright_ti5": 296.09, "frp": 2.06, "daynight": "N" }, "geometry": { "type": "Point", "coordinates": [ 74.63564, 24.66075 ] } },
{ "type": "Feature", "properties": { "latitude": 24.66097, "longitude": 74.634, "bright_ti4": 308.22, "scan": 0.5, "track": 0.41, "acq_date": "2026-09-09", "acq_time": 2112, "satellite": "N", "instrument": "VIIRS", "confidence": "n", "version": "2.0NRT", "bright_ti5": 296.35, "frp": 2.08, "daynight": "N" }, "geometry": { "type": "Point", "coordinates": [ 74.634, 24.66097 ] } },
{ "type": "Feature", "properties": { "latitude": 24.8211, "longitude": 73.09267, "bright_ti4": 312.4, "scan": 0.43, "track": 0.38, "acq_date": "2026-09-09", "acq_time": 2112, "satellite": "N", "instrument": "VIIRS", "confidence": "n", "version": "2.0NRT", "bright_ti5": 297.17, "frp": 1.45, "daynight": "N" }, "geometry": { "type": "Point", "coordinates": [ 73.09267, 24.8211 ] } },
{ "type": "Feature", "properties": { "latitude": 24.93354, "longitude": 74.6346, "bright_ti4": 310.77, "scan": 0.5, "track": 0.41, "acq_date": "2026-09-09", "acq_time": 2112, "satellite": "N", "instrument": "VIIRS", "confidence": "n", "version": "2.0NRT", "bright_ti5": 295.26, "frp": 1.39, "daynight": "N" }, "geometry": { "type": "Point", "coordinates": [ 74.6346, 24.93354 ] } },
{ "type": "Feature", "properties": { "latitude": 25.38741, "longitude": 68.58442, "bright_ti4": 317.03, "scan": 0.41, "track": 0.37, "acq_date": "2026-09-09", "acq_time": 2112, "satellite": "N", "instrument": "VIIRS", "confidence": "n", "version": "2.0NRT", "bright_ti5": 296.56, "frp": 0.88, "daynight": "N" }, "geometry": { "type": "Point", "coordinates": [ 68.58442, 25.38741 ] } },
{ "type": "Feature", "properties": { "latitude": 25.38799, "longitude": 68.58036, "bright_ti4": 307.36, "scan": 0.41, "track": 0.37, "acq_date": "2026-09-09", "acq_time": 2112, "satellite": "N", "instrument": "VIIRS", "confidence": "n", "version": "2.0NRT", "bright_ti5": 296.66, "frp": 0.88, "daynight": "N" }, "geometry": { "type": "Point", "coordinates": [ 68.58036, 25.38799 ] } },
{ "type": "Feature", "properties": { "latitude": 25.7812, "longitude": 73.699, "bright_ti4": 311.72, "scan": 0.44, "track": 0.39, "acq_date": "2026-09-09", "acq_time": 2112, "satellite": "N", "instrument": "VIIRS", "confidence": "n", "version": "2.0NRT", "bright_ti5": 294.51, "frp": 1.14, "daynight": "N" }, "geometry": { "type": "Point", "coordinates": [ 73.699, 25.7812 ] } },
{ "type": "Feature", "properties": { "latitude": 25.78472, "longitude": 73.69977, "bright_ti4": 310.35, "scan": 0.44, "track": 0.39, "acq_date": "2026-09-09", "acq_time": 2112, "satellite": "N", "instrument": "VIIRS", "confidence": "n", "version": "2.0NRT", "bright_ti5": 294.89, "frp": 1.14, "daynight": "N" }, "geometry": { "type": "Point", "coordinates": [ 73.69977, 25.78472 ] } },
{ "type": "Feature", "properties": { "latitude": 25.95813, "longitude": 68.36952, "bright_ti4": 308.44, "scan": 0.42, "track": 0.38, "acq_date": "2026-09-09", "acq_time": 2112, "satellite": "N", "instrument": "VIIRS", "confidence": "n", "version": "2.0NRT", "bright_ti5": 296.32, "frp": 1.18, "daynight": "N" }, "geometry": { "type": "Point", "coordinates": [ 68.36952, 25.95813 ] } },
{ "type": "Feature", "properties": { "latitude": 12.97965, "longitude": 74.85469, "bright_ti4": 305.92, "scan": 0.54, "track": 0.51, "acq_date": "2026-09-09", "acq_time": 2114, "satellite": "N", "instrument": "VIIRS", "confidence": "n", "version": "2.0NRT", "bright_ti5": 290.85, "frp": 3.13, "daynight": "N" }, "geometry": { "type": "Point", "coordinates": [ 74.85469, 12.97965 ] } },
{ "type": "Feature", "properties": { "latitude": 12.98171, "longitude": 74.85807, "bright_ti4": 304.67, "scan": 0.54, "track": 0.51, "acq_date": "2026-09-09", "acq_time": 2114, "satellite": "N", "instrument": "VIIRS", "confidence": "n", "version": "2.0NRT", "bright_ti5": 290.65, "frp": 3.59, "daynight": "N" }, "geometry": { "type": "Point", "coordinates": [ 74.85807, 12.98171 ] } },
{ "type": "Feature", "properties": { "latitude": 12.98266, "longitude": 74.85311, "bright_ti4": 350.99, "scan": 0.54, "track": 0.51, "acq_date": "2026-09-09", "acq_time": 2114, "satellite": "N", "instrument": "VIIRS", "confidence": "n", "version": "2.0NRT", "bright_ti5": 292.11, "frp": 17.03, "daynight": "N" }, "geometry": { "type": "Point", "coordinates": [ 74.85311, 12.98266 ] } },
{ "type": "Feature", "properties": { "latitude": 12.98359, "longitude": 74.84822, "bright_ti4": 310.48, "scan": 0.54, "track": 0.51, "acq_date": "2026-09-09", "acq_time": 2114, "satellite": "N", "instrument": "VIIRS", "confidence": "n", "version": "2.0NRT", "bright_ti5": 291.24, "frp": 17.03, "daynight": "N" }, "geometry": { "type": "Point", "coordinates": [ 74.84822, 12.98359 ] } },
{ "type": "Feature", "properties": { "latitude": 12.98431, "longitude": 74.85551, "bright_ti4": 333.59, "scan": 0.54, "track": 0.51, "acq_date": "2026-09-09", "acq_time": 2114, "satellite": "N", "instrument": "VIIRS", "confidence": "n", "version": "2.0NRT", "bright_ti5": 292.24, "frp": 19.31, "daynight": "N" }, "geometry": { "type": "Point", "coordinates": [ 74.85551, 12.98431 ] } },
{ "type": "Feature", "properties": { "latitude": 12.98521, "longitude": 74.85059, "bright_ti4": 324.98, "scan": 0.54, "track": 0.51, "acq_date": "2026-09-09", "acq_time": 2114, "satellite": "N", "instrument": "VIIRS", "confidence": "n", "version": "2.0NRT", "bright_ti5": 291.42, "frp": 19.31, "daynight": "N" }, "geometry": { "type": "Point", "coordinates": [ 74.85059, 12.98521 ] } },
{ "type": "Feature", "properties": { "latitude": 12.98732, "longitude": 74.8539, "bright_ti4": 307.28, "scan": 0.54, "track": 0.51, "acq_date": "2026-09-09", "acq_time": 2114, "satellite": "N", "instrument": "VIIRS", "confidence": "n", "version": "2.0NRT", "bright_ti5": 291.02, "frp": 2.71, "daynight": "N" }, "geometry": { "type": "Point", "coordinates": [ 74.8539, 12.98732 ] } },
{ "type": "Feature", "properties": { "latitude": 13.89847, "longitude": 76.565, "bright_ti4": 303.98, "scan": 0.34, "track": 0.56, "acq_date": "2026-09-09", "acq_time": 2114, "satellite": "N", "instrument": "VIIRS", "confidence": "n", "version": "2.0NRT", "bright_ti5": 289.84, "frp": 0.34, "daynight": "N" }, "geometry": { "type": "Point", "coordinates": [ 76.565, 13.89847 ] } },
{ "type": "Feature", "properties": { "latitude": 15.13735, "longitude": 76.7136, "bright_ti4": 295.07, "scan": 0.33, "track": 0.55, "acq_date": "2026-09-09", "acq_time": 2114, "satellite": "N", "instrument": "VIIRS", "confidence": "n", "version": "2.0NRT", "bright_ti5": 272.58, "frp": 0.3, "daynight": "N" }, "geometry": { "type": "Point", "coordinates": [ 76.7136, 15.13735 ] } },
{ "type": "Feature", "properties": { "latitude": 15.17594, "longitude": 76.67782, "bright_ti4": 296.1, "scan": 0.33, "track": 0.55, "acq_date": "2026-09-09", "acq_time": 2114, "satellite": "N", "instrument": "VIIRS", "confidence": "n", "version": "2.0NRT", "bright_ti5": 272.59, "frp": 0.56, "daynight": "N" }, "geometry": { "type": "Point", "coordinates": [ 76.67782, 15.17594 ] } },
{ "type": "Feature", "properties": { "latitude": 15.17654, "longitude": 76.67481, "bright_ti4": 297.48, "scan": 0.33, "track": 0.55, "acq_date": "2026-09-09", "acq_time": 2114, "satellite": "N", "instrument": "VIIRS", "confidence": "n", "version": "2.0NRT", "bright_ti5": 271.64, "frp": 0.64, "daynight": "N" }, "geometry": { "type": "Point", "coordinates": [ 76.67481, 15.17654 ] } },
{ "type": "Feature", "properties": { "latitude": 15.22533, "longitude": 76.76504, "bright_ti4": 302.85, "scan": 0.33, "track": 0.55, "acq_date": "2026-09-09", "acq_time": 2114, "satellite": "N", "instrument": "VIIRS", "confidence": "n", "version": "2.0NRT", "bright_ti5": 278.94, "frp": 0.75, "daynight": "N" }, "geometry": { "type": "Point", "coordinates": [ 76.76504, 15.22533 ] } },
{ "type": "Feature", "properties": { "latitude": 16.64885, "longitude": 74.31091, "bright_ti4": 299.8, "scan": 0.43, "track": 0.46, "acq_date": "2026-09-09", "acq_time": 2114, "satellite": "N", "instrument": "VIIRS", "confidence": "n", "version": "2.0NRT", "bright_ti5": 280.71, "frp": 0.57, "daynight": "N" }, "geometry": { "type": "Point", "coordinates": [ 74.31091, 16.64885 ] } },
{ "type": "Feature", "properties": { "latitude": 18.39037, "longitude": 74.80548, "bright_ti4": 301.77, "scan": 0.43, "track": 0.46, "acq_date": "2026-09-09", "acq_time": 2114, "satellite": "N", "instrument": "VIIRS", "confidence": "n", "version": "2.0NRT", "bright_ti5": 284.96, "frp": 0.64, "daynight": "N" }, "geometry": { "type": "Point", "coordinates": [ 74.80548, 18.39037 ] } },
{ "type": "Feature", "properties": { "latitude": 18.56875, "longitude": 74.52725, "bright_ti4": 305.33, "scan": 0.41, "track": 0.45, "acq_date": "2026-09-09", "acq_time": 2114, "satellite": "N", "instrument": "VIIRS", "confidence": "n", "version": "2.0NRT", "bright_ti5": 279.75, "frp": 0.96, "daynight": "N" }, "geometry": { "type": "Point", "coordinates": [ 74.52725, 18.56875 ] } },
{ "type": "Feature", "properties": { "latitude": 18.68556, "longitude": 73.03335, "bright_ti4": 302.87, "scan": 0.51, "track": 0.41, "acq_date": "2026-09-09", "acq_time": 2114, "satellite": "N", "instrument": "VIIRS", "confidence": "n", "version": "2.0NRT", "bright_ti5": 282.18, "frp": 1.89, "daynight": "N" }, "geometry": { "type": "Point", "coordinates": [ 73.03335, 18.68556 ] } },
{ "type": "Feature", "properties": { "latitude": 18.68642, "longitude": 73.02856, "bright_ti4": 300.51, "scan": 0.51, "track": 0.41, "acq_date": "2026-09-09", "acq_time": 2114, "satellite": "N", "instrument": "VIIRS", "confidence": "n", "version": "2.0NRT", "bright_ti5": 280.14, "frp": 1.21, "daynight": "N" }, "geometry": { "type": "Point", "coordinates": [ 73.02856, 18.68642 ] } },
{ "type": "Feature", "properties": { "latitude": 18.85631, "longitude": 72.92681, "bright_ti4": 305.26, "scan": 0.5, "track": 0.41, "acq_date": "2026-09-09", "acq_time": 2114, "satellite": "N", "instrument": "VIIRS", "confidence": "n", "version": "2.0NRT", "bright_ti5": 282.93, "frp": 1.34, "daynight": "N" }, "geometry": { "type": "Point", "coordinates": [ 72.92681, 18.85631 ] } },
{ "type": "Feature", "properties": { "latitude": 18.86003, "longitude": 72.92754, "bright_ti4": 310.02, "scan": 0.5, "track": 0.41, "acq_date": "2026-09-09", "acq_time": 2114, "satellite": "N", "instrument": "VIIRS", "confidence": "n", "version": "2.0NRT", "bright_ti5": 282.2, "frp": 1.39, "daynight": "N" }, "geometry": { "type": "Point", "coordinates": [ 72.92754, 18.86003 ] } },
{ "type": "Feature", "properties": { "latitude": 19.17833, "longitude": 70.94522, "bright_ti4": 310.08, "scan": 0.41, "track": 0.37, "acq_date": "2026-09-09", "acq_time": 2114, "satellite": "N", "instrument": "VIIRS", "confidence": "n", "version": "2.0NRT", "bright_ti5": 293.72, "frp": 0.67, "daynight": "N" }, "geometry": { "type": "Point", "coordinates": [ 70.94522, 19.17833 ] } },
{ "type": "Feature", "properties": { "latitude": 19.52799, "longitude": 71.29915, "bright_ti4": 310.82, "scan": 0.42, "track": 0.38, "acq_date": "2026-09-09", "acq_time": 2114, "satellite": "N", "instrument": "VIIRS", "confidence": "n", "version": "2.0NRT", "bright_ti5": 294.15, "frp": 0.98, "daynight": "N" }, "geometry": { "type": "Point", "coordinates": [ 71.29915, 19.52799 ] } },
{ "type": "Feature", "properties": { "latitude": 19.57354, "longitude": 71.3653, "bright_ti4": 314.0, "scan": 0.42, "track": 0.38, "acq_date": "2026-09-09", "acq_time": 2114, "satellite": "N", "instrument": "VIIRS", "confidence": "n", "version": "2.0NRT", "bright_ti5": 293.71, "frp": 1.23, "daynight": "N" }, "geometry": { "type": "Point", "coordinates": [ 71.3653, 19.57354 ] } },
{ "type": "Feature", "properties": { "latitude": 10.78634, "longitude": 76.78297, "bright_ti4": 310.68, "scan": 0.4, "track": 0.6, "acq_date": "2026-09-09", "acq_time": 2116, "satellite": "N", "instrument": "VIIRS", "confidence": "n", "version": "2.0NRT", "bright_ti5": 289.04, "frp": 0.81, "daynight": "N" }, "geometry": { "type": "Point", "coordinates": [ 76.78297, 10.78634 ] } },
{ "type": "Feature", "properties": { "latitude": 10.78694, "longitude": 76.78407, "bright_ti4": 304.4, "scan": 0.4, "track": 0.6, "acq_date": "2026-09-09", "acq_time": 2116, "satellite": "N", "instrument": "VIIRS", "confidence": "n", "version": "2.0NRT", "bright_ti5": 289.1, "frp": 0.73, "daynight": "N" }, "geometry": { "type": "Point", "coordinates": [ 76.78407, 10.78694 ] } },
{ "type": "Feature", "properties": { "latitude": 27.86725, "longitude": 96.95296, "bright_ti4": 327.92, "scan": 0.4, "track": 0.37, "acq_date": "2026-09-10", "acq_time": 644, "satellite": "N", "instrument": "VIIRS", "confidence": "l", "version": "2.0NRT", "bright_ti5": 298.54, "frp": 10.53, "daynight": "D" }, "geometry": { "type": "Point", "coordinates": [ 96.95296, 27.86725 ] } },
{ "type": "Feature", "properties": { "latitude": 28.0171, "longitude": 96.64835, "bright_ti4": 339.06, "scan": 0.4, "track": 0.37, "acq_date": "2026-09-10", "acq_time": 644, "satellite": "N", "instrument": "VIIRS", "confidence": "n", "version": "2.0NRT", "bright_ti5": 294.8, "frp": 4.76, "daynight": "D" }, "geometry": { "type": "Point", "coordinates": [ 96.64835, 28.0171 ] } },
{ "type": "Feature", "properties": { "latitude": 28.03857, "longitude": 96.65233, "bright_ti4": 331.41, "scan": 0.4, "track": 0.37, "acq_date": "2026-09-10", "acq_time": 644, "satellite": "N", "instrument": "VIIRS", "confidence": "n", "version": "2.0NRT", "bright_ti5": 297.19, "frp": 4.27, "daynight": "D" }, "geometry": { "type": "Point", "coordinates": [ 96.65233, 28.03857 ] } },
{ "type": "Feature", "properties": { "latitude": 28.14016, "longitude": 96.67348, "bright_ti4": 339.01, "scan": 0.4, "track": 0.37, "acq_date": "2026-09-10", "acq_time": 646, "satellite": "N", "instrument": "VIIRS", "confidence": "n", "version": "2.0NRT", "bright_ti5": 292.09, "frp": 7.19, "daynight": "D" }, "geometry": { "type": "Point", "coordinates": [ 96.67348, 28.14016 ] } },
{ "type": "Feature", "properties": { "latitude": 28.64556, "longitude": 90.82092, "bright_ti4": 327.3, "scan": 0.48, "track": 0.48, "acq_date": "2026-09-10", "acq_time": 646, "satellite": "N", "instrument": "VIIRS", "confidence": "n", "version": "2.0NRT", "bright_ti5": 293.8, "frp": 3.74, "daynight": "D" }, "geometry": { "type": "Point", "coordinates": [ 90.82092, 28.64556 ] } },
{ "type": "Feature", "properties": { "latitude": 28.64619, "longitude": 90.82393, "bright_ti4": 339.6, "scan": 0.48, "track": 0.48, "acq_date": "2026-09-10", "acq_time": 646, "satellite": "N", "instrument": "VIIRS", "confidence": "n", "version": "2.0NRT", "bright_ti5": 294.96, "frp": 4.14, "daynight": "D" }, "geometry": { "type": "Point", "coordinates": [ 90.82393, 28.64619 ] } },
{ "type": "Feature", "properties": { "latitude": 28.64667, "longitude": 90.82605, "bright_ti4": 337.74, "scan": 0.48, "track": 0.48, "acq_date": "2026-09-10", "acq_time": 646, "satellite": "N", "instrument": "VIIRS", "confidence": "n", "version": "2.0NRT", "bright_ti5": 296.18, "frp": 3.74, "daynight": "D" }, "geometry": { "type": "Point", "coordinates": [ 90.82605, 28.64667 ] } },
{ "type": "Feature", "properties": { "latitude": 29.5509, "longitude": 90.99295, "bright_ti4": 325.45, "scan": 0.45, "track": 0.47, "acq_date": "2026-09-10", "acq_time": 646, "satellite": "N", "instrument": "VIIRS", "confidence": "n", "version": "2.0NRT", "bright_ti5": 294.24, "frp": 3.09, "daynight": "D" }, "geometry": { "type": "Point", "coordinates": [ 90.99295, 29.5509 ] } },
{ "type": "Feature", "properties": { "latitude": 29.55354, "longitude": 90.96339, "bright_ti4": 329.99, "scan": 0.45, "track": 0.47, "acq_date": "2026-09-10", "acq_time": 646, "satellite": "N", "instrument": "VIIRS", "confidence": "n", "version": "2.0NRT", "bright_ti5": 298.02, "frp": 2.72, "daynight": "D" }, "geometry": { "type": "Point", "coordinates": [ 90.96339, 29.55354 ] } },
{ "type": "Feature", "properties": { "latitude": 29.55512, "longitude": 90.99184, "bright_ti4": 332.41, "scan": 0.45, "track": 0.47, "acq_date": "2026-09-10", "acq_time": 646, "satellite": "N", "instrument": "VIIRS", "confidence": "n", "version": "2.0NRT", "bright_ti5": 293.34, "frp": 3.09, "daynight": "D" }, "geometry": { "type": "Point", "coordinates": [ 90.99184, 29.55512 ] } },
{ "type": "Feature", "properties": { "latitude": 29.55596, "longitude": 90.98885, "bright_ti4": 336.63, "scan": 0.45, "track": 0.47, "acq_date": "2026-09-10", "acq_time": 646, "satellite": "N", "instrument": "VIIRS", "confidence": "n", "version": "2.0NRT", "bright_ti5": 292.17, "frp": 3.58, "daynight": "D" }, "geometry": { "type": "Point", "coordinates": [ 90.98885, 29.55596 ] } },
{ "type": "Feature", "properties": { "latitude": 29.64131, "longitude": 90.97839, "bright_ti4": 327.59, "scan": 0.45, "track": 0.47, "acq_date": "2026-09-10", "acq_time": 646, "satellite": "N", "instrument": "VIIRS", "confidence": "n", "version": "2.0NRT", "bright_ti5": 295.11, "frp": 2.56, "daynight": "D" }, "geometry": { "type": "Point", "coordinates": [ 90.97839, 29.64131 ] } },
{ "type": "Feature", "properties": { "latitude": 36.85529, "longitude": 93.2654, "bright_ti4": 336.68, "scan": 0.41, "track": 0.37, "acq_date": "2026-09-10", "acq_time": 648, "satellite": "N", "instrument": "VIIRS", "confidence": "l", "version": "2.0NRT", "bright_ti5": 311.0, "frp": 6.01, "daynight": "D" }, "geometry": { "type": "Point", "coordinates": [ 93.2654, 36.85529 ] } },
{ "type": "Feature", "properties": { "latitude": 6.18368, "longitude": 81.11115, "bright_ti4": 337.17, "scan": 0.45, "track": 0.39, "acq_date": "2026-09-10", "acq_time": 820, "satellite": "N", "instrument": "VIIRS", "confidence": "n", "version": "2.0NRT", "bright_ti5": 303.55, "frp": 5.21, "daynight": "D" }, "geometry": { "type": "Point", "coordinates": [ 81.11115, 6.18368 ] } },
{ "type": "Feature", "properties": { "latitude": 6.22965, "longitude": 80.91109, "bright_ti4": 339.66, "scan": 0.44, "track": 0.39, "acq_date": "2026-09-10", "acq_time": 820, "satellite": "N", "instrument": "VIIRS", "confidence": "n", "version": "2.0NRT", "bright_ti5": 304.19, "frp": 5.26, "daynight": "D" }, "geometry": { "type": "Point", "coordinates": [ 80.91109, 6.22965 ] } },
{ "type": "Feature", "properties": { "latitude": 6.34238, "longitude": 81.35419, "bright_ti4": 339.72, "scan": 0.46, "track": 0.39, "acq_date": "2026-09-10", "acq_time": 820, "satellite": "N", "instrument": "VIIRS", "confidence": "n", "version": "2.0NRT", "bright_ti5": 304.18, "frp": 3.19, "daynight": "D" }, "geometry": { "type": "Point", "coordinates": [ 81.35419, 6.34238 ] } },
{ "type": "Feature", "properties": { "latitude": 6.343, "longitude": 81.35838, "bright_ti4": 335.91, "scan": 0.46, "track": 0.39, "acq_date": "2026-09-10", "acq_time": 820, "satellite": "N", "instrument": "VIIRS", "confidence": "n", "version": "2.0NRT", "bright_ti5": 300.59, "frp": 3.19, "daynight": "D" }, "geometry": { "type": "Point", "coordinates": [ 81.35838, 6.343 ] } },
{ "type": "Feature", "properties": { "latitude": 6.43301, "longitude": 80.75185, "bright_ti4": 335.15, "scan": 0.44, "track": 0.38, "acq_date": "2026-09-10", "acq_time": 820, "satellite": "N", "instrument": "VIIRS", "confidence": "n", "version": "2.0NRT", "bright_ti5": 301.64, "frp": 2.97, "daynight": "D" }, "geometry": { "type": "Point", "coordinates": [ 80.75185, 6.43301 ] } },
{ "type": "Feature", "properties": { "latitude": 6.53781, "longitude": 80.99404, "bright_ti4": 331.2, "scan": 0.45, "track": 0.39, "acq_date": "2026-09-10", "acq_time": 820, "satellite": "N", "instrument": "VIIRS", "confidence": "n", "version": "2.0NRT", "bright_ti5": 301.16, "frp": 2.07, "daynight": "D" }, "geometry": { "type": "Point", "coordinates": [ 80.99404, 6.53781 ] } },
{ "type": "Feature", "properties": { "latitude": 6.56251, "longitude": 81.06124, "bright_ti4": 332.26, "scan": 0.45, "track": 0.39, "acq_date": "2026-09-10", "acq_time": 820, "satellite": "N", "instrument": "VIIRS", "confidence": "n", "version": "2.0NRT", "bright_ti5": 301.2, "frp": 2.43, "daynight": "D" }, "geometry": { "type": "Point", "coordinates": [ 81.06124, 6.56251 ] } },
{ "type": "Feature", "properties": { "latitude": 6.56406, "longitude": 81.06118, "bright_ti4": 332.64, "scan": 0.45, "track": 0.39, "acq_date": "2026-09-10", "acq_time": 820, "satellite": "N", "instrument": "VIIRS", "confidence": "n", "version": "2.0NRT", "bright_ti5": 300.27, "frp": 3.65, "daynight": "D" }, "geometry": { "type": "Point", "coordinates": [ 81.06118, 6.56406 ] } },
{ "type": "Feature", "properties": { "latitude": 6.56548, "longitude": 81.05662, "bright_ti4": 333.08, "scan": 0.45, "track": 0.39, "acq_date": "2026-09-10", "acq_time": 820, "satellite": "N", "instrument": "VIIRS", "confidence": "n", "version": "2.0NRT", "bright_ti5": 299.99, "frp": 1.89, "daynight": "D" }, "geometry": { "type": "Point", "coordinates": [ 81.05662, 6.56548 ] } },
{ "type": "Feature", "properties": { "latitude": 6.68837, "longitude": 81.07207, "bright_ti4": 335.17, "scan": 0.45, "track": 0.39, "acq_date": "2026-09-10", "acq_time": 820, "satellite": "N", "instrument": "VIIRS", "confidence": "n", "version": "2.0NRT", "bright_ti5": 297.33, "frp": 3.3, "daynight": "D" }, "geometry": { "type": "Point", "coordinates": [ 81.07207, 6.68837 ] } },
{ "type": "Feature", "properties": { "latitude": 6.69194, "longitude": 81.0714, "bright_ti4": 335.63, "scan": 0.45, "track": 0.39, "acq_date": "2026-09-10", "acq_time": 820, "satellite": "N", "instrument": "VIIRS", "confidence": "n", "version": "2.0NRT", "bright_ti5": 296.44, "frp": 3.97, "daynight": "D" }, "geometry": { "type": "Point", "coordinates": [ 81.0714, 6.69194 ] } },
{ "type": "Feature", "properties": { "latitude": 6.71419, "longitude": 81.1232, "bright_ti4": 339.37, "scan": 0.46, "track": 0.39, "acq_date": "2026-09-10", "acq_time": 820, "satellite": "N", "instrument": "VIIRS", "confidence": "n", "version": "2.0NRT", "bright_ti5": 298.61, "frp": 4.24, "daynight": "D" }, "geometry": { "type": "Point", "coordinates": [ 81.1232, 6.71419 ] } },
{ "type": "Feature", "properties": { "latitude": 6.71681, "longitude": 81.31925, "bright_ti4": 333.44, "scan": 0.47, "track": 0.39, "acq_date": "2026-09-10", "acq_time": 820, "satellite": "N", "instrument": "VIIRS", "confidence": "n", "version": "2.0NRT", "bright_ti5": 296.78, "frp": 5.46, "daynight": "D" }, "geometry": { "type": "Point", "coordinates": [ 81.31925, 6.71681 ] } },
{ "type": "Feature", "properties": { "latitude": 6.7193, "longitude": 80.93414, "bright_ti4": 342.48, "scan": 0.45, "track": 0.39, "acq_date": "2026-09-10", "acq_time": 820, "satellite": "N", "instrument": "VIIRS", "confidence": "n", "version": "2.0NRT", "bright_ti5": 299.19, "frp": 5.5, "daynight": "D" }, "geometry": { "type": "Point", "coordinates": [ 80.93414, 6.7193 ] } },
{ "type": "Feature", "properties": { "latitude": 6.72283, "longitude": 80.93341, "bright_ti4": 340.05, "scan": 0.45, "track": 0.39, "acq_date": "2026-09-10", "acq_time": 820, "satellite": "N", "instrument": "VIIRS", "confidence": "n", "version": "2.0NRT", "bright_ti5": 297.89, "frp": 5.38, "daynight": "D" }, "geometry": { "type": "Point", "coordinates": [ 80.93341, 6.72283 ] } },
{ "type": "Feature", "properties": { "latitude": 6.74246, "longitude": 81.39359, "bright_ti4": 332.31, "scan": 0.47, "track": 0.4, "acq_date": "2026-09-10", "acq_time": 820, "satellite": "N", "instrument": "VIIRS", "confidence": "n", "version": "2.0NRT", "bright_ti5": 294.67, "frp": 1.73, "daynight": "D" }, "geometry": { "type": "Point", "coordinates": [ 81.39359, 6.74246 ] } },
{ "type": "Feature", "properties": { "latitude": 6.79604, "longitude": 81.27726, "bright_ti4": 334.41, "scan": 0.46, "track": 0.39, "acq_date": "2026-09-10", "acq_time": 820, "satellite": "N", "instrument": "VIIRS", "confidence": "n", "version": "2.0NRT", "bright_ti5": 293.35, "frp": 2.45, "daynight": "D" }, "geometry": { "type": "Point", "coordinates": [ 81.27726, 6.79604 ] } },
{ "type": "Feature", "properties": { "latitude": 6.80416, "longitude": 81.43225, "bright_ti4": 340.15, "scan": 0.47, "track": 0.4, "acq_date": "2026-09-10", "acq_time": 820, "satellite": "N", "instrument": "VIIRS", "confidence": "n", "version": "2.0NRT", "bright_ti5": 296.65, "frp": 2.46, "daynight": "D" }, "geometry": { "type": "Point", "coordinates": [ 81.43225, 6.80416 ] } },
{ "type": "Feature", "properties": { "latitude": 6.85638, "longitude": 81.54122, "bright_ti4": 341.01, "scan": 0.48, "track": 0.4, "acq_date": "2026-09-10", "acq_time": 820, "satellite": "N", "instrument": "VIIRS", "confidence": "n", "version": "2.0NRT", "bright_ti5": 291.66, "frp": 5.85, "daynight": "D" }, "geometry": { "type": "Point", "coordinates": [ 81.54122, 6.85638 ] } },
{ "type": "Feature", "properties": { "latitude": 6.85811, "longitude": 81.50098, "bright_ti4": 336.0, "scan": 0.48, "track": 0.4, "acq_date": "2026-09-10", "acq_time": 820, "satellite": "N", "instrument": "VIIRS", "confidence": "n", "version": "2.0NRT", "bright_ti5": 293.67, "frp": 6.21, "daynight": "D" }, "geometry": { "type": "Point", "coordinates": [ 81.50098, 6.85811 ] } },
{ "type": "Feature", "properties": { "latitude": 7.2688, "longitude": 81.12688, "bright_ti4": 335.63, "scan": 0.46, "track": 0.39, "acq_date": "2026-09-10", "acq_time": 820, "satellite": "N", "instrument": "VIIRS", "confidence": "n", "version": "2.0NRT", "bright_ti5": 282.27, "frp": 3.74, "daynight": "D" }, "geometry": { "type": "Point", "coordinates": [ 81.12688, 7.2688 ] } },
{ "type": "Feature", "properties": { "latitude": 7.38554, "longitude": 81.5505, "bright_ti4": 330.2, "scan": 0.49, "track": 0.4, "acq_date": "2026-09-10", "acq_time": 820, "satellite": "N", "instrument": "VIIRS", "confidence": "n", "version": "2.0NRT", "bright_ti5": 289.03, "frp": 3.72, "daynight": "D" }, "geometry": { "type": "Point", "coordinates": [ 81.5505, 7.38554 ] } },
{ "type": "Feature", "properties": { "latitude": 7.38721, "longitude": 81.54916, "bright_ti4": 332.05, "scan": 0.49, "track": 0.4, "acq_date": "2026-09-10", "acq_time": 820, "satellite": "N", "instrument": "VIIRS", "confidence": "n", "version": "2.0NRT", "bright_ti5": 289.72, "frp": 4.09, "daynight": "D" }, "geometry": { "type": "Point", "coordinates": [ 81.54916, 7.38721 ] } },
{ "type": "Feature", "properties": { "latitude": 7.52287, "longitude": 80.01469, "bright_ti4": 338.88, "scan": 0.42, "track": 0.38, "acq_date": "2026-09-10", "acq_time": 820, "satellite": "N", "instrument": "VIIRS", "confidence": "n", "version": "2.0NRT", "bright_ti5": 297.23, "frp": 4.18, "daynight": "D" }, "geometry": { "type": "Point", "coordinates": [ 80.01469, 7.52287 ] } },
{ "type": "Feature", "properties": { "latitude": 7.57065, "longitude": 81.38146, "bright_ti4": 347.84, "scan": 0.48, "track": 0.4, "acq_date": "2026-09-10", "acq_time": 820, "satellite": "N", "instrument": "VIIRS", "confidence": "n", "version": "2.0NRT", "bright_ti5": 287.86, "frp": 7.76, "daynight": "D" }, "geometry": { "type": "Point", "coordinates": [ 81.38146, 7.57065 ] } },
{ "type": "Feature", "properties": { "latitude": 7.57501, "longitude": 80.85505, "bright_ti4": 334.91, "scan": 0.45, "track": 0.39, "acq_date": "2026-09-10", "acq_time": 820, "satellite": "N", "instrument": "VIIRS", "confidence": "n", "version": "2.0NRT", "bright_ti5": 284.62, "frp": 3.96, "daynight": "D" }, "geometry": { "type": "Point", "coordinates": [ 80.85505, 7.57501 ] } },
{ "type": "Feature", "properties": { "latitude": 7.64512, "longitude": 80.13367, "bright_ti4": 338.13, "scan": 0.42, "track": 0.38, "acq_date": "2026-09-10", "acq_time": 820, "satellite": "N", "instrument": "VIIRS", "confidence": "n", "version": "2.0NRT", "bright_ti5": 297.13, "frp": 4.91, "daynight": "D" }, "geometry": { "type": "Point", "coordinates": [ 80.13367, 7.64512 ] } },
{ "type": "Feature", "properties": { "latitude": 7.64569, "longitude": 80.13751, "bright_ti4": 335.93, "scan": 0.42, "track": 0.38, "acq_date": "2026-09-10", "acq_time": 820, "satellite": "N", "instrument": "VIIRS", "confidence": "n", "version": "2.0NRT", "bright_ti5": 293.85, "frp": 3.25, "daynight": "D" }, "geometry": { "type": "Point", "coordinates": [ 80.13751, 7.64569 ] } },
{ "type": "Feature", "properties": { "latitude": 7.72321, "longitude": 80.02804, "bright_ti4": 337.07, "scan": 0.42, "track": 0.38, "acq_date": "2026-09-10", "acq_time": 820, "satellite": "N", "instrument": "VIIRS", "confidence": "n", "version": "2.0NRT", "bright_ti5": 294.61, "frp": 4.29, "daynight": "D" }, "geometry": { "type": "Point", "coordinates": [ 80.02804, 7.72321 ] } },
{ "type": "Feature", "properties": { "latitude": 7.78208, "longitude": 80.6227, "bright_ti4": 335.24, "scan": 0.44, "track": 0.39, "acq_date": "2026-09-10", "acq_time": 820, "satellite": "N", "instrument": "VIIRS", "confidence": "n", "version": "2.0NRT", "bright_ti5": 292.22, "frp": 4.39, "daynight": "D" }, "geometry": { "type": "Point", "coordinates": [ 80.6227, 7.78208 ] } },
{ "type": "Feature", "properties": { "latitude": 7.79099, "longitude": 79.91326, "bright_ti4": 333.36, "scan": 0.42, "track": 0.37, "acq_date": "2026-09-10", "acq_time": 820, "satellite": "N", "instrument": "VIIRS", "confidence": "n", "version": "2.0NRT", "bright_ti5": 295.92, "frp": 2.85, "daynight": "D" }, "geometry": { "type": "Point", "coordinates": [ 79.91326, 7.79099 ] } },
{ "type": "Feature", "properties": { "latitude": 7.79616, "longitude": 81.06741, "bright_ti4": 334.71, "scan": 0.47, "track": 0.39, "acq_date": "2026-09-10", "acq_time": 820, "satellite": "N", "instrument": "VIIRS", "confidence": "n", "version": "2.0NRT", "bright_ti5": 280.28, "frp": 4.02, "daynight": "D" }, "geometry": { "type": "Point", "coordinates": [ 81.06741, 7.79616 ] } },
{ "type": "Feature", "properties": { "latitude": 7.80208, "longitude": 79.89999, "bright_ti4": 335.35, "scan": 0.42, "track": 0.37, "acq_date": "2026-09-10", "acq_time": 820, "satellite": "N", "instrument": "VIIRS", "confidence": "n", "version": "2.0NRT", "bright_ti5": 301.03, "frp": 2.17, "daynight": "D" }, "geometry": { "type": "Point", "coordinates": [ 79.89999, 7.80208 ] } },
{ "type": "Feature", "properties": { "latitude": 7.81471, "longitude": 80.60565, "bright_ti4": 339.51, "scan": 0.44, "track": 0.39, "acq_date": "2026-09-10", "acq_time": 820, "satellite": "N", "instrument": "VIIRS", "confidence": "n", "version": "2.0NRT", "bright_ti5": 290.41, "frp": 3.44, "daynight": "D" }, "geometry": { "type": "Point", "coordinates": [ 80.60565, 7.81471 ] } },
{ "type": "Feature", "properties": { "latitude": 7.83892, "longitude": 79.8868, "bright_ti4": 340.13, "scan": 0.42, "track": 0.37, "acq_date": "2026-09-10", "acq_time": 820, "satellite": "N", "instrument": "VIIRS", "confidence": "n", "version": "2.0NRT", "bright_ti5": 301.27, "frp": 3.39, "daynight": "D" }, "geometry": { "type": "Point", "coordinates": [ 79.8868, 7.83892 ] } },
{ "type": "Feature", "properties": { "latitude": 7.84237, "longitude": 79.88628, "bright_ti4": 347.49, "scan": 0.42, "track": 0.37, "acq_date": "2026-09-10", "acq_time": 820, "satellite": "N", "instrument": "VIIRS", "confidence": "n", "version": "2.0NRT", "bright_ti5": 303.28, "frp": 8.36, "daynight": "D" }, "geometry": { "type": "Point", "coordinates": [ 79.88628, 7.84237 ] } },
{ "type": "Feature", "properties": { "latitude": 7.88685, "longitude": 80.23586, "bright_ti4": 334.46, "scan": 0.43, "track": 0.38, "acq_date": "2026-09-10", "acq_time": 820, "satellite": "N", "instrument": "VIIRS", "confidence": "n", "version": "2.0NRT", "bright_ti5": 294.01, "frp": 4.27, "daynight": "D" }, "geometry": { "type": "Point", "coordinates": [ 80.23586, 7.88685 ] } },
{ "type": "Feature", "properties": { "latitude": 7.93977, "longitude": 81.18617, "bright_ti4": 331.58, "scan": 0.47, "track": 0.4, "acq_date": "2026-09-10", "acq_time": 820, "satellite": "N", "instrument": "VIIRS", "confidence": "n", "version": "2.0NRT", "bright_ti5": 279.7, "frp": 3.45, "daynight": "D" }, "geometry": { "type": "Point", "coordinates": [ 81.18617, 7.93977 ] } },
{ "type": "Feature", "properties": { "latitude": 7.95035, "longitude": 80.10378, "bright_ti4": 335.75, "scan": 0.43, "track": 0.38, "acq_date": "2026-09-10", "acq_time": 820, "satellite": "N", "instrument": "VIIRS", "confidence": "n", "version": "2.0NRT", "bright_ti5": 300.34, "frp": 3.24, "daynight": "D" }, "geometry": { "type": "Point", "coordinates": [ 80.10378, 7.95035 ] } },
{ "type": "Feature", "properties": { "latitude": 7.95742, "longitude": 80.422, "bright_ti4": 330.48, "scan": 0.44, "track": 0.38, "acq_date": "2026-09-10", "acq_time": 820, "satellite": "N", "instrument": "VIIRS", "confidence": "n", "version": "2.0NRT", "bright_ti5": 290.45, "frp": 5.15, "daynight": "D" }, "geometry": { "type": "Point", "coordinates": [ 80.422, 7.95742 ] } },
{ "type": "Feature", "properties": { "latitude": 7.96095, "longitude": 80.42149, "bright_ti4": 350.65, "scan": 0.44, "track": 0.38, "acq_date": "2026-09-10", "acq_time": 820, "satellite": "N", "instrument": "VIIRS", "confidence": "n", "version": "2.0NRT", "bright_ti5": 293.2, "frp": 5.15, "daynight": "D" }, "geometry": { "type": "Point", "coordinates": [ 80.42149, 7.96095 ] } },
{ "type": "Feature", "properties": { "latitude": 7.9668, "longitude": 80.04636, "bright_ti4": 340.03, "scan": 0.42, "track": 0.38, "acq_date": "2026-09-10", "acq_time": 820, "satellite": "N", "instrument": "VIIRS", "confidence": "n", "version": "2.0NRT", "bright_ti5": 301.69, "frp": 3.39, "daynight": "D" }, "geometry": { "type": "Point", "coordinates": [ 80.04636, 7.9668 ] } },
{ "type": "Feature", "properties": { "latitude": 7.98573, "longitude": 80.10244, "bright_ti4": 331.46, "scan": 0.43, "track": 0.38, "acq_date": "2026-09-10", "acq_time": 820, "satellite": "N", "instrument": "VIIRS", "confidence": "n", "version": "2.0NRT", "bright_ti5": 299.37, "frp": 1.6, "daynight": "D" }, "geometry": { "type": "Point", "coordinates": [ 80.10244, 7.98573 ] } },
{ "type": "Feature", "properties": { "latitude": 7.99371, "longitude": 80.15654, "bright_ti4": 334.07, "scan": 0.43, "track": 0.38, "acq_date": "2026-09-10", "acq_time": 820, "satellite": "N", "instrument": "VIIRS", "confidence": "n", "version": "2.0NRT", "bright_ti5": 299.14, "frp": 3.31, "daynight": "D" }, "geometry": { "type": "Point", "coordinates": [ 80.15654, 7.99371 ] } },
{ "type": "Feature", "properties": { "latitude": 8.00195, "longitude": 80.11581, "bright_ti4": 330.79, "scan": 0.43, "track": 0.38, "acq_date": "2026-09-10", "acq_time": 820, "satellite": "N", "instrument": "VIIRS", "confidence": "n", "version": "2.0NRT", "bright_ti5": 300.41, "frp": 2.24, "daynight": "D" }, "geometry": { "type": "Point", "coordinates": [ 80.11581, 8.00195 ] } },
{ "type": "Feature", "properties": { "latitude": 8.01429, "longitude": 80.03149, "bright_ti4": 336.34, "scan": 0.42, "track": 0.38, "acq_date": "2026-09-10", "acq_time": 820, "satellite": "N", "instrument": "VIIRS", "confidence": "n", "version": "2.0NRT", "bright_ti5": 299.62, "frp": 5.56, "daynight": "D" }, "geometry": { "type": "Point", "coordinates": [ 80.03149, 8.01429 ] } },
{ "type": "Feature", "properties": { "latitude": 8.03297, "longitude": 80.39876, "bright_ti4": 342.24, "scan": 0.44, "track": 0.38, "acq_date": "2026-09-10", "acq_time": 820, "satellite": "N", "instrument": "VIIRS", "confidence": "n", "version": "2.0NRT", "bright_ti5": 301.68, "frp": 9.04, "daynight": "D" }, "geometry": { "type": "Point", "coordinates": [ 80.39876, 8.03297 ] } },
{ "type": "Feature", "properties": { "latitude": 8.03946, "longitude": 80.09521, "bright_ti4": 331.99, "scan": 0.43, "track": 0.38, "acq_date": "2026-09-10", "acq_time": 820, "satellite": "N", "instrument": "VIIRS", "confidence": "n", "version": "2.0NRT", "bright_ti5": 301.54, "frp": 1.98, "daynight": "D" }, "geometry": { "type": "Point", "coordinates": [ 80.09521, 8.03946 ] } },
{ "type": "Feature", "properties": { "latitude": 8.0436, "longitude": 80.3488, "bright_ti4": 336.18, "scan": 0.44, "track": 0.38, "acq_date": "2026-09-10", "acq_time": 820, "satellite": "N", "instrument": "VIIRS", "confidence": "n", "version": "2.0NRT", "bright_ti5": 302.38, "frp": 6.07, "daynight": "D" }, "geometry": { "type": "Point", "coordinates": [ 80.3488, 8.0436 ] } },
{ "type": "Feature", "properties": { "latitude": 8.05744, "longitude": 80.09648, "bright_ti4": 336.33, "scan": 0.43, "track": 0.38, "acq_date": "2026-09-10", "acq_time": 820, "satellite": "N", "instrument": "VIIRS", "confidence": "n", "version": "2.0NRT", "bright_ti5": 302.76, "frp": 3.86, "daynight": "D" }, "geometry": { "type": "Point", "coordinates": [ 80.09648, 8.05744 ] } },
{ "type": "Feature", "properties": { "latitude": 8.06092, "longitude": 80.09595, "bright_ti4": 348.11, "scan": 0.43, "track": 0.38, "acq_date": "2026-09-10", "acq_time": 820, "satellite": "N", "instrument": "VIIRS", "confidence": "n", "version": "2.0NRT", "bright_ti5": 303.56, "frp": 6.79, "daynight": "D" }, "geometry": { "type": "Point", "coordinates": [ 80.09595, 8.06092 ] } },
{ "type": "Feature", "properties": { "latitude": 8.06711, "longitude": 80.60642, "bright_ti4": 339.79, "scan": 0.45, "track": 0.39, "acq_date": "2026-09-10", "acq_time": 820, "satellite": "N", "instrument": "VIIRS", "confidence": "n", "version": "2.0NRT", "bright_ti5": 298.13, "frp": 5.75, "daynight": "D" }, "geometry": { "type": "Point", "coordinates": [ 80.60642, 8.06711 ] } },
{ "type": "Feature", "properties": { "latitude": 8.07067, "longitude": 80.6059, "bright_ti4": 348.65, "scan": 0.45, "track": 0.39, "acq_date": "2026-09-10", "acq_time": 820, "satellite": "N", "instrument": "VIIRS", "confidence": "n", "version": "2.0NRT", "bright_ti5": 296.86, "frp": 8.33, "daynight": "D" }, "geometry": { "type": "Point", "coordinates": [ 80.6059, 8.07067 ] } },
{ "type": "Feature", "properties": { "latitude": 8.09644, "longitude": 79.8333, "bright_ti4": 340.53, "scan": 0.42, "track": 0.37, "acq_date": "2026-09-10", "acq_time": 820, "satellite": "N", "instrument": "VIIRS", "confidence": "n", "version": "2.0NRT", "bright_ti5": 298.62, "frp": 5.35, "daynight": "D" }, "geometry": { "type": "Point", "coordinates": [ 79.8333, 8.09644 ] } },
{ "type": "Feature", "properties": { "latitude": 8.12294, "longitude": 80.154, "bright_ti4": 339.48, "scan": 0.43, "track": 0.38, "acq_date": "2026-09-10", "acq_time": 820, "satellite": "N", "instrument": "VIIRS", "confidence": "n", "version": "2.0NRT", "bright_ti5": 305.42, "frp": 3.64, "daynight": "D" }, "geometry": { "type": "Point", "coordinates": [ 80.154, 8.12294 ] } },
{ "type": "Feature", "properties": { "latitude": 8.13631, "longitude": 80.58918, "bright_ti4": 343.25, "scan": 0.45, "track": 0.39, "acq_date": "2026-09-10", "acq_time": 820, "satellite": "N", "instrument": "VIIRS", "confidence": "n", "version": "2.0NRT", "bright_ti5": 297.5, "frp": 5.58, "daynight": "D" }, "geometry": { "type": "Point", "coordinates": [ 80.58918, 8.13631 ] } },
{ "type": "Feature", "properties": { "latitude": 8.14835, "longitude": 81.34442, "bright_ti4": 339.93, "scan": 0.48, "track": 0.4, "acq_date": "2026-09-10", "acq_time": 820, "satellite": "N", "instrument": "VIIRS", "confidence": "n", "version": "2.0NRT", "bright_ti5": 272.96, "frp": 6.54, "daynight": "D" }, "geometry": { "type": "Point", "coordinates": [ 81.34442, 8.14835 ] } },
{ "type": "Feature", "properties": { "latitude": 8.21551, "longitude": 80.41754, "bright_ti4": 341.28, "scan": 0.44, "track": 0.38, "acq_date": "2026-09-10", "acq_time": 820, "satellite": "N", "instrument": "VIIRS", "confidence": "n", "version": "2.0NRT", "bright_ti5": 303.15, "frp": 3.38, "daynight": "D" }, "geometry": { "type": "Point", "coordinates": [ 80.41754, 8.21551 ] } },
{ "type": "Feature", "properties": { "latitude": 8.25431, "longitude": 80.53484, "bright_ti4": 331.02, "scan": 0.45, "track": 0.39, "acq_date": "2026-09-10", "acq_time": 820, "satellite": "N", "instrument": "VIIRS", "confidence": "n", "version": "2.0NRT", "bright_ti5": 300.79, "frp": 1.96, "daynight": "D" }, "geometry": { "type": "Point", "coordinates": [ 80.53484, 8.25431 ] } },
{ "type": "Feature", "properties": { "latitude": 8.2586, "longitude": 80.31792, "bright_ti4": 335.19, "scan": 0.44, "track": 0.38, "acq_date": "2026-09-10", "acq_time": 820, "satellite": "N", "instrument": "VIIRS", "confidence": "n", "version": "2.0NRT", "bright_ti5": 297.72, "frp": 2.92, "daynight": "D" }, "geometry": { "type": "Point", "coordinates": [ 80.31792, 8.2586 ] } },
{ "type": "Feature", "properties": { "latitude": 8.26426, "longitude": 80.72923, "bright_ti4": 337.06, "scan": 0.45, "track": 0.39, "acq_date": "2026-09-10", "acq_time": 820, "satellite": "N", "instrument": "VIIRS", "confidence": "n", "version": "2.0NRT", "bright_ti5": 299.22, "frp": 3.4, "daynight": "D" }, "geometry": { "type": "Point", "coordinates": [ 80.72923, 8.26426 ] } },
{ "type": "Feature", "properties": { "latitude": 8.33105, "longitude": 80.31969, "bright_ti4": 330.45, "scan": 0.44, "track": 0.38, "acq_date": "2026-09-10", "acq_time": 820, "satellite": "N", "instrument": "VIIRS", "confidence": "n", "version": "2.0NRT", "bright_ti5": 296.58, "frp": 3.07, "daynight": "D" }, "geometry": { "type": "Point", "coordinates": [ 80.31969, 8.33105 ] } },
{ "type": "Feature", "properties": { "latitude": 8.33458, "longitude": 80.31918, "bright_ti4": 342.13, "scan": 0.44, "track": 0.38, "acq_date": "2026-09-10", "acq_time": 820, "satellite": "N", "instrument": "VIIRS", "confidence": "n", "version": "2.0NRT", "bright_ti5": 292.74, "frp": 3.07, "daynight": "D" }, "geometry": { "type": "Point", "coordinates": [ 80.31918, 8.33458 ] } },
{ "type": "Feature", "properties": { "latitude": 8.35593, "longitude": 81.05505, "bright_ti4": 338.72, "scan": 0.47, "track": 0.4, "acq_date": "2026-09-10", "acq_time": 820, "satellite": "N", "instrument": "VIIRS", "confidence": "n", "version": "2.0NRT", "bright_ti5": 294.5, "frp": 2.93, "daynight": "D" }, "geometry": { "type": "Point", "coordinates": [ 81.05505, 8.35593 ] } },
{ "type": "Feature", "properties": { "latitude": 8.3942, "longitude": 80.80408, "bright_ti4": 338.84, "scan": 0.46, "track": 0.39, "acq_date": "2026-09-10", "acq_time": 820, "satellite": "N", "instrument": "VIIRS", "confidence": "n", "version": "2.0NRT", "bright_ti5": 300.56, "frp": 5.67, "daynight": "D" }, "geometry": { "type": "Point", "coordinates": [ 80.80408, 8.3942 ] } },
{ "type": "Feature", "properties": { "latitude": 8.41038, "longitude": 80.19921, "bright_ti4": 339.08, "scan": 0.43, "track": 0.38, "acq_date": "2026-09-10", "acq_time": 820, "satellite": "N", "instrument": "VIIRS", "confidence": "n", "version": "2.0NRT", "bright_ti5": 305.36, "frp": 4.97, "daynight": "D" }, "geometry": { "type": "Point", "coordinates": [ 80.19921, 8.41038 ] } },
{ "type": "Feature", "properties": { "latitude": 8.43785, "longitude": 77.62556, "bright_ti4": 341.99, "scan": 0.38, "track": 0.36, "acq_date": "2026-09-10", "acq_time": 820, "satellite": "N", "instrument": "VIIRS", "confidence": "n", "version": "2.0NRT", "bright_ti5": 309.16, "frp": 4.26, "daynight": "D" }, "geometry": { "type": "Point", "coordinates": [ 77.62556, 8.43785 ] } },
{ "type": "Feature", "properties": { "latitude": 8.45284, "longitude": 80.87688, "bright_ti4": 332.17, "scan": 0.46, "track": 0.39, "acq_date": "2026-09-10", "acq_time": 820, "satellite": "N", "instrument": "VIIRS", "confidence": "l", "version": "2.0NRT", "bright_ti5": 304.06, "frp": 8.25, "daynight": "D" }, "geometry": { "type": "Point", "coordinates": [ 80.87688, 8.45284 ] } },
{ "type": "Feature", "properties": { "latitude": 8.46766, "longitude": 80.80201, "bright_ti4": 339.12, "scan": 0.46, "track": 0.39, "acq_date": "2026-09-10", "acq_time": 820, "satellite": "N", "instrument": "VIIRS", "confidence": "n", "version": "2.0NRT", "bright_ti5": 305.0, "frp": 4.16, "daynight": "D" }, "geometry": { "type": "Point", "coordinates": [ 80.80201, 8.46766 ] } },
{ "type": "Feature", "properties": { "latitude": 8.46776, "longitude": 80.79813, "bright_ti4": 338.08, "scan": 0.46, "track": 0.39, "acq_date": "2026-09-10", "acq_time": 820, "satellite": "N", "instrument": "VIIRS", "confidence": "n", "version": "2.0NRT", "bright_ti5": 303.85, "frp": 4.55, "daynight": "D" }, "geometry": { "type": "Point", "coordinates": [ 80.79813, 8.46776 ] } },
{ "type": "Feature", "properties": { "latitude": 8.46835, "longitude": 80.80231, "bright_ti4": 339.6, "scan": 0.46, "track": 0.39, "acq_date": "2026-09-10", "acq_time": 820, "satellite": "N", "instrument": "VIIRS", "confidence": "n", "version": "2.0NRT", "bright_ti5": 304.95, "frp": 8.58, "daynight": "D" }, "geometry": { "type": "Point", "coordinates": [ 80.80231, 8.46835 ] } },
{ "type": "Feature", "properties": { "latitude": 8.47128, "longitude": 80.80149, "bright_ti4": 339.5, "scan": 0.46, "track": 0.39, "acq_date": "2026-09-10", "acq_time": 820, "satellite": "N", "instrument": "VIIRS", "confidence": "n", "version": "2.0NRT", "bright_ti5": 304.86, "frp": 4.16, "daynight": "D" }, "geometry": { "type": "Point", "coordinates": [ 80.80149, 8.47128 ] } },
{ "type": "Feature", "properties": { "latitude": 8.4756, "longitude": 80.77567, "bright_ti4": 339.79, "scan": 0.46, "track": 0.39, "acq_date": "2026-09-10", "acq_time": 820, "satellite": "N", "instrument": "VIIRS", "confidence": "n", "version": "2.0NRT", "bright_ti5": 305.68, "frp": 5.95, "daynight": "D" }, "geometry": { "type": "Point", "coordinates": [ 80.77567, 8.4756 ] } },
{ "type": "Feature", "properties": { "latitude": 8.47682, "longitude": 80.75847, "bright_ti4": 339.57, "scan": 0.46, "track": 0.39, "acq_date": "2026-09-10", "acq_time": 820, "satellite": "N", "instrument": "VIIRS", "confidence": "n", "version": "2.0NRT", "bright_ti5": 304.2, "frp": 6.59, "daynight": "D" }, "geometry": { "type": "Point", "coordinates": [ 80.75847, 8.47682 ] } },
{ "type": "Feature", "properties": { "latitude": 8.48641, "longitude": 80.82534, "bright_ti4": 367.0, "scan": 0.46, "track": 0.39, "acq_date": "2026-09-10", "acq_time": 820, "satellite": "N", "instrument": "VIIRS", "confidence": "h", "version": "2.0NRT", "bright_ti5": 305.03, "frp": 12.4, "daynight": "D" }, "geometry": { "type": "Point", "coordinates": [ 80.82534, 8.48641 ] } },
{ "type": "Feature", "properties": { "latitude": 8.48767, "longitude": 80.4807, "bright_ti4": 345.07, "scan": 0.44, "track": 0.39, "acq_date": "2026-09-10", "acq_time": 820, "satellite": "N", "instrument": "VIIRS", "confidence": "n", "version": "2.0NRT", "bright_ti5": 306.45, "frp": 6.4, "daynight": "D" }, "geometry": { "type": "Point", "coordinates": [ 80.4807, 8.48767 ] } },
{ "type": "Feature", "properties": { "latitude": 8.48885, "longitude": 80.48875, "bright_ti4": 342.79, "scan": 0.45, "track": 0.39, "acq_date": "2026-09-10", "acq_time": 820, "satellite": "N", "instrument": "VIIRS", "confidence": "n", "version": "2.0NRT", "bright_ti5": 305.39, "frp": 3.58, "daynight": "D" }, "geometry": { "type": "Point", "coordinates": [ 80.48875, 8.48885 ] } },
{ "type": "Feature", "properties": { "latitude": 8.49122, "longitude": 80.48016, "bright_ti4": 340.3, "scan": 0.44, "track": 0.39, "acq_date": "2026-09-10", "acq_time": 820, "satellite": "N", "instrument": "VIIRS", "confidence": "n", "version": "2.0NRT", "bright_ti5": 305.8, "frp": 5.86, "daynight": "D" }, "geometry": { "type": "Point", "coordinates": [ 80.48016, 8.49122 ] } },
{ "type": "Feature", "properties": { "latitude": 8.50423, "longitude": 80.27431, "bright_ti4": 346.53, "scan": 0.44, "track": 0.38, "acq_date": "2026-09-10", "acq_time": 820, "satellite": "N", "instrument": "VIIRS", "confidence": "n", "version": "2.0NRT", "bright_ti5": 307.3, "frp": 5.29, "daynight": "D" }, "geometry": { "type": "Point", "coordinates": [ 80.27431, 8.50423 ] } },
{ "type": "Feature", "properties": { "latitude": 8.5093, "longitude": 80.33444, "bright_ti4": 341.91, "scan": 0.44, "track": 0.38, "acq_date": "2026-09-10", "acq_time": 820, "satellite": "N", "instrument": "VIIRS", "confidence": "n", "version": "2.0NRT", "bright_ti5": 303.3, "frp": 6.72, "daynight": "D" }, "geometry": { "type": "Point", "coordinates": [ 80.33444, 8.5093 ] } },
{ "type": "Feature", "properties": { "latitude": 8.50944, "longitude": 80.33411, "bright_ti4": 345.66, "scan": 0.44, "track": 0.38, "acq_date": "2026-09-10", "acq_time": 820, "satellite": "N", "instrument": "VIIRS", "confidence": "n", "version": "2.0NRT", "bright_ti5": 303.53, "frp": 6.54, "daynight": "D" }, "geometry": { "type": "Point", "coordinates": [ 80.33411, 8.50944 ] } },
{ "type": "Feature", "properties": { "latitude": 8.51284, "longitude": 80.33392, "bright_ti4": 346.92, "scan": 0.44, "track": 0.38, "acq_date": "2026-09-10", "acq_time": 820, "satellite": "N", "instrument": "VIIRS", "confidence": "n", "version": "2.0NRT", "bright_ti5": 306.11, "frp": 21.3, "daynight": "D" }, "geometry": { "type": "Point", "coordinates": [ 80.33392, 8.51284 ] } },
{ "type": "Feature", "properties": { "latitude": 8.52043, "longitude": 80.57953, "bright_ti4": 336.56, "scan": 0.45, "track": 0.39, "acq_date": "2026-09-10", "acq_time": 820, "satellite": "N", "instrument": "VIIRS", "confidence": "n", "version": "2.0NRT", "bright_ti5": 303.71, "frp": 3.76, "daynight": "D" }, "geometry": { "type": "Point", "coordinates": [ 80.57953, 8.52043 ] } },
{ "type": "Feature", "properties": { "latitude": 8.53261, "longitude": 80.71205, "bright_ti4": 336.2, "scan": 0.46, "track": 0.39, "acq_date": "2026-09-10", "acq_time": 820, "satellite": "N", "instrument": "VIIRS", "confidence": "l", "version": "2.0NRT", "bright_ti5": 306.72, "frp": 5.46, "daynight": "D" }, "geometry": { "type": "Point", "coordinates": [ 80.71205, 8.53261 ] } },
{ "type": "Feature", "properties": { "latitude": 8.53792, "longitude": 80.43253, "bright_ti4": 331.57, "scan": 0.44, "track": 0.39, "acq_date": "2026-09-10", "acq_time": 820, "satellite": "N", "instrument": "VIIRS", "confidence": "l", "version": "2.0NRT", "bright_ti5": 303.96, "frp": 2.49, "daynight": "D" }, "geometry": { "type": "Point", "coordinates": [ 80.43253, 8.53792 ] } },
{ "type": "Feature", "properties": { "latitude": 8.54136, "longitude": 80.84736, "bright_ti4": 337.83, "scan": 0.46, "track": 0.39, "acq_date": "2026-09-10", "acq_time": 820, "satellite": "N", "instrument": "VIIRS", "confidence": "n", "version": "2.0NRT", "bright_ti5": 306.3, "frp": 5.93, "daynight": "D" }, "geometry": { "type": "Point", "coordinates": [ 80.84736, 8.54136 ] } },
{ "type": "Feature", "properties": { "latitude": 8.55833, "longitude": 80.86211, "bright_ti4": 335.05, "scan": 0.46, "track": 0.39, "acq_date": "2026-09-10", "acq_time": 820, "satellite": "N", "instrument": "VIIRS", "confidence": "n", "version": "2.0NRT", "bright_ti5": 304.87, "frp": 6.56, "daynight": "D" }, "geometry": { "type": "Point", "coordinates": [ 80.86211, 8.55833 ] } },
{ "type": "Feature", "properties": { "latitude": 8.55859, "longitude": 80.7635, "bright_ti4": 341.51, "scan": 0.46, "track": 0.39, "acq_date": "2026-09-10", "acq_time": 820, "satellite": "N", "instrument": "VIIRS", "confidence": "n", "version": "2.0NRT", "bright_ti5": 303.25, "frp": 4.72, "daynight": "D" }, "geometry": { "type": "Point", "coordinates": [ 80.7635, 8.55859 ] } },
{ "type": "Feature", "properties": { "latitude": 8.56196, "longitude": 80.86156, "bright_ti4": 344.49, "scan": 0.46, "track": 0.39, "acq_date": "2026-09-10", "acq_time": 820, "satellite": "N", "instrument": "VIIRS", "confidence": "n", "version": "2.0NRT", "bright_ti5": 306.27, "frp": 7.19, "daynight": "D" }, "geometry": { "type": "Point", "coordinates": [ 80.86156, 8.56196 ] } },
{ "type": "Feature", "properties": { "latitude": 8.56509, "longitude": 80.73277, "bright_ti4": 343.06, "scan": 0.46, "track": 0.39, "acq_date": "2026-09-10", "acq_time": 820, "satellite": "N", "instrument": "VIIRS", "confidence": "n", "version": "2.0NRT", "bright_ti5": 301.79, "frp": 7.73, "daynight": "D" }, "geometry": { "type": "Point", "coordinates": [ 80.73277, 8.56509 ] } },
{ "type": "Feature", "properties": { "latitude": 8.56649, "longitude": 80.7332, "bright_ti4": 343.68, "scan": 0.46, "track": 0.39, "acq_date": "2026-09-10", "acq_time": 820, "satellite": "N", "instrument": "VIIRS", "confidence": "n", "version": "2.0NRT", "bright_ti5": 300.38, "frp": 6.92, "daynight": "D" }, "geometry": { "type": "Point", "coordinates": [ 80.7332, 8.56649 ] } },
{ "type": "Feature", "properties": { "latitude": 8.56803, "longitude": 80.48994, "bright_ti4": 334.55, "scan": 0.45, "track": 0.39, "acq_date": "2026-09-10", "acq_time": 820, "satellite": "N", "instrument": "VIIRS", "confidence": "l", "version": "2.0NRT", "bright_ti5": 307.25, "frp": 4.61, "daynight": "D" }, "geometry": { "type": "Point", "coordinates": [ 80.48994, 8.56803 ] } },
{ "type": "Feature", "properties": { "latitude": 8.58175, "longitude": 80.3605, "bright_ti4": 335.68, "scan": 0.44, "track": 0.38, "acq_date": "2026-09-10", "acq_time": 820, "satellite": "N", "instrument": "VIIRS", "confidence": "n", "version": "2.0NRT", "bright_ti5": 302.65, "frp": 4.48, "daynight": "D" }, "geometry": { "type": "Point", "coordinates": [ 80.3605, 8.58175 ] } },
{ "type": "Feature", "properties": { "latitude": 8.59828, "longitude": 80.34993, "bright_ti4": 341.5, "scan": 0.44, "track": 0.38, "acq_date": "2026-09-10", "acq_time": 820, "satellite": "N", "instrument": "VIIRS", "confidence": "n", "version": "2.0NRT", "bright_ti5": 304.18, "frp": 3.94, "daynight": "D" }, "geometry": { "type": "Point", "coordinates": [ 80.34993, 8.59828 ] } },
{ "type": "Feature", "properties": { "latitude": 8.60132, "longitude": 80.66886, "bright_ti4": 334.18, "scan": 0.45, "track": 0.39, "acq_date": "2026-09-10", "acq_time": 820, "satellite": "N", "instrument": "VIIRS", "confidence": "n", "version": "2.0NRT", "bright_ti5": 304.01, "frp": 4.42, "daynight": "D" }, "geometry": { "type": "Point", "coordinates": [ 80.66886, 8.60132 ] } },
{ "type": "Feature", "properties": { "latitude": 8.61125, "longitude": 80.33987, "bright_ti4": 335.77, "scan": 0.44, "track": 0.38, "acq_date": "2026-09-10", "acq_time": 820, "satellite": "N", "instrument": "VIIRS", "confidence": "l", "version": "2.0NRT", "bright_ti5": 306.63, "frp": 2.49, "daynight": "D" }, "geometry": { "type": "Point", "coordinates": [ 80.33987, 8.61125 ] } },
{ "type": "Feature", "properties": { "latitude": 8.62137, "longitude": 77.9171, "bright_ti4": 337.25, "scan": 0.38, "track": 0.36, "acq_date": "2026-09-10", "acq_time": 820, "satellite": "N", "instrument": "VIIRS", "confidence": "n", "version": "2.0NRT", "bright_ti5": 306.6, "frp": 4.2, "daynight": "D" }, "geometry": { "type": "Point", "coordinates": [ 77.9171, 8.62137 ] } },
{ "type": "Feature", "properties": { "latitude": 8.65117, "longitude": 80.70818, "bright_ti4": 338.92, "scan": 0.46, "track": 0.39, "acq_date": "2026-09-10", "acq_time": 820, "satellite": "N", "instrument": "VIIRS", "confidence": "n", "version": "2.0NRT", "bright_ti5": 304.68, "frp": 4.04, "daynight": "D" }, "geometry": { "type": "Point", "coordinates": [ 80.70818, 8.65117 ] } },
{ "type": "Feature", "properties": { "latitude": 8.66123, "longitude": 80.41534, "bright_ti4": 338.52, "scan": 0.44, "track": 0.39, "acq_date": "2026-09-10", "acq_time": 820, "satellite": "N", "instrument": "VIIRS", "confidence": "n", "version": "2.0NRT", "bright_ti5": 305.15, "frp": 3.02, "daynight": "D" }, "geometry": { "type": "Point", "coordinates": [ 80.41534, 8.66123 ] } },
{ "type": "Feature", "properties": { "latitude": 8.67276, "longitude": 80.85483, "bright_ti4": 337.22, "scan": 0.46, "track": 0.39, "acq_date": "2026-09-10", "acq_time": 820, "satellite": "N", "instrument": "VIIRS", "confidence": "n", "version": "2.0NRT", "bright_ti5": 300.22, "frp": 3.16, "daynight": "D" }, "geometry": { "type": "Point", "coordinates": [ 80.85483, 8.67276 ] } },
{ "type": "Feature", "properties": { "latitude": 8.67484, "longitude": 80.76864, "bright_ti4": 337.9, "scan": 0.46, "track": 0.39, "acq_date": "2026-09-10", "acq_time": 820, "satellite": "N", "instrument": "VIIRS", "confidence": "n", "version": "2.0NRT", "bright_ti5": 305.5, "frp": 4.03, "daynight": "D" }, "geometry": { "type": "Point", "coordinates": [ 80.76864, 8.67484 ] } },
{ "type": "Feature", "properties": { "latitude": 8.67558, "longitude": 80.76973, "bright_ti4": 340.04, "scan": 0.46, "track": 0.39, "acq_date": "2026-09-10", "acq_time": 820, "satellite": "N", "instrument": "VIIRS", "confidence": "n", "version": "2.0NRT", "bright_ti5": 305.05, "frp": 5.79, "daynight": "D" }, "geometry": { "type": "Point", "coordinates": [ 80.76973, 8.67558 ] } },
{ "type": "Feature", "properties": { "latitude": 8.67813, "longitude": 80.65878, "bright_ti4": 336.32, "scan": 0.46, "track": 0.39, "acq_date": "2026-09-10", "acq_time": 820, "satellite": "N", "instrument": "VIIRS", "confidence": "n", "version": "2.0NRT", "bright_ti5": 304.96, "frp": 3.84, "daynight": "D" }, "geometry": { "type": "Point", "coordinates": [ 80.65878, 8.67813 ] } },
{ "type": "Feature", "properties": { "latitude": 8.68441, "longitude": 80.27705, "bright_ti4": 342.09, "scan": 0.44, "track": 0.38, "acq_date": "2026-09-10", "acq_time": 820, "satellite": "N", "instrument": "VIIRS", "confidence": "n", "version": "2.0NRT", "bright_ti5": 306.37, "frp": 3.39, "daynight": "D" }, "geometry": { "type": "Point", "coordinates": [ 80.27705, 8.68441 ] } },
{ "type": "Feature", "properties": { "latitude": 8.685, "longitude": 80.28103, "bright_ti4": 338.17, "scan": 0.44, "track": 0.38, "acq_date": "2026-09-10", "acq_time": 820, "satellite": "N", "instrument": "VIIRS", "confidence": "n", "version": "2.0NRT", "bright_ti5": 305.32, "frp": 4.18, "daynight": "D" }, "geometry": { "type": "Point", "coordinates": [ 80.28103, 8.685 ] } },
{ "type": "Feature", "properties": { "latitude": 8.7021, "longitude": 80.74874, "bright_ti4": 336.23, "scan": 0.46, "track": 0.39, "acq_date": "2026-09-10", "acq_time": 820, "satellite": "N", "instrument": "VIIRS", "confidence": "n", "version": "2.0NRT", "bright_ti5": 303.39, "frp": 3.75, "daynight": "D" }, "geometry": { "type": "Point", "coordinates": [ 80.74874, 8.7021 ] } },
{ "type": "Feature", "properties": { "latitude": 8.70693, "longitude": 80.80807, "bright_ti4": 335.98, "scan": 0.46, "track": 0.39, "acq_date": "2026-09-10", "acq_time": 820, "satellite": "N", "instrument": "VIIRS", "confidence": "n", "version": "2.0NRT", "bright_ti5": 304.57, "frp": 2.76, "daynight": "D" }, "geometry": { "type": "Point", "coordinates": [ 80.80807, 8.70693 ] } },
{ "type": "Feature", "properties": { "latitude": 8.70911, "longitude": 80.24902, "bright_ti4": 334.26, "scan": 0.44, "track": 0.38, "acq_date": "2026-09-10", "acq_time": 820, "satellite": "N", "instrument": "VIIRS", "confidence": "l", "version": "2.0NRT", "bright_ti5": 307.35, "frp": 3.08, "daynight": "D" }, "geometry": { "type": "Point", "coordinates": [ 80.24902, 8.70911 ] } },
{ "type": "Feature", "properties": { "latitude": 8.70923, "longitude": 80.24919, "bright_ti4": 334.92, "scan": 0.44, "track": 0.38, "acq_date": "2026-09-10", "acq_time": 820, "satellite": "N", "instrument": "VIIRS", "confidence": "l", "version": "2.0NRT", "bright_ti5": 307.37, "frp": 3.06, "daynight": "D" }, "geometry": { "type": "Point", "coordinates": [ 80.24919, 8.70923 ] } },
{ "type": "Feature", "properties": { "latitude": 8.7117, "longitude": 80.66238, "bright_ti4": 334.47, "scan": 0.46, "track": 0.39, "acq_date": "2026-09-10", "acq_time": 820, "satellite": "N", "instrument": "VIIRS", "confidence": "n", "version": "2.0NRT", "bright_ti5": 302.41, "frp": 4.72, "daynight": "D" }, "geometry": { "type": "Point", "coordinates": [ 80.66238, 8.7117 ] } },
{ "type": "Feature", "properties": { "latitude": 8.71204, "longitude": 80.24454, "bright_ti4": 336.81, "scan": 0.44, "track": 0.38, "acq_date": "2026-09-10", "acq_time": 820, "satellite": "N", "instrument": "VIIRS", "confidence": "n", "version": "2.0NRT", "bright_ti5": 305.32, "frp": 3.08, "daynight": "D" }, "geometry": { "type": "Point", "coordinates": [ 80.24454, 8.71204 ] } },
{ "type": "Feature", "properties": { "latitude": 8.71219, "longitude": 80.2447, "bright_ti4": 335.1, "scan": 0.44, "track": 0.38, "acq_date": "2026-09-10", "acq_time": 820, "satellite": "N", "instrument": "VIIRS", "confidence": "n", "version": "2.0NRT", "bright_ti5": 304.97, "frp": 3.06, "daynight": "D" }, "geometry": { "type": "Point", "coordinates": [ 80.2447, 8.71219 ] } },
{ "type": "Feature", "properties": { "latitude": 8.7123, "longitude": 80.66652, "bright_ti4": 340.0, "scan": 0.46, "track": 0.39, "acq_date": "2026-09-10", "acq_time": 820, "satellite": "N", "instrument": "VIIRS", "confidence": "n", "version": "2.0NRT", "bright_ti5": 306.96, "frp": 8.84, "daynight": "D" }, "geometry": { "type": "Point", "coordinates": [ 80.66652, 8.7123 ] } },
{ "type": "Feature", "properties": { "latitude": 8.77444, "longitude": 77.74644, "bright_ti4": 341.85, "scan": 0.38, "track": 0.36, "acq_date": "2026-09-10", "acq_time": 820, "satellite": "N", "instrument": "VIIRS", "confidence": "l", "version": "2.0NRT", "bright_ti5": 311.95, "frp": 6.31, "daynight": "D" }, "geometry": { "type": "Point", "coordinates": [ 77.74644, 8.77444 ] } },
{ "type": "Feature", "properties": { "latitude": 8.80572, "longitude": 81.10435, "bright_ti4": 330.56, "scan": 0.48, "track": 0.4, "acq_date": "2026-09-10", "acq_time": 820, "satellite": "N", "instrument": "VIIRS", "confidence": "n", "version": "2.0NRT", "bright_ti5": 300.15, "frp": 3.22, "daynight": "D" }, "geometry": { "type": "Point", "coordinates": [ 81.10435, 8.80572 ] } },
{ "type": "Feature", "properties": { "latitude": 8.82125, "longitude": 80.62144, "bright_ti4": 349.82, "scan": 0.45, "track": 0.39, "acq_date": "2026-09-10", "acq_time": 820, "satellite": "N", "instrument": "VIIRS", "confidence": "n", "version": "2.0NRT", "bright_ti5": 310.66, "frp": 23.1, "daynight": "D" }, "geometry": { "type": "Point", "coordinates": [ 80.62144, 8.82125 ] } },
{ "type": "Feature", "properties": { "latitude": 8.82185, "longitude": 80.62557, "bright_ti4": 343.05, "scan": 0.45, "track": 0.39, "acq_date": "2026-09-10", "acq_time": 820, "satellite": "N", "instrument": "VIIRS", "confidence": "n", "version": "2.0NRT", "bright_ti5": 308.97, "frp": 30.71, "daynight": "D" }, "geometry": { "type": "Point", "coordinates": [ 80.62557, 8.82185 ] } },
{ "type": "Feature", "properties": { "latitude": 8.82484, "longitude": 80.62092, "bright_ti4": 347.64, "scan": 0.45, "track": 0.39, "acq_date": "2026-09-10", "acq_time": 820, "satellite": "N", "instrument": "VIIRS", "confidence": "n", "version": "2.0NRT", "bright_ti5": 305.87, "frp": 23.1, "daynight": "D" }, "geometry": { "type": "Point", "coordinates": [ 80.62092, 8.82484 ] } },
{ "type": "Feature", "properties": { "latitude": 8.83364, "longitude": 80.99052, "bright_ti4": 342.89, "scan": 0.47, "track": 0.4, "acq_date": "2026-09-10", "acq_time": 820, "satellite": "N", "instrument": "VIIRS", "confidence": "n", "version": "2.0NRT", "bright_ti5": 302.61, "frp": 127.29, "daynight": "D" }, "geometry": { "type": "Point", "coordinates": [ 80.99052, 8.83364 ] } },
{ "type": "Feature", "properties": { "latitude": 8.83971, "longitude": 80.33202, "bright_ti4": 332.94, "scan": 0.44, "track": 0.39, "acq_date": "2026-09-10", "acq_time": 820, "satellite": "N", "instrument": "VIIRS", "confidence": "l", "version": "2.0NRT", "bright_ti5": 303.36, "frp": 5.77, "daynight": "D" }, "geometry": { "type": "Point", "coordinates": [ 80.33202, 8.83971 ] } },
{ "type": "Feature", "properties": { "latitude": 8.86026, "longitude": 80.637, "bright_ti4": 348.23, "scan": 0.46, "track": 0.39, "acq_date": "2026-09-10", "acq_time": 820, "satellite": "N", "instrument": "VIIRS", "confidence": "n", "version": "2.0NRT", "bright_ti5": 307.85, "frp": 6.81, "daynight": "D" }, "geometry": { "type": "Point", "coordinates": [ 80.637, 8.86026 ] } },
{ "type": "Feature", "properties": { "latitude": 8.86325, "longitude": 80.85946, "bright_ti4": 333.62, "scan": 0.47, "track": 0.39, "acq_date": "2026-09-10", "acq_time": 820, "satellite": "N", "instrument": "VIIRS", "confidence": "l", "version": "2.0NRT", "bright_ti5": 305.27, "frp": 1.91, "daynight": "D" }, "geometry": { "type": "Point", "coordinates": [ 80.85946, 8.86325 ] } },
{ "type": "Feature", "properties": { "latitude": 8.86386, "longitude": 80.63649, "bright_ti4": 340.56, "scan": 0.46, "track": 0.39, "acq_date": "2026-09-10", "acq_time": 820, "satellite": "N", "instrument": "VIIRS", "confidence": "n", "version": "2.0NRT", "bright_ti5": 303.74, "frp": 6.81, "daynight": "D" }, "geometry": { "type": "Point", "coordinates": [ 80.63649, 8.86386 ] } },
{ "type": "Feature", "properties": { "latitude": 8.87069, "longitude": 80.70781, "bright_ti4": 334.98, "scan": 0.46, "track": 0.39, "acq_date": "2026-09-10", "acq_time": 820, "satellite": "N", "instrument": "VIIRS", "confidence": "n", "version": "2.0NRT", "bright_ti5": 304.23, "frp": 3.94, "daynight": "D" }, "geometry": { "type": "Point", "coordinates": [ 80.70781, 8.87069 ] } },
{ "type": "Feature", "properties": { "latitude": 8.88031, "longitude": 80.46239, "bright_ti4": 342.56, "scan": 0.45, "track": 0.39, "acq_date": "2026-09-10", "acq_time": 820, "satellite": "N", "instrument": "VIIRS", "confidence": "n", "version": "2.0NRT", "bright_ti5": 303.66, "frp": 6.99, "daynight": "D" }, "geometry": { "type": "Point", "coordinates": [ 80.46239, 8.88031 ] } },
{ "type": "Feature", "properties": { "latitude": 8.88205, "longitude": 80.68487, "bright_ti4": 332.61, "scan": 0.46, "track": 0.39, "acq_date": "2026-09-10", "acq_time": 820, "satellite": "N", "instrument": "VIIRS", "confidence": "l", "version": "2.0NRT", "bright_ti5": 303.11, "frp": 2.26, "daynight": "D" }, "geometry": { "type": "Point", "coordinates": [ 80.68487, 8.88205 ] } },
{ "type": "Feature", "properties": { "latitude": 8.88389, "longitude": 80.46188, "bright_ti4": 344.24, "scan": 0.45, "track": 0.39, "acq_date": "2026-09-10", "acq_time": 820, "satellite": "N", "instrument": "VIIRS", "confidence": "n", "version": "2.0NRT", "bright_ti5": 304.97, "frp": 8.51, "daynight": "D" }, "geometry": { "type": "Point", "coordinates": [ 80.46188, 8.88389 ] } },
{ "type": "Feature", "properties": { "latitude": 8.90645, "longitude": 80.56729, "bright_ti4": 340.11, "scan": 0.45, "track": 0.39, "acq_date": "2026-09-10", "acq_time": 820, "satellite": "N", "instrument": "VIIRS", "confidence": "n", "version": "2.0NRT", "bright_ti5": 307.24, "frp": 10.52, "daynight": "D" }, "geometry": { "type": "Point", "coordinates": [ 80.56729, 8.90645 ] } },
{ "type": "Feature", "properties": { "latitude": 8.92134, "longitude": 80.41907, "bright_ti4": 336.21, "scan": 0.45, "track": 0.39, "acq_date": "2026-09-10", "acq_time": 820, "satellite": "N", "instrument": "VIIRS", "confidence": "n", "version": "2.0NRT", "bright_ti5": 305.02, "frp": 5.0, "daynight": "D" }, "geometry": { "type": "Point", "coordinates": [ 80.41907, 8.92134 ] } },
{ "type": "Feature", "properties": { "latitude": 8.92612, "longitude": 80.47646, "bright_ti4": 336.51, "scan": 0.45, "track": 0.39, "acq_date": "2026-09-10", "acq_time": 820, "satellite": "N", "instrument": "VIIRS", "confidence": "l", "version": "2.0NRT", "bright_ti5": 307.8, "frp": 7.81, "daynight": "D" }, "geometry": { "type": "Point", "coordinates": [ 80.47646, 8.92612 ] } },
{ "type": "Feature", "properties": { "latitude": 8.93338, "longitude": 80.57601, "bright_ti4": 336.33, "scan": 0.45, "track": 0.39, "acq_date": "2026-09-10", "acq_time": 820, "satellite": "N", "instrument": "VIIRS", "confidence": "l", "version": "2.0NRT", "bright_ti5": 306.69, "frp": 6.9, "daynight": "D" }, "geometry": { "type": "Point", "coordinates": [ 80.57601, 8.93338 ] } },
{ "type": "Feature", "properties": { "latitude": 8.94576, "longitude": 80.46112, "bright_ti4": 339.77, "scan": 0.45, "track": 0.39, "acq_date": "2026-09-10", "acq_time": 820, "satellite": "N", "instrument": "VIIRS", "confidence": "n", "version": "2.0NRT", "bright_ti5": 300.33, "frp": 1.42, "daynight": "D" }, "geometry": { "type": "Point", "coordinates": [ 80.46112, 8.94576 ] } },
{ "type": "Feature", "properties": { "latitude": 8.94933, "longitude": 80.4606, "bright_ti4": 341.54, "scan": 0.45, "track": 0.39, "acq_date": "2026-09-10", "acq_time": 820, "satellite": "N", "instrument": "VIIRS", "confidence": "n", "version": "2.0NRT", "bright_ti5": 298.37, "frp": 2.29, "daynight": "D" }, "geometry": { "type": "Point", "coordinates": [ 80.4606, 8.94933 ] } },
{ "type": "Feature", "properties": { "latitude": 8.95275, "longitude": 80.68353, "bright_ti4": 346.51, "scan": 0.46, "track": 0.39, "acq_date": "2026-09-10", "acq_time": 820, "satellite": "N", "instrument": "VIIRS", "confidence": "n", "version": "2.0NRT", "bright_ti5": 304.99, "frp": 5.84, "daynight": "D" }, "geometry": { "type": "Point", "coordinates": [ 80.68353, 8.95275 ] } },
{ "type": "Feature", "properties": { "latitude": 8.9596, "longitude": 80.78125, "bright_ti4": 338.02, "scan": 0.46, "track": 0.39, "acq_date": "2026-09-10", "acq_time": 820, "satellite": "N", "instrument": "VIIRS", "confidence": "n", "version": "2.0NRT", "bright_ti5": 304.52, "frp": 4.47, "daynight": "D" }, "geometry": { "type": "Point", "coordinates": [ 80.78125, 8.9596 ] } },
{ "type": "Feature", "properties": { "latitude": 8.96166, "longitude": 80.89814, "bright_ti4": 345.67, "scan": 0.47, "track": 0.4, "acq_date": "2026-09-10", "acq_time": 820, "satellite": "N", "instrument": "VIIRS", "confidence": "n", "version": "2.0NRT", "bright_ti5": 303.65, "frp": 8.67, "daynight": "D" }, "geometry": { "type": "Point", "coordinates": [ 80.89814, 8.96166 ] } },
{ "type": "Feature", "properties": { "latitude": 8.96323, "longitude": 80.78072, "bright_ti4": 336.9, "scan": 0.46, "track": 0.39, "acq_date": "2026-09-10", "acq_time": 820, "satellite": "N", "instrument": "VIIRS", "confidence": "n", "version": "2.0NRT", "bright_ti5": 303.34, "frp": 4.47, "daynight": "D" }, "geometry": { "type": "Point", "coordinates": [ 80.78072, 8.96323 ] } },
{ "type": "Feature", "properties": { "latitude": 9.02902, "longitude": 80.24326, "bright_ti4": 337.82, "scan": 0.44, "track": 0.38, "acq_date": "2026-09-10", "acq_time": 820, "satellite": "N", "instrument": "VIIRS", "confidence": "n", "version": "2.0NRT", "bright_ti5": 303.01, "frp": 3.25, "daynight": "D" }, "geometry": { "type": "Point", "coordinates": [ 80.24326, 9.02902 ] } },
{ "type": "Feature", "properties": { "latitude": 9.08842, "longitude": 80.89799, "bright_ti4": 337.23, "scan": 0.47, "track": 0.4, "acq_date": "2026-09-10", "acq_time": 820, "satellite": "N", "instrument": "VIIRS", "confidence": "n", "version": "2.0NRT", "bright_ti5": 300.69, "frp": 6.03, "daynight": "D" }, "geometry": { "type": "Point", "coordinates": [ 80.89799, 9.08842 ] } },
{ "type": "Feature", "properties": { "latitude": 9.20652, "longitude": 80.63198, "bright_ti4": 337.87, "scan": 0.46, "track": 0.39, "acq_date": "2026-09-10", "acq_time": 820, "satellite": "N", "instrument": "VIIRS", "confidence": "n", "version": "2.0NRT", "bright_ti5": 301.32, "frp": 3.51, "daynight": "D" }, "geometry": { "type": "Point", "coordinates": [ 80.63198, 9.20652 ] } },
{ "type": "Feature", "properties": { "latitude": 9.3272, "longitude": 80.36589, "bright_ti4": 330.69, "scan": 0.45, "track": 0.39, "acq_date": "2026-09-10", "acq_time": 820, "satellite": "N", "instrument": "VIIRS", "confidence": "n", "version": "2.0NRT", "bright_ti5": 296.03, "frp": 1.52, "daynight": "D" }, "geometry": { "type": "Point", "coordinates": [ 80.36589, 9.3272 ] } },
{ "type": "Feature", "properties": { "latitude": 9.00893, "longitude": 77.79801, "bright_ti4": 345.28, "scan": 0.38, "track": 0.36, "acq_date": "2026-09-10", "acq_time": 822, "satellite": "N", "instrument": "VIIRS", "confidence": "n", "version": "2.0NRT", "bright_ti5": 310.28, "frp": 14.15, "daynight": "D" }, "geometry": { "type": "Point", "coordinates": [ 77.79801, 9.00893 ] } },
{ "type": "Feature", "properties": { "latitude": 9.24757, "longitude": 77.89983, "bright_ti4": 341.57, "scan": 0.39, "track": 0.36, "acq_date": "2026-09-10", "acq_time": 822, "satellite": "N", "instrument": "VIIRS", "confidence": "n", "version": "2.0NRT", "bright_ti5": 309.81, "frp": 9.52, "daynight": "D" }, "geometry": { "type": "Point", "coordinates": [ 77.89983, 9.24757 ] } },
{ "type": "Feature", "properties": { "latitude": 9.3672, "longitude": 80.43958, "bright_ti4": 343.23, "scan": 0.45, "track": 0.39, "acq_date": "2026-09-10", "acq_time": 822, "satellite": "N", "instrument": "VIIRS", "confidence": "n", "version": "2.0NRT", "bright_ti5": 297.46, "frp": 5.1, "daynight": "D" }, "geometry": { "type": "Point", "coordinates": [ 80.43958, 9.3672 ] } },
{ "type": "Feature", "properties": { "latitude": 9.41302, "longitude": 80.28743, "bright_ti4": 338.83, "scan": 0.45, "track": 0.39, "acq_date": "2026-09-10", "acq_time": 822, "satellite": "N", "instrument": "VIIRS", "confidence": "n", "version": "2.0NRT", "bright_ti5": 286.25, "frp": 3.99, "daynight": "D" }, "geometry": { "type": "Point", "coordinates": [ 80.28743, 9.41302 ] } },
{ "type": "Feature", "properties": { "latitude": 9.81509, "longitude": 78.59298, "bright_ti4": 339.48, "scan": 0.4, "track": 0.37, "acq_date": "2026-09-10", "acq_time": 822, "satellite": "N", "instrument": "VIIRS", "confidence": "n", "version": "2.0NRT", "bright_ti5": 295.91, "frp": 4.08, "daynight": "D" }, "geometry": { "type": "Point", "coordinates": [ 78.59298, 9.81509 ] } },
{ "type": "Feature", "properties": { "latitude": 13.56128, "longitude": 76.31514, "bright_ti4": 331.81, "scan": 0.38, "track": 0.36, "acq_date": "2026-09-10", "acq_time": 822, "satellite": "N", "instrument": "VIIRS", "confidence": "n", "version": "2.0NRT", "bright_ti5": 298.1, "frp": 3.46, "daynight": "D" }, "geometry": { "type": "Point", "coordinates": [ 76.31514, 13.56128 ] } },
{ "type": "Feature", "properties": { "latitude": 14.14186, "longitude": 76.48392, "bright_ti4": 337.51, "scan": 0.38, "track": 0.36, "acq_date": "2026-09-10", "acq_time": 822, "satellite": "N", "instrument": "VIIRS", "confidence": "n", "version": "2.0NRT", "bright_ti5": 302.14, "frp": 2.44, "daynight": "D" }, "geometry": { "type": "Point", "coordinates": [ 76.48392, 14.14186 ] } },
{ "type": "Feature", "properties": { "latitude": 14.80579, "longitude": 79.02069, "bright_ti4": 336.34, "scan": 0.44, "track": 0.39, "acq_date": "2026-09-10", "acq_time": 822, "satellite": "N", "instrument": "VIIRS", "confidence": "n", "version": "2.0NRT", "bright_ti5": 286.24, "frp": 2.74, "daynight": "D" }, "geometry": { "type": "Point", "coordinates": [ 79.02069, 14.80579 ] } },
{ "type": "Feature", "properties": { "latitude": 14.80636, "longitude": 79.0248, "bright_ti4": 330.18, "scan": 0.44, "track": 0.39, "acq_date": "2026-09-10", "acq_time": 822, "satellite": "N", "instrument": "VIIRS", "confidence": "n", "version": "2.0NRT", "bright_ti5": 284.81, "frp": 3.33, "daynight": "D" }, "geometry": { "type": "Point", "coordinates": [ 79.0248, 14.80636 ] } },
{ "type": "Feature", "properties": { "latitude": 15.20712, "longitude": 75.79704, "bright_ti4": 339.7, "scan": 0.38, "track": 0.36, "acq_date": "2026-09-10", "acq_time": 822, "satellite": "N", "instrument": "VIIRS", "confidence": "n", "version": "2.0NRT", "bright_ti5": 309.26, "frp": 1.84, "daynight": "D" }, "geometry": { "type": "Point", "coordinates": [ 75.79704, 15.20712 ] } },
{ "type": "Feature", "properties": { "latitude": 15.21043, "longitude": 75.79651, "bright_ti4": 337.14, "scan": 0.38, "track": 0.36, "acq_date": "2026-09-10", "acq_time": 822, "satellite": "N", "instrument": "VIIRS", "confidence": "l", "version": "2.0NRT", "bright_ti5": 310.41, "frp": 3.93, "daynight": "D" }, "geometry": { "type": "Point", "coordinates": [ 75.79651, 15.21043 ] } },
{ "type": "Feature", "properties": { "latitude": 15.22379, "longitude": 78.51904, "bright_ti4": 337.52, "scan": 0.43, "track": 0.38, "acq_date": "2026-09-10", "acq_time": 822, "satellite": "N", "instrument": "VIIRS", "confidence": "n", "version": "2.0NRT", "bright_ti5": 287.73, "frp": 3.06, "daynight": "D" }, "geometry": { "type": "Point", "coordinates": [ 78.51904, 15.22379 ] } },
{ "type": "Feature", "properties": { "latitude": 15.22531, "longitude": 76.76296, "bright_ti4": 334.33, "scan": 0.39, "track": 0.36, "acq_date": "2026-09-10", "acq_time": 822, "satellite": "N", "instrument": "VIIRS", "confidence": "n", "version": "2.0NRT", "bright_ti5": 298.46, "frp": 1.81, "daynight": "D" }, "geometry": { "type": "Point", "coordinates": [ 76.76296, 15.22531 ] } },
{ "type": "Feature", "properties": { "latitude": 15.40017, "longitude": 77.02663, "bright_ti4": 336.03, "scan": 0.39, "track": 0.36, "acq_date": "2026-09-10", "acq_time": 822, "satellite": "N", "instrument": "VIIRS", "confidence": "n", "version": "2.0NRT", "bright_ti5": 302.55, "frp": 3.03, "daynight": "D" }, "geometry": { "type": "Point", "coordinates": [ 77.02663, 15.40017 ] } },
{ "type": "Feature", "properties": { "latitude": 15.82326, "longitude": 76.42226, "bright_ti4": 332.69, "scan": 0.39, "track": 0.36, "acq_date": "2026-09-10", "acq_time": 822, "satellite": "N", "instrument": "VIIRS", "confidence": "n", "version": "2.0NRT", "bright_ti5": 301.42, "frp": 2.48, "daynight": "D" }, "geometry": { "type": "Point", "coordinates": [ 76.42226, 15.82326 ] } },
{ "type": "Feature", "properties": { "latitude": 15.87121, "longitude": 80.60237, "bright_ti4": 331.5, "scan": 0.54, "track": 0.42, "acq_date": "2026-09-10", "acq_time": 822, "satellite": "N", "instrument": "VIIRS", "confidence": "n", "version": "2.0NRT", "bright_ti5": 290.75, "frp": 4.57, "daynight": "D" }, "geometry": { "type": "Point", "coordinates": [ 80.60237, 15.87121 ] } },
{ "type": "Feature", "properties": { "latitude": 16.61314, "longitude": 75.89799, "bright_ti4": 338.35, "scan": 0.38, "track": 0.36, "acq_date": "2026-09-10", "acq_time": 824, "satellite": "N", "instrument": "VIIRS", "confidence": "n", "version": "2.0NRT", "bright_ti5": 300.68, "frp": 2.37, "daynight": "D" }, "geometry": { "type": "Point", "coordinates": [ 75.89799, 16.61314 ] } },
{ "type": "Feature", "properties": { "latitude": 17.30929, "longitude": 77.62043, "bright_ti4": 330.79, "scan": 0.41, "track": 0.37, "acq_date": "2026-09-10", "acq_time": 824, "satellite": "N", "instrument": "VIIRS", "confidence": "n", "version": "2.0NRT", "bright_ti5": 295.01, "frp": 3.08, "daynight": "D" }, "geometry": { "type": "Point", "coordinates": [ 77.62043, 17.30929 ] } },
{ "type": "Feature", "properties": { "latitude": 17.69838, "longitude": 75.36028, "bright_ti4": 331.99, "scan": 0.38, "track": 0.36, "acq_date": "2026-09-10", "acq_time": 824, "satellite": "N", "instrument": "VIIRS", "confidence": "n", "version": "2.0NRT", "bright_ti5": 301.84, "frp": 1.85, "daynight": "D" }, "geometry": { "type": "Point", "coordinates": [ 75.36028, 17.69838 ] } },
{ "type": "Feature", "properties": { "latitude": 17.97609, "longitude": 74.36363, "bright_ti4": 337.35, "scan": 0.39, "track": 0.36, "acq_date": "2026-09-10", "acq_time": 824, "satellite": "N", "instrument": "VIIRS", "confidence": "n", "version": "2.0NRT", "bright_ti5": 303.35, "frp": 3.02, "daynight": "D" }, "geometry": { "type": "Point", "coordinates": [ 74.36363, 17.97609 ] } },
{ "type": "Feature", "properties": { "latitude": 18.86072, "longitude": 76.52007, "bright_ti4": 336.81, "scan": 0.4, "track": 0.37, "acq_date": "2026-09-10", "acq_time": 824, "satellite": "N", "instrument": "VIIRS", "confidence": "n", "version": "2.0NRT", "bright_ti5": 297.42, "frp": 4.29, "daynight": "D" }, "geometry": { "type": "Point", "coordinates": [ 76.52007, 18.86072 ] } },
{ "type": "Feature", "properties": { "latitude": 18.8621, "longitude": 76.51934, "bright_ti4": 341.23, "scan": 0.4, "track": 0.37, "acq_date": "2026-09-10", "acq_time": 824, "satellite": "N", "instrument": "VIIRS", "confidence": "n", "version": "2.0NRT", "bright_ti5": 298.75, "frp": 4.65, "daynight": "D" }, "geometry": { "type": "Point", "coordinates": [ 76.51934, 18.8621 ] } },
{ "type": "Feature", "properties": { "latitude": 21.10157, "longitude": 72.63602, "bright_ti4": 344.18, "scan": 0.41, "track": 0.37, "acq_date": "2026-09-10", "acq_time": 824, "satellite": "N", "instrument": "VIIRS", "confidence": "n", "version": "2.0NRT", "bright_ti5": 304.57, "frp": 16.7, "daynight": "D" }, "geometry": { "type": "Point", "coordinates": [ 72.63602, 21.10157 ] } },
{ "type": "Feature", "properties": { "latitude": 21.10355, "longitude": 72.64788, "bright_ti4": 337.26, "scan": 0.41, "track": 0.37, "acq_date": "2026-09-10", "acq_time": 824, "satellite": "N", "instrument": "VIIRS", "confidence": "l", "version": "2.0NRT", "bright_ti5": 304.42, "frp": 6.53, "daynight": "D" }, "geometry": { "type": "Point", "coordinates": [ 72.64788, 21.10355 ] } },
{ "type": "Feature", "properties": { "latitude": 21.10696, "longitude": 72.64724, "bright_ti4": 348.07, "scan": 0.41, "track": 0.37, "acq_date": "2026-09-10", "acq_time": 824, "satellite": "N", "instrument": "VIIRS", "confidence": "n", "version": "2.0NRT", "bright_ti5": 305.53, "frp": 6.53, "daynight": "D" }, "geometry": { "type": "Point", "coordinates": [ 72.64724, 21.10696 ] } },
{ "type": "Feature", "properties": { "latitude": 21.74492, "longitude": 83.84295, "bright_ti4": 340.64, "scan": 0.34, "track": 0.56, "acq_date": "2026-09-10", "acq_time": 824, "satellite": "N", "instrument": "VIIRS", "confidence": "n", "version": "2.0NRT", "bright_ti5": 285.48, "frp": 3.79, "daynight": "D" }, "geometry": { "type": "Point", "coordinates": [ 83.84295, 21.74492 ] } },
{ "type": "Feature", "properties": { "latitude": 21.75016, "longitude": 83.84244, "bright_ti4": 357.41, "scan": 0.34, "track": 0.56, "acq_date": "2026-09-10", "acq_time": 824, "satellite": "N", "instrument": "VIIRS", "confidence": "n", "version": "2.0NRT", "bright_ti5": 286.1, "frp": 10.37, "daynight": "D" }, "geometry": { "type": "Point", "coordinates": [ 83.84244, 21.75016 ] } },
{ "type": "Feature", "properties": { "latitude": 21.80279, "longitude": 83.89226, "bright_ti4": 329.17, "scan": 0.35, "track": 0.57, "acq_date": "2026-09-10", "acq_time": 824, "satellite": "N", "instrument": "VIIRS", "confidence": "n", "version": "2.0NRT", "bright_ti5": 284.55, "frp": 2.34, "daynight": "D" }, "geometry": { "type": "Point", "coordinates": [ 83.89226, 21.80279 ] } },
{ "type": "Feature", "properties": { "latitude": 23.75989, "longitude": 86.40087, "bright_ti4": 329.67, "scan": 0.53, "track": 0.67, "acq_date": "2026-09-10", "acq_time": 824, "satellite": "N", "instrument": "VIIRS", "confidence": "n", "version": "2.0NRT", "bright_ti5": 286.63, "frp": 6.03, "daynight": "D" }, "geometry": { "type": "Point", "coordinates": [ 86.40087, 23.75989 ] } },
{ "type": "Feature", "properties": { "latitude": 23.80222, "longitude": 86.32877, "bright_ti4": 333.14, "scan": 0.52, "track": 0.67, "acq_date": "2026-09-10", "acq_time": 824, "satellite": "N", "instrument": "VIIRS", "confidence": "n", "version": "2.0NRT", "bright_ti5": 286.42, "frp": 4.63, "daynight": "D" }, "geometry": { "type": "Point", "coordinates": [ 86.32877, 23.80222 ] } },
{ "type": "Feature", "properties": { "latitude": 23.80455, "longitude": 86.32764, "bright_ti4": 330.42, "scan": 0.52, "track": 0.67, "acq_date": "2026-09-10", "acq_time": 824, "satellite": "N", "instrument": "VIIRS", "confidence": "n", "version": "2.0NRT", "bright_ti5": 286.03, "frp": 3.46, "daynight": "D" }, "geometry": { "type": "Point", "coordinates": [ 86.32764, 23.80455 ] } },
{ "type": "Feature", "properties": { "latitude": 22.92957, "longitude": 70.10769, "bright_ti4": 338.96, "scan": 0.5, "track": 0.41, "acq_date": "2026-09-10", "acq_time": 826, "satellite": "N", "instrument": "VIIRS", "confidence": "n", "version": "2.0NRT", "bright_ti5": 306.49, "frp": 7.09, "daynight": "D" }, "geometry": { "type": "Point", "coordinates": [ 70.10769, 22.92957 ] } },
{ "type": "Feature", "properties": { "latitude": 23.10672, "longitude": 72.22006, "bright_ti4": 332.7, "scan": 0.41, "track": 0.37, "acq_date": "2026-09-10", "acq_time": 826, "satellite": "N", "instrument": "VIIRS", "confidence": "l", "version": "2.0NRT", "bright_ti5": 305.1, "frp": 2.57, "daynight": "D" }, "geometry": { "type": "Point", "coordinates": [ 72.22006, 23.10672 ] } },
{ "type": "Feature", "properties": { "latitude": 25.61475, "longitude": 75.90067, "bright_ti4": 339.91, "scan": 0.42, "track": 0.38, "acq_date": "2026-09-10", "acq_time": 826, "satellite": "N", "instrument": "VIIRS", "confidence": "n", "version": "2.0NRT", "bright_ti5": 300.69, "frp": 2.98, "daynight": "D" }, "geometry": { "type": "Point", "coordinates": [ 75.90067, 25.61475 ] } },
{ "type": "Feature", "properties": { "latitude": 25.78353, "longitude": 73.69852, "bright_ti4": 336.77, "scan": 0.38, "track": 0.36, "acq_date": "2026-09-10", "acq_time": 826, "satellite": "N", "instrument": "VIIRS", "confidence": "n", "version": "2.0NRT", "bright_ti5": 305.99, "frp": 2.65, "daynight": "D" }, "geometry": { "type": "Point", "coordinates": [ 73.69852, 25.78353 ] } },
{ "type": "Feature", "properties": { "latitude": 26.07044, "longitude": 74.30474, "bright_ti4": 332.86, "scan": 0.39, "track": 0.36, "acq_date": "2026-09-10", "acq_time": 826, "satellite": "N", "instrument": "VIIRS", "confidence": "l", "version": "2.0NRT", "bright_ti5": 305.89, "frp": 1.79, "daynight": "D" }, "geometry": { "type": "Point", "coordinates": [ 74.30474, 26.07044 ] } },
{ "type": "Feature", "properties": { "latitude": 28.03975, "longitude": 75.82047, "bright_ti4": 335.44, "scan": 0.44, "track": 0.38, "acq_date": "2026-09-10", "acq_time": 826, "satellite": "N", "instrument": "VIIRS", "confidence": "n", "version": "2.0NRT", "bright_ti5": 306.52, "frp": 2.28, "daynight": "D" }, "geometry": { "type": "Point", "coordinates": [ 75.82047, 28.03975 ] } },
{ "type": "Feature", "properties": { "latitude": 28.77153, "longitude": 71.01676, "bright_ti4": 346.77, "scan": 0.4, "track": 0.37, "acq_date": "2026-09-10", "acq_time": 826, "satellite": "N", "instrument": "VIIRS", "confidence": "n", "version": "2.0NRT", "bright_ti5": 309.92, "frp": 8.4, "daynight": "D" }, "geometry": { "type": "Point", "coordinates": [ 71.01676, 28.77153 ] } },
{ "type": "Feature", "properties": { "latitude": 29.7994, "longitude": 72.815, "bright_ti4": 333.61, "scan": 0.38, "track": 0.36, "acq_date": "2026-09-10", "acq_time": 826, "satellite": "N", "instrument": "VIIRS", "confidence": "n", "version": "2.0NRT", "bright_ti5": 306.13, "frp": 1.64, "daynight": "D" }, "geometry": { "type": "Point", "coordinates": [ 72.815, 29.7994 ] } },
{ "type": "Feature", "properties": { "latitude": 29.89805, "longitude": 72.95081, "bright_ti4": 334.93, "scan": 0.39, "track": 0.36, "acq_date": "2026-09-10", "acq_time": 826, "satellite": "N", "instrument": "VIIRS", "confidence": "n", "version": "2.0NRT", "bright_ti5": 303.88, "frp": 1.75, "daynight": "D" }, "geometry": { "type": "Point", "coordinates": [ 72.95081, 29.89805 ] } },
{ "type": "Feature", "properties": { "latitude": 30.68053, "longitude": 73.567, "bright_ti4": 330.34, "scan": 0.4, "track": 0.37, "acq_date": "2026-09-10", "acq_time": 828, "satellite": "N", "instrument": "VIIRS", "confidence": "l", "version": "2.0NRT", "bright_ti5": 300.76, "frp": 2.9, "daynight": "D" }, "geometry": { "type": "Point", "coordinates": [ 73.567, 30.68053 ] } },
{ "type": "Feature", "properties": { "latitude": 30.68111, "longitude": 73.57111, "bright_ti4": 347.27, "scan": 0.4, "track": 0.37, "acq_date": "2026-09-10", "acq_time": 828, "satellite": "N", "instrument": "VIIRS", "confidence": "n", "version": "2.0NRT", "bright_ti5": 305.69, "frp": 19.49, "daynight": "D" }, "geometry": { "type": "Point", "coordinates": [ 73.57111, 30.68111 ] } },
{ "type": "Feature", "properties": { "latitude": 30.68446, "longitude": 73.57047, "bright_ti4": 342.38, "scan": 0.4, "track": 0.37, "acq_date": "2026-09-10", "acq_time": 828, "satellite": "N", "instrument": "VIIRS", "confidence": "n", "version": "2.0NRT", "bright_ti5": 299.15, "frp": 5.8, "daynight": "D" }, "geometry": { "type": "Point", "coordinates": [ 73.57047, 30.68446 ] } },
{ "type": "Feature", "properties": { "latitude": 30.72232, "longitude": 73.71585, "bright_ti4": 333.75, "scan": 0.4, "track": 0.37, "acq_date": "2026-09-10", "acq_time": 828, "satellite": "N", "instrument": "VIIRS", "confidence": "n", "version": "2.0NRT", "bright_ti5": 300.29, "frp": 3.1, "daynight": "D" }, "geometry": { "type": "Point", "coordinates": [ 73.71585, 30.72232 ] } },
{ "type": "Feature", "properties": { "latitude": 31.12557, "longitude": 74.68327, "bright_ti4": 332.7, "scan": 0.42, "track": 0.38, "acq_date": "2026-09-10", "acq_time": 828, "satellite": "N", "instrument": "VIIRS", "confidence": "n", "version": "2.0NRT", "bright_ti5": 304.31, "frp": 2.01, "daynight": "D" }, "geometry": { "type": "Point", "coordinates": [ 74.68327, 31.12557 ] } },
{ "type": "Feature", "properties": { "latitude": 31.13243, "longitude": 74.62755, "bright_ti4": 345.78, "scan": 0.42, "track": 0.38, "acq_date": "2026-09-10", "acq_time": 828, "satellite": "N", "instrument": "VIIRS", "confidence": "n", "version": "2.0NRT", "bright_ti5": 300.28, "frp": 6.93, "daynight": "D" }, "geometry": { "type": "Point", "coordinates": [ 74.62755, 31.13243 ] } },
{ "type": "Feature", "properties": { "latitude": 31.3569, "longitude": 75.92867, "bright_ti4": 330.03, "scan": 0.47, "track": 0.4, "acq_date": "2026-09-10", "acq_time": 828, "satellite": "N", "instrument": "VIIRS", "confidence": "n", "version": "2.0NRT", "bright_ti5": 298.91, "frp": 2.8, "daynight": "D" }, "geometry": { "type": "Point", "coordinates": [ 75.92867, 31.3569 ] } },
{ "type": "Feature", "properties": { "latitude": 31.40409, "longitude": 73.5051, "bright_ti4": 332.52, "scan": 0.4, "track": 0.37, "acq_date": "2026-09-10", "acq_time": 828, "satellite": "N", "instrument": "VIIRS", "confidence": "l", "version": "2.0NRT", "bright_ti5": 302.92, "frp": 2.73, "daynight": "D" }, "geometry": { "type": "Point", "coordinates": [ 73.5051, 31.40409 ] } },
{ "type": "Feature", "properties": { "latitude": 31.41759, "longitude": 75.8811, "bright_ti4": 338.02, "scan": 0.47, "track": 0.4, "acq_date": "2026-09-10", "acq_time": 828, "satellite": "N", "instrument": "VIIRS", "confidence": "n", "version": "2.0NRT", "bright_ti5": 299.78, "frp": 7.11, "daynight": "D" }, "geometry": { "type": "Point", "coordinates": [ 75.8811, 31.41759 ] } },
{ "type": "Feature", "properties": { "latitude": 31.53902, "longitude": 74.82557, "bright_ti4": 336.36, "scan": 0.43, "track": 0.38, "acq_date": "2026-09-10", "acq_time": 828, "satellite": "N", "instrument": "VIIRS", "confidence": "n", "version": "2.0NRT", "bright_ti5": 303.77, "frp": 3.68, "daynight": "D" }, "geometry": { "type": "Point", "coordinates": [ 74.82557, 31.53902 ] } },
{ "type": "Feature", "properties": { "latitude": 31.56346, "longitude": 74.60093, "bright_ti4": 335.37, "scan": 0.42, "track": 0.38, "acq_date": "2026-09-10", "acq_time": 828, "satellite": "N", "instrument": "VIIRS", "confidence": "n", "version": "2.0NRT", "bright_ti5": 302.63, "frp": 4.09, "daynight": "D" }, "geometry": { "type": "Point", "coordinates": [ 74.60093, 31.56346 ] } },
{ "type": "Feature", "properties": { "latitude": 31.62473, "longitude": 75.01824, "bright_ti4": 346.08, "scan": 0.44, "track": 0.38, "acq_date": "2026-09-10", "acq_time": 828, "satellite": "N", "instrument": "VIIRS", "confidence": "n", "version": "2.0NRT", "bright_ti5": 301.81, "frp": 7.26, "daynight": "D" }, "geometry": { "type": "Point", "coordinates": [ 75.01824, 31.62473 ] } },
{ "type": "Feature", "properties": { "latitude": 31.62693, "longitude": 72.4276, "bright_ti4": 336.32, "scan": 0.39, "track": 0.36, "acq_date": "2026-09-10", "acq_time": 828, "satellite": "N", "instrument": "VIIRS", "confidence": "n", "version": "2.0NRT", "bright_ti5": 305.2, "frp": 3.76, "daynight": "D" }, "geometry": { "type": "Point", "coordinates": [ 72.4276, 31.62693 ] } },
{ "type": "Feature", "properties": { "latitude": 31.63024, "longitude": 72.42693, "bright_ti4": 332.05, "scan": 0.39, "track": 0.36, "acq_date": "2026-09-10", "acq_time": 828, "satellite": "N", "instrument": "VIIRS", "confidence": "l", "version": "2.0NRT", "bright_ti5": 302.37, "frp": 3.76, "daynight": "D" }, "geometry": { "type": "Point", "coordinates": [ 72.42693, 31.63024 ] } },
{ "type": "Feature", "properties": { "latitude": 31.6471, "longitude": 75.02378, "bright_ti4": 338.54, "scan": 0.44, "track": 0.38, "acq_date": "2026-09-10", "acq_time": 828, "satellite": "N", "instrument": "VIIRS", "confidence": "n", "version": "2.0NRT", "bright_ti5": 301.85, "frp": 5.25, "daynight": "D" }, "geometry": { "type": "Point", "coordinates": [ 75.02378, 31.6471 ] } },
{ "type": "Feature", "properties": { "latitude": 31.73356, "longitude": 74.64149, "bright_ti4": 332.83, "scan": 0.43, "track": 0.38, "acq_date": "2026-09-10", "acq_time": 828, "satellite": "N", "instrument": "VIIRS", "confidence": "n", "version": "2.0NRT", "bright_ti5": 299.69, "frp": 2.77, "daynight": "D" }, "geometry": { "type": "Point", "coordinates": [ 74.64149, 31.73356 ] } },
{ "type": "Feature", "properties": { "latitude": 31.76258, "longitude": 74.94447, "bright_ti4": 336.14, "scan": 0.44, "track": 0.38, "acq_date": "2026-09-10", "acq_time": 828, "satellite": "N", "instrument": "VIIRS", "confidence": "n", "version": "2.0NRT", "bright_ti5": 300.54, "frp": 3.39, "daynight": "D" }, "geometry": { "type": "Point", "coordinates": [ 74.94447, 31.76258 ] } },
{ "type": "Feature", "properties": { "latitude": 32.62136, "longitude": 71.96693, "bright_ti4": 337.69, "scan": 0.38, "track": 0.36, "acq_date": "2026-09-10", "acq_time": 828, "satellite": "N", "instrument": "VIIRS", "confidence": "n", "version": "2.0NRT", "bright_ti5": 304.54, "frp": 4.0, "daynight": "D" }, "geometry": { "type": "Point", "coordinates": [ 71.96693, 32.62136 ] } },
{ "type": "Feature", "properties": { "latitude": 32.8899, "longitude": 71.61734, "bright_ti4": 331.02, "scan": 0.38, "track": 0.36, "acq_date": "2026-09-10", "acq_time": 828, "satellite": "N", "instrument": "VIIRS", "confidence": "l", "version": "2.0NRT", "bright_ti5": 304.96, "frp": 1.94, "daynight": "D" }, "geometry": { "type": "Point", "coordinates": [ 71.61734, 32.8899 ] } },
{ "type": "Feature", "properties": { "latitude": 27.31865, "longitude": 95.26725, "bright_ti4": 314.82, "scan": 0.41, "track": 0.45, "acq_date": "2026-09-10", "acq_time": 1910, "satellite": "N", "instrument": "VIIRS", "confidence": "n", "version": "2.0NRT", "bright_ti5": 282.7, "frp": 1.4, "daynight": "N" }, "geometry": { "type": "Point", "coordinates": [ 95.26725, 27.31865 ] } },
{ "type": "Feature", "properties": { "latitude": 27.46212, "longitude": 95.47769, "bright_ti4": 305.97, "scan": 0.4, "track": 0.44, "acq_date": "2026-09-10", "acq_time": 1910, "satellite": "N", "instrument": "VIIRS", "confidence": "n", "version": "2.0NRT", "bright_ti5": 288.92, "frp": 0.51, "daynight": "N" }, "geometry": { "type": "Point", "coordinates": [ 95.47769, 27.46212 ] } },
{ "type": "Feature", "properties": { "latitude": 27.60698, "longitude": 95.40187, "bright_ti4": 306.35, "scan": 0.4, "track": 0.44, "acq_date": "2026-09-10", "acq_time": 1910, "satellite": "N", "instrument": "VIIRS", "confidence": "n", "version": "2.0NRT", "bright_ti5": 290.62, "frp": 1.92, "daynight": "N" }, "geometry": { "type": "Point", "coordinates": [ 95.40187, 27.60698 ] } },
{ "type": "Feature", "properties": { "latitude": 30.07032, "longitude": 96.97918, "bright_ti4": 298.34, "scan": 0.53, "track": 0.42, "acq_date": "2026-09-10", "acq_time": 1910, "satellite": "N", "instrument": "VIIRS", "confidence": "n", "version": "2.0NRT", "bright_ti5": 286.18, "frp": 1.14, "daynight": "N" }, "geometry": { "type": "Point", "coordinates": [ 96.97918, 30.07032 ] } },
{ "type": "Feature", "properties": { "latitude": 25.54185, "longitude": 91.23533, "bright_ti4": 298.11, "scan": 0.34, "track": 0.56, "acq_date": "2026-09-10", "acq_time": 1913, "satellite": "N", "instrument": "VIIRS", "confidence": "n", "version": "2.0NRT", "bright_ti5": 280.77, "frp": 0.46, "daynight": "N" }, "geometry": { "type": "Point", "coordinates": [ 91.23533, 25.54185 ] } },
{ "type": "Feature", "properties": { "latitude": 31.25028, "longitude": 76.92976, "bright_ti4": 306.25, "scan": 0.38, "track": 0.36, "acq_date": "2026-09-10", "acq_time": 2051, "satellite": "N", "instrument": "VIIRS", "confidence": "n", "version": "2.0NRT", "bright_ti5": 290.73, "frp": 0.53, "daynight": "N" }, "geometry": { "type": "Point", "coordinates": [ 76.92976, 31.25028 ] } },
{ "type": "Feature", "properties": { "latitude": 31.32711, "longitude": 76.89539, "bright_ti4": 305.23, "scan": 0.38, "track": 0.36, "acq_date": "2026-09-10", "acq_time": 2051, "satellite": "N", "instrument": "VIIRS", "confidence": "n", "version": "2.0NRT", "bright_ti5": 291.18, "frp": 0.67, "daynight": "N" }, "geometry": { "type": "Point", "coordinates": [ 76.89539, 31.32711 ] } },
{ "type": "Feature", "properties": { "latitude": 31.61421, "longitude": 74.37569, "bright_ti4": 311.5, "scan": 0.42, "track": 0.38, "acq_date": "2026-09-10", "acq_time": 2051, "satellite": "N", "instrument": "VIIRS", "confidence": "n", "version": "2.0NRT", "bright_ti5": 296.76, "frp": 1.47, "daynight": "N" }, "geometry": { "type": "Point", "coordinates": [ 74.37569, 31.61421 ] } },
{ "type": "Feature", "properties": { "latitude": 32.57674, "longitude": 72.56385, "bright_ti4": 311.66, "scan": 0.51, "track": 0.41, "acq_date": "2026-09-10", "acq_time": 2051, "satellite": "N", "instrument": "VIIRS", "confidence": "n", "version": "2.0NRT", "bright_ti5": 296.73, "frp": 2.56, "daynight": "N" }, "geometry": { "type": "Point", "coordinates": [ 72.56385, 32.57674 ] } },
{ "type": "Feature", "properties": { "latitude": 32.71613, "longitude": 72.77508, "bright_ti4": 306.74, "scan": 0.5, "track": 0.41, "acq_date": "2026-09-10", "acq_time": 2051, "satellite": "N", "instrument": "VIIRS", "confidence": "n", "version": "2.0NRT", "bright_ti5": 295.06, "frp": 0.99, "daynight": "N" }, "geometry": { "type": "Point", "coordinates": [ 72.77508, 32.71613 ] } },
{ "type": "Feature", "properties": { "latitude": 33.26874, "longitude": 71.30938, "bright_ti4": 320.7, "scan": 0.4, "track": 0.44, "acq_date": "2026-09-10", "acq_time": 2051, "satellite": "N", "instrument": "VIIRS", "confidence": "n", "version": "2.0NRT", "bright_ti5": 294.41, "frp": 0.93, "daynight": "N" }, "geometry": { "type": "Point", "coordinates": [ 71.30938, 33.26874 ] } },
{ "type": "Feature", "properties": { "latitude": 33.69003, "longitude": 72.71127, "bright_ti4": 307.82, "scan": 0.52, "track": 0.41, "acq_date": "2026-09-10", "acq_time": 2051, "satellite": "N", "instrument": "VIIRS", "confidence": "n", "version": "2.0NRT", "bright_ti5": 296.36, "frp": 1.58, "daynight": "N" }, "geometry": { "type": "Point", "coordinates": [ 72.71127, 33.69003 ] } },
{ "type": "Feature", "properties": { "latitude": 36.99753, "longitude": 80.1908, "bright_ti4": 299.43, "scan": 0.4, "track": 0.37, "acq_date": "2026-09-10", "acq_time": 2051, "satellite": "N", "instrument": "VIIRS", "confidence": "n", "version": "2.0NRT", "bright_ti5": 287.05, "frp": 1.21, "daynight": "N" }, "geometry": { "type": "Point", "coordinates": [ 80.1908, 36.99753 ] } },
{ "type": "Feature", "properties": { "latitude": 18.68038, "longitude": 73.03343, "bright_ti4": 304.73, "scan": 0.39, "track": 0.36, "acq_date": "2026-09-10", "acq_time": 2053, "satellite": "N", "instrument": "VIIRS", "confidence": "n", "version": "2.0NRT", "bright_ti5": 291.97, "frp": 0.53, "daynight": "N" }, "geometry": { "type": "Point", "coordinates": [ 73.03343, 18.68038 ] } },
{ "type": "Feature", "properties": { "latitude": 18.80503, "longitude": 74.26031, "bright_ti4": 309.43, "scan": 0.39, "track": 0.36, "acq_date": "2026-09-10", "acq_time": 2053, "satellite": "N", "instrument": "VIIRS", "confidence": "n", "version": "2.0NRT", "bright_ti5": 291.28, "frp": 0.97, "daynight": "N" }, "geometry": { "type": "Point", "coordinates": [ 74.26031, 18.80503 ] } },
{ "type": "Feature", "properties": { "latitude": 19.36955, "longitude": 71.35328, "bright_ti4": 316.5, "scan": 0.43, "track": 0.38, "acq_date": "2026-09-10", "acq_time": 2053, "satellite": "N", "instrument": "VIIRS", "confidence": "n", "version": "2.0NRT", "bright_ti5": 292.03, "frp": 2.85, "daynight": "N" }, "geometry": { "type": "Point", "coordinates": [ 71.35328, 19.36955 ] } },
{ "type": "Feature", "properties": { "latitude": 19.41766, "longitude": 71.39006, "bright_ti4": 320.2, "scan": 0.43, "track": 0.38, "acq_date": "2026-09-10", "acq_time": 2053, "satellite": "N", "instrument": "VIIRS", "confidence": "n", "version": "2.0NRT", "bright_ti5": 292.66, "frp": 2.82, "daynight": "N" }, "geometry": { "type": "Point", "coordinates": [ 71.39006, 19.41766 ] } },
{ "type": "Feature", "properties": { "latitude": 19.52787, "longitude": 71.29878, "bright_ti4": 311.15, "scan": 0.43, "track": 0.38, "acq_date": "2026-09-10", "acq_time": 2053, "satellite": "N", "instrument": "VIIRS", "confidence": "n", "version": "2.0NRT", "bright_ti5": 293.79, "frp": 2.6, "daynight": "N" }, "geometry": { "type": "Point", "coordinates": [ 71.29878, 19.52787 ] } },
{ "type": "Feature", "properties": { "latitude": 19.57193, "longitude": 71.36428, "bright_ti4": 320.24, "scan": 0.43, "track": 0.38, "acq_date": "2026-09-10", "acq_time": 2053, "satellite": "N", "instrument": "VIIRS", "confidence": "n", "version": "2.0NRT", "bright_ti5": 292.68, "frp": 3.3, "daynight": "N" }, "geometry": { "type": "Point", "coordinates": [ 71.36428, 19.57193 ] } },
{ "type": "Feature", "properties": { "latitude": 19.93596, "longitude": 73.71201, "bright_ti4": 330.68, "scan": 0.38, "track": 0.36, "acq_date": "2026-09-10", "acq_time": 2053, "satellite": "N", "instrument": "VIIRS", "confidence": "n", "version": "2.0NRT", "bright_ti5": 280.67, "frp": 3.98, "daynight": "N" }, "geometry": { "type": "Point", "coordinates": [ 73.71201, 19.93596 ] } },
{ "type": "Feature", "properties": { "latitude": 20.96593, "longitude": 86.01443, "bright_ti4": 305.09, "scan": 0.49, "track": 0.65, "acq_date": "2026-09-10", "acq_time": 2053, "satellite": "N", "instrument": "VIIRS", "confidence": "n", "version": "2.0NRT", "bright_ti5": 265.86, "frp": 1.97, "daynight": "N" }, "geometry": { "type": "Point", "coordinates": [ 86.01443, 20.96593 ] } },
{ "type": "Feature", "properties": { "latitude": 20.97001, "longitude": 86.01376, "bright_ti4": 311.77, "scan": 0.49, "track": 0.65, "acq_date": "2026-09-10", "acq_time": 2053, "satellite": "N", "instrument": "VIIRS", "confidence": "n", "version": "2.0NRT", "bright_ti5": 264.77, "frp": 2.0, "daynight": "N" }, "geometry": { "type": "Point", "coordinates": [ 86.01376, 20.97001 ] } },
{ "type": "Feature", "properties": { "latitude": 24.57784, "longitude": 74.80502, "bright_ti4": 305.14, "scan": 0.38, "track": 0.36, "acq_date": "2026-09-10", "acq_time": 2053, "satellite": "N", "instrument": "VIIRS", "confidence": "n", "version": "2.0NRT", "bright_ti5": 291.46, "frp": 0.49, "daynight": "N" }, "geometry": { "type": "Point", "coordinates": [ 74.80502, 24.57784 ] } },
{ "type": "Feature", "properties": { "latitude": 24.65848, "longitude": 73.87827, "bright_ti4": 306.98, "scan": 0.39, "track": 0.36, "acq_date": "2026-09-10", "acq_time": 2053, "satellite": "N", "instrument": "VIIRS", "confidence": "n", "version": "2.0NRT", "bright_ti5": 295.98, "frp": 1.02, "daynight": "N" }, "geometry": { "type": "Point", "coordinates": [ 73.87827, 24.65848 ] } },
{ "type": "Feature", "properties": { "latitude": 24.6893, "longitude": 73.00108, "bright_ti4": 305.46, "scan": 0.41, "track": 0.37, "acq_date": "2026-09-10", "acq_time": 2053, "satellite": "N", "instrument": "VIIRS", "confidence": "n", "version": "2.0NRT", "bright_ti5": 294.36, "frp": 1.13, "daynight": "N" }, "geometry": { "type": "Point", "coordinates": [ 73.00108, 24.6893 ] } },
{ "type": "Feature", "properties": { "latitude": 24.6917, "longitude": 74.68143, "bright_ti4": 306.75, "scan": 0.39, "track": 0.36, "acq_date": "2026-09-10", "acq_time": 2053, "satellite": "N", "instrument": "VIIRS", "confidence": "n", "version": "2.0NRT", "bright_ti5": 295.18, "frp": 1.21, "daynight": "N" }, "geometry": { "type": "Point", "coordinates": [ 74.68143, 24.6917 ] } },
{ "type": "Feature", "properties": { "latitude": 24.76389, "longitude": 74.60896, "bright_ti4": 320.46, "scan": 0.39, "track": 0.36, "acq_date": "2026-09-10", "acq_time": 2053, "satellite": "N", "instrument": "VIIRS", "confidence": "n", "version": "2.0NRT", "bright_ti5": 297.23, "frp": 2.49, "daynight": "N" }, "geometry": { "type": "Point", "coordinates": [ 74.60896, 24.76389 ] } },
{ "type": "Feature", "properties": { "latitude": 24.8193, "longitude": 73.09328, "bright_ti4": 306.93, "scan": 0.41, "track": 0.37, "acq_date": "2026-09-10", "acq_time": 2053, "satellite": "N", "instrument": "VIIRS", "confidence": "n", "version": "2.0NRT", "bright_ti5": 293.59, "frp": 1.07, "daynight": "N" }, "geometry": { "type": "Point", "coordinates": [ 73.09328, 24.8193 ] } },
{ "type": "Feature", "properties": { "latitude": 24.93236, "longitude": 74.63454, "bright_ti4": 314.43, "scan": 0.39, "track": 0.36, "acq_date": "2026-09-10", "acq_time": 2053, "satellite": "N", "instrument": "VIIRS", "confidence": "n", "version": "2.0NRT", "bright_ti5": 295.74, "frp": 1.16, "daynight": "N" }, "geometry": { "type": "Point", "coordinates": [ 74.63454, 24.93236 ] } },
{ "type": "Feature", "properties": { "latitude": 25.38889, "longitude": 68.58051, "bright_ti4": 319.87, "scan": 0.46, "track": 0.47, "acq_date": "2026-09-10", "acq_time": 2053, "satellite": "N", "instrument": "VIIRS", "confidence": "n", "version": "2.0NRT", "bright_ti5": 295.4, "frp": 1.91, "daynight": "N" }, "geometry": { "type": "Point", "coordinates": [ 68.58051, 25.38889 ] } },
{ "type": "Feature", "properties": { "latitude": 25.78426, "longitude": 73.6976, "bright_ti4": 309.18, "scan": 0.4, "track": 0.37, "acq_date": "2026-09-10", "acq_time": 2053, "satellite": "N", "instrument": "VIIRS", "confidence": "n", "version": "2.0NRT", "bright_ti5": 295.99, "frp": 1.1, "daynight": "N" }, "geometry": { "type": "Point", "coordinates": [ 73.6976, 25.78426 ] } },
{ "type": "Feature", "properties": { "latitude": 26.25889, "longitude": 74.09734, "bright_ti4": 312.07, "scan": 0.4, "track": 0.37, "acq_date": "2026-09-10", "acq_time": 2053, "satellite": "N", "instrument": "VIIRS", "confidence": "n", "version": "2.0NRT", "bright_ti5": 297.38, "frp": 0.86, "daynight": "N" }, "geometry": { "type": "Point", "coordinates": [ 74.09734, 26.25889 ] } },
{ "type": "Feature", "properties": { "latitude": 26.29624, "longitude": 74.1245, "bright_ti4": 306.91, "scan": 0.4, "track": 0.37, "acq_date": "2026-09-10", "acq_time": 2053, "satellite": "N", "instrument": "VIIRS", "confidence": "n", "version": "2.0NRT", "bright_ti5": 295.86, "frp": 0.96, "daynight": "N" }, "geometry": { "type": "Point", "coordinates": [ 74.1245, 26.29624 ] } },
{ "type": "Feature", "properties": { "latitude": 26.60533, "longitude": 73.68541, "bright_ti4": 309.06, "scan": 0.41, "track": 0.37, "acq_date": "2026-09-10", "acq_time": 2053, "satellite": "N", "instrument": "VIIRS", "confidence": "n", "version": "2.0NRT", "bright_ti5": 297.89, "frp": 0.55, "daynight": "N" }, "geometry": { "type": "Point", "coordinates": [ 73.68541, 26.60533 ] } },
{ "type": "Feature", "properties": { "latitude": 26.87366, "longitude": 73.51543, "bright_ti4": 308.26, "scan": 0.41, "track": 0.37, "acq_date": "2026-09-10", "acq_time": 2053, "satellite": "N", "instrument": "VIIRS", "confidence": "n", "version": "2.0NRT", "bright_ti5": 296.65, "frp": 0.82, "daynight": "N" }, "geometry": { "type": "Point", "coordinates": [ 73.51543, 26.87366 ] } },
{ "type": "Feature", "properties": { "latitude": 26.87709, "longitude": 73.51604, "bright_ti4": 309.82, "scan": 0.41, "track": 0.37, "acq_date": "2026-09-10", "acq_time": 2053, "satellite": "N", "instrument": "VIIRS", "confidence": "n", "version": "2.0NRT", "bright_ti5": 296.6, "frp": 1.48, "daynight": "N" }, "geometry": { "type": "Point", "coordinates": [ 73.51604, 26.87709 ] } },
{ "type": "Feature", "properties": { "latitude": 26.926, "longitude": 73.46916, "bright_ti4": 308.33, "scan": 0.42, "track": 0.37, "acq_date": "2026-09-10", "acq_time": 2053, "satellite": "N", "instrument": "VIIRS", "confidence": "n", "version": "2.0NRT", "bright_ti5": 296.68, "frp": 1.04, "daynight": "N" }, "geometry": { "type": "Point", "coordinates": [ 73.46916, 26.926 ] } },
{ "type": "Feature", "properties": { "latitude": 27.28744, "longitude": 73.8385, "bright_ti4": 309.07, "scan": 0.41, "track": 0.37, "acq_date": "2026-09-10", "acq_time": 2053, "satellite": "N", "instrument": "VIIRS", "confidence": "n", "version": "2.0NRT", "bright_ti5": 297.07, "frp": 1.43, "daynight": "N" }, "geometry": { "type": "Point", "coordinates": [ 73.8385, 27.28744 ] } },
{ "type": "Feature", "properties": { "latitude": 27.66628, "longitude": 76.12898, "bright_ti4": 308.26, "scan": 0.38, "track": 0.36, "acq_date": "2026-09-10", "acq_time": 2053, "satellite": "N", "instrument": "VIIRS", "confidence": "n", "version": "2.0NRT", "bright_ti5": 295.96, "frp": 0.88, "daynight": "N" }, "geometry": { "type": "Point", "coordinates": [ 76.12898, 27.66628 ] } },
{ "type": "Feature", "properties": { "latitude": 27.66895, "longitude": 76.13351, "bright_ti4": 308.11, "scan": 0.38, "track": 0.36, "acq_date": "2026-09-10", "acq_time": 2053, "satellite": "N", "instrument": "VIIRS", "confidence": "n", "version": "2.0NRT", "bright_ti5": 297.59, "frp": 0.88, "daynight": "N" }, "geometry": { "type": "Point", "coordinates": [ 76.13351, 27.66895 ] } },
{ "type": "Feature", "properties": { "latitude": 27.66957, "longitude": 76.12965, "bright_ti4": 308.26, "scan": 0.38, "track": 0.36, "acq_date": "2026-09-10", "acq_time": 2053, "satellite": "N", "instrument": "VIIRS", "confidence": "n", "version": "2.0NRT", "bright_ti5": 297.49, "frp": 0.88, "daynight": "N" }, "geometry": { "type": "Point", "coordinates": [ 76.12965, 27.66957 ] } },
{ "type": "Feature", "properties": { "latitude": 28.37354, "longitude": 77.22604, "bright_ti4": 307.78, "scan": 0.39, "track": 0.36, "acq_date": "2026-09-10", "acq_time": 2053, "satellite": "N", "instrument": "VIIRS", "confidence": "n", "version": "2.0NRT", "bright_ti5": 293.71, "frp": 3.11, "daynight": "N" }, "geometry": { "type": "Point", "coordinates": [ 77.22604, 28.37354 ] } },
{ "type": "Feature", "properties": { "latitude": 28.42366, "longitude": 69.70142, "bright_ti4": 315.85, "scan": 0.43, "track": 0.46, "acq_date": "2026-09-10", "acq_time": 2053, "satellite": "N", "instrument": "VIIRS", "confidence": "n", "version": "2.0NRT", "bright_ti5": 297.28, "frp": 1.87, "daynight": "N" }, "geometry": { "type": "Point", "coordinates": [ 69.70142, 28.42366 ] } },
{ "type": "Feature", "properties": { "latitude": 28.72888, "longitude": 77.15527, "bright_ti4": 309.68, "scan": 0.39, "track": 0.36, "acq_date": "2026-09-10", "acq_time": 2053, "satellite": "N", "instrument": "VIIRS", "confidence": "n", "version": "2.0NRT", "bright_ti5": 294.61, "frp": 0.78, "daynight": "N" }, "geometry": { "type": "Point", "coordinates": [ 77.15527, 28.72888 ] } },
{ "type": "Feature", "properties": { "latitude": 28.77258, "longitude": 76.70015, "bright_ti4": 312.8, "scan": 0.39, "track": 0.36, "acq_date": "2026-09-10", "acq_time": 2053, "satellite": "N", "instrument": "VIIRS", "confidence": "n", "version": "2.0NRT", "bright_ti5": 295.03, "frp": 2.26, "daynight": "N" }, "geometry": { "type": "Point", "coordinates": [ 76.70015, 28.77258 ] } },
{ "type": "Feature", "properties": { "latitude": 28.83644, "longitude": 77.14004, "bright_ti4": 308.99, "scan": 0.39, "track": 0.36, "acq_date": "2026-09-10", "acq_time": 2053, "satellite": "N", "instrument": "VIIRS", "confidence": "n", "version": "2.0NRT", "bright_ti5": 294.18, "frp": 2.12, "daynight": "N" }, "geometry": { "type": "Point", "coordinates": [ 77.14004, 28.83644 ] } },
{ "type": "Feature", "properties": { "latitude": 29.47655, "longitude": 76.85686, "bright_ti4": 309.82, "scan": 0.39, "track": 0.36, "acq_date": "2026-09-10", "acq_time": 2053, "satellite": "N", "instrument": "VIIRS", "confidence": "n", "version": "2.0NRT", "bright_ti5": 296.09, "frp": 1.21, "daynight": "N" }, "geometry": { "type": "Point", "coordinates": [ 76.85686, 29.47655 ] } },
{ "type": "Feature", "properties": { "latitude": 15.16912, "longitude": 76.37991, "bright_ti4": 307.17, "scan": 0.48, "track": 0.4, "acq_date": "2026-09-10", "acq_time": 2055, "satellite": "N", "instrument": "VIIRS", "confidence": "n", "version": "2.0NRT", "bright_ti5": 290.68, "frp": 2.33, "daynight": "N" }, "geometry": { "type": "Point", "coordinates": [ 76.37991, 15.16912 ] } },
{ "type": "Feature", "properties": { "latitude": 15.33521, "longitude": 76.28432, "bright_ti4": 305.33, "scan": 0.47, "track": 0.4, "acq_date": "2026-09-10", "acq_time": 2055, "satellite": "N", "instrument": "VIIRS", "confidence": "n", "version": "2.0NRT", "bright_ti5": 290.32, "frp": 0.93, "daynight": "N" }, "geometry": { "type": "Point", "coordinates": [ 76.28432, 15.33521 ] } },
{ "type": "Feature", "properties": { "latitude": 15.57361, "longitude": 73.74066, "bright_ti4": 313.66, "scan": 0.39, "track": 0.36, "acq_date": "2026-09-10", "acq_time": 2055, "satellite": "N", "instrument": "VIIRS", "confidence": "n", "version": "2.0NRT", "bright_ti5": 281.25, "frp": 0.97, "daynight": "N" }, "geometry": { "type": "Point", "coordinates": [ 73.74066, 15.57361 ] } },
{ "type": "Feature", "properties": { "latitude": 21.10259, "longitude": 72.63643, "bright_ti4": 306.8, "scan": 0.4, "track": 0.37, "acq_date": "2026-09-10", "acq_time": 2055, "satellite": "N", "instrument": "VIIRS", "confidence": "n", "version": "2.0NRT", "bright_ti5": 243.1, "frp": 0.76, "daynight": "N" }, "geometry": { "type": "Point", "coordinates": [ 72.63643, 21.10259 ] } },
{ "type": "Feature", "properties": { "latitude": 21.10481, "longitude": 72.64471, "bright_ti4": 306.44, "scan": 0.4, "track": 0.37, "acq_date": "2026-09-10", "acq_time": 2055, "satellite": "N", "instrument": "VIIRS", "confidence": "n", "version": "2.0NRT", "bright_ti5": 251.85, "frp": 0.82, "daynight": "N" }, "geometry": { "type": "Point", "coordinates": [ 72.64471, 21.10481 ] } },
{ "type": "Feature", "properties": { "latitude": 21.6959, "longitude": 72.5407, "bright_ti4": 314.76, "scan": 0.41, "track": 0.37, "acq_date": "2026-09-10", "acq_time": 2055, "satellite": "N", "instrument": "VIIRS", "confidence": "n", "version": "2.0NRT", "bright_ti5": 290.7, "frp": 0.8, "daynight": "N" }, "geometry": { "type": "Point", "coordinates": [ 72.5407, 21.6959 ] } },
{ "type": "Feature", "properties": { "latitude": 21.6993, "longitude": 72.54128, "bright_ti4": 309.73, "scan": 0.41, "track": 0.37, "acq_date": "2026-09-10", "acq_time": 2055, "satellite": "N", "instrument": "VIIRS", "confidence": "n", "version": "2.0NRT", "bright_ti5": 290.73, "frp": 0.8, "daynight": "N" }, "geometry": { "type": "Point", "coordinates": [ 72.54128, 21.6993 ] } },
{ "type": "Feature", "properties": { "latitude": 22.33524, "longitude": 69.86731, "bright_ti4": 306.78, "scan": 0.53, "track": 0.42, "acq_date": "2026-09-10", "acq_time": 2055, "satellite": "N", "instrument": "VIIRS", "confidence": "n", "version": "2.0NRT", "bright_ti5": 295.53, "frp": 3.02, "daynight": "N" }, "geometry": { "type": "Point", "coordinates": [ 69.86731, 22.33524 ] } },
{ "type": "Feature", "properties": { "latitude": 22.41582, "longitude": 69.04021, "bright_ti4": 311.69, "scan": 0.4, "track": 0.44, "acq_date": "2026-09-10", "acq_time": 2055, "satellite": "N", "instrument": "VIIRS", "confidence": "n", "version": "2.0NRT", "bright_ti5": 294.15, "frp": 2.07, "daynight": "N" }, "geometry": { "type": "Point", "coordinates": [ 69.04021, 22.41582 ] } },
{ "type": "Feature", "properties": { "latitude": 22.65436, "longitude": 70.98223, "bright_ti4": 306.36, "scan": 0.47, "track": 0.4, "acq_date": "2026-09-10", "acq_time": 2055, "satellite": "N", "instrument": "VIIRS", "confidence": "n", "version": "2.0NRT", "bright_ti5": 293.47, "frp": 1.6, "daynight": "N" }, "geometry": { "type": "Point", "coordinates": [ 70.98223, 22.65436 ] } },
{ "type": "Feature", "properties": { "latitude": 22.85678, "longitude": 71.53668, "bright_ti4": 309.02, "scan": 0.45, "track": 0.39, "acq_date": "2026-09-10", "acq_time": 2055, "satellite": "N", "instrument": "VIIRS", "confidence": "n", "version": "2.0NRT", "bright_ti5": 294.71, "frp": 0.66, "daynight": "N" }, "geometry": { "type": "Point", "coordinates": [ 71.53668, 22.85678 ] } },
{ "type": "Feature", "properties": { "latitude": 22.90592, "longitude": 69.70102, "bright_ti4": 306.49, "scan": 0.55, "track": 0.43, "acq_date": "2026-09-10", "acq_time": 2055, "satellite": "N", "instrument": "VIIRS", "confidence": "n", "version": "2.0NRT", "bright_ti5": 294.15, "frp": 2.16, "daynight": "N" }, "geometry": { "type": "Point", "coordinates": [ 69.70102, 22.90592 ] } },
{ "type": "Feature", "properties": { "latitude": 22.93274, "longitude": 69.70058, "bright_ti4": 313.09, "scan": 0.55, "track": 0.43, "acq_date": "2026-09-10", "acq_time": 2055, "satellite": "N", "instrument": "VIIRS", "confidence": "n", "version": "2.0NRT", "bright_ti5": 294.77, "frp": 2.53, "daynight": "N" }, "geometry": { "type": "Point", "coordinates": [ 69.70058, 22.93274 ] } },
{ "type": "Feature", "properties": { "latitude": 22.93341, "longitude": 69.69515, "bright_ti4": 312.82, "scan": 0.56, "track": 0.43, "acq_date": "2026-09-10", "acq_time": 2055, "satellite": "N", "instrument": "VIIRS", "confidence": "n", "version": "2.0NRT", "bright_ti5": 294.57, "frp": 2.36, "daynight": "N" }, "geometry": { "type": "Point", "coordinates": [ 69.69515, 22.93341 ] } },
{ "type": "Feature", "properties": { "latitude": 22.93421, "longitude": 69.69978, "bright_ti4": 312.72, "scan": 0.55, "track": 0.43, "acq_date": "2026-09-10", "acq_time": 2055, "satellite": "N", "instrument": "VIIRS", "confidence": "n", "version": "2.0NRT", "bright_ti5": 294.76, "frp": 4.31, "daynight": "N" }, "geometry": { "type": "Point", "coordinates": [ 69.69978, 22.93421 ] } },
{ "type": "Feature", "properties": { "latitude": 35.96773, "longitude": 68.68616, "bright_ti4": 298.45, "scan": 0.61, "track": 0.71, "acq_date": "2026-09-10", "acq_time": 2229, "satellite": "N", "instrument": "VIIRS", "confidence": "n", "version": "2.0NRT", "bright_ti5": 288.04, "frp": 1.14, "daynight": "N" }, "geometry": { "type": "Point", "coordinates": [ 68.68616, 35.96773 ] } },
{ "type": "Feature", "properties": { "latitude": 27.5995, "longitude": 95.3554, "bright_ti4": 328.24, "scan": 0.52, "track": 0.5, "acq_date": "2026-09-11", "acq_time": 627, "satellite": "N", "instrument": "VIIRS", "confidence": "l", "version": "2.0NRT", "bright_ti5": 299.28, "frp": 11.23, "daynight": "D" }, "geometry": { "type": "Point", "coordinates": [ 95.3554, 27.5995 ] } },
{ "type": "Feature", "properties": { "latitude": 27.59978, "longitude": 95.35804, "bright_ti4": 330.38, "scan": 0.52, "track": 0.5, "acq_date": "2026-09-11", "acq_time": 627, "satellite": "N", "instrument": "VIIRS", "confidence": "l", "version": "2.0NRT", "bright_ti5": 300.42, "frp": 8.12, "daynight": "D" }, "geometry": { "type": "Point", "coordinates": [ 95.35804, 27.59978 ] } },
{ "type": "Feature", "properties": { "latitude": 27.76703, "longitude": 96.05153, "bright_ti4": 329.29, "scan": 0.47, "track": 0.48, "acq_date": "2026-09-11", "acq_time": 627, "satellite": "N", "instrument": "VIIRS", "confidence": "n", "version": "2.0NRT", "bright_ti5": 294.37, "frp": 2.21, "daynight": "D" }, "geometry": { "type": "Point", "coordinates": [ 96.05153, 27.76703 ] } },
{ "type": "Feature", "properties": { "latitude": 27.92588, "longitude": 96.77444, "bright_ti4": 327.85, "scan": 0.42, "track": 0.45, "acq_date": "2026-09-11", "acq_time": 627, "satellite": "N", "instrument": "VIIRS", "confidence": "n", "version": "2.0NRT", "bright_ti5": 294.95, "frp": 2.76, "daynight": "D" }, "geometry": { "type": "Point", "coordinates": [ 96.77444, 27.92588 ] } },
{ "type": "Feature", "properties": { "latitude": 27.93463, "longitude": 96.77489, "bright_ti4": 334.01, "scan": 0.42, "track": 0.45, "acq_date": "2026-09-11", "acq_time": 627, "satellite": "N", "instrument": "VIIRS", "confidence": "n", "version": "2.0NRT", "bright_ti5": 294.45, "frp": 4.73, "daynight": "D" }, "geometry": { "type": "Point", "coordinates": [ 96.77489, 27.93463 ] } },
{ "type": "Feature", "properties": { "latitude": 27.95016, "longitude": 95.23589, "bright_ti4": 330.52, "scan": 0.52, "track": 0.5, "acq_date": "2026-09-11", "acq_time": 627, "satellite": "N", "instrument": "VIIRS", "confidence": "n", "version": "2.0NRT", "bright_ti5": 294.75, "frp": 2.44, "daynight": "D" }, "geometry": { "type": "Point", "coordinates": [ 95.23589, 27.95016 ] } },
{ "type": "Feature", "properties": { "latitude": 6.23098, "longitude": 80.86099, "bright_ti4": 340.28, "scan": 0.42, "track": 0.38, "acq_date": "2026-09-11", "acq_time": 801, "satellite": "N", "instrument": "VIIRS", "confidence": "l", "version": "2.0NRT", "bright_ti5": 302.41, "frp": 5.67, "daynight": "D" }, "geometry": { "type": "Point", "coordinates": [ 80.86099, 6.23098 ] } },
{ "type": "Feature", "properties": { "latitude": 6.23561, "longitude": 80.868, "bright_ti4": 335.93, "scan": 0.42, "track": 0.38, "acq_date": "2026-09-11", "acq_time": 801, "satellite": "N", "instrument": "VIIRS", "confidence": "l", "version": "2.0NRT", "bright_ti5": 302.32, "frp": 6.16, "daynight": "D" }, "geometry": { "type": "Point", "coordinates": [ 80.868, 6.23561 ] } },
{ "type": "Feature", "properties": { "latitude": 6.23848, "longitude": 80.86372, "bright_ti4": 330.2, "scan": 0.42, "track": 0.38, "acq_date": "2026-09-11", "acq_time": 801, "satellite": "N", "instrument": "VIIRS", "confidence": "l", "version": "2.0NRT", "bright_ti5": 301.89, "frp": 3.23, "daynight": "D" }, "geometry": { "type": "Point", "coordinates": [ 80.86372, 6.23848 ] } },
{ "type": "Feature", "properties": { "latitude": 6.32772, "longitude": 80.99232, "bright_ti4": 367.0, "scan": 0.41, "track": 0.37, "acq_date": "2026-09-11", "acq_time": 801, "satellite": "N", "instrument": "VIIRS", "confidence": "h", "version": "2.0NRT", "bright_ti5": 306.14, "frp": 9.46, "daynight": "D" }, "geometry": { "type": "Point", "coordinates": [ 80.99232, 6.32772 ] } },
{ "type": "Feature", "properties": { "latitude": 6.3591, "longitude": 80.94524, "bright_ti4": 334.14, "scan": 0.42, "track": 0.37, "acq_date": "2026-09-11", "acq_time": 801, "satellite": "N", "instrument": "VIIRS", "confidence": "l", "version": "2.0NRT", "bright_ti5": 303.23, "frp": 4.04, "daynight": "D" }, "geometry": { "type": "Point", "coordinates": [ 80.94524, 6.3591 ] } },
{ "type": "Feature", "properties": { "latitude": 6.43032, "longitude": 81.0219, "bright_ti4": 342.04, "scan": 0.41, "track": 0.37, "acq_date": "2026-09-11", "acq_time": 801, "satellite": "N", "instrument": "VIIRS", "confidence": "n", "version": "2.0NRT", "bright_ti5": 304.06, "frp": 5.1, "daynight": "D" }, "geometry": { "type": "Point", "coordinates": [ 81.0219, 6.43032 ] } },
{ "type": "Feature", "properties": { "latitude": 6.45361, "longitude": 80.75334, "bright_ti4": 331.56, "scan": 0.42, "track": 0.38, "acq_date": "2026-09-11", "acq_time": 801, "satellite": "N", "instrument": "VIIRS", "confidence": "l", "version": "2.0NRT", "bright_ti5": 300.6, "frp": 4.69, "daynight": "D" }, "geometry": { "type": "Point", "coordinates": [ 80.75334, 6.45361 ] } },
{ "type": "Feature", "properties": { "latitude": 6.55016, "longitude": 80.87274, "bright_ti4": 335.09, "scan": 0.42, "track": 0.37, "acq_date": "2026-09-11", "acq_time": 801, "satellite": "N", "instrument": "VIIRS", "confidence": "l", "version": "2.0NRT", "bright_ti5": 302.82, "frp": 6.59, "daynight": "D" }, "geometry": { "type": "Point", "coordinates": [ 80.87274, 6.55016 ] } },
{ "type": "Feature", "properties": { "latitude": 6.87345, "longitude": 81.516, "bright_ti4": 332.62, "scan": 0.4, "track": 0.37, "acq_date": "2026-09-11", "acq_time": 801, "satellite": "N", "instrument": "VIIRS", "confidence": "l", "version": "2.0NRT", "bright_ti5": 306.82, "frp": 3.28, "daynight": "D" }, "geometry": { "type": "Point", "coordinates": [ 81.516, 6.87345 ] } },
{ "type": "Feature", "properties": { "latitude": 6.89327, "longitude": 81.66647, "bright_ti4": 343.25, "scan": 0.39, "track": 0.37, "acq_date": "2026-09-11", "acq_time": 801, "satellite": "N", "instrument": "VIIRS", "confidence": "l", "version": "2.0NRT", "bright_ti5": 311.38, "frp": 9.06, "daynight": "D" }, "geometry": { "type": "Point", "coordinates": [ 81.66647, 6.89327 ] } },
{ "type": "Feature", "properties": { "latitude": 6.89663, "longitude": 81.66595, "bright_ti4": 341.98, "scan": 0.39, "track": 0.37, "acq_date": "2026-09-11", "acq_time": 801, "satellite": "N", "instrument": "VIIRS", "confidence": "l", "version": "2.0NRT", "bright_ti5": 311.66, "frp": 10.02, "daynight": "D" }, "geometry": { "type": "Point", "coordinates": [ 81.66595, 6.89663 ] } },
{ "type": "Feature", "properties": { "latitude": 6.97968, "longitude": 81.59059, "bright_ti4": 334.92, "scan": 0.4, "track": 0.37, "acq_date": "2026-09-11", "acq_time": 801, "satellite": "N", "instrument": "VIIRS", "confidence": "l", "version": "2.0NRT", "bright_ti5": 306.98, "frp": 4.62, "daynight": "D" }, "geometry": { "type": "Point", "coordinates": [ 81.59059, 6.97968 ] } },
{ "type": "Feature", "properties": { "latitude": 7.00834, "longitude": 81.58915, "bright_ti4": 345.32, "scan": 0.4, "track": 0.37, "acq_date": "2026-09-11", "acq_time": 801, "satellite": "N", "instrument": "VIIRS", "confidence": "n", "version": "2.0NRT", "bright_ti5": 306.58, "frp": 8.77, "daynight": "D" }, "geometry": { "type": "Point", "coordinates": [ 81.58915, 7.00834 ] } },
{ "type": "Feature", "properties": { "latitude": 7.04885, "longitude": 81.36258, "bright_ti4": 331.59, "scan": 0.4, "track": 0.37, "acq_date": "2026-09-11", "acq_time": 801, "satellite": "N", "instrument": "VIIRS", "confidence": "l", "version": "2.0NRT", "bright_ti5": 303.0, "frp": 2.5, "daynight": "D" }, "geometry": { "type": "Point", "coordinates": [ 81.36258, 7.04885 ] } },
{ "type": "Feature", "properties": { "latitude": 7.28462, "longitude": 81.12443, "bright_ti4": 335.24, "scan": 0.4, "track": 0.37, "acq_date": "2026-09-11", "acq_time": 801, "satellite": "N", "instrument": "VIIRS", "confidence": "l", "version": "2.0NRT", "bright_ti5": 306.9, "frp": 5.72, "daynight": "D" }, "geometry": { "type": "Point", "coordinates": [ 81.12443, 7.28462 ] } },
{ "type": "Feature", "properties": { "latitude": 7.28845, "longitude": 81.79851, "bright_ti4": 340.97, "scan": 0.39, "track": 0.36, "acq_date": "2026-09-11", "acq_time": 801, "satellite": "N", "instrument": "VIIRS", "confidence": "n", "version": "2.0NRT", "bright_ti5": 305.46, "frp": 3.59, "daynight": "D" }, "geometry": { "type": "Point", "coordinates": [ 81.79851, 7.28845 ] } },
{ "type": "Feature", "properties": { "latitude": 7.29179, "longitude": 81.79798, "bright_ti4": 348.4, "scan": 0.39, "track": 0.36, "acq_date": "2026-09-11", "acq_time": 801, "satellite": "N", "instrument": "VIIRS", "confidence": "n", "version": "2.0NRT", "bright_ti5": 305.89, "frp": 3.59, "daynight": "D" }, "geometry": { "type": "Point", "coordinates": [ 81.79798, 7.29179 ] } },
{ "type": "Feature", "properties": { "latitude": 7.29222, "longitude": 80.90644, "bright_ti4": 350.96, "scan": 0.41, "track": 0.37, "acq_date": "2026-09-11", "acq_time": 801, "satellite": "N", "instrument": "VIIRS", "confidence": "n", "version": "2.0NRT", "bright_ti5": 305.47, "frp": 9.69, "daynight": "D" }, "geometry": { "type": "Point", "coordinates": [ 80.90644, 7.29222 ] } },
{ "type": "Feature", "properties": { "latitude": 7.35999, "longitude": 80.85026, "bright_ti4": 331.7, "scan": 0.41, "track": 0.37, "acq_date": "2026-09-11", "acq_time": 801, "satellite": "N", "instrument": "VIIRS", "confidence": "n", "version": "2.0NRT", "bright_ti5": 299.18, "frp": 2.58, "daynight": "D" }, "geometry": { "type": "Point", "coordinates": [ 80.85026, 7.35999 ] } },
{ "type": "Feature", "properties": { "latitude": 7.39979, "longitude": 81.1692, "bright_ti4": 341.17, "scan": 0.4, "track": 0.37, "acq_date": "2026-09-11", "acq_time": 801, "satellite": "N", "instrument": "VIIRS", "confidence": "n", "version": "2.0NRT", "bright_ti5": 307.69, "frp": 5.2, "daynight": "D" }, "geometry": { "type": "Point", "coordinates": [ 81.1692, 7.39979 ] } },
{ "type": "Feature", "properties": { "latitude": 7.43177, "longitude": 81.0183, "bright_ti4": 340.51, "scan": 0.41, "track": 0.37, "acq_date": "2026-09-11", "acq_time": 801, "satellite": "N", "instrument": "VIIRS", "confidence": "n", "version": "2.0NRT", "bright_ti5": 306.89, "frp": 4.46, "daynight": "D" }, "geometry": { "type": "Point", "coordinates": [ 81.0183, 7.43177 ] } },
{ "type": "Feature", "properties": { "latitude": 7.4521, "longitude": 81.65658, "bright_ti4": 334.81, "scan": 0.39, "track": 0.36, "acq_date": "2026-09-11", "acq_time": 801, "satellite": "N", "instrument": "VIIRS", "confidence": "l", "version": "2.0NRT", "bright_ti5": 304.7, "frp": 2.95, "daynight": "D" }, "geometry": { "type": "Point", "coordinates": [ 81.65658, 7.4521 ] } },
{ "type": "Feature", "properties": { "latitude": 7.45285, "longitude": 81.26469, "bright_ti4": 332.56, "scan": 0.4, "track": 0.37, "acq_date": "2026-09-11", "acq_time": 801, "satellite": "N", "instrument": "VIIRS", "confidence": "l", "version": "2.0NRT", "bright_ti5": 305.13, "frp": 1.51, "daynight": "D" }, "geometry": { "type": "Point", "coordinates": [ 81.26469, 7.45285 ] } },
{ "type": "Feature", "properties": { "latitude": 7.46692, "longitude": 81.26621, "bright_ti4": 334.62, "scan": 0.4, "track": 0.37, "acq_date": "2026-09-11", "acq_time": 801, "satellite": "N", "instrument": "VIIRS", "confidence": "l", "version": "2.0NRT", "bright_ti5": 306.36, "frp": 1.97, "daynight": "D" }, "geometry": { "type": "Point", "coordinates": [ 81.26621, 7.46692 ] } },
{ "type": "Feature", "properties": { "latitude": 7.49562, "longitude": 81.22058, "bright_ti4": 338.41, "scan": 0.4, "track": 0.37, "acq_date": "2026-09-11", "acq_time": 801, "satellite": "N", "instrument": "VIIRS", "confidence": "l", "version": "2.0NRT", "bright_ti5": 307.55, "frp": 4.67, "daynight": "D" }, "geometry": { "type": "Point", "coordinates": [ 81.22058, 7.49562 ] } },
{ "type": "Feature", "properties": { "latitude": 7.499, "longitude": 81.22006, "bright_ti4": 341.23, "scan": 0.4, "track": 0.37, "acq_date": "2026-09-11", "acq_time": 801, "satellite": "N", "instrument": "VIIRS", "confidence": "n", "version": "2.0NRT", "bright_ti5": 307.27, "frp": 4.67, "daynight": "D" }, "geometry": { "type": "Point", "coordinates": [ 81.22006, 7.499 ] } },
{ "type": "Feature", "properties": { "latitude": 7.50022, "longitude": 81.00719, "bright_ti4": 340.39, "scan": 0.41, "track": 0.37, "acq_date": "2026-09-11", "acq_time": 801, "satellite": "N", "instrument": "VIIRS", "confidence": "n", "version": "2.0NRT", "bright_ti5": 309.37, "frp": 13.75, "daynight": "D" }, "geometry": { "type": "Point", "coordinates": [ 81.00719, 7.50022 ] } },
{ "type": "Feature", "properties": { "latitude": 7.51028, "longitude": 81.56757, "bright_ti4": 336.06, "scan": 0.39, "track": 0.36, "acq_date": "2026-09-11", "acq_time": 801, "satellite": "N", "instrument": "VIIRS", "confidence": "l", "version": "2.0NRT", "bright_ti5": 303.96, "frp": 3.6, "daynight": "D" }, "geometry": { "type": "Point", "coordinates": [ 81.56757, 7.51028 ] } },
{ "type": "Feature", "properties": { "latitude": 7.56389, "longitude": 80.63634, "bright_ti4": 332.02, "scan": 0.42, "track": 0.37, "acq_date": "2026-09-11", "acq_time": 801, "satellite": "N", "instrument": "VIIRS", "confidence": "n", "version": "2.0NRT", "bright_ti5": 297.18, "frp": 2.95, "daynight": "D" }, "geometry": { "type": "Point", "coordinates": [ 80.63634, 7.56389 ] } },
{ "type": "Feature", "properties": { "latitude": 7.60552, "longitude": 80.9675, "bright_ti4": 347.95, "scan": 0.41, "track": 0.37, "acq_date": "2026-09-11", "acq_time": 801, "satellite": "N", "instrument": "VIIRS", "confidence": "l", "version": "2.0NRT", "bright_ti5": 306.08, "frp": 10.24, "daynight": "D" }, "geometry": { "type": "Point", "coordinates": [ 80.9675, 7.60552 ] } },
{ "type": "Feature", "properties": { "latitude": 7.61301, "longitude": 81.01514, "bright_ti4": 333.74, "scan": 0.4, "track": 0.37, "acq_date": "2026-09-11", "acq_time": 801, "satellite": "N", "instrument": "VIIRS", "confidence": "l", "version": "2.0NRT", "bright_ti5": 302.04, "frp": 2.33, "daynight": "D" }, "geometry": { "type": "Point", "coordinates": [ 81.01514, 7.61301 ] } },
{ "type": "Feature", "properties": { "latitude": 7.61714, "longitude": 80.84123, "bright_ti4": 330.79, "scan": 0.41, "track": 0.37, "acq_date": "2026-09-11", "acq_time": 801, "satellite": "N", "instrument": "VIIRS", "confidence": "l", "version": "2.0NRT", "bright_ti5": 304.92, "frp": 4.5, "daynight": "D" }, "geometry": { "type": "Point", "coordinates": [ 80.84123, 7.61714 ] } },
{ "type": "Feature", "properties": { "latitude": 7.71343, "longitude": 80.83015, "bright_ti4": 352.48, "scan": 0.41, "track": 0.37, "acq_date": "2026-09-11", "acq_time": 801, "satellite": "N", "instrument": "VIIRS", "confidence": "n", "version": "2.0NRT", "bright_ti5": 308.16, "frp": 12.23, "daynight": "D" }, "geometry": { "type": "Point", "coordinates": [ 80.83015, 7.71343 ] } },
{ "type": "Feature", "properties": { "latitude": 7.79306, "longitude": 81.22885, "bright_ti4": 347.93, "scan": 0.4, "track": 0.37, "acq_date": "2026-09-11", "acq_time": 801, "satellite": "N", "instrument": "VIIRS", "confidence": "n", "version": "2.0NRT", "bright_ti5": 308.0, "frp": 14.16, "daynight": "D" }, "geometry": { "type": "Point", "coordinates": [ 81.22885, 7.79306 ] } },
{ "type": "Feature", "properties": { "latitude": 7.82195, "longitude": 81.20905, "bright_ti4": 330.55, "scan": 0.4, "track": 0.37, "acq_date": "2026-09-11", "acq_time": 801, "satellite": "N", "instrument": "VIIRS", "confidence": "l", "version": "2.0NRT", "bright_ti5": 303.08, "frp": 2.83, "daynight": "D" }, "geometry": { "type": "Point", "coordinates": [ 81.20905, 7.82195 ] } },
{ "type": "Feature", "properties": { "latitude": 7.82437, "longitude": 80.31818, "bright_ti4": 330.57, "scan": 0.42, "track": 0.38, "acq_date": "2026-09-11", "acq_time": 801, "satellite": "N", "instrument": "VIIRS", "confidence": "n", "version": "2.0NRT", "bright_ti5": 298.54, "frp": 2.96, "daynight": "D" }, "geometry": { "type": "Point", "coordinates": [ 80.31818, 7.82437 ] } },
{ "type": "Feature", "properties": { "latitude": 7.8662, "longitude": 80.01651, "bright_ti4": 350.23, "scan": 0.44, "track": 0.38, "acq_date": "2026-09-11", "acq_time": 801, "satellite": "N", "instrument": "VIIRS", "confidence": "l", "version": "2.0NRT", "bright_ti5": 303.58, "frp": 10.98, "daynight": "D" }, "geometry": { "type": "Point", "coordinates": [ 80.01651, 7.8662 ] } },
{ "type": "Feature", "properties": { "latitude": 7.89431, "longitude": 80.01201, "bright_ti4": 356.38, "scan": 0.44, "track": 0.38, "acq_date": "2026-09-11", "acq_time": 801, "satellite": "N", "instrument": "VIIRS", "confidence": "l", "version": "2.0NRT", "bright_ti5": 305.56, "frp": 24.01, "daynight": "D" }, "geometry": { "type": "Point", "coordinates": [ 80.01201, 7.89431 ] } },
{ "type": "Feature", "properties": { "latitude": 7.9255, "longitude": 81.19964, "bright_ti4": 349.98, "scan": 0.4, "track": 0.37, "acq_date": "2026-09-11", "acq_time": 801, "satellite": "N", "instrument": "VIIRS", "confidence": "l", "version": "2.0NRT", "bright_ti5": 308.62, "frp": 11.34, "daynight": "D" }, "geometry": { "type": "Point", "coordinates": [ 81.19964, 7.9255 ] } },
{ "type": "Feature", "properties": { "latitude": 7.92887, "longitude": 81.1991, "bright_ti4": 352.39, "scan": 0.4, "track": 0.37, "acq_date": "2026-09-11", "acq_time": 801, "satellite": "N", "instrument": "VIIRS", "confidence": "l", "version": "2.0NRT", "bright_ti5": 305.79, "frp": 11.34, "daynight": "D" }, "geometry": { "type": "Point", "coordinates": [ 81.1991, 7.92887 ] } },
{ "type": "Feature", "properties": { "latitude": 7.93462, "longitude": 80.06189, "bright_ti4": 340.51, "scan": 0.43, "track": 0.38, "acq_date": "2026-09-11", "acq_time": 801, "satellite": "N", "instrument": "VIIRS", "confidence": "n", "version": "2.0NRT", "bright_ti5": 302.41, "frp": 3.76, "daynight": "D" }, "geometry": { "type": "Point", "coordinates": [ 80.06189, 7.93462 ] } },
{ "type": "Feature", "properties": { "latitude": 7.95252, "longitude": 80.10713, "bright_ti4": 333.12, "scan": 0.43, "track": 0.38, "acq_date": "2026-09-11", "acq_time": 801, "satellite": "N", "instrument": "VIIRS", "confidence": "l", "version": "2.0NRT", "bright_ti5": 304.43, "frp": 3.17, "daynight": "D" }, "geometry": { "type": "Point", "coordinates": [ 80.10713, 7.95252 ] } },
{ "type": "Feature", "properties": { "latitude": 7.95602, "longitude": 80.10657, "bright_ti4": 333.06, "scan": 0.43, "track": 0.38, "acq_date": "2026-09-11", "acq_time": 801, "satellite": "N", "instrument": "VIIRS", "confidence": "l", "version": "2.0NRT", "bright_ti5": 302.4, "frp": 3.17, "daynight": "D" }, "geometry": { "type": "Point", "coordinates": [ 80.10657, 7.95602 ] } },
{ "type": "Feature", "properties": { "latitude": 7.95865, "longitude": 81.19073, "bright_ti4": 340.02, "scan": 0.4, "track": 0.37, "acq_date": "2026-09-11", "acq_time": 801, "satellite": "N", "instrument": "VIIRS", "confidence": "l", "version": "2.0NRT", "bright_ti5": 307.92, "frp": 5.49, "daynight": "D" }, "geometry": { "type": "Point", "coordinates": [ 81.19073, 7.95865 ] } },
{ "type": "Feature", "properties": { "latitude": 7.96736, "longitude": 80.03738, "bright_ti4": 330.39, "scan": 0.43, "track": 0.38, "acq_date": "2026-09-11", "acq_time": 801, "satellite": "N", "instrument": "VIIRS", "confidence": "l", "version": "2.0NRT", "bright_ti5": 304.68, "frp": 4.65, "daynight": "D" }, "geometry": { "type": "Point", "coordinates": [ 80.03738, 7.96736 ] } },
{ "type": "Feature", "properties": { "latitude": 7.9696, "longitude": 80.02896, "bright_ti4": 332.52, "scan": 0.43, "track": 0.38, "acq_date": "2026-09-11", "acq_time": 801, "satellite": "N", "instrument": "VIIRS", "confidence": "l", "version": "2.0NRT", "bright_ti5": 306.69, "frp": 5.96, "daynight": "D" }, "geometry": { "type": "Point", "coordinates": [ 80.02896, 7.9696 ] } },
{ "type": "Feature", "properties": { "latitude": 7.99013, "longitude": 81.21532, "bright_ti4": 330.13, "scan": 0.4, "track": 0.37, "acq_date": "2026-09-11", "acq_time": 801, "satellite": "N", "instrument": "VIIRS", "confidence": "l", "version": "2.0NRT", "bright_ti5": 303.31, "frp": 1.86, "daynight": "D" }, "geometry": { "type": "Point", "coordinates": [ 81.21532, 7.99013 ] } },
{ "type": "Feature", "properties": { "latitude": 8.02441, "longitude": 81.07615, "bright_ti4": 334.31, "scan": 0.4, "track": 0.37, "acq_date": "2026-09-11", "acq_time": 801, "satellite": "N", "instrument": "VIIRS", "confidence": "n", "version": "2.0NRT", "bright_ti5": 303.35, "frp": 1.4, "daynight": "D" }, "geometry": { "type": "Point", "coordinates": [ 81.07615, 8.02441 ] } },
{ "type": "Feature", "properties": { "latitude": 8.02976, "longitude": 80.57709, "bright_ti4": 332.33, "scan": 0.41, "track": 0.37, "acq_date": "2026-09-11", "acq_time": 801, "satellite": "N", "instrument": "VIIRS", "confidence": "l", "version": "2.0NRT", "bright_ti5": 299.18, "frp": 3.02, "daynight": "D" }, "geometry": { "type": "Point", "coordinates": [ 80.57709, 8.02976 ] } },
{ "type": "Feature", "properties": { "latitude": 8.13688, "longitude": 79.99423, "bright_ti4": 334.1, "scan": 0.43, "track": 0.38, "acq_date": "2026-09-11", "acq_time": 801, "satellite": "N", "instrument": "VIIRS", "confidence": "l", "version": "2.0NRT", "bright_ti5": 300.19, "frp": 4.03, "daynight": "D" }, "geometry": { "type": "Point", "coordinates": [ 79.99423, 8.13688 ] } },
{ "type": "Feature", "properties": { "latitude": 8.1375, "longitude": 79.99817, "bright_ti4": 333.52, "scan": 0.43, "track": 0.38, "acq_date": "2026-09-11", "acq_time": 801, "satellite": "N", "instrument": "VIIRS", "confidence": "l", "version": "2.0NRT", "bright_ti5": 300.43, "frp": 4.32, "daynight": "D" }, "geometry": { "type": "Point", "coordinates": [ 79.99817, 8.1375 ] } },
{ "type": "Feature", "properties": { "latitude": 8.14856, "longitude": 81.34052, "bright_ti4": 350.57, "scan": 0.39, "track": 0.37, "acq_date": "2026-09-11", "acq_time": 801, "satellite": "N", "instrument": "VIIRS", "confidence": "n", "version": "2.0NRT", "bright_ti5": 309.71, "frp": 14.37, "daynight": "D" }, "geometry": { "type": "Point", "coordinates": [ 81.34052, 8.14856 ] } },
{ "type": "Feature", "properties": { "latitude": 8.15112, "longitude": 80.08427, "bright_ti4": 339.28, "scan": 0.43, "track": 0.38, "acq_date": "2026-09-11", "acq_time": 801, "satellite": "N", "instrument": "VIIRS", "confidence": "l", "version": "2.0NRT", "bright_ti5": 303.94, "frp": 11.03, "daynight": "D" }, "geometry": { "type": "Point", "coordinates": [ 80.08427, 8.15112 ] } },
{ "type": "Feature", "properties": { "latitude": 8.20834, "longitude": 79.98703, "bright_ti4": 330.92, "scan": 0.43, "track": 0.38, "acq_date": "2026-09-11", "acq_time": 801, "satellite": "N", "instrument": "VIIRS", "confidence": "l", "version": "2.0NRT", "bright_ti5": 303.86, "frp": 6.63, "daynight": "D" }, "geometry": { "type": "Point", "coordinates": [ 79.98703, 8.20834 ] } },
{ "type": "Feature", "properties": { "latitude": 8.22219, "longitude": 81.02239, "bright_ti4": 333.5, "scan": 0.4, "track": 0.37, "acq_date": "2026-09-11", "acq_time": 801, "satellite": "N", "instrument": "VIIRS", "confidence": "l", "version": "2.0NRT", "bright_ti5": 305.01, "frp": 8.9, "daynight": "D" }, "geometry": { "type": "Point", "coordinates": [ 81.02239, 8.22219 ] } },
{ "type": "Feature", "properties": { "latitude": 8.23207, "longitude": 80.26948, "bright_ti4": 335.58, "scan": 0.42, "track": 0.38, "acq_date": "2026-09-11", "acq_time": 801, "satellite": "N", "instrument": "VIIRS", "confidence": "n", "version": "2.0NRT", "bright_ti5": 302.72, "frp": 2.64, "daynight": "D" }, "geometry": { "type": "Point", "coordinates": [ 80.26948, 8.23207 ] } },
{ "type": "Feature", "properties": { "latitude": 8.29306, "longitude": 80.13734, "bright_ti4": 335.15, "scan": 0.43, "track": 0.38, "acq_date": "2026-09-11", "acq_time": 801, "satellite": "N", "instrument": "VIIRS", "confidence": "l", "version": "2.0NRT", "bright_ti5": 304.39, "frp": 6.55, "daynight": "D" }, "geometry": { "type": "Point", "coordinates": [ 80.13734, 8.29306 ] } },
{ "type": "Feature", "properties": { "latitude": 8.29397, "longitude": 80.13721, "bright_ti4": 338.34, "scan": 0.43, "track": 0.38, "acq_date": "2026-09-11", "acq_time": 801, "satellite": "N", "instrument": "VIIRS", "confidence": "l", "version": "2.0NRT", "bright_ti5": 304.61, "frp": 6.68, "daynight": "D" }, "geometry": { "type": "Point", "coordinates": [ 80.13721, 8.29397 ] } },
{ "type": "Feature", "properties": { "latitude": 8.29414, "longitude": 80.21237, "bright_ti4": 340.62, "scan": 0.42, "track": 0.38, "acq_date": "2026-09-11", "acq_time": 801, "satellite": "N", "instrument": "VIIRS", "confidence": "n", "version": "2.0NRT", "bright_ti5": 305.1, "frp": 5.4, "daynight": "D" }, "geometry": { "type": "Point", "coordinates": [ 80.21237, 8.29414 ] } },
{ "type": "Feature", "properties": { "latitude": 8.29746, "longitude": 80.13666, "bright_ti4": 337.35, "scan": 0.43, "track": 0.38, "acq_date": "2026-09-11", "acq_time": 801, "satellite": "N", "instrument": "VIIRS", "confidence": "l", "version": "2.0NRT", "bright_ti5": 305.64, "frp": 7.6, "daynight": "D" }, "geometry": { "type": "Point", "coordinates": [ 80.13666, 8.29746 ] } },
{ "type": "Feature", "properties": { "latitude": 8.29808, "longitude": 80.14052, "bright_ti4": 334.76, "scan": 0.43, "track": 0.38, "acq_date": "2026-09-11", "acq_time": 801, "satellite": "N", "instrument": "VIIRS", "confidence": "l", "version": "2.0NRT", "bright_ti5": 302.53, "frp": 8.29, "daynight": "D" }, "geometry": { "type": "Point", "coordinates": [ 80.14052, 8.29808 ] } },
{ "type": "Feature", "properties": { "latitude": 8.30266, "longitude": 77.63816, "bright_ti4": 339.74, "scan": 0.57, "track": 0.43, "acq_date": "2026-09-11", "acq_time": 801, "satellite": "N", "instrument": "VIIRS", "confidence": "n", "version": "2.0NRT", "bright_ti5": 306.69, "frp": 6.52, "daynight": "D" }, "geometry": { "type": "Point", "coordinates": [ 77.63816, 8.30266 ] } },
{ "type": "Feature", "properties": { "latitude": 8.30716, "longitude": 80.17469, "bright_ti4": 336.3, "scan": 0.43, "track": 0.38, "acq_date": "2026-09-11", "acq_time": 801, "satellite": "N", "instrument": "VIIRS", "confidence": "l", "version": "2.0NRT", "bright_ti5": 303.52, "frp": 5.12, "daynight": "D" }, "geometry": { "type": "Point", "coordinates": [ 80.17469, 8.30716 ] } },
{ "type": "Feature", "properties": { "latitude": 8.31788, "longitude": 80.3184, "bright_ti4": 340.09, "scan": 0.42, "track": 0.38, "acq_date": "2026-09-11", "acq_time": 801, "satellite": "N", "instrument": "VIIRS", "confidence": "n", "version": "2.0NRT", "bright_ti5": 305.3, "frp": 4.56, "daynight": "D" }, "geometry": { "type": "Point", "coordinates": [ 80.3184, 8.31788 ] } },
{ "type": "Feature", "properties": { "latitude": 8.31956, "longitude": 80.318, "bright_ti4": 337.92, "scan": 0.42, "track": 0.38, "acq_date": "2026-09-11", "acq_time": 801, "satellite": "N", "instrument": "VIIRS", "confidence": "n", "version": "2.0NRT", "bright_ti5": 304.3, "frp": 4.19, "daynight": "D" }, "geometry": { "type": "Point", "coordinates": [ 80.318, 8.31956 ] } },
{ "type": "Feature", "properties": { "latitude": 8.33641, "longitude": 80.40082, "bright_ti4": 348.73, "scan": 0.42, "track": 0.37, "acq_date": "2026-09-11", "acq_time": 801, "satellite": "N", "instrument": "VIIRS", "confidence": "n", "version": "2.0NRT", "bright_ti5": 306.09, "frp": 15.22, "daynight": "D" }, "geometry": { "type": "Point", "coordinates": [ 80.40082, 8.33641 ] } },
{ "type": "Feature", "properties": { "latitude": 8.34312, "longitude": 80.37651, "bright_ti4": 331.32, "scan": 0.42, "track": 0.38, "acq_date": "2026-09-11", "acq_time": 801, "satellite": "N", "instrument": "VIIRS", "confidence": "l", "version": "2.0NRT", "bright_ti5": 302.2, "frp": 2.73, "daynight": "D" }, "geometry": { "type": "Point", "coordinates": [ 80.37651, 8.34312 ] } },
{ "type": "Feature", "properties": { "latitude": 8.36264, "longitude": 80.8055, "bright_ti4": 343.18, "scan": 0.41, "track": 0.37, "acq_date": "2026-09-11", "acq_time": 801, "satellite": "N", "instrument": "VIIRS", "confidence": "n", "version": "2.0NRT", "bright_ti5": 302.36, "frp": 8.12, "daynight": "D" }, "geometry": { "type": "Point", "coordinates": [ 80.8055, 8.36264 ] } },
{ "type": "Feature", "properties": { "latitude": 8.37158, "longitude": 80.75124, "bright_ti4": 339.8, "scan": 0.41, "track": 0.37, "acq_date": "2026-09-11", "acq_time": 801, "satellite": "N", "instrument": "VIIRS", "confidence": "n", "version": "2.0NRT", "bright_ti5": 303.14, "frp": 2.94, "daynight": "D" }, "geometry": { "type": "Point", "coordinates": [ 80.75124, 8.37158 ] } },
{ "type": "Feature", "properties": { "latitude": 8.37283, "longitude": 80.80388, "bright_ti4": 334.55, "scan": 0.41, "track": 0.37, "acq_date": "2026-09-11", "acq_time": 801, "satellite": "N", "instrument": "VIIRS", "confidence": "l", "version": "2.0NRT", "bright_ti5": 304.24, "frp": 5.02, "daynight": "D" }, "geometry": { "type": "Point", "coordinates": [ 80.80388, 8.37283 ] } },
{ "type": "Feature", "properties": { "latitude": 8.38194, "longitude": 80.42064, "bright_ti4": 342.58, "scan": 0.42, "track": 0.37, "acq_date": "2026-09-11", "acq_time": 801, "satellite": "N", "instrument": "VIIRS", "confidence": "n", "version": "2.0NRT", "bright_ti5": 305.42, "frp": 6.01, "daynight": "D" }, "geometry": { "type": "Point", "coordinates": [ 80.42064, 8.38194 ] } },
{ "type": "Feature", "properties": { "latitude": 8.3827, "longitude": 80.4476, "bright_ti4": 336.19, "scan": 0.42, "track": 0.37, "acq_date": "2026-09-11", "acq_time": 801, "satellite": "N", "instrument": "VIIRS", "confidence": "l", "version": "2.0NRT", "bright_ti5": 302.4, "frp": 9.25, "daynight": "D" }, "geometry": { "type": "Point", "coordinates": [ 80.4476, 8.3827 ] } },
{ "type": "Feature", "properties": { "latitude": 8.39982, "longitude": 80.53334, "bright_ti4": 343.33, "scan": 0.41, "track": 0.37, "acq_date": "2026-09-11", "acq_time": 801, "satellite": "N", "instrument": "VIIRS", "confidence": "n", "version": "2.0NRT", "bright_ti5": 303.19, "frp": 5.51, "daynight": "D" }, "geometry": { "type": "Point", "coordinates": [ 80.53334, 8.39982 ] } },
{ "type": "Feature", "properties": { "latitude": 8.40384, "longitude": 80.33569, "bright_ti4": 335.28, "scan": 0.42, "track": 0.38, "acq_date": "2026-09-11", "acq_time": 801, "satellite": "N", "instrument": "VIIRS", "confidence": "n", "version": "2.0NRT", "bright_ti5": 300.08, "frp": 2.95, "daynight": "D" }, "geometry": { "type": "Point", "coordinates": [ 80.33569, 8.40384 ] } },
{ "type": "Feature", "properties": { "latitude": 8.42157, "longitude": 80.53754, "bright_ti4": 338.26, "scan": 0.41, "track": 0.37, "acq_date": "2026-09-11", "acq_time": 801, "satellite": "N", "instrument": "VIIRS", "confidence": "l", "version": "2.0NRT", "bright_ti5": 303.11, "frp": 3.49, "daynight": "D" }, "geometry": { "type": "Point", "coordinates": [ 80.53754, 8.42157 ] } },
{ "type": "Feature", "properties": { "latitude": 8.42381, "longitude": 80.52951, "bright_ti4": 340.72, "scan": 0.41, "track": 0.37, "acq_date": "2026-09-11", "acq_time": 801, "satellite": "N", "instrument": "VIIRS", "confidence": "l", "version": "2.0NRT", "bright_ti5": 306.3, "frp": 7.21, "daynight": "D" }, "geometry": { "type": "Point", "coordinates": [ 80.52951, 8.42381 ] } },
{ "type": "Feature", "properties": { "latitude": 8.47301, "longitude": 80.75362, "bright_ti4": 334.21, "scan": 0.41, "track": 0.37, "acq_date": "2026-09-11", "acq_time": 801, "satellite": "N", "instrument": "VIIRS", "confidence": "l", "version": "2.0NRT", "bright_ti5": 305.83, "frp": 3.54, "daynight": "D" }, "geometry": { "type": "Point", "coordinates": [ 80.75362, 8.47301 ] } },
{ "type": "Feature", "properties": { "latitude": 8.47641, "longitude": 80.75307, "bright_ti4": 337.22, "scan": 0.41, "track": 0.37, "acq_date": "2026-09-11", "acq_time": 801, "satellite": "N", "instrument": "VIIRS", "confidence": "l", "version": "2.0NRT", "bright_ti5": 305.28, "frp": 3.54, "daynight": "D" }, "geometry": { "type": "Point", "coordinates": [ 80.75307, 8.47641 ] } },
{ "type": "Feature", "properties": { "latitude": 8.48565, "longitude": 80.52334, "bright_ti4": 331.03, "scan": 0.41, "track": 0.37, "acq_date": "2026-09-11", "acq_time": 801, "satellite": "N", "instrument": "VIIRS", "confidence": "l", "version": "2.0NRT", "bright_ti5": 299.19, "frp": 2.29, "daynight": "D" }, "geometry": { "type": "Point", "coordinates": [ 80.52334, 8.48565 ] } },
{ "type": "Feature", "properties": { "latitude": 8.49105, "longitude": 80.13333, "bright_ti4": 333.92, "scan": 0.43, "track": 0.38, "acq_date": "2026-09-11", "acq_time": 801, "satellite": "N", "instrument": "VIIRS", "confidence": "l", "version": "2.0NRT", "bright_ti5": 302.95, "frp": 9.01, "daynight": "D" }, "geometry": { "type": "Point", "coordinates": [ 80.13333, 8.49105 ] } },
{ "type": "Feature", "properties": { "latitude": 8.49392, "longitude": 80.12891, "bright_ti4": 332.86, "scan": 0.43, "track": 0.38, "acq_date": "2026-09-11", "acq_time": 801, "satellite": "N", "instrument": "VIIRS", "confidence": "l", "version": "2.0NRT", "bright_ti5": 301.85, "frp": 2.45, "daynight": "D" }, "geometry": { "type": "Point", "coordinates": [ 80.12891, 8.49392 ] } },
{ "type": "Feature", "properties": { "latitude": 8.5069, "longitude": 80.7668, "bright_ti4": 334.95, "scan": 0.41, "track": 0.37, "acq_date": "2026-09-11", "acq_time": 801, "satellite": "N", "instrument": "VIIRS", "confidence": "l", "version": "2.0NRT", "bright_ti5": 306.06, "frp": 4.02, "daynight": "D" }, "geometry": { "type": "Point", "coordinates": [ 80.7668, 8.5069 ] } },
{ "type": "Feature", "properties": { "latitude": 8.50874, "longitude": 80.17788, "bright_ti4": 332.71, "scan": 0.42, "track": 0.38, "acq_date": "2026-09-11", "acq_time": 801, "satellite": "N", "instrument": "VIIRS", "confidence": "l", "version": "2.0NRT", "bright_ti5": 307.19, "frp": 7.63, "daynight": "D" }, "geometry": { "type": "Point", "coordinates": [ 80.17788, 8.50874 ] } },
{ "type": "Feature", "properties": { "latitude": 8.51221, "longitude": 80.17732, "bright_ti4": 341.24, "scan": 0.42, "track": 0.38, "acq_date": "2026-09-11", "acq_time": 801, "satellite": "N", "instrument": "VIIRS", "confidence": "l", "version": "2.0NRT", "bright_ti5": 304.78, "frp": 6.13, "daynight": "D" }, "geometry": { "type": "Point", "coordinates": [ 80.17732, 8.51221 ] } },
{ "type": "Feature", "properties": { "latitude": 8.58726, "longitude": 80.3494, "bright_ti4": 333.52, "scan": 0.42, "track": 0.37, "acq_date": "2026-09-11", "acq_time": 801, "satellite": "N", "instrument": "VIIRS", "confidence": "l", "version": "2.0NRT", "bright_ti5": 305.25, "frp": 4.77, "daynight": "D" }, "geometry": { "type": "Point", "coordinates": [ 80.3494, 8.58726 ] } },
{ "type": "Feature", "properties": { "latitude": 8.61787, "longitude": 80.4757, "bright_ti4": 333.68, "scan": 0.41, "track": 0.37, "acq_date": "2026-09-11", "acq_time": 801, "satellite": "N", "instrument": "VIIRS", "confidence": "l", "version": "2.0NRT", "bright_ti5": 305.79, "frp": 5.99, "daynight": "D" }, "geometry": { "type": "Point", "coordinates": [ 80.4757, 8.61787 ] } },
{ "type": "Feature", "properties": { "latitude": 8.61995, "longitude": 78.07992, "bright_ti4": 330.34, "scan": 0.53, "track": 0.42, "acq_date": "2026-09-11", "acq_time": 801, "satellite": "N", "instrument": "VIIRS", "confidence": "l", "version": "2.0NRT", "bright_ti5": 302.72, "frp": 4.45, "daynight": "D" }, "geometry": { "type": "Point", "coordinates": [ 78.07992, 8.61995 ] } },
{ "type": "Feature", "properties": { "latitude": 8.64889, "longitude": 81.00204, "bright_ti4": 334.53, "scan": 0.4, "track": 0.37, "acq_date": "2026-09-11", "acq_time": 801, "satellite": "N", "instrument": "VIIRS", "confidence": "l", "version": "2.0NRT", "bright_ti5": 304.04, "frp": 5.13, "daynight": "D" }, "geometry": { "type": "Point", "coordinates": [ 81.00204, 8.64889 ] } },
{ "type": "Feature", "properties": { "latitude": 8.68756, "longitude": 80.91789, "bright_ti4": 340.72, "scan": 0.4, "track": 0.37, "acq_date": "2026-09-11", "acq_time": 801, "satellite": "N", "instrument": "VIIRS", "confidence": "l", "version": "2.0NRT", "bright_ti5": 303.61, "frp": 5.86, "daynight": "D" }, "geometry": { "type": "Point", "coordinates": [ 80.91789, 8.68756 ] } },
{ "type": "Feature", "properties": { "latitude": 8.71449, "longitude": 80.17688, "bright_ti4": 338.27, "scan": 0.42, "track": 0.38, "acq_date": "2026-09-11", "acq_time": 801, "satellite": "N", "instrument": "VIIRS", "confidence": "l", "version": "2.0NRT", "bright_ti5": 302.39, "frp": 4.68, "daynight": "D" }, "geometry": { "type": "Point", "coordinates": [ 80.17688, 8.71449 ] } },
{ "type": "Feature", "properties": { "latitude": 8.72995, "longitude": 77.52225, "bright_ti4": 334.04, "scan": 0.57, "track": 0.43, "acq_date": "2026-09-11", "acq_time": 801, "satellite": "N", "instrument": "VIIRS", "confidence": "n", "version": "2.0NRT", "bright_ti5": 297.74, "frp": 3.73, "daynight": "D" }, "geometry": { "type": "Point", "coordinates": [ 77.52225, 8.72995 ] } },
{ "type": "Feature", "properties": { "latitude": 8.77848, "longitude": 77.56741, "bright_ti4": 338.43, "scan": 0.57, "track": 0.43, "acq_date": "2026-09-11", "acq_time": 801, "satellite": "N", "instrument": "VIIRS", "confidence": "n", "version": "2.0NRT", "bright_ti5": 300.49, "frp": 2.92, "daynight": "D" }, "geometry": { "type": "Point", "coordinates": [ 77.56741, 8.77848 ] } },
{ "type": "Feature", "properties": { "latitude": 8.92184, "longitude": 77.48255, "bright_ti4": 331.84, "scan": 0.57, "track": 0.43, "acq_date": "2026-09-11", "acq_time": 801, "satellite": "N", "instrument": "VIIRS", "confidence": "n", "version": "2.0NRT", "bright_ti5": 297.5, "frp": 8.51, "daynight": "D" }, "geometry": { "type": "Point", "coordinates": [ 77.48255, 8.92184 ] } },
{ "type": "Feature", "properties": { "latitude": 8.96205, "longitude": 80.7947, "bright_ti4": 332.62, "scan": 0.4, "track": 0.37, "acq_date": "2026-09-11", "acq_time": 801, "satellite": "N", "instrument": "VIIRS", "confidence": "l", "version": "2.0NRT", "bright_ti5": 303.5, "frp": 8.02, "daynight": "D" }, "geometry": { "type": "Point", "coordinates": [ 80.7947, 8.96205 ] } },
{ "type": "Feature", "properties": { "latitude": 8.97476, "longitude": 80.89706, "bright_ti4": 337.02, "scan": 0.4, "track": 0.37, "acq_date": "2026-09-11", "acq_time": 801, "satellite": "N", "instrument": "VIIRS", "confidence": "n", "version": "2.0NRT", "bright_ti5": 300.7, "frp": 8.49, "daynight": "D" }, "geometry": { "type": "Point", "coordinates": [ 80.89706, 8.97476 ] } },
{ "type": "Feature", "properties": { "latitude": 9.38751, "longitude": 80.61357, "bright_ti4": 339.15, "scan": 0.4, "track": 0.37, "acq_date": "2026-09-11", "acq_time": 801, "satellite": "N", "instrument": "VIIRS", "confidence": "l", "version": "2.0NRT", "bright_ti5": 298.09, "frp": 8.08, "daynight": "D" }, "geometry": { "type": "Point", "coordinates": [ 80.61357, 9.38751 ] } },
{ "type": "Feature", "properties": { "latitude": 18.21146, "longitude": 74.44026, "bright_ti4": 330.24, "scan": 0.42, "track": 0.45, "acq_date": "2026-09-11", "acq_time": 803, "satellite": "N", "instrument": "VIIRS", "confidence": "n", "version": "2.0NRT", "bright_ti5": 298.3, "frp": 5.36, "daynight": "D" }, "geometry": { "type": "Point", "coordinates": [ 74.44026, 18.21146 ] } },
{ "type": "Feature", "properties": { "latitude": 18.26146, "longitude": 75.48334, "bright_ti4": 335.52, "scan": 0.54, "track": 0.42, "acq_date": "2026-09-11", "acq_time": 803, "satellite": "N", "instrument": "VIIRS", "confidence": "n", "version": "2.0NRT", "bright_ti5": 300.47, "frp": 5.57, "daynight": "D" }, "geometry": { "type": "Point", "coordinates": [ 75.48334, 18.26146 ] } },
{ "type": "Feature", "properties": { "latitude": 18.69317, "longitude": 73.04006, "bright_ti4": 329.01, "scan": 0.5, "track": 0.49, "acq_date": "2026-09-11", "acq_time": 803, "satellite": "N", "instrument": "VIIRS", "confidence": "n", "version": "2.0NRT", "bright_ti5": 294.1, "frp": 4.98, "daynight": "D" }, "geometry": { "type": "Point", "coordinates": [ 73.04006, 18.69317 ] } },
{ "type": "Feature", "properties": { "latitude": 21.1033, "longitude": 72.63795, "bright_ti4": 337.6, "scan": 0.48, "track": 0.48, "acq_date": "2026-09-11", "acq_time": 805, "satellite": "N", "instrument": "VIIRS", "confidence": "n", "version": "2.0NRT", "bright_ti5": 295.6, "frp": 5.89, "daynight": "D" }, "geometry": { "type": "Point", "coordinates": [ 72.63795, 21.1033 ] } },
{ "type": "Feature", "properties": { "latitude": 21.10511, "longitude": 72.64705, "bright_ti4": 344.32, "scan": 0.48, "track": 0.48, "acq_date": "2026-09-11", "acq_time": 805, "satellite": "N", "instrument": "VIIRS", "confidence": "n", "version": "2.0NRT", "bright_ti5": 297.72, "frp": 9.15, "daynight": "D" }, "geometry": { "type": "Point", "coordinates": [ 72.64705, 21.10511 ] } },
{ "type": "Feature", "properties": { "latitude": 21.1883, "longitude": 81.39214, "bright_ti4": 331.0, "scan": 0.41, "track": 0.37, "acq_date": "2026-09-11", "acq_time": 805, "satellite": "N", "instrument": "VIIRS", "confidence": "n", "version": "2.0NRT", "bright_ti5": 295.11, "frp": 5.07, "daynight": "D" }, "geometry": { "type": "Point", "coordinates": [ 81.39214, 21.1883 ] } },
{ "type": "Feature", "properties": { "latitude": 21.92127, "longitude": 83.3507, "bright_ti4": 340.46, "scan": 0.5, "track": 0.41, "acq_date": "2026-09-11", "acq_time": 805, "satellite": "N", "instrument": "VIIRS", "confidence": "n", "version": "2.0NRT", "bright_ti5": 296.01, "frp": 9.06, "daynight": "D" }, "geometry": { "type": "Point", "coordinates": [ 83.3507, 21.92127 ] } },
{ "type": "Feature", "properties": { "latitude": 23.16489, "longitude": 82.34189, "bright_ti4": 332.83, "scan": 0.46, "track": 0.39, "acq_date": "2026-09-11", "acq_time": 805, "satellite": "N", "instrument": "VIIRS", "confidence": "n", "version": "2.0NRT", "bright_ti5": 292.37, "frp": 6.1, "daynight": "D" }, "geometry": { "type": "Point", "coordinates": [ 82.34189, 23.16489 ] } },
{ "type": "Feature", "properties": { "latitude": 26.77685, "longitude": 90.32755, "bright_ti4": 332.52, "scan": 0.5, "track": 0.66, "acq_date": "2026-09-11", "acq_time": 805, "satellite": "N", "instrument": "VIIRS", "confidence": "n", "version": "2.0NRT", "bright_ti5": 291.5, "frp": 3.91, "daynight": "D" }, "geometry": { "type": "Point", "coordinates": [ 90.32755, 26.77685 ] } },
{ "type": "Feature", "properties": { "latitude": 26.77699, "longitude": 90.32763, "bright_ti4": 331.36, "scan": 0.5, "track": 0.66, "acq_date": "2026-09-11", "acq_time": 805, "satellite": "N", "instrument": "VIIRS", "confidence": "n", "version": "2.0NRT", "bright_ti5": 291.43, "frp": 2.81, "daynight": "D" }, "geometry": { "type": "Point", "coordinates": [ 90.32763, 26.77699 ] } },
{ "type": "Feature", "properties": { "latitude": 25.27196, "longitude": 69.08585, "bright_ti4": 340.6, "scan": 0.33, "track": 0.55, "acq_date": "2026-09-11", "acq_time": 807, "satellite": "N", "instrument": "VIIRS", "confidence": "n", "version": "2.0NRT", "bright_ti5": 302.6, "frp": 3.64, "daynight": "D" }, "geometry": { "type": "Point", "coordinates": [ 69.08585, 25.27196 ] } },
{ "type": "Feature", "properties": { "latitude": 25.71746, "longitude": 68.85942, "bright_ti4": 367.0, "scan": 0.33, "track": 0.55, "acq_date": "2026-09-11", "acq_time": 807, "satellite": "N", "instrument": "VIIRS", "confidence": "h", "version": "2.0NRT", "bright_ti5": 307.76, "frp": 14.77, "daynight": "D" }, "geometry": { "type": "Point", "coordinates": [ 68.85942, 25.71746 ] } },
{ "type": "Feature", "properties": { "latitude": 25.71819, "longitude": 68.86267, "bright_ti4": 331.61, "scan": 0.33, "track": 0.55, "acq_date": "2026-09-11", "acq_time": 807, "satellite": "N", "instrument": "VIIRS", "confidence": "n", "version": "2.0NRT", "bright_ti5": 302.36, "frp": 11.22, "daynight": "D" }, "geometry": { "type": "Point", "coordinates": [ 68.86267, 25.71819 ] } },
{ "type": "Feature", "properties": { "latitude": 25.86803, "longitude": 68.93196, "bright_ti4": 367.0, "scan": 0.32, "track": 0.55, "acq_date": "2026-09-11", "acq_time": 807, "satellite": "N", "instrument": "VIIRS", "confidence": "h", "version": "2.0NRT", "bright_ti5": 305.35, "frp": 7.12, "daynight": "D" }, "geometry": { "type": "Point", "coordinates": [ 68.93196, 25.86803 ] } },
{ "type": "Feature", "properties": { "latitude": 25.86876, "longitude": 68.93517, "bright_ti4": 344.54, "scan": 0.32, "track": 0.55, "acq_date": "2026-09-11", "acq_time": 807, "satellite": "N", "instrument": "VIIRS", "confidence": "n", "version": "2.0NRT", "bright_ti5": 304.8, "frp": 8.03, "daynight": "D" }, "geometry": { "type": "Point", "coordinates": [ 68.93517, 25.86876 ] } },
{ "type": "Feature", "properties": { "latitude": 25.86924, "longitude": 68.93317, "bright_ti4": 367.0, "scan": 0.32, "track": 0.55, "acq_date": "2026-09-11", "acq_time": 807, "satellite": "N", "instrument": "VIIRS", "confidence": "h", "version": "2.0NRT", "bright_ti5": 306.44, "frp": 7.52, "daynight": "D" }, "geometry": { "type": "Point", "coordinates": [ 68.93317, 25.86924 ] } },
{ "type": "Feature", "properties": { "latitude": 26.95863, "longitude": 68.40443, "bright_ti4": 336.38, "scan": 0.33, "track": 0.55, "acq_date": "2026-09-11", "acq_time": 807, "satellite": "N", "instrument": "VIIRS", "confidence": "l", "version": "2.0NRT", "bright_ti5": 308.41, "frp": 2.82, "daynight": "D" }, "geometry": { "type": "Point", "coordinates": [ 68.40443, 26.95863 ] } },
{ "type": "Feature", "properties": { "latitude": 27.63409, "longitude": 68.3868, "bright_ti4": 355.68, "scan": 0.32, "track": 0.55, "acq_date": "2026-09-11", "acq_time": 807, "satellite": "N", "instrument": "VIIRS", "confidence": "n", "version": "2.0NRT", "bright_ti5": 307.0, "frp": 5.17, "daynight": "D" }, "geometry": { "type": "Point", "coordinates": [ 68.3868, 27.63409 ] } },
{ "type": "Feature", "properties": { "latitude": 27.63629, "longitude": 68.39639, "bright_ti4": 343.12, "scan": 0.32, "track": 0.55, "acq_date": "2026-09-11", "acq_time": 807, "satellite": "N", "instrument": "VIIRS", "confidence": "n", "version": "2.0NRT", "bright_ti5": 305.53, "frp": 2.22, "daynight": "D" }, "geometry": { "type": "Point", "coordinates": [ 68.39639, 27.63629 ] } },
{ "type": "Feature", "properties": { "latitude": 27.63903, "longitude": 68.38539, "bright_ti4": 367.0, "scan": 0.32, "track": 0.55, "acq_date": "2026-09-11", "acq_time": 807, "satellite": "N", "instrument": "VIIRS", "confidence": "h", "version": "2.0NRT", "bright_ti5": 305.86, "frp": 6.07, "daynight": "D" }, "geometry": { "type": "Point", "coordinates": [ 68.38539, 27.63903 ] } },
{ "type": "Feature", "properties": { "latitude": 28.05176, "longitude": 69.36261, "bright_ti4": 336.11, "scan": 0.55, "track": 0.51, "acq_date": "2026-09-11", "acq_time": 807, "satellite": "N", "instrument": "VIIRS", "confidence": "n", "version": "2.0NRT", "bright_ti5": 307.66, "frp": 5.06, "daynight": "D" }, "geometry": { "type": "Point", "coordinates": [ 69.36261, 28.05176 ] } },
{ "type": "Feature", "properties": { "latitude": 28.05294, "longitude": 69.36815, "bright_ti4": 344.23, "scan": 0.55, "track": 0.51, "acq_date": "2026-09-11", "acq_time": 807, "satellite": "N", "instrument": "VIIRS", "confidence": "n", "version": "2.0NRT", "bright_ti5": 309.87, "frp": 5.06, "daynight": "D" }, "geometry": { "type": "Point", "coordinates": [ 69.36815, 28.05294 ] } },
{ "type": "Feature", "properties": { "latitude": 29.13163, "longitude": 75.77078, "bright_ti4": 331.51, "scan": 0.4, "track": 0.37, "acq_date": "2026-09-11", "acq_time": 807, "satellite": "N", "instrument": "VIIRS", "confidence": "l", "version": "2.0NRT", "bright_ti5": 305.14, "frp": 3.84, "daynight": "D" }, "geometry": { "type": "Point", "coordinates": [ 75.77078, 29.13163 ] } },
{ "type": "Feature", "properties": { "latitude": 30.48006, "longitude": 73.87495, "bright_ti4": 331.99, "scan": 0.44, "track": 0.38, "acq_date": "2026-09-11", "acq_time": 807, "satellite": "N", "instrument": "VIIRS", "confidence": "l", "version": "2.0NRT", "bright_ti5": 306.6, "frp": 2.48, "daynight": "D" }, "geometry": { "type": "Point", "coordinates": [ 73.87495, 30.48006 ] } },
{ "type": "Feature", "properties": { "latitude": 30.72791, "longitude": 76.34161, "bright_ti4": 333.5, "scan": 0.39, "track": 0.36, "acq_date": "2026-09-11", "acq_time": 807, "satellite": "N", "instrument": "VIIRS", "confidence": "n", "version": "2.0NRT", "bright_ti5": 296.18, "frp": 1.3, "daynight": "D" }, "geometry": { "type": "Point", "coordinates": [ 76.34161, 30.72791 ] } },
{ "type": "Feature", "properties": { "latitude": 30.87024, "longitude": 70.64391, "bright_ti4": 346.0, "scan": 0.41, "track": 0.45, "acq_date": "2026-09-11", "acq_time": 807, "satellite": "N", "instrument": "VIIRS", "confidence": "n", "version": "2.0NRT", "bright_ti5": 306.81, "frp": 6.05, "daynight": "D" }, "geometry": { "type": "Point", "coordinates": [ 70.64391, 30.87024 ] } },
{ "type": "Feature", "properties": { "latitude": 30.87769, "longitude": 75.94084, "bright_ti4": 344.92, "scan": 0.39, "track": 0.36, "acq_date": "2026-09-11", "acq_time": 807, "satellite": "N", "instrument": "VIIRS", "confidence": "n", "version": "2.0NRT", "bright_ti5": 302.48, "frp": 3.0, "daynight": "D" }, "geometry": { "type": "Point", "coordinates": [ 75.94084, 30.87769 ] } },
{ "type": "Feature", "properties": { "latitude": 30.98912, "longitude": 74.20541, "bright_ti4": 336.52, "scan": 0.42, "track": 0.38, "acq_date": "2026-09-11", "acq_time": 807, "satellite": "N", "instrument": "VIIRS", "confidence": "n", "version": "2.0NRT", "bright_ti5": 304.31, "frp": 3.03, "daynight": "D" }, "geometry": { "type": "Point", "coordinates": [ 74.20541, 30.98912 ] } },
{ "type": "Feature", "properties": { "latitude": 31.25864, "longitude": 74.47987, "bright_ti4": 333.68, "scan": 0.41, "track": 0.37, "acq_date": "2026-09-11", "acq_time": 807, "satellite": "N", "instrument": "VIIRS", "confidence": "n", "version": "2.0NRT", "bright_ti5": 301.87, "frp": 2.36, "daynight": "D" }, "geometry": { "type": "Point", "coordinates": [ 74.47987, 31.25864 ] } },
{ "type": "Feature", "properties": { "latitude": 31.45933, "longitude": 74.51919, "bright_ti4": 335.67, "scan": 0.41, "track": 0.37, "acq_date": "2026-09-11", "acq_time": 807, "satellite": "N", "instrument": "VIIRS", "confidence": "n", "version": "2.0NRT", "bright_ti5": 302.05, "frp": 2.97, "daynight": "D" }, "geometry": { "type": "Point", "coordinates": [ 74.51919, 31.45933 ] } },
{ "type": "Feature", "properties": { "latitude": 31.59567, "longitude": 74.82895, "bright_ti4": 333.66, "scan": 0.4, "track": 0.37, "acq_date": "2026-09-11", "acq_time": 807, "satellite": "N", "instrument": "VIIRS", "confidence": "n", "version": "2.0NRT", "bright_ti5": 305.54, "frp": 2.21, "daynight": "D" }, "geometry": { "type": "Point", "coordinates": [ 74.82895, 31.59567 ] } },
{ "type": "Feature", "properties": { "latitude": 31.74919, "longitude": 74.49052, "bright_ti4": 339.55, "scan": 0.41, "track": 0.37, "acq_date": "2026-09-11", "acq_time": 807, "satellite": "N", "instrument": "VIIRS", "confidence": "n", "version": "2.0NRT", "bright_ti5": 304.61, "frp": 5.09, "daynight": "D" }, "geometry": { "type": "Point", "coordinates": [ 74.49052, 31.74919 ] } },
{ "type": "Feature", "properties": { "latitude": 31.78289, "longitude": 75.174, "bright_ti4": 335.78, "scan": 0.4, "track": 0.37, "acq_date": "2026-09-11", "acq_time": 807, "satellite": "N", "instrument": "VIIRS", "confidence": "n", "version": "2.0NRT", "bright_ti5": 300.83, "frp": 3.43, "daynight": "D" }, "geometry": { "type": "Point", "coordinates": [ 75.174, 31.78289 ] } },
{ "type": "Feature", "properties": { "latitude": 31.86762, "longitude": 75.00837, "bright_ti4": 343.03, "scan": 0.4, "track": 0.37, "acq_date": "2026-09-11", "acq_time": 807, "satellite": "N", "instrument": "VIIRS", "confidence": "n", "version": "2.0NRT", "bright_ti5": 301.46, "frp": 5.58, "daynight": "D" }, "geometry": { "type": "Point", "coordinates": [ 75.00837, 31.86762 ] } },
{ "type": "Feature", "properties": { "latitude": 32.1289, "longitude": 73.31739, "bright_ti4": 336.4, "scan": 0.44, "track": 0.39, "acq_date": "2026-09-11", "acq_time": 807, "satellite": "N", "instrument": "VIIRS", "confidence": "n", "version": "2.0NRT", "bright_ti5": 303.61, "frp": 2.97, "daynight": "D" }, "geometry": { "type": "Point", "coordinates": [ 73.31739, 32.1289 ] } },
{ "type": "Feature", "properties": { "latitude": 34.15523, "longitude": 74.19093, "bright_ti4": 332.36, "scan": 0.4, "track": 0.37, "acq_date": "2026-09-11", "acq_time": 809, "satellite": "N", "instrument": "VIIRS", "confidence": "n", "version": "2.0NRT", "bright_ti5": 300.75, "frp": 3.76, "daynight": "D" }, "geometry": { "type": "Point", "coordinates": [ 74.19093, 34.15523 ] } },
{ "type": "Feature", "properties": { "latitude": 34.15862, "longitude": 74.19041, "bright_ti4": 329.45, "scan": 0.4, "track": 0.37, "acq_date": "2026-09-11", "acq_time": 809, "satellite": "N", "instrument": "VIIRS", "confidence": "n", "version": "2.0NRT", "bright_ti5": 299.49, "frp": 1.78, "daynight": "D" }, "geometry": { "type": "Point", "coordinates": [ 74.19041, 34.15862 ] } },
{ "type": "Feature", "properties": { "latitude": 30.0677, "longitude": 96.97839, "bright_ti4": 307.07, "scan": 0.33, "track": 0.56, "acq_date": "2026-09-11", "acq_time": 1849, "satellite": "N", "instrument": "VIIRS", "confidence": "n", "version": "2.0NRT", "bright_ti5": 285.77, "frp": 1.2, "daynight": "N" }, "geometry": { "type": "Point", "coordinates": [ 96.97839, 30.0677 ] } },
{ "type": "Feature", "properties": { "latitude": 30.0697, "longitude": 96.97879, "bright_ti4": 305.87, "scan": 0.33, "track": 0.56, "acq_date": "2026-09-11", "acq_time": 1849, "satellite": "N", "instrument": "VIIRS", "confidence": "n", "version": "2.0NRT", "bright_ti5": 285.47, "frp": 1.71, "daynight": "N" }, "geometry": { "type": "Point", "coordinates": [ 96.97879, 30.0697 ] } },
{ "type": "Feature", "properties": { "latitude": 25.54361, "longitude": 91.23469, "bright_ti4": 295.33, "scan": 0.67, "track": 0.74, "acq_date": "2026-09-11", "acq_time": 1851, "satellite": "N", "instrument": "VIIRS", "confidence": "n", "version": "2.0NRT", "bright_ti5": 271.56, "frp": 0.42, "daynight": "N" }, "geometry": { "type": "Point", "coordinates": [ 91.23469, 25.54361 ] } },
{ "type": "Feature", "properties": { "latitude": 27.325, "longitude": 95.27734, "bright_ti4": 311.48, "scan": 0.39, "track": 0.6, "acq_date": "2026-09-11", "acq_time": 1851, "satellite": "N", "instrument": "VIIRS", "confidence": "n", "version": "2.0NRT", "bright_ti5": 288.28, "frp": 0.61, "daynight": "N" }, "geometry": { "type": "Point", "coordinates": [ 95.27734, 27.325 ] } },
{ "type": "Feature", "properties": { "latitude": 27.60801, "longitude": 95.40346, "bright_ti4": 302.79, "scan": 0.39, "track": 0.59, "acq_date": "2026-09-11", "acq_time": 1851, "satellite": "N", "instrument": "VIIRS", "confidence": "n", "version": "2.0NRT", "bright_ti5": 287.83, "frp": 0.79, "daynight": "N" }, "geometry": { "type": "Point", "coordinates": [ 95.40346, 27.60801 ] } },
{ "type": "Feature", "properties": { "latitude": 28.05046, "longitude": 69.3678, "bright_ti4": 316.38, "scan": 0.43, "track": 0.62, "acq_date": "2026-09-11", "acq_time": 2032, "satellite": "N", "instrument": "VIIRS", "confidence": "n", "version": "2.0NRT", "bright_ti5": 295.67, "frp": 1.72, "daynight": "N" }, "geometry": { "type": "Point", "coordinates": [ 69.3678, 28.05046 ] } },
{ "type": "Feature", "properties": { "latitude": 28.42292, "longitude": 69.69965, "bright_ti4": 309.94, "scan": 0.42, "track": 0.61, "acq_date": "2026-09-11", "acq_time": 2032, "satellite": "N", "instrument": "VIIRS", "confidence": "n", "version": "2.0NRT", "bright_ti5": 296.34, "frp": 1.66, "daynight": "N" }, "geometry": { "type": "Point", "coordinates": [ 69.69965, 28.42292 ] } },
{ "type": "Feature", "properties": { "latitude": 30.44506, "longitude": 70.56732, "bright_ti4": 308.73, "scan": 0.39, "track": 0.59, "acq_date": "2026-09-11", "acq_time": 2032, "satellite": "N", "instrument": "VIIRS", "confidence": "n", "version": "2.0NRT", "bright_ti5": 295.27, "frp": 0.72, "daynight": "N" }, "geometry": { "type": "Point", "coordinates": [ 70.56732, 30.44506 ] } },
{ "type": "Feature", "properties": { "latitude": 32.29601, "longitude": 74.31258, "bright_ti4": 309.14, "scan": 0.49, "track": 0.48, "acq_date": "2026-09-11", "acq_time": 2032, "satellite": "N", "instrument": "VIIRS", "confidence": "n", "version": "2.0NRT", "bright_ti5": 296.03, "frp": 1.05, "daynight": "N" }, "geometry": { "type": "Point", "coordinates": [ 74.31258, 32.29601 ] } },
{ "type": "Feature", "properties": { "latitude": 33.29487, "longitude": 71.18565, "bright_ti4": 302.85, "scan": 0.38, "track": 0.59, "acq_date": "2026-09-11", "acq_time": 2032, "satellite": "N", "instrument": "VIIRS", "confidence": "n", "version": "2.0NRT", "bright_ti5": 288.43, "frp": 0.38, "daynight": "N" }, "geometry": { "type": "Point", "coordinates": [ 71.18565, 33.29487 ] } },
{ "type": "Feature", "properties": { "latitude": 33.71712, "longitude": 73.97829, "bright_ti4": 302.64, "scan": 0.53, "track": 0.5, "acq_date": "2026-09-11", "acq_time": 2032, "satellite": "N", "instrument": "VIIRS", "confidence": "n", "version": "2.0NRT", "bright_ti5": 288.29, "frp": 1.08, "daynight": "N" }, "geometry": { "type": "Point", "coordinates": [ 73.97829, 33.71712 ] } },
{ "type": "Feature", "properties": { "latitude": 20.75914, "longitude": 85.29253, "bright_ti4": 304.29, "scan": 0.45, "track": 0.47, "acq_date": "2026-09-11", "acq_time": 2034, "satellite": "N", "instrument": "VIIRS", "confidence": "n", "version": "2.0NRT", "bright_ti5": 284.17, "frp": 1.19, "daynight": "N" }, "geometry": { "type": "Point", "coordinates": [ 85.29253, 20.75914 ] } },
{ "type": "Feature", "properties": { "latitude": 20.78374, "longitude": 85.25797, "bright_ti4": 302.67, "scan": 0.45, "track": 0.47, "acq_date": "2026-09-11", "acq_time": 2034, "satellite": "N", "instrument": "VIIRS", "confidence": "n", "version": "2.0NRT", "bright_ti5": 284.81, "frp": 1.74, "daynight": "N" }, "geometry": { "type": "Point", "coordinates": [ 85.25797, 20.78374 ] } },
{ "type": "Feature", "properties": { "latitude": 21.10116, "longitude": 72.63661, "bright_ti4": 339.66, "scan": 0.45, "track": 0.47, "acq_date": "2026-09-11", "acq_time": 2034, "satellite": "N", "instrument": "VIIRS", "confidence": "n", "version": "2.0NRT", "bright_ti5": 291.28, "frp": 9.18, "daynight": "N" }, "geometry": { "type": "Point", "coordinates": [ 72.63661, 21.10116 ] } },
{ "type": "Feature", "properties": { "latitude": 21.10441, "longitude": 72.6459, "bright_ti4": 343.3, "scan": 0.45, "track": 0.47, "acq_date": "2026-09-11", "acq_time": 2034, "satellite": "N", "instrument": "VIIRS", "confidence": "n", "version": "2.0NRT", "bright_ti5": 291.64, "frp": 6.65, "daynight": "N" }, "geometry": { "type": "Point", "coordinates": [ 72.6459, 21.10441 ] } },
{ "type": "Feature", "properties": { "latitude": 21.10548, "longitude": 72.6372, "bright_ti4": 308.75, "scan": 0.45, "track": 0.47, "acq_date": "2026-09-11", "acq_time": 2034, "satellite": "N", "instrument": "VIIRS", "confidence": "n", "version": "2.0NRT", "bright_ti5": 290.15, "frp": 3.95, "daynight": "N" }, "geometry": { "type": "Point", "coordinates": [ 72.6372, 21.10548 ] } },
{ "type": "Feature", "properties": { "latitude": 21.10603, "longitude": 72.64871, "bright_ti4": 309.18, "scan": 0.45, "track": 0.47, "acq_date": "2026-09-11", "acq_time": 2034, "satellite": "N", "instrument": "VIIRS", "confidence": "n", "version": "2.0NRT", "bright_ti5": 290.5, "frp": 7.13, "daynight": "N" }, "geometry": { "type": "Point", "coordinates": [ 72.64871, 21.10603 ] } },
{ "type": "Feature", "properties": { "latitude": 21.10653, "longitude": 72.64437, "bright_ti4": 340.24, "scan": 0.45, "track": 0.47, "acq_date": "2026-09-11", "acq_time": 2034, "satellite": "N", "instrument": "VIIRS", "confidence": "n", "version": "2.0NRT", "bright_ti5": 291.98, "frp": 7.13, "daynight": "N" }, "geometry": { "type": "Point", "coordinates": [ 72.64437, 21.10653 ] } },
{ "type": "Feature", "properties": { "latitude": 21.10755, "longitude": 72.63565, "bright_ti4": 309.89, "scan": 0.45, "track": 0.47, "acq_date": "2026-09-11", "acq_time": 2034, "satellite": "N", "instrument": "VIIRS", "confidence": "n", "version": "2.0NRT", "bright_ti5": 290.88, "frp": 4.4, "daynight": "N" }, "geometry": { "type": "Point", "coordinates": [ 72.63565, 21.10755 ] } },
{ "type": "Feature", "properties": { "latitude": 21.10872, "longitude": 72.64648, "bright_ti4": 311.12, "scan": 0.45, "track": 0.47, "acq_date": "2026-09-11", "acq_time": 2034, "satellite": "N", "instrument": "VIIRS", "confidence": "n", "version": "2.0NRT", "bright_ti5": 291.06, "frp": 6.65, "daynight": "N" }, "geometry": { "type": "Point", "coordinates": [ 72.64648, 21.10872 ] } },
{ "type": "Feature", "properties": { "latitude": 21.10979, "longitude": 72.63779, "bright_ti4": 308.22, "scan": 0.45, "track": 0.47, "acq_date": "2026-09-11", "acq_time": 2034, "satellite": "N", "instrument": "VIIRS", "confidence": "n", "version": "2.0NRT", "bright_ti5": 291.28, "frp": 3.95, "daynight": "N" }, "geometry": { "type": "Point", "coordinates": [ 72.63779, 21.10979 ] } },
{ "type": "Feature", "properties": { "latitude": 21.16485, "longitude": 72.6702, "bright_ti4": 335.84, "scan": 0.45, "track": 0.47, "acq_date": "2026-09-11", "acq_time": 2034, "satellite": "N", "instrument": "VIIRS", "confidence": "n", "version": "2.0NRT", "bright_ti5": 290.35, "frp": 10.53, "daynight": "N" }, "geometry": { "type": "Point", "coordinates": [ 72.6702, 21.16485 ] } },
{ "type": "Feature", "properties": { "latitude": 21.16537, "longitude": 72.66583, "bright_ti4": 334.66, "scan": 0.45, "track": 0.47, "acq_date": "2026-09-11", "acq_time": 2034, "satellite": "N", "instrument": "VIIRS", "confidence": "n", "version": "2.0NRT", "bright_ti5": 289.32, "frp": 10.37, "daynight": "N" }, "geometry": { "type": "Point", "coordinates": [ 72.66583, 21.16537 ] } },
{ "type": "Feature", "properties": { "latitude": 22.05133, "longitude": 88.12428, "bright_ti4": 298.19, "scan": 0.32, "track": 0.54, "acq_date": "2026-09-11", "acq_time": 2034, "satellite": "N", "instrument": "VIIRS", "confidence": "n", "version": "2.0NRT", "bright_ti5": 271.33, "frp": 1.24, "daynight": "N" }, "geometry": { "type": "Point", "coordinates": [ 88.12428, 22.05133 ] } },
{ "type": "Feature", "properties": { "latitude": 22.2472, "longitude": 87.39132, "bright_ti4": 298.05, "scan": 0.57, "track": 0.52, "acq_date": "2026-09-11", "acq_time": 2034, "satellite": "N", "instrument": "VIIRS", "confidence": "n", "version": "2.0NRT", "bright_ti5": 278.14, "frp": 1.37, "daynight": "N" }, "geometry": { "type": "Point", "coordinates": [ 87.39132, 22.2472 ] } },
{ "type": "Feature", "properties": { "latitude": 22.36478, "longitude": 87.30112, "bright_ti4": 309.44, "scan": 0.56, "track": 0.51, "acq_date": "2026-09-11", "acq_time": 2034, "satellite": "N", "instrument": "VIIRS", "confidence": "n", "version": "2.0NRT", "bright_ti5": 278.65, "frp": 1.6, "daynight": "N" }, "geometry": { "type": "Point", "coordinates": [ 87.30112, 22.36478 ] } },
{ "type": "Feature", "properties": { "latitude": 22.36546, "longitude": 87.01844, "bright_ti4": 298.31, "scan": 0.54, "track": 0.51, "acq_date": "2026-09-11", "acq_time": 2034, "satellite": "N", "instrument": "VIIRS", "confidence": "n", "version": "2.0NRT", "bright_ti5": 273.4, "frp": 0.92, "daynight": "N" }, "geometry": { "type": "Point", "coordinates": [ 87.01844, 22.36546 ] } },
{ "type": "Feature", "properties": { "latitude": 22.3659, "longitude": 87.29573, "bright_ti4": 299.76, "scan": 0.56, "track": 0.51, "acq_date": "2026-09-11", "acq_time": 2034, "satellite": "N", "instrument": "VIIRS", "confidence": "n", "version": "2.0NRT", "bright_ti5": 277.53, "frp": 1.6, "daynight": "N" }, "geometry": { "type": "Point", "coordinates": [ 87.29573, 22.3659 ] } },
{ "type": "Feature", "properties": { "latitude": 22.37058, "longitude": 87.29688, "bright_ti4": 305.95, "scan": 0.56, "track": 0.51, "acq_date": "2026-09-11", "acq_time": 2034, "satellite": "N", "instrument": "VIIRS", "confidence": "n", "version": "2.0NRT", "bright_ti5": 277.13, "frp": 1.6, "daynight": "N" }, "geometry": { "type": "Point", "coordinates": [ 87.29688, 22.37058 ] } },
{ "type": "Feature", "properties": { "latitude": 22.37859, "longitude": 87.28189, "bright_ti4": 309.21, "scan": 0.56, "track": 0.51, "acq_date": "2026-09-11", "acq_time": 2034, "satellite": "N", "instrument": "VIIRS", "confidence": "n", "version": "2.0NRT", "bright_ti5": 278.48, "frp": 2.67, "daynight": "N" }, "geometry": { "type": "Point", "coordinates": [ 87.28189, 22.37859 ] } },
{ "type": "Feature", "properties": { "latitude": 22.41649, "longitude": 69.03779, "bright_ti4": 312.23, "scan": 0.39, "track": 0.6, "acq_date": "2026-09-11", "acq_time": 2034, "satellite": "N", "instrument": "VIIRS", "confidence": "n", "version": "2.0NRT", "bright_ti5": 291.92, "frp": 1.4, "daynight": "N" }, "geometry": { "type": "Point", "coordinates": [ 69.03779, 22.41649 ] } },
{ "type": "Feature", "properties": { "latitude": 22.9267, "longitude": 69.82265, "bright_ti4": 307.63, "scan": 0.36, "track": 0.57, "acq_date": "2026-09-11", "acq_time": 2034, "satellite": "N", "instrument": "VIIRS", "confidence": "n", "version": "2.0NRT", "bright_ti5": 291.83, "frp": 0.89, "daynight": "N" }, "geometry": { "type": "Point", "coordinates": [ 69.82265, 22.9267 ] } },
{ "type": "Feature", "properties": { "latitude": 22.93276, "longitude": 69.70088, "bright_ti4": 303.67, "scan": 0.36, "track": 0.58, "acq_date": "2026-09-11", "acq_time": 2034, "satellite": "N", "instrument": "VIIRS", "confidence": "n", "version": "2.0NRT", "bright_ti5": 288.44, "frp": 0.56, "daynight": "N" }, "geometry": { "type": "Point", "coordinates": [ 69.70088, 22.93276 ] } },
{ "type": "Feature", "properties": { "latitude": 22.9331, "longitude": 69.69727, "bright_ti4": 306.91, "scan": 0.36, "track": 0.58, "acq_date": "2026-09-11", "acq_time": 2034, "satellite": "N", "instrument": "VIIRS", "confidence": "n", "version": "2.0NRT", "bright_ti5": 288.63, "frp": 0.56, "daynight": "N" }, "geometry": { "type": "Point", "coordinates": [ 69.69727, 22.9331 ] } },
{ "type": "Feature", "properties": { "latitude": 23.26521, "longitude": 70.25777, "bright_ti4": 304.89, "scan": 0.34, "track": 0.56, "acq_date": "2026-09-11", "acq_time": 2034, "satellite": "N", "instrument": "VIIRS", "confidence": "n", "version": "2.0NRT", "bright_ti5": 292.8, "frp": 0.85, "daynight": "N" }, "geometry": { "type": "Point", "coordinates": [ 70.25777, 23.26521 ] } },
{ "type": "Feature", "properties": { "latitude": 23.55926, "longitude": 87.23817, "bright_ti4": 303.14, "scan": 0.52, "track": 0.5, "acq_date": "2026-09-11", "acq_time": 2034, "satellite": "N", "instrument": "VIIRS", "confidence": "n", "version": "2.0NRT", "bright_ti5": 275.51, "frp": 1.74, "daynight": "N" }, "geometry": { "type": "Point", "coordinates": [ 87.23817, 23.55926 ] } },
{ "type": "Feature", "properties": { "latitude": 23.5627, "longitude": 87.08546, "bright_ti4": 303.71, "scan": 0.51, "track": 0.5, "acq_date": "2026-09-11", "acq_time": 2034, "satellite": "N", "instrument": "VIIRS", "confidence": "n", "version": "2.0NRT", "bright_ti5": 278.13, "frp": 1.24, "daynight": "N" }, "geometry": { "type": "Point", "coordinates": [ 87.08546, 23.5627 ] } },
{ "type": "Feature", "properties": { "latitude": 23.66188, "longitude": 87.15467, "bright_ti4": 300.0, "scan": 0.52, "track": 0.5, "acq_date": "2026-09-11", "acq_time": 2034, "satellite": "N", "instrument": "VIIRS", "confidence": "n", "version": "2.0NRT", "bright_ti5": 275.93, "frp": 1.31, "daynight": "N" }, "geometry": { "type": "Point", "coordinates": [ 87.15467, 23.66188 ] } },
{ "type": "Feature", "properties": { "latitude": 23.66734, "longitude": 86.09063, "bright_ti4": 304.88, "scan": 0.45, "track": 0.47, "acq_date": "2026-09-11", "acq_time": 2034, "satellite": "N", "instrument": "VIIRS", "confidence": "n", "version": "2.0NRT", "bright_ti5": 286.91, "frp": 1.46, "daynight": "N" }, "geometry": { "type": "Point", "coordinates": [ 86.09063, 23.66734 ] } },
{ "type": "Feature", "properties": { "latitude": 23.67404, "longitude": 86.39622, "bright_ti4": 295.03, "scan": 0.46, "track": 0.47, "acq_date": "2026-09-11", "acq_time": 2034, "satellite": "N", "instrument": "VIIRS", "confidence": "n", "version": "2.0NRT", "bright_ti5": 269.67, "frp": 0.72, "daynight": "N" }, "geometry": { "type": "Point", "coordinates": [ 86.39622, 23.67404 ] } },
{ "type": "Feature", "properties": { "latitude": 23.67691, "longitude": 86.39936, "bright_ti4": 306.6, "scan": 0.46, "track": 0.47, "acq_date": "2026-09-11", "acq_time": 2034, "satellite": "N", "instrument": "VIIRS", "confidence": "n", "version": "2.0NRT", "bright_ti5": 271.88, "frp": 1.02, "daynight": "N" }, "geometry": { "type": "Point", "coordinates": [ 86.39936, 23.67691 ] } },
{ "type": "Feature", "properties": { "latitude": 23.6774, "longitude": 86.1067, "bright_ti4": 307.43, "scan": 0.45, "track": 0.47, "acq_date": "2026-09-11", "acq_time": 2034, "satellite": "N", "instrument": "VIIRS", "confidence": "n", "version": "2.0NRT", "bright_ti5": 288.78, "frp": 1.17, "daynight": "N" }, "geometry": { "type": "Point", "coordinates": [ 86.1067, 23.6774 ] } },
{ "type": "Feature", "properties": { "latitude": 23.67743, "longitude": 86.40173, "bright_ti4": 301.45, "scan": 0.46, "track": 0.47, "acq_date": "2026-09-11", "acq_time": 2034, "satellite": "N", "instrument": "VIIRS", "confidence": "n", "version": "2.0NRT", "bright_ti5": 272.9, "frp": 0.97, "daynight": "N" }, "geometry": { "type": "Point", "coordinates": [ 86.40173, 23.67743 ] } },
{ "type": "Feature", "properties": { "latitude": 23.67782, "longitude": 86.39482, "bright_ti4": 306.34, "scan": 0.46, "track": 0.47, "acq_date": "2026-09-11", "acq_time": 2034, "satellite": "N", "instrument": "VIIRS", "confidence": "n", "version": "2.0NRT", "bright_ti5": 270.96, "frp": 1.02, "daynight": "N" }, "geometry": { "type": "Point", "coordinates": [ 86.39482, 23.67782 ] } },
{ "type": "Feature", "properties": { "latitude": 23.67837, "longitude": 86.39718, "bright_ti4": 303.97, "scan": 0.46, "track": 0.47, "acq_date": "2026-09-11", "acq_time": 2034, "satellite": "N", "instrument": "VIIRS", "confidence": "n", "version": "2.0NRT", "bright_ti5": 271.24, "frp": 1.17, "daynight": "N" }, "geometry": { "type": "Point", "coordinates": [ 86.39718, 23.67837 ] } },
{ "type": "Feature", "properties": { "latitude": 23.67929, "longitude": 86.39272, "bright_ti4": 302.1, "scan": 0.46, "track": 0.47, "acq_date": "2026-09-11", "acq_time": 2034, "satellite": "N", "instrument": "VIIRS", "confidence": "n", "version": "2.0NRT", "bright_ti5": 272.19, "frp": 1.17, "daynight": "N" }, "geometry": { "type": "Point", "coordinates": [ 86.39272, 23.67929 ] } },
{ "type": "Feature", "properties": { "latitude": 23.68214, "longitude": 86.39581, "bright_ti4": 303.53, "scan": 0.46, "track": 0.47, "acq_date": "2026-09-11", "acq_time": 2034, "satellite": "N", "instrument": "VIIRS", "confidence": "n", "version": "2.0NRT", "bright_ti5": 270.22, "frp": 1.02, "daynight": "N" }, "geometry": { "type": "Point", "coordinates": [ 86.39581, 23.68214 ] } },
{ "type": "Feature", "properties": { "latitude": 23.68302, "longitude": 86.39138, "bright_ti4": 299.91, "scan": 0.46, "track": 0.47, "acq_date": "2026-09-11", "acq_time": 2034, "satellite": "N", "instrument": "VIIRS", "confidence": "n", "version": "2.0NRT", "bright_ti5": 274.17, "frp": 1.88, "daynight": "N" }, "geometry": { "type": "Point", "coordinates": [ 86.39138, 23.68302 ] } },
{ "type": "Feature", "properties": { "latitude": 23.68361, "longitude": 86.39369, "bright_ti4": 309.5, "scan": 0.46, "track": 0.47, "acq_date": "2026-09-11", "acq_time": 2034, "satellite": "N", "instrument": "VIIRS", "confidence": "n", "version": "2.0NRT", "bright_ti5": 271.69, "frp": 1.17, "daynight": "N" }, "geometry": { "type": "Point", "coordinates": [ 86.39369, 23.68361 ] } },
{ "type": "Feature", "properties": { "latitude": 23.69176, "longitude": 87.12515, "bright_ti4": 296.53, "scan": 0.51, "track": 0.5, "acq_date": "2026-09-11", "acq_time": 2034, "satellite": "N", "instrument": "VIIRS", "confidence": "n", "version": "2.0NRT", "bright_ti5": 273.57, "frp": 0.42, "daynight": "N" }, "geometry": { "type": "Point", "coordinates": [ 87.12515, 23.69176 ] } },
{ "type": "Feature", "properties": { "latitude": 23.69279, "longitude": 87.12022, "bright_ti4": 296.37, "scan": 0.51, "track": 0.5, "acq_date": "2026-09-11", "acq_time": 2034, "satellite": "N", "instrument": "VIIRS", "confidence": "n", "version": "2.0NRT", "bright_ti5": 273.63, "frp": 0.42, "daynight": "N" }, "geometry": { "type": "Point", "coordinates": [ 87.12022, 23.69279 ] } },
{ "type": "Feature", "properties": { "latitude": 23.69408, "longitude": 85.36958, "bright_ti4": 319.01, "scan": 0.4, "track": 0.45, "acq_date": "2026-09-11", "acq_time": 2034, "satellite": "N", "instrument": "VIIRS", "confidence": "n", "version": "2.0NRT", "bright_ti5": 283.12, "frp": 3.16, "daynight": "N" }, "geometry": { "type": "Point", "coordinates": [ 85.36958, 23.69408 ] } },
{ "type": "Feature", "properties": { "latitude": 23.69616, "longitude": 86.07954, "bright_ti4": 306.56, "scan": 0.44, "track": 0.46, "acq_date": "2026-09-11", "acq_time": 2034, "satellite": "N", "instrument": "VIIRS", "confidence": "n", "version": "2.0NRT", "bright_ti5": 286.55, "frp": 2.97, "daynight": "N" }, "geometry": { "type": "Point", "coordinates": [ 86.07954, 23.69616 ] } },
{ "type": "Feature", "properties": { "latitude": 23.69703, "longitude": 86.07521, "bright_ti4": 342.93, "scan": 0.44, "track": 0.46, "acq_date": "2026-09-11", "acq_time": 2034, "satellite": "N", "instrument": "VIIRS", "confidence": "n", "version": "2.0NRT", "bright_ti5": 285.97, "frp": 2.97, "daynight": "N" }, "geometry": { "type": "Point", "coordinates": [ 86.07521, 23.69703 ] } },
{ "type": "Feature", "properties": { "latitude": 23.6979, "longitude": 86.07088, "bright_ti4": 305.93, "scan": 0.44, "track": 0.46, "acq_date": "2026-09-11", "acq_time": 2034, "satellite": "N", "instrument": "VIIRS", "confidence": "n", "version": "2.0NRT", "bright_ti5": 285.34, "frp": 2.77, "daynight": "N" }, "geometry": { "type": "Point", "coordinates": [ 86.07088, 23.6979 ] } },
{ "type": "Feature", "properties": { "latitude": 23.70125, "longitude": 86.07622, "bright_ti4": 320.87, "scan": 0.44, "track": 0.46, "acq_date": "2026-09-11", "acq_time": 2034, "satellite": "N", "instrument": "VIIRS", "confidence": "n", "version": "2.0NRT", "bright_ti5": 285.98, "frp": 2.97, "daynight": "N" }, "geometry": { "type": "Point", "coordinates": [ 86.07622, 23.70125 ] } },
{ "type": "Feature", "properties": { "latitude": 23.71227, "longitude": 86.45252, "bright_ti4": 295.09, "scan": 0.47, "track": 0.48, "acq_date": "2026-09-11", "acq_time": 2034, "satellite": "N", "instrument": "VIIRS", "confidence": "n", "version": "2.0NRT", "bright_ti5": 263.28, "frp": 0.41, "daynight": "N" }, "geometry": { "type": "Point", "coordinates": [ 86.45252, 23.71227 ] } },
{ "type": "Feature", "properties": { "latitude": 23.73847, "longitude": 86.43504, "bright_ti4": 312.83, "scan": 0.47, "track": 0.47, "acq_date": "2026-09-11", "acq_time": 2034, "satellite": "N", "instrument": "VIIRS", "confidence": "n", "version": "2.0NRT", "bright_ti5": 274.14, "frp": 2.43, "daynight": "N" }, "geometry": { "type": "Point", "coordinates": [ 86.43504, 23.73847 ] } },
{ "type": "Feature", "properties": { "latitude": 23.73969, "longitude": 85.01115, "bright_ti4": 297.18, "scan": 0.38, "track": 0.44, "acq_date": "2026-09-11", "acq_time": 2034, "satellite": "N", "instrument": "VIIRS", "confidence": "n", "version": "2.0NRT", "bright_ti5": 283.89, "frp": 0.79, "daynight": "N" }, "geometry": { "type": "Point", "coordinates": [ 85.01115, 23.73969 ] } },
{ "type": "Feature", "properties": { "latitude": 23.75447, "longitude": 85.85305, "bright_ti4": 307.08, "scan": 0.43, "track": 0.46, "acq_date": "2026-09-11", "acq_time": 2034, "satellite": "N", "instrument": "VIIRS", "confidence": "n", "version": "2.0NRT", "bright_ti5": 284.53, "frp": 2.0, "daynight": "N" }, "geometry": { "type": "Point", "coordinates": [ 85.85305, 23.75447 ] } },
{ "type": "Feature", "properties": { "latitude": 23.7587, "longitude": 86.40199, "bright_ti4": 312.87, "scan": 0.46, "track": 0.47, "acq_date": "2026-09-11", "acq_time": 2034, "satellite": "N", "instrument": "VIIRS", "confidence": "n", "version": "2.0NRT", "bright_ti5": 274.38, "frp": 2.58, "daynight": "N" }, "geometry": { "type": "Point", "coordinates": [ 86.40199, 23.7587 ] } },
{ "type": "Feature", "properties": { "latitude": 23.76302, "longitude": 86.403, "bright_ti4": 318.41, "scan": 0.46, "track": 0.47, "acq_date": "2026-09-11", "acq_time": 2034, "satellite": "N", "instrument": "VIIRS", "confidence": "n", "version": "2.0NRT", "bright_ti5": 275.77, "frp": 2.58, "daynight": "N" }, "geometry": { "type": "Point", "coordinates": [ 86.403, 23.76302 ] } },
{ "type": "Feature", "properties": { "latitude": 23.76481, "longitude": 86.39408, "bright_ti4": 298.26, "scan": 0.46, "track": 0.47, "acq_date": "2026-09-11", "acq_time": 2034, "satellite": "N", "instrument": "VIIRS", "confidence": "n", "version": "2.0NRT", "bright_ti5": 273.37, "frp": 2.26, "daynight": "N" }, "geometry": { "type": "Point", "coordinates": [ 86.39408, 23.76481 ] } },
{ "type": "Feature", "properties": { "latitude": 23.76732, "longitude": 86.40403, "bright_ti4": 305.33, "scan": 0.46, "track": 0.47, "acq_date": "2026-09-11", "acq_time": 2034, "satellite": "N", "instrument": "VIIRS", "confidence": "n", "version": "2.0NRT", "bright_ti5": 274.5, "frp": 1.57, "daynight": "N" }, "geometry": { "type": "Point", "coordinates": [ 86.40403, 23.76732 ] } },
{ "type": "Feature", "properties": { "latitude": 23.77329, "longitude": 86.19618, "bright_ti4": 308.76, "scan": 0.45, "track": 0.47, "acq_date": "2026-09-11", "acq_time": 2034, "satellite": "N", "instrument": "VIIRS", "confidence": "n", "version": "2.0NRT", "bright_ti5": 287.49, "frp": 1.69, "daynight": "N" }, "geometry": { "type": "Point", "coordinates": [ 86.19618, 23.77329 ] } },
{ "type": "Feature", "properties": { "latitude": 23.7749, "longitude": 86.21031, "bright_ti4": 306.06, "scan": 0.45, "track": 0.47, "acq_date": "2026-09-11", "acq_time": 2034, "satellite": "N", "instrument": "VIIRS", "confidence": "n", "version": "2.0NRT", "bright_ti5": 286.88, "frp": 1.35, "daynight": "N" }, "geometry": { "type": "Point", "coordinates": [ 86.21031, 23.7749 ] } },
{ "type": "Feature", "properties": { "latitude": 23.77917, "longitude": 86.21124, "bright_ti4": 326.49, "scan": 0.45, "track": 0.47, "acq_date": "2026-09-11", "acq_time": 2034, "satellite": "N", "instrument": "VIIRS", "confidence": "n", "version": "2.0NRT", "bright_ti5": 287.43, "frp": 3.19, "daynight": "N" }, "geometry": { "type": "Point", "coordinates": [ 86.21124, 23.77917 ] } },
{ "type": "Feature", "properties": { "latitude": 23.78005, "longitude": 86.20687, "bright_ti4": 306.98, "scan": 0.45, "track": 0.47, "acq_date": "2026-09-11", "acq_time": 2034, "satellite": "N", "instrument": "VIIRS", "confidence": "n", "version": "2.0NRT", "bright_ti5": 287.43, "frp": 2.85, "daynight": "N" }, "geometry": { "type": "Point", "coordinates": [ 86.20687, 23.78005 ] } },
{ "type": "Feature", "properties": { "latitude": 23.78417, "longitude": 86.34245, "bright_ti4": 305.26, "scan": 0.46, "track": 0.47, "acq_date": "2026-09-11", "acq_time": 2034, "satellite": "N", "instrument": "VIIRS", "confidence": "n", "version": "2.0NRT", "bright_ti5": 282.74, "frp": 1.93, "daynight": "N" }, "geometry": { "type": "Point", "coordinates": [ 86.34245, 23.78417 ] } },
{ "type": "Feature", "properties": { "latitude": 23.7882, "longitude": 85.55163, "bright_ti4": 313.64, "scan": 0.41, "track": 0.45, "acq_date": "2026-09-11", "acq_time": 2034, "satellite": "N", "instrument": "VIIRS", "confidence": "n", "version": "2.0NRT", "bright_ti5": 286.05, "frp": 2.36, "daynight": "N" }, "geometry": { "type": "Point", "coordinates": [ 85.55163, 23.7882 ] } },
{ "type": "Feature", "properties": { "latitude": 23.79527, "longitude": 86.35438, "bright_ti4": 313.6, "scan": 0.46, "track": 0.47, "acq_date": "2026-09-11", "acq_time": 2034, "satellite": "N", "instrument": "VIIRS", "confidence": "n", "version": "2.0NRT", "bright_ti5": 282.03, "frp": 2.15, "daynight": "N" }, "geometry": { "type": "Point", "coordinates": [ 86.35438, 23.79527 ] } },
{ "type": "Feature", "properties": { "latitude": 23.79647, "longitude": 86.35325, "bright_ti4": 311.44, "scan": 0.46, "track": 0.47, "acq_date": "2026-09-11", "acq_time": 2034, "satellite": "N", "instrument": "VIIRS", "confidence": "n", "version": "2.0NRT", "bright_ti5": 282.13, "frp": 1.77, "daynight": "N" }, "geometry": { "type": "Point", "coordinates": [ 86.35325, 23.79647 ] } },
{ "type": "Feature", "properties": { "latitude": 23.80108, "longitude": 86.33093, "bright_ti4": 305.12, "scan": 0.46, "track": 0.47, "acq_date": "2026-09-11", "acq_time": 2034, "satellite": "N", "instrument": "VIIRS", "confidence": "n", "version": "2.0NRT", "bright_ti5": 279.47, "frp": 1.08, "daynight": "N" }, "geometry": { "type": "Point", "coordinates": [ 86.33093, 23.80108 ] } },
{ "type": "Feature", "properties": { "latitude": 23.80401, "longitude": 86.33302, "bright_ti4": 302.43, "scan": 0.46, "track": 0.47, "acq_date": "2026-09-11", "acq_time": 2034, "satellite": "N", "instrument": "VIIRS", "confidence": "n", "version": "2.0NRT", "bright_ti5": 280.04, "frp": 1.38, "daynight": "N" }, "geometry": { "type": "Point", "coordinates": [ 86.33302, 23.80401 ] } },
{ "type": "Feature", "properties": { "latitude": 23.80489, "longitude": 86.32858, "bright_ti4": 310.34, "scan": 0.46, "track": 0.47, "acq_date": "2026-09-11", "acq_time": 2034, "satellite": "N", "instrument": "VIIRS", "confidence": "n", "version": "2.0NRT", "bright_ti5": 280.28, "frp": 1.38, "daynight": "N" }, "geometry": { "type": "Point", "coordinates": [ 86.32858, 23.80489 ] } },
{ "type": "Feature", "properties": { "latitude": 23.80536, "longitude": 86.33195, "bright_ti4": 306.3, "scan": 0.46, "track": 0.47, "acq_date": "2026-09-11", "acq_time": 2034, "satellite": "N", "instrument": "VIIRS", "confidence": "n", "version": "2.0NRT", "bright_ti5": 281.4, "frp": 1.08, "daynight": "N" }, "geometry": { "type": "Point", "coordinates": [ 86.33195, 23.80536 ] } },
{ "type": "Feature", "properties": { "latitude": 23.80626, "longitude": 86.32754, "bright_ti4": 301.06, "scan": 0.46, "track": 0.47, "acq_date": "2026-09-11", "acq_time": 2034, "satellite": "N", "instrument": "VIIRS", "confidence": "n", "version": "2.0NRT", "bright_ti5": 280.45, "frp": 1.08, "daynight": "N" }, "geometry": { "type": "Point", "coordinates": [ 86.32754, 23.80626 ] } },
{ "type": "Feature", "properties": { "latitude": 24.19785, "longitude": 82.71539, "bright_ti4": 319.36, "scan": 0.44, "track": 0.38, "acq_date": "2026-09-11", "acq_time": 2034, "satellite": "N", "instrument": "VIIRS", "confidence": "n", "version": "2.0NRT", "bright_ti5": 288.24, "frp": 2.61, "daynight": "N" }, "geometry": { "type": "Point", "coordinates": [ 82.71539, 24.19785 ] } },
{ "type": "Feature", "properties": { "latitude": 13.18113, "longitude": 79.91359, "bright_ti4": 304.89, "scan": 0.44, "track": 0.39, "acq_date": "2026-09-11", "acq_time": 2036, "satellite": "N", "instrument": "VIIRS", "confidence": "n", "version": "2.0NRT", "bright_ti5": 288.79, "frp": 0.88, "daynight": "N" }, "geometry": { "type": "Point", "coordinates": [ 79.91359, 13.18113 ] } },
{ "type": "Feature", "properties": { "latitude": 13.39206, "longitude": 80.10056, "bright_ti4": 307.08, "scan": 0.45, "track": 0.39, "acq_date": "2026-09-11", "acq_time": 2036, "satellite": "N", "instrument": "VIIRS", "confidence": "n", "version": "2.0NRT", "bright_ti5": 289.17, "frp": 1.34, "daynight": "N" }, "geometry": { "type": "Point", "coordinates": [ 80.10056, 13.39206 ] } },
{ "type": "Feature", "properties": { "latitude": 15.02417, "longitude": 78.01468, "bright_ti4": 305.44, "scan": 0.39, "track": 0.36, "acq_date": "2026-09-11", "acq_time": 2036, "satellite": "N", "instrument": "VIIRS", "confidence": "n", "version": "2.0NRT", "bright_ti5": 284.08, "frp": 2.26, "daynight": "N" }, "geometry": { "type": "Point", "coordinates": [ 78.01468, 15.02417 ] } },
{ "type": "Feature", "properties": { "latitude": 15.02515, "longitude": 76.50147, "bright_ti4": 309.08, "scan": 0.39, "track": 0.36, "acq_date": "2026-09-11", "acq_time": 2036, "satellite": "N", "instrument": "VIIRS", "confidence": "n", "version": "2.0NRT", "bright_ti5": 288.72, "frp": 0.8, "daynight": "N" }, "geometry": { "type": "Point", "coordinates": [ 76.50147, 15.02515 ] } },
{ "type": "Feature", "properties": { "latitude": 15.16826, "longitude": 76.67259, "bright_ti4": 314.56, "scan": 0.39, "track": 0.36, "acq_date": "2026-09-11", "acq_time": 2036, "satellite": "N", "instrument": "VIIRS", "confidence": "n", "version": "2.0NRT", "bright_ti5": 291.21, "frp": 2.01, "daynight": "N" }, "geometry": { "type": "Point", "coordinates": [ 76.67259, 15.16826 ] } },
{ "type": "Feature", "properties": { "latitude": 15.16912, "longitude": 76.37862, "bright_ti4": 302.57, "scan": 0.39, "track": 0.36, "acq_date": "2026-09-11", "acq_time": 2036, "satellite": "N", "instrument": "VIIRS", "confidence": "n", "version": "2.0NRT", "bright_ti5": 283.21, "frp": 0.92, "daynight": "N" }, "geometry": { "type": "Point", "coordinates": [ 76.37862, 15.16912 ] } },
{ "type": "Feature", "properties": { "latitude": 15.17247, "longitude": 76.37917, "bright_ti4": 304.41, "scan": 0.39, "track": 0.36, "acq_date": "2026-09-11", "acq_time": 2036, "satellite": "N", "instrument": "VIIRS", "confidence": "n", "version": "2.0NRT", "bright_ti5": 284.12, "frp": 0.92, "daynight": "N" }, "geometry": { "type": "Point", "coordinates": [ 76.37917, 15.17247 ] } },
{ "type": "Feature", "properties": { "latitude": 15.17353, "longitude": 76.65462, "bright_ti4": 312.41, "scan": 0.39, "track": 0.36, "acq_date": "2026-09-11", "acq_time": 2036, "satellite": "N", "instrument": "VIIRS", "confidence": "n", "version": "2.0NRT", "bright_ti5": 289.89, "frp": 1.95, "daynight": "N" }, "geometry": { "type": "Point", "coordinates": [ 76.65462, 15.17353 ] } },
{ "type": "Feature", "properties": { "latitude": 15.17464, "longitude": 76.69185, "bright_ti4": 304.65, "scan": 0.39, "track": 0.36, "acq_date": "2026-09-11", "acq_time": 2036, "satellite": "N", "instrument": "VIIRS", "confidence": "n", "version": "2.0NRT", "bright_ti5": 284.95, "frp": 1.61, "daynight": "N" }, "geometry": { "type": "Point", "coordinates": [ 76.69185, 15.17464 ] } },
{ "type": "Feature", "properties": { "latitude": 15.17631, "longitude": 76.65878, "bright_ti4": 318.99, "scan": 0.39, "track": 0.36, "acq_date": "2026-09-11", "acq_time": 2036, "satellite": "N", "instrument": "VIIRS", "confidence": "n", "version": "2.0NRT", "bright_ti5": 291.02, "frp": 1.95, "daynight": "N" }, "geometry": { "type": "Point", "coordinates": [ 76.65878, 15.17631 ] } },
{ "type": "Feature", "properties": { "latitude": 15.17686, "longitude": 76.65517, "bright_ti4": 332.84, "scan": 0.39, "track": 0.36, "acq_date": "2026-09-11", "acq_time": 2036, "satellite": "N", "instrument": "VIIRS", "confidence": "n", "version": "2.0NRT", "bright_ti5": 292.0, "frp": 1.95, "daynight": "N" }, "geometry": { "type": "Point", "coordinates": [ 76.65517, 15.17686 ] } },
{ "type": "Feature", "properties": { "latitude": 15.1802, "longitude": 76.65571, "bright_ti4": 303.39, "scan": 0.39, "track": 0.36, "acq_date": "2026-09-11", "acq_time": 2036, "satellite": "N", "instrument": "VIIRS", "confidence": "n", "version": "2.0NRT", "bright_ti5": 284.86, "frp": 0.72, "daynight": "N" }, "geometry": { "type": "Point", "coordinates": [ 76.65571, 15.1802 ] } },
{ "type": "Feature", "properties": { "latitude": 15.22512, "longitude": 76.76299, "bright_ti4": 300.51, "scan": 0.39, "track": 0.36, "acq_date": "2026-09-11", "acq_time": 2036, "satellite": "N", "instrument": "VIIRS", "confidence": "n", "version": "2.0NRT", "bright_ti5": 274.54, "frp": 0.96, "daynight": "N" }, "geometry": { "type": "Point", "coordinates": [ 76.76299, 15.22512 ] } },
{ "type": "Feature", "properties": { "latitude": 15.65624, "longitude": 73.99073, "bright_ti4": 303.93, "scan": 0.48, "track": 0.4, "acq_date": "2026-09-11", "acq_time": 2036, "satellite": "N", "instrument": "VIIRS", "confidence": "n", "version": "2.0NRT", "bright_ti5": 288.34, "frp": 0.43, "daynight": "N" }, "geometry": { "type": "Point", "coordinates": [ 73.99073, 15.65624 ] } },
{ "type": "Feature", "properties": { "latitude": 18.57696, "longitude": 72.2394, "bright_ti4": 310.99, "scan": 0.44, "track": 0.46, "acq_date": "2026-09-11", "acq_time": 2036, "satellite": "N", "instrument": "VIIRS", "confidence": "n", "version": "2.0NRT", "bright_ti5": 292.56, "frp": 2.03, "daynight": "N" }, "geometry": { "type": "Point", "coordinates": [ 72.2394, 18.57696 ] } },
{ "type": "Feature", "properties": { "latitude": 18.58124, "longitude": 72.24, "bright_ti4": 311.98, "scan": 0.44, "track": 0.46, "acq_date": "2026-09-11", "acq_time": 2036, "satellite": "N", "instrument": "VIIRS", "confidence": "n", "version": "2.0NRT", "bright_ti5": 292.79, "frp": 2.03, "daynight": "N" }, "geometry": { "type": "Point", "coordinates": [ 72.24, 18.58124 ] } },
{ "type": "Feature", "properties": { "latitude": 18.68483, "longitude": 73.02999, "bright_ti4": 314.34, "scan": 0.4, "track": 0.44, "acq_date": "2026-09-11", "acq_time": 2036, "satellite": "N", "instrument": "VIIRS", "confidence": "n", "version": "2.0NRT", "bright_ti5": 291.14, "frp": 1.51, "daynight": "N" }, "geometry": { "type": "Point", "coordinates": [ 73.02999, 18.68483 ] } },
{ "type": "Feature", "properties": { "latitude": 18.69148, "longitude": 73.0425, "bright_ti4": 316.86, "scan": 0.4, "track": 0.44, "acq_date": "2026-09-11", "acq_time": 2036, "satellite": "N", "instrument": "VIIRS", "confidence": "n", "version": "2.0NRT", "bright_ti5": 290.51, "frp": 1.61, "daynight": "N" }, "geometry": { "type": "Point", "coordinates": [ 73.0425, 18.69148 ] } },
{ "type": "Feature", "properties": { "latitude": 18.69197, "longitude": 73.03873, "bright_ti4": 308.23, "scan": 0.4, "track": 0.44, "acq_date": "2026-09-11", "acq_time": 2036, "satellite": "N", "instrument": "VIIRS", "confidence": "n", "version": "2.0NRT", "bright_ti5": 291.06, "frp": 1.61, "daynight": "N" }, "geometry": { "type": "Point", "coordinates": [ 73.03873, 18.69197 ] } },
{ "type": "Feature", "properties": { "latitude": 18.81351, "longitude": 74.30283, "bright_ti4": 299.21, "scan": 0.51, "track": 0.41, "acq_date": "2026-09-11", "acq_time": 2036, "satellite": "N", "instrument": "VIIRS", "confidence": "n", "version": "2.0NRT", "bright_ti5": 282.78, "frp": 0.44, "daynight": "N" }, "geometry": { "type": "Point", "coordinates": [ 74.30283, 18.81351 ] } },
{ "type": "Feature", "properties": { "latitude": 19.22277, "longitude": 74.8159, "bright_ti4": 301.94, "scan": 0.48, "track": 0.4, "acq_date": "2026-09-11", "acq_time": 2036, "satellite": "N", "instrument": "VIIRS", "confidence": "n", "version": "2.0NRT", "bright_ti5": 287.42, "frp": 0.77, "daynight": "N" }, "geometry": { "type": "Point", "coordinates": [ 74.8159, 19.22277 ] } },
{ "type": "Feature", "properties": { "latitude": 19.27853, "longitude": 71.42562, "bright_ti4": 309.73, "scan": 0.51, "track": 0.49, "acq_date": "2026-09-11", "acq_time": 2036, "satellite": "N", "instrument": "VIIRS", "confidence": "n", "version": "2.0NRT", "bright_ti5": 293.72, "frp": 2.82, "daynight": "N" }, "geometry": { "type": "Point", "coordinates": [ 71.42562, 19.27853 ] } },
{ "type": "Feature", "properties": { "latitude": 19.37048, "longitude": 71.35533, "bright_ti4": 315.22, "scan": 0.51, "track": 0.5, "acq_date": "2026-09-11", "acq_time": 2036, "satellite": "N", "instrument": "VIIRS", "confidence": "n", "version": "2.0NRT", "bright_ti5": 292.72, "frp": 4.16, "daynight": "N" }, "geometry": { "type": "Point", "coordinates": [ 71.35533, 19.37048 ] } },
{ "type": "Feature", "properties": { "latitude": 19.93491, "longitude": 73.71051, "bright_ti4": 305.03, "scan": 0.56, "track": 0.43, "acq_date": "2026-09-11", "acq_time": 2036, "satellite": "N", "instrument": "VIIRS", "confidence": "n", "version": "2.0NRT", "bright_ti5": 280.5, "frp": 1.46, "daynight": "N" }, "geometry": { "type": "Point", "coordinates": [ 73.71051, 19.93491 ] } },
{ "type": "Feature", "properties": { "latitude": 6.71797, "longitude": 81.23399, "bright_ti4": 319.11, "scan": 0.43, "track": 0.46, "acq_date": "2026-09-11", "acq_time": 2038, "satellite": "N", "instrument": "VIIRS", "confidence": "n", "version": "2.0NRT", "bright_ti5": 291.03, "frp": 1.65, "daynight": "N" }, "geometry": { "type": "Point", "coordinates": [ 81.23399, 6.71797 ] } },
{ "type": "Feature", "properties": { "latitude": 6.71807, "longitude": 81.23294, "bright_ti4": 330.98, "scan": 0.43, "track": 0.46, "acq_date": "2026-09-11", "acq_time": 2038, "satellite": "N", "instrument": "VIIRS", "confidence": "n", "version": "2.0NRT", "bright_ti5": 291.06, "frp": 2.18, "daynight": "N" }, "geometry": { "type": "Point", "coordinates": [ 81.23294, 6.71807 ] } },
{ "type": "Feature", "properties": { "latitude": 6.71861, "longitude": 81.23012, "bright_ti4": 308.34, "scan": 0.43, "track": 0.46, "acq_date": "2026-09-11", "acq_time": 2038, "satellite": "N", "instrument": "VIIRS", "confidence": "n", "version": "2.0NRT", "bright_ti5": 290.45, "frp": 1.46, "daynight": "N" }, "geometry": { "type": "Point", "coordinates": [ 81.23012, 6.71861 ] } },
{ "type": "Feature", "properties": { "latitude": 6.8708, "longitude": 81.53381, "bright_ti4": 316.06, "scan": 0.44, "track": 0.46, "acq_date": "2026-09-11", "acq_time": 2038, "satellite": "N", "instrument": "VIIRS", "confidence": "n", "version": "2.0NRT", "bright_ti5": 290.71, "frp": 2.02, "daynight": "N" }, "geometry": { "type": "Point", "coordinates": [ 81.53381, 6.8708 ] } },
{ "type": "Feature", "properties": { "latitude": 7.16058, "longitude": 81.04489, "bright_ti4": 303.81, "scan": 0.41, "track": 0.45, "acq_date": "2026-09-11", "acq_time": 2038, "satellite": "N", "instrument": "VIIRS", "confidence": "n", "version": "2.0NRT", "bright_ti5": 287.83, "frp": 0.74, "daynight": "N" }, "geometry": { "type": "Point", "coordinates": [ 81.04489, 7.16058 ] } },
{ "type": "Feature", "properties": { "latitude": 7.17868, "longitude": 81.09897, "bright_ti4": 304.79, "scan": 0.41, "track": 0.45, "acq_date": "2026-09-11", "acq_time": 2038, "satellite": "N", "instrument": "VIIRS", "confidence": "n", "version": "2.0NRT", "bright_ti5": 288.85, "frp": 0.74, "daynight": "N" }, "geometry": { "type": "Point", "coordinates": [ 81.09897, 7.17868 ] } },
{ "type": "Feature", "properties": { "latitude": 7.65734, "longitude": 80.63947, "bright_ti4": 311.03, "scan": 0.57, "track": 0.43, "acq_date": "2026-09-11", "acq_time": 2038, "satellite": "N", "instrument": "VIIRS", "confidence": "n", "version": "2.0NRT", "bright_ti5": 283.9, "frp": 1.93, "daynight": "N" }, "geometry": { "type": "Point", "coordinates": [ 80.63947, 7.65734 ] } },
{ "type": "Feature", "properties": { "latitude": 9.32874, "longitude": 77.42142, "bright_ti4": 321.89, "scan": 0.4, "track": 0.37, "acq_date": "2026-09-11", "acq_time": 2038, "satellite": "N", "instrument": "VIIRS", "confidence": "n", "version": "2.0NRT", "bright_ti5": 287.03, "frp": 2.04, "daynight": "N" }, "geometry": { "type": "Point", "coordinates": [ 77.42142, 9.32874 ] } },
{ "type": "Feature", "properties": { "latitude": 9.3321, "longitude": 77.42197, "bright_ti4": 324.79, "scan": 0.4, "track": 0.37, "acq_date": "2026-09-11", "acq_time": 2038, "satellite": "N", "instrument": "VIIRS", "confidence": "n", "version": "2.0NRT", "bright_ti5": 287.74, "frp": 2.04, "daynight": "N" }, "geometry": { "type": "Point", "coordinates": [ 77.42197, 9.3321 ] } },
{ "type": "Feature", "properties": { "latitude": 11.26878, "longitude": 80.00301, "bright_ti4": 308.2, "scan": 0.47, "track": 0.4, "acq_date": "2026-09-11", "acq_time": 2038, "satellite": "N", "instrument": "VIIRS", "confidence": "n", "version": "2.0NRT", "bright_ti5": 284.12, "frp": 2.98, "daynight": "N" }, "geometry": { "type": "Point", "coordinates": [ 80.00301, 11.26878 ] } },
{ "type": "Feature", "properties": { "latitude": 11.2689, "longitude": 80.00498, "bright_ti4": 306.35, "scan": 0.47, "track": 0.4, "acq_date": "2026-09-11", "acq_time": 2038, "satellite": "N", "instrument": "VIIRS", "confidence": "n", "version": "2.0NRT", "bright_ti5": 283.48, "frp": 3.58, "daynight": "N" }, "geometry": { "type": "Point", "coordinates": [ 80.00498, 11.2689 ] } },
{ "type": "Feature", "properties": { "latitude": 11.57125, "longitude": 77.67776, "bright_ti4": 306.91, "scan": 0.39, "track": 0.36, "acq_date": "2026-09-11", "acq_time": 2038, "satellite": "N", "instrument": "VIIRS", "confidence": "n", "version": "2.0NRT", "bright_ti5": 287.08, "frp": 2.27, "daynight": "N" }, "geometry": { "type": "Point", "coordinates": [ 77.67776, 11.57125 ] } },
{ "type": "Feature", "properties": { "latitude": 25.38903, "longitude": 68.58649, "bright_ti4": 295.44, "scan": 0.61, "track": 0.71, "acq_date": "2026-09-11", "acq_time": 2214, "satellite": "N", "instrument": "VIIRS", "confidence": "n", "version": "2.0NRT", "bright_ti5": 272.65, "frp": 0.79, "daynight": "N" }, "geometry": { "type": "Point", "coordinates": [ 68.58649, 25.38903 ] } },
{ "type": "Feature", "properties": { "latitude": 28.05043, "longitude": 69.36802, "bright_ti4": 309.48, "scan": 0.59, "track": 0.7, "acq_date": "2026-09-11", "acq_time": 2214, "satellite": "N", "instrument": "VIIRS", "confidence": "n", "version": "2.0NRT", "bright_ti5": 293.94, "frp": 1.32, "daynight": "N" }, "geometry": { "type": "Point", "coordinates": [ 69.36802, 28.05043 ] } },
{ "type": "Feature", "properties": { "latitude": 28.05118, "longitude": 69.36514, "bright_ti4": 305.0, "scan": 0.59, "track": 0.7, "acq_date": "2026-09-11", "acq_time": 2214, "satellite": "N", "instrument": "VIIRS", "confidence": "n", "version": "2.0NRT", "bright_ti5": 293.63, "frp": 1.32, "daynight": "N" }, "geometry": { "type": "Point", "coordinates": [ 69.36514, 28.05118 ] } },
{ "type": "Feature", "properties": { "latitude": 27.72672, "longitude": 96.28129, "bright_ti4": 333.96, "scan": 0.43, "track": 0.62, "acq_date": "2026-09-12", "acq_time": 608, "satellite": "N", "instrument": "VIIRS", "confidence": "n", "version": "2.0NRT", "bright_ti5": 288.25, "frp": 4.11, "daynight": "D" }, "geometry": { "type": "Point", "coordinates": [ 96.28129, 27.72672 ] } },
{ "type": "Feature", "properties": { "latitude": 27.73226, "longitude": 96.2794, "bright_ti4": 345.79, "scan": 0.43, "track": 0.62, "acq_date": "2026-09-12", "acq_time": 608, "satellite": "N", "instrument": "VIIRS", "confidence": "n", "version": "2.0NRT", "bright_ti5": 287.82, "frp": 4.11, "daynight": "D" }, "geometry": { "type": "Point", "coordinates": [ 96.2794, 27.73226 ] } }
]
}
