cluster_id,longitude,latitude,first_detection,last_detection,total_detections,active_days,mean_frp,max_frp,persistence_score,nearest_facility_name,nearest_facility_type,distance_to_facility_m,time_span_days,suggested_label,label_reasoning
430,69.67286666666666,28.040446666666668,2026-09-07,2026-09-08,3,2,3.4133333333333327,4.14,2.0,,industrial_works,283.181028,1,Industrial Fire,Close to an unnamed industrial_works (283m away) but only active 2 day(s) over a 1-day window (3 detections) — reads as a transient burn event at/near a facility rather than an ongoing source.
2012,80.49218666666667,7.799646666666667,2026-07-24,2026-07-25,3,2,1.2033333333333334,1.37,2.0,,,,1,Other/Unknown,"No nearby facility, moderate intensity (max FRP 1.4), short/low activity (2 active day(s) over 1 days, persistence score 2.00) — insufficient evidence to confidently classify."
2121,68.272976,29.861924,2026-07-16,2026-07-17,10,2,3.722,10.74,2.0,,,,1,Wildfire / Natural Fire,"No industrial facility within 5km, high peak intensity (max FRP 10.7), short-lived (2 active day(s) over 1 days) — profile matches a natural/wild fire rather than a stable industrial source."
1543,81.00248,6.7730733333333335,2026-09-01,2026-09-02,3,2,1.02,1.18,2.0,Tea Factory,industrial_works,3744.21406583,1,Industrial Fire,Close to Dambatenne Tea Factory (1143m away) but only active 2 day(s) over a 1-day window (3 detections) — reads as a transient burn event at/near a facility rather than an ongoing source.
1543,81.00248,6.7730733333333335,2026-09-01,2026-09-02,3,2,1.02,1.18,2.0,Dambatenne Tea Factory,industrial_works,1142.99999688,1,Industrial Fire,Close to Dambatenne Tea Factory (1143m away) but only active 2 day(s) over a 1-day window (3 detections) — reads as a transient burn event at/near a facility rather than an ongoing source.
1542,81.119805,6.571925,2026-09-01,2026-09-02,2,2,2.17,3.48,2.0,,,,1,Other/Unknown,"No nearby facility, moderate intensity (max FRP 3.5), short/low activity (2 active day(s) over 1 days, persistence score 2.00) — insufficient evidence to confidently classify."
1539,77.26857874999999,11.59037125,2026-09-01,2026-09-02,8,2,1.56,2.54,2.0,,,,1,Other/Unknown,"No nearby facility, moderate intensity (max FRP 2.5), short/low activity (2 active day(s) over 1 days, persistence score 2.00) — insufficient evidence to confidently classify."
1520,80.39409666666667,9.434393333333334,2026-09-01,2026-09-02,6,2,3.2183333333333337,3.58,2.0,,,,1,Other/Unknown,"No nearby facility, moderate intensity (max FRP 3.6), short/low activity (2 active day(s) over 1 days, persistence score 2.00) — insufficient evidence to confidently classify."
2082,81.62933,6.945505,2026-07-22,2026-07-23,2,2,5.625,9.14,2.0,,power_plant,448.42780101,1,Industrial Fire,Close to an unnamed power_plant (448m away) but only active 2 day(s) over a 1-day window (2 detections) — reads as a transient burn event at/near a facility rather than an ongoing source.
1492,81.72363999999999,7.34056,2026-09-01,2026-09-02,2,2,3.595,5.18,2.0,,,,1,Other/Unknown,"No nearby facility, moderate intensity (max FRP 5.2), short/low activity (2 active day(s) over 1 days, persistence score 2.00) — insufficient evidence to confidently classify."
1459,80.15814,8.299973333333334,2026-08-31,2026-09-01,3,2,14.03,19.56,2.0,,,,1,Wildfire / Natural Fire,"No industrial facility within 5km, high peak intensity (max FRP 19.6), short-lived (2 active day(s) over 1 days) — profile matches a natural/wild fire rather than a stable industrial source."
2130,71.700124,29.508404,2026-07-17,2026-07-18,5,2,3.4760000000000004,4.58,2.0,,,,1,Other/Unknown,"No nearby facility, moderate intensity (max FRP 4.6), short/low activity (2 active day(s) over 1 days, persistence score 2.00) — insufficient evidence to confidently classify."
430,69.67286666666666,28.040446666666668,2026-09-07,2026-09-08,3,2,3.4133333333333327,4.14,2.0,TNB Liberty Daharki Power Plant,power_plant,3670.09372072,1,Industrial Fire,Close to an unnamed industrial_works (283m away) but only active 2 day(s) over a 1-day window (3 detections) — reads as a transient burn event at/near a facility rather than an ongoing source.
1548,77.535456,9.569054,2026-09-01,2026-09-02,5,2,1.422,2.32,2.0,,,,1,Other/Unknown,"No nearby facility, moderate intensity (max FRP 2.3), short/low activity (2 active day(s) over 1 days, persistence score 2.00) — insufficient evidence to confidently classify."
1544,80.88699000000001,7.247789999999999,2026-09-01,2026-09-02,3,2,3.236666666666667,6.92,2.0,,,,1,Other/Unknown,"No nearby facility, moderate intensity (max FRP 6.9), short/low activity (2 active day(s) over 1 days, persistence score 2.00) — insufficient evidence to confidently classify."
430,69.67286666666666,28.040446666666668,2026-09-07,2026-09-08,3,2,3.4133333333333327,4.14,2.0,,power_plant,1344.20670052,1,Industrial Fire,Close to an unnamed industrial_works (283m away) but only active 2 day(s) over a 1-day window (3 detections) — reads as a transient burn event at/near a facility rather than an ongoing source.
1344,81.66563,21.34483,2026-09-06,2026-09-07,2,2,0.8200000000000001,1.06,2.0,,industrial_area,1255.46144999,1,Industrial Fire,Close to Jayaswal Neco (1091m away) but only active 2 day(s) over a 1-day window (2 detections) — reads as a transient burn event at/near a facility rather than an ongoing source.
1344,81.66563,21.34483,2026-09-06,2026-09-07,2,2,0.8200000000000001,1.06,2.0,Jayaswal Neco,industrial_area,1091.21917652,1,Industrial Fire,Close to Jayaswal Neco (1091m away) but only active 2 day(s) over a 1-day window (2 detections) — reads as a transient burn event at/near a facility rather than an ongoing source.
1332,80.74536,8.562115,2026-09-06,2026-09-07,2,2,23.77,40.67,2.0,,,,1,Wildfire / Natural Fire,"No industrial facility within 5km, high peak intensity (max FRP 40.7), short-lived (2 active day(s) over 1 days) — profile matches a natural/wild fire rather than a stable industrial source."
2036,81.72659,7.59516,2026-07-27,2026-07-28,2,2,3.39,4.39,2.0,Industrial Building,industrial_area,2404.7400094,1,Other/Unknown,2405m from Industrial Building — plausibly related but not close enough to confidently attribute; distance alone is insufficient per project methodology. Needs Sentinel-2 land-cover context to resolve.
1320,81.033275,6.851375,2026-09-06,2026-09-07,2,2,4.165,4.92,2.0,Uva Halpewatte Tea Factory,industrial_works,4220.83955133,1,Other/Unknown,2553m from Uma Oya Multipurpose Project Pipeline — plausibly related but not close enough to confidently attribute; distance alone is insufficient per project methodology. Needs Sentinel-2 land-cover context to resolve.
1320,81.033275,6.851375,2026-09-06,2026-09-07,2,2,4.165,4.92,2.0,Uma Oya Multipurpose Project Pipeline,pipeline,2553.49653404,1,Other/Unknown,2553m from Uma Oya Multipurpose Project Pipeline — plausibly related but not close enough to confidently attribute; distance alone is insufficient per project methodology. Needs Sentinel-2 land-cover context to resolve.
1320,81.033275,6.851375,2026-09-06,2026-09-07,2,2,4.165,4.92,2.0,Newburgh Green Tea Factory,industrial_works,4403.74491039,1,Other/Unknown,2553m from Uma Oya Multipurpose Project Pipeline — plausibly related but not close enough to confidently attribute; distance alone is insufficient per project methodology. Needs Sentinel-2 land-cover context to resolve.
1320,81.033275,6.851375,2026-09-06,2026-09-07,2,2,4.165,4.92,2.0,Newburgh Green Tea Factory,industrial_area,4406.31081956,1,Other/Unknown,2553m from Uma Oya Multipurpose Project Pipeline — plausibly related but not close enough to confidently attribute; distance alone is insufficient per project methodology. Needs Sentinel-2 land-cover context to resolve.
1292,77.31879,15.08574,2026-09-05,2026-09-06,2,2,7.314999999999999,7.62,2.0,,,,1,Other/Unknown,"No nearby facility, moderate intensity (max FRP 7.6), short/low activity (2 active day(s) over 1 days, persistence score 2.00) — insufficient evidence to confidently classify."
1279,80.51828,9.382205,2026-09-05,2026-09-06,2,2,5.545,7.72,2.0,,industrial_area,4141.30075861,1,Other/Unknown,"No nearby facility, moderate intensity (max FRP 7.7), short/low activity (2 active day(s) over 1 days, persistence score 2.00) — insufficient evidence to confidently classify."
1278,80.32385,9.21634,2026-09-05,2026-09-06,2,2,5.494999999999999,8.53,2.0,,,,1,Wildfire / Natural Fire,"No industrial facility within 5km, high peak intensity (max FRP 8.5), short-lived (2 active day(s) over 1 days) — profile matches a natural/wild fire rather than a stable industrial source."
1266,80.56255999999999,8.79191,2026-09-05,2026-09-06,2,2,5.0,5.45,2.0,,power_plant,4411.76923696,1,Other/Unknown,"No nearby facility, moderate intensity (max FRP 5.5), short/low activity (2 active day(s) over 1 days, persistence score 2.00) — insufficient evidence to confidently classify."
1264,80.53338571428571,8.750721428571428,2026-09-05,2026-09-06,7,2,6.871428571428572,16.54,2.0,,,,1,Wildfire / Natural Fire,"No industrial facility within 5km, high peak intensity (max FRP 16.5), short-lived (2 active day(s) over 1 days) — profile matches a natural/wild fire rather than a stable industrial source."
1246,80.43141333333334,8.401253333333335,2026-09-05,2026-09-06,3,2,7.443333333333332,14.49,2.0,,industrial_area,2485.72259447,1,Other/Unknown,2108m from AgStar Grains (Pvt) Ltd — plausibly related but not close enough to confidently attribute; distance alone is insufficient per project methodology. Needs Sentinel-2 land-cover context to resolve.
1246,80.43141333333334,8.401253333333335,2026-09-05,2026-09-06,3,2,7.443333333333332,14.49,2.0,AgStar Grains (Pvt) Ltd,industrial_area,2108.05342073,1,Other/Unknown,2108m from AgStar Grains (Pvt) Ltd — plausibly related but not close enough to confidently attribute; distance alone is insufficient per project methodology. Needs Sentinel-2 land-cover context to resolve.
2033,72.830105,33.828185,2026-07-26,2026-07-27,2,2,2.18,3.51,2.0,,,,1,Other/Unknown,"No nearby facility, moderate intensity (max FRP 3.5), short/low activity (2 active day(s) over 1 days, persistence score 2.00) — insufficient evidence to confidently classify."
1151,80.78512,8.92592,2026-09-04,2026-09-05,3,2,4.5,6.77,2.0,,,,1,Other/Unknown,"No nearby facility, moderate intensity (max FRP 6.8), short/low activity (2 active day(s) over 1 days, persistence score 2.00) — insufficient evidence to confidently classify."
1137,81.058916,8.403920000000001,2026-09-04,2026-09-05,5,2,7.162000000000001,9.69,2.0,,,,1,Wildfire / Natural Fire,"No industrial facility within 5km, high peak intensity (max FRP 9.7), short-lived (2 active day(s) over 1 days) — profile matches a natural/wild fire rather than a stable industrial source."
2011,77.275965,10.190165,2026-07-24,2026-07-25,2,2,8.004999999999999,15.68,2.0,,,,1,Wildfire / Natural Fire,"No industrial facility within 5km, high peak intensity (max FRP 15.7), short-lived (2 active day(s) over 1 days) — profile matches a natural/wild fire rather than a stable industrial source."
1133,80.6901,8.208570000000002,2026-09-04,2026-09-05,2,2,3.055,4.09,2.0,,,,1,Other/Unknown,"No nearby facility, moderate intensity (max FRP 4.1), short/low activity (2 active day(s) over 1 days, persistence score 2.00) — insufficient evidence to confidently classify."
1128,80.41361333333334,7.992996666666666,2026-09-04,2026-09-05,3,2,5.38,6.58,2.0,,power_plant,3634.17022031,1,Other/Unknown,"No nearby facility, moderate intensity (max FRP 6.6), short/low activity (2 active day(s) over 1 days, persistence score 2.00) — insufficient evidence to confidently classify."
2004,81.59919333333333,7.643843333333334,2026-07-25,2026-07-26,3,2,3.686666666666667,5.1,2.0,,pipeline,3968.61561608,1,Other/Unknown,"No nearby facility, moderate intensity (max FRP 5.1), short/low activity (2 active day(s) over 1 days, persistence score 2.00) — insufficient evidence to confidently classify."
1125,80.555756,7.913718,2026-09-04,2026-09-05,5,2,7.204000000000001,10.66,2.0,,,,1,Wildfire / Natural Fire,"No industrial facility within 5km, high peak intensity (max FRP 10.7), short-lived (2 active day(s) over 1 days) — profile matches a natural/wild fire rather than a stable industrial source."
1988,86.914415,23.662585,2026-08-01,2026-08-02,2,2,1.3,2.27,2.0,,,,1,Other/Unknown,"No nearby facility, moderate intensity (max FRP 2.3), short/low activity (2 active day(s) over 1 days, persistence score 2.00) — insufficient evidence to confidently classify."
1102,77.517165,9.5539825,2026-09-02,2026-09-03,8,2,1.66,2.59,2.0,,,,1,Other/Unknown,"No nearby facility, moderate intensity (max FRP 2.6), short/low activity (2 active day(s) over 1 days, persistence score 2.00) — insufficient evidence to confidently classify."
1964,77.4589875,10.07309875,2026-07-29,2026-07-30,8,2,1.5375,2.08,2.0,,industrial_area,3648.88119576,1,Other/Unknown,"No nearby facility, moderate intensity (max FRP 2.1), short/low activity (2 active day(s) over 1 days, persistence score 2.00) — insufficient evidence to confidently classify."
2047,77.789015,9.5211775,2026-07-28,2026-07-29,4,2,14.8925,24.4,2.0,,industrial_area,485.22276927,1,Industrial Fire,Close to an unnamed industrial_area (485m away) but only active 2 day(s) over a 1-day window (4 detections) — reads as a transient burn event at/near a facility rather than an ongoing source.
1963,81.07637666666666,7.27927,2026-07-30,2026-07-31,3,2,2.6833333333333336,3.83,2.0,,,,1,Other/Unknown,"No nearby facility, moderate intensity (max FRP 3.8), short/low activity (2 active day(s) over 1 days, persistence score 2.00) — insufficient evidence to confidently classify."
1962,81.45505333333334,7.22052,2026-07-30,2026-07-31,3,2,11.556666666666668,28.82,2.0,,,,1,Wildfire / Natural Fire,"No industrial facility within 5km, high peak intensity (max FRP 28.8), short-lived (2 active day(s) over 1 days) — profile matches a natural/wild fire rather than a stable industrial source."
1946,81.4229,7.491946666666666,2026-07-29,2026-07-30,6,2,3.001666666666667,5.26,2.0,,,,1,Other/Unknown,"No nearby facility, moderate intensity (max FRP 5.3), short/low activity (2 active day(s) over 1 days, persistence score 2.00) — insufficient evidence to confidently classify."
1945,81.28952000000001,7.47609,2026-07-29,2026-07-30,2,2,2.94,3.57,2.0,,,,1,Other/Unknown,"No nearby facility, moderate intensity (max FRP 3.6), short/low activity (2 active day(s) over 1 days, persistence score 2.00) — insufficient evidence to confidently classify."
1101,80.40047,8.568673333333335,2026-09-03,2026-09-04,3,2,4.6,6.06,2.0,,,,1,Other/Unknown,"No nearby facility, moderate intensity (max FRP 6.1), short/low activity (2 active day(s) over 1 days, persistence score 2.00) — insufficient evidence to confidently classify."
1098,81.33430666666668,6.82924,2026-09-03,2026-09-04,3,2,5.29,7.18,2.0,,power_plant,4110.59364494,1,Other/Unknown,"No nearby facility, moderate intensity (max FRP 7.2), short/low activity (2 active day(s) over 1 days, persistence score 2.00) — insufficient evidence to confidently classify."
1098,81.33430666666668,6.82924,2026-09-03,2026-09-04,3,2,5.29,7.18,2.0,Kalawaaragama Power Plant,power_plant,4445.68637546,1,Other/Unknown,"No nearby facility, moderate intensity (max FRP 7.2), short/low activity (2 active day(s) over 1 days, persistence score 2.00) — insufficient evidence to confidently classify."
1081,86.72470000000001,23.580755,2026-09-03,2026-09-04,2,2,0.945,1.24,2.0,,,,1,Other/Unknown,"No nearby facility, moderate intensity (max FRP 1.2), short/low activity (2 active day(s) over 1 days, persistence score 2.00) — insufficient evidence to confidently classify."
1069,80.36891,8.55648,2026-09-03,2026-09-04,2,2,10.915,17.44,2.0,,,,1,Wildfire / Natural Fire,"No industrial facility within 5km, high peak intensity (max FRP 17.4), short-lived (2 active day(s) over 1 days) — profile matches a natural/wild fire rather than a stable industrial source."
990,69.36668181818182,28.05128727272728,2026-09-11,2026-09-12,11,2,3.049090909090909,5.06,2.0,,power_plant,3071.10734812,1,Industrial Fire,Close to Qadirpur Gas Plant (323m away) but only active 2 day(s) over a 1-day window (11 detections) — reads as a transient burn event at/near a facility rather than an ongoing source.
990,69.36668181818182,28.05128727272728,2026-09-11,2026-09-12,11,2,3.049090909090909,5.06,2.0,Qadirpur Gas Plant,industrial_area,322.76711376,1,Industrial Fire,Close to Qadirpur Gas Plant (323m away) but only active 2 day(s) over a 1-day window (11 detections) — reads as a transient burn event at/near a facility rather than an ongoing source.
990,69.36668181818182,28.05128727272728,2026-09-11,2026-09-12,11,2,3.049090909090909,5.06,2.0,JDW-III CoGen Power Plant,power_plant,4619.90516125,1,Industrial Fire,Close to Qadirpur Gas Plant (323m away) but only active 2 day(s) over a 1-day window (11 detections) — reads as a transient burn event at/near a facility rather than an ongoing source.
990,69.36668181818182,28.05128727272728,2026-09-11,2026-09-12,11,2,3.049090909090909,5.06,2.0,Engro Powergen Qadirpur Limited,power_plant,2785.81747156,1,Industrial Fire,Close to Qadirpur Gas Plant (323m away) but only active 2 day(s) over a 1-day window (11 detections) — reads as a transient burn event at/near a facility rather than an ongoing source.
932,81.04494999999999,7.161146666666667,2026-09-11,2026-09-12,3,2,1.7866666666666664,3.88,2.0,,,,1,Other/Unknown,"No nearby facility, moderate intensity (max FRP 3.9), short/low activity (2 active day(s) over 1 days, persistence score 2.00) — insufficient evidence to confidently classify."
2018,81.78517,7.18178,2026-07-26,2026-07-27,2,2,6.04,7.4,2.0,,,,1,Other/Unknown,"No nearby facility, moderate intensity (max FRP 7.4), short/low activity (2 active day(s) over 1 days, persistence score 2.00) — insufficient evidence to confidently classify."
930,71.36479,19.572735,2026-09-09,2026-09-10,4,2,2.265,3.3,2.0,,,,1,Other/Unknown,"No nearby facility, moderate intensity (max FRP 3.3), short/low activity (2 active day(s) over 1 days, persistence score 2.00) — insufficient evidence to confidently classify."
2141,81.37814666666667,7.112006666666666,2026-07-17,2026-07-18,3,2,5.516666666666667,8.75,2.0,,,,1,Wildfire / Natural Fire,"No industrial facility within 5km, high peak intensity (max FRP 8.8), short-lived (2 active day(s) over 1 days) — profile matches a natural/wild fire rather than a stable industrial source."
907,69.69830999999999,22.90917333333333,2026-09-09,2026-09-10,6,2,1.63,2.16,2.0,,power_plant,2496.77015932,1,Other/Unknown,2497m from an unnamed power_plant — plausibly related but not close enough to confidently attribute; distance alone is insufficient per project methodology. Needs Sentinel-2 land-cover context to resolve.
907,69.69830999999999,22.90917333333333,2026-09-09,2026-09-10,6,2,1.63,2.16,2.0,,industrial_area,3937.86244776,1,Other/Unknown,2497m from an unnamed power_plant — plausibly related but not close enough to confidently attribute; distance alone is insufficient per project methodology. Needs Sentinel-2 land-cover context to resolve.
1943,81.34322625,7.36315125,2026-07-30,2026-07-31,8,2,14.235,25.03,2.0,,,,1,Wildfire / Natural Fire,"No industrial facility within 5km, high peak intensity (max FRP 25.0), short-lived (2 active day(s) over 1 days) — profile matches a natural/wild fire rather than a stable industrial source."
906,70.98298,22.654535,2026-09-09,2026-09-10,4,2,1.045,1.6,2.0,,industrial_area,2764.45999324,1,Other/Unknown,2764m from an unnamed industrial_area — plausibly related but not close enough to confidently attribute; distance alone is insufficient per project methodology. Needs Sentinel-2 land-cover context to resolve.
906,70.98298,22.654535,2026-09-09,2026-09-10,4,2,1.045,1.6,2.0,"Food Corporation of India, Wankaner",industrial_area,3717.60586545,1,Other/Unknown,2764m from an unnamed industrial_area — plausibly related but not close enough to confidently attribute; distance alone is insufficient per project methodology. Needs Sentinel-2 land-cover context to resolve.
1942,81.734215,7.35575,2026-07-30,2026-07-31,2,2,2.39,2.43,2.0,,,,1,Other/Unknown,"No nearby facility, moderate intensity (max FRP 2.4), short/low activity (2 active day(s) over 1 days, persistence score 2.00) — insufficient evidence to confidently classify."
1927,71.87025750000001,30.79166,2026-08-07,2026-08-08,4,2,11.63,15.35,2.0,,,,1,Wildfire / Natural Fire,"No industrial facility within 5km, high peak intensity (max FRP 15.3), short-lived (2 active day(s) over 1 days) — profile matches a natural/wild fire rather than a stable industrial source."
1925,72.1338825,30.617072500000003,2026-08-07,2026-08-08,4,2,3.7025,5.18,2.0,,,,1,Other/Unknown,"No nearby facility, moderate intensity (max FRP 5.2), short/low activity (2 active day(s) over 1 days, persistence score 2.00) — insufficient evidence to confidently classify."
902,72.54027,21.69754333333333,2026-09-09,2026-09-10,6,2,0.68,0.8,2.0,,power_plant,4562.14951482,1,Industrial Fire,Close to an unnamed industrial_area (489m away) but only active 2 day(s) over a 1-day window (6 detections) — reads as a transient burn event at/near a facility rather than an ongoing source.
902,72.54027,21.69754333333333,2026-09-09,2026-09-10,6,2,0.68,0.8,2.0,,industrial_works,1298.52662047,1,Industrial Fire,Close to an unnamed industrial_area (489m away) but only active 2 day(s) over a 1-day window (6 detections) — reads as a transient burn event at/near a facility rather than an ongoing source.
902,72.54027,21.69754333333333,2026-09-09,2026-09-10,6,2,0.68,0.8,2.0,,industrial_area,489.12596487,1,Industrial Fire,Close to an unnamed industrial_area (489m away) but only active 2 day(s) over a 1-day window (6 detections) — reads as a transient burn event at/near a facility rather than an ongoing source.
1919,86.067545,25.43743,2026-08-06,2026-08-07,2,2,1.52,1.96,2.0,,,,1,Other/Unknown,"No nearby facility, moderate intensity (max FRP 2.0), short/low activity (2 active day(s) over 1 days, persistence score 2.00) — insufficient evidence to confidently classify."
902,72.54027,21.69754333333333,2026-09-09,2026-09-10,6,2,0.68,0.8,2.0,Reliance Industries Ltd. Dahej Plant,industrial_area,3706.4771734,1,Industrial Fire,Close to an unnamed industrial_area (489m away) but only active 2 day(s) over a 1-day window (6 detections) — reads as a transient burn event at/near a facility rather than an ongoing source.
902,72.54027,21.69754333333333,2026-09-09,2026-09-10,6,2,0.68,0.8,2.0,Milan Laboratories,industrial_area,3468.17173327,1,Industrial Fire,Close to an unnamed industrial_area (489m away) but only active 2 day(s) over a 1-day window (6 detections) — reads as a transient burn event at/near a facility rather than an ongoing source.
1896,72.0308225,30.6314125,2026-08-12,2026-08-13,4,2,6.6000000000000005,8.91,2.0,,,,1,Wildfire / Natural Fire,"No industrial facility within 5km, high peak intensity (max FRP 8.9), short-lived (2 active day(s) over 1 days) — profile matches a natural/wild fire rather than a stable industrial source."
902,72.54027,21.69754333333333,2026-09-09,2026-09-10,6,2,0.68,0.8,2.0,Dahej Cogen Power Plant,power_plant,4683.70095769,1,Industrial Fire,Close to an unnamed industrial_area (489m away) but only active 2 day(s) over a 1-day window (6 detections) — reads as a transient burn event at/near a facility rather than an ongoing source.
1876,77.44921166666667,9.528616666666666,2026-08-10,2026-08-11,6,2,2.73,3.14,2.0,,,,1,Other/Unknown,"No nearby facility, moderate intensity (max FRP 3.1), short/low activity (2 active day(s) over 1 days, persistence score 2.00) — insufficient evidence to confidently classify."
902,72.54027,21.69754333333333,2026-09-09,2026-09-10,6,2,0.68,0.8,2.0,ABG Shipyard Ltd,industrial_area,4391.76989395,1,Industrial Fire,Close to an unnamed industrial_area (489m away) but only active 2 day(s) over a 1-day window (6 detections) — reads as a transient burn event at/near a facility rather than an ongoing source.
855,73.4684,26.925855,2026-09-09,2026-09-10,4,2,1.035,1.04,2.0,,,,1,Other/Unknown,"No nearby facility, moderate intensity (max FRP 1.0), short/low activity (2 active day(s) over 1 days, persistence score 2.00) — insufficient evidence to confidently classify."
825,81.0145025,7.6123425,2026-09-11,2026-09-12,4,2,5.005000000000001,10.38,2.0,,,,1,Wildfire / Natural Fire,"No industrial facility within 5km, high peak intensity (max FRP 10.4), short-lived (2 active day(s) over 1 days) — profile matches a natural/wild fire rather than a stable industrial source."
1874,81.22252,7.388433333333334,2026-08-10,2026-08-11,3,2,8.086666666666668,9.55,2.0,,,,1,Wildfire / Natural Fire,"No industrial facility within 5km, high peak intensity (max FRP 9.6), short-lived (2 active day(s) over 1 days) — profile matches a natural/wild fire rather than a stable industrial source."
628,96.64729,28.017685,2026-09-09,2026-09-10,4,2,2.99,4.76,2.0,,,,1,Other/Unknown,"No nearby facility, moderate intensity (max FRP 4.8), short/low activity (2 active day(s) over 1 days, persistence score 2.00) — insufficient evidence to confidently classify."
517,80.20666,7.87026,2026-09-08,2026-09-09,4,2,2.24,3.88,2.0,,,,1,Other/Unknown,"No nearby facility, moderate intensity (max FRP 3.9), short/low activity (2 active day(s) over 1 days, persistence score 2.00) — insufficient evidence to confidently classify."
1870,71.79107333333333,30.66589,2026-08-10,2026-08-11,3,2,2.9266666666666663,3.15,2.0,,,,1,Other/Unknown,"No nearby facility, moderate intensity (max FRP 3.1), short/low activity (2 active day(s) over 1 days, persistence score 2.00) — insufficient evidence to confidently classify."
1859,77.60317375,9.717916250000002,2026-08-09,2026-08-10,16,2,2.96625,6.59,2.0,,,,1,Other/Unknown,"No nearby facility, moderate intensity (max FRP 6.6), short/low activity (2 active day(s) over 1 days, persistence score 2.00) — insufficient evidence to confidently classify."
1855,71.955205,30.921515,2026-08-09,2026-08-10,2,2,4.495,6.69,2.0,,,,1,Other/Unknown,"No nearby facility, moderate intensity (max FRP 6.7), short/low activity (2 active day(s) over 1 days, persistence score 2.00) — insufficient evidence to confidently classify."
1817,81.41067,7.895915,2026-08-17,2026-08-18,2,2,4.945,5.29,2.0,,,,1,Other/Unknown,"No nearby facility, moderate intensity (max FRP 5.3), short/low activity (2 active day(s) over 1 days, persistence score 2.00) — insufficient evidence to confidently classify."
1813,80.919635,7.39676,2026-08-16,2026-08-17,2,2,7.965,10.54,2.0,,,,1,Wildfire / Natural Fire,"No industrial facility within 5km, high peak intensity (max FRP 10.5), short-lived (2 active day(s) over 1 days) — profile matches a natural/wild fire rather than a stable industrial source."
1810,77.15088333333334,10.359424444444445,2026-08-16,2026-08-17,9,2,1.09,1.65,2.0,,,,1,Other/Unknown,"No nearby facility, moderate intensity (max FRP 1.6), short/low activity (2 active day(s) over 1 days, persistence score 2.00) — insufficient evidence to confidently classify."
1773,78.932785,10.164855,2026-08-13,2026-08-14,2,2,4.609999999999999,5.27,2.0,,,,1,Other/Unknown,"No nearby facility, moderate intensity (max FRP 5.3), short/low activity (2 active day(s) over 1 days, persistence score 2.00) — insufficient evidence to confidently classify."
1728,77.2180025,10.24591625,2026-08-21,2026-08-22,8,2,1.93375,3.49,2.0,,,,1,Other/Unknown,"No nearby facility, moderate intensity (max FRP 3.5), short/low activity (2 active day(s) over 1 days, persistence score 2.00) — insufficient evidence to confidently classify."
1727,77.23827166666666,10.088303333333334,2026-08-21,2026-08-22,6,2,2.4,6.59,2.0,,industrial_area,4849.92796986,1,Other/Unknown,"No nearby facility, moderate intensity (max FRP 6.6), short/low activity (2 active day(s) over 1 days, persistence score 2.00) — insufficient evidence to confidently classify."
1722,71.34326125,35.781865,2026-08-21,2026-08-22,8,2,3.23,5.71,2.0,,,,1,Other/Unknown,"No nearby facility, moderate intensity (max FRP 5.7), short/low activity (2 active day(s) over 1 days, persistence score 2.00) — insufficient evidence to confidently classify."
1714,81.10007333333333,7.396086666666666,2026-08-20,2026-08-21,3,2,4.816666666666667,6.4,2.0,,power_plant,2309.27534759,1,Other/Unknown,2309m from an unnamed power_plant — plausibly related but not close enough to confidently attribute; distance alone is insufficient per project methodology. Needs Sentinel-2 land-cover context to resolve.
1709,79.66074333333334,14.607716666666668,2026-08-20,2026-08-21,3,2,15.896666666666668,24.47,2.0,"APSRTC Bus Depot , Atmakur (N)",industrial_area,4734.71471055,1,Other/Unknown,"No nearby facility, moderate intensity (max FRP 24.5), short/low activity (2 active day(s) over 1 days, persistence score 2.00) — insufficient evidence to confidently classify."
1677,77.99784333333334,8.91415,2026-08-18,2026-08-19,3,2,6.116666666666667,11.0,2.0,,industrial_area,3120.7927259,1,Other/Unknown,3121m from an unnamed industrial_area — plausibly related but not close enough to confidently attribute; distance alone is insufficient per project methodology. Needs Sentinel-2 land-cover context to resolve.
2142,80.85591500000001,6.72236,2026-07-17,2026-07-18,2,2,4.02,6.77,2.0,Mini Turbine Generator,power_plant,457.38316598,1,Industrial Fire,Close to Mini Turbine Generator (457m away) but only active 2 day(s) over a 1-day window (2 detections) — reads as a transient burn event at/near a facility rather than an ongoing source.
1633,79.257305,13.828615,2026-08-26,2026-08-27,2,2,0.63,1.07,2.0,,,,1,Other/Unknown,"No nearby facility, moderate intensity (max FRP 1.1), short/low activity (2 active day(s) over 1 days, persistence score 2.00) — insufficient evidence to confidently classify."
2134,72.70913333333334,29.80729333333333,2026-07-17,2026-07-18,3,2,5.433333333333334,6.28,2.0,,,,1,Other/Unknown,"No nearby facility, moderate intensity (max FRP 6.3), short/low activity (2 active day(s) over 1 days, persistence score 2.00) — insufficient evidence to confidently classify."
1602,81.28217333333333,7.276683333333334,2026-08-23,2026-08-24,3,2,1.086666666666667,1.23,2.0,,,,1,Other/Unknown,"No nearby facility, moderate intensity (max FRP 1.2), short/low activity (2 active day(s) over 1 days, persistence score 2.00) — insufficient evidence to confidently classify."
2133,72.35305666666666,29.7637,2026-07-17,2026-07-18,3,2,3.443333333333333,4.47,2.0,,,,1,Other/Unknown,"No nearby facility, moderate intensity (max FRP 4.5), short/low activity (2 active day(s) over 1 days, persistence score 2.00) — insufficient evidence to confidently classify."
1415,70.10907333333334,31.76911,2026-08-28,2026-08-30,3,3,3.18,4.57,1.5,,,,2,Other/Unknown,"No nearby facility, moderate intensity (max FRP 4.6), short/low activity (3 active day(s) over 2 days, persistence score 1.50) — insufficient evidence to confidently classify."
2078,81.23476538461539,7.512412307692307,2026-07-22,2026-07-24,13,3,18.46923076923077,30.6,1.5,,,,2,Wildfire / Natural Fire,"No industrial facility within 5km, high peak intensity (max FRP 30.6), short-lived (3 active day(s) over 2 days) — profile matches a natural/wild fire rather than a stable industrial source."
944,80.03789714285713,7.967587142857142,2026-09-10,2026-09-12,7,3,4.7457142857142856,5.96,1.5,,,,2,Other/Unknown,"No nearby facility, moderate intensity (max FRP 6.0), short/low activity (3 active day(s) over 2 days, persistence score 1.50) — insufficient evidence to confidently classify."
1673,77.6004988888889,8.74035,2026-08-19,2026-08-21,9,3,7.176666666666666,21.46,1.5,,power_plant,1850.13708257,2,Other/Unknown,1850m from an unnamed power_plant — plausibly related but not close enough to confidently attribute; distance alone is insufficient per project methodology. Needs Sentinel-2 land-cover context to resolve.
545,70.47458625,32.65412875,2026-09-06,2026-09-09,8,4,1.3525,2.55,1.3333,,,,3,Other/Unknown,"No nearby facility, moderate intensity (max FRP 2.5), short/low activity (4 active day(s) over 3 days, persistence score 1.33) — insufficient evidence to confidently classify."
2173,72.153875,32.980755,2026-07-19,2026-07-19,2,1,3.915,4.92,1.0,,,,0,Other/Unknown,"No nearby facility, moderate intensity (max FRP 4.9), short/low activity (1 active day(s) over 0 days, persistence score 1.00) — insufficient evidence to confidently classify."
383,80.938238,7.61077,2026-09-06,2026-09-08,5,2,8.276,13.52,1.0,,,,2,Wildfire / Natural Fire,"No industrial facility within 5km, high peak intensity (max FRP 13.5), short-lived (2 active day(s) over 2 days) — profile matches a natural/wild fire rather than a stable industrial source."
384,80.05353,7.97608,2026-09-08,2026-09-08,2,1,9.72,9.72,1.0,,,,0,Wildfire / Natural Fire,"No industrial facility within 5km, high peak intensity (max FRP 9.7), short-lived (1 active day(s) over 0 days) — profile matches a natural/wild fire rather than a stable industrial source."
385,81.13979,8.15005,2026-09-08,2026-09-08,2,1,7.53,7.53,1.0,,,,0,Other/Unknown,"No nearby facility, moderate intensity (max FRP 7.5), short/low activity (1 active day(s) over 0 days, persistence score 1.00) — insufficient evidence to confidently classify."
386,80.52318,8.54175,2026-09-08,2026-09-08,2,1,7.06,7.06,1.0,,,,0,Other/Unknown,"No nearby facility, moderate intensity (max FRP 7.1), short/low activity (1 active day(s) over 0 days, persistence score 1.00) — insufficient evidence to confidently classify."
387,80.43444,9.37813,2026-09-08,2026-09-08,2,1,7.48,7.48,1.0,,,,0,Other/Unknown,"No nearby facility, moderate intensity (max FRP 7.5), short/low activity (1 active day(s) over 0 days, persistence score 1.00) — insufficient evidence to confidently classify."
389,79.58669,11.16977,2026-09-08,2026-09-08,2,1,5.67,5.67,1.0,,,,0,Other/Unknown,"No nearby facility, moderate intensity (max FRP 5.7), short/low activity (1 active day(s) over 0 days, persistence score 1.00) — insufficient evidence to confidently classify."
390,79.55484,11.44852,2026-09-08,2026-09-08,2,1,6.1,6.1,1.0,,industrial_area,676.81341474,0,Industrial Fire,Close to an unnamed industrial_area (677m away) but only active 1 day(s) over a 0-day window (2 detections) — reads as a transient burn event at/near a facility rather than an ongoing source.
390,79.55484,11.44852,2026-09-08,2026-09-08,2,1,6.1,6.1,1.0,,pipeline,1353.88854489,0,Industrial Fire,Close to an unnamed industrial_area (677m away) but only active 1 day(s) over a 0-day window (2 detections) — reads as a transient burn event at/near a facility rather than an ongoing source.
391,78.91544,11.91456,2026-09-08,2026-09-08,2,1,4.43,4.43,1.0,,,,0,Other/Unknown,"No nearby facility, moderate intensity (max FRP 4.4), short/low activity (1 active day(s) over 0 days, persistence score 1.00) — insufficient evidence to confidently classify."
392,79.25351666666667,10.422553333333331,2026-09-08,2026-09-08,6,1,8.19,10.43,1.0,,,,0,Wildfire / Natural Fire,"No industrial facility within 5km, high peak intensity (max FRP 10.4), short-lived (1 active day(s) over 0 days) — profile matches a natural/wild fire rather than a stable industrial source."
393,92.1611,22.68995,2026-09-08,2026-09-08,2,1,2.89,2.89,1.0,,,,0,Other/Unknown,"No nearby facility, moderate intensity (max FRP 2.9), short/low activity (1 active day(s) over 0 days, persistence score 1.00) — insufficient evidence to confidently classify."
394,95.25629,27.94888,2026-09-08,2026-09-08,2,1,2.75,2.75,1.0,,,,0,Other/Unknown,"No nearby facility, moderate intensity (max FRP 2.8), short/low activity (1 active day(s) over 0 days, persistence score 1.00) — insufficient evidence to confidently classify."
396,79.20562000000001,11.718295,2026-09-08,2026-09-08,4,1,5.975,6.98,1.0,,,,0,Other/Unknown,"No nearby facility, moderate intensity (max FRP 7.0), short/low activity (1 active day(s) over 0 days, persistence score 1.00) — insufficient evidence to confidently classify."
397,75.96707,31.21099,2026-09-08,2026-09-08,2,1,2.47,2.47,1.0,,,,0,Other/Unknown,"No nearby facility, moderate intensity (max FRP 2.5), short/low activity (1 active day(s) over 0 days, persistence score 1.00) — insufficient evidence to confidently classify."
398,79.28787,16.868055,2026-09-08,2026-09-08,4,1,10.12,10.5,1.0,,,,0,Wildfire / Natural Fire,"No industrial facility within 5km, high peak intensity (max FRP 10.5), short-lived (1 active day(s) over 0 days) — profile matches a natural/wild fire rather than a stable industrial source."
399,82.342205,17.421,2026-09-08,2026-09-08,4,1,2.43,2.8,1.0,,,,0,Other/Unknown,"No nearby facility, moderate intensity (max FRP 2.8), short/low activity (1 active day(s) over 0 days, persistence score 1.00) — insufficient evidence to confidently classify."
404,80.80513,8.68277,2026-09-08,2026-09-08,2,1,3.8,3.8,1.0,,,,0,Other/Unknown,"No nearby facility, moderate intensity (max FRP 3.8), short/low activity (1 active day(s) over 0 days, persistence score 1.00) — insufficient evidence to confidently classify."
405,77.45622,9.24284,2026-09-08,2026-09-08,2,1,6.7,6.7,1.0,,,,0,Other/Unknown,"No nearby facility, moderate intensity (max FRP 6.7), short/low activity (1 active day(s) over 0 days, persistence score 1.00) — insufficient evidence to confidently classify."
406,78.82265,9.34557,2026-09-08,2026-09-08,2,1,7.49,7.49,1.0,,industrial_area,3775.24435668,0,Other/Unknown,"No nearby facility, moderate intensity (max FRP 7.5), short/low activity (1 active day(s) over 0 days, persistence score 1.00) — insufficient evidence to confidently classify."
407,78.22231,9.48111,2026-09-08,2026-09-08,2,1,3.12,3.12,1.0,Tiruchuli,power_plant,4578.25807187,0,Industrial Fire,Close to an unnamed power_plant (1013m away) but only active 1 day(s) over a 0-day window (2 detections) — reads as a transient burn event at/near a facility rather than an ongoing source.
407,78.22231,9.48111,2026-09-08,2026-09-08,2,1,3.12,3.12,1.0,,industrial_area,3975.62500442,0,Industrial Fire,Close to an unnamed power_plant (1013m away) but only active 1 day(s) over a 0-day window (2 detections) — reads as a transient burn event at/near a facility rather than an ongoing source.
407,78.22231,9.48111,2026-09-08,2026-09-08,2,1,3.12,3.12,1.0,,power_plant,1012.84217885,0,Industrial Fire,Close to an unnamed power_plant (1013m away) but only active 1 day(s) over a 0-day window (2 detections) — reads as a transient burn event at/near a facility rather than an ongoing source.
408,78.64525,9.53493,2026-09-08,2026-09-08,2,1,10.55,10.55,1.0,,industrial_area,3983.86160366,0,Other/Unknown,"No nearby facility, moderate intensity (max FRP 10.6), short/low activity (1 active day(s) over 0 days, persistence score 1.00) — insufficient evidence to confidently classify."
411,81.059415,7.56781,2026-09-08,2026-09-08,4,1,11.87,13.73,1.0,,,,0,Wildfire / Natural Fire,"No industrial facility within 5km, high peak intensity (max FRP 13.7), short-lived (1 active day(s) over 0 days) — profile matches a natural/wild fire rather than a stable industrial source."
412,80.68957499999999,7.71022,2026-09-08,2026-09-08,8,1,10.675,14.15,1.0,,,,0,Wildfire / Natural Fire,"No industrial facility within 5km, high peak intensity (max FRP 14.2), short-lived (1 active day(s) over 0 days) — profile matches a natural/wild fire rather than a stable industrial source."
413,77.02383,12.06157,2026-09-08,2026-09-08,2,1,2.86,2.86,1.0,,,,0,Other/Unknown,"No nearby facility, moderate intensity (max FRP 2.9), short/low activity (1 active day(s) over 0 days, persistence score 1.00) — insufficient evidence to confidently classify."
414,77.06045,12.09969,2026-09-08,2026-09-08,2,1,3.63,3.63,1.0,,,,0,Other/Unknown,"No nearby facility, moderate intensity (max FRP 3.6), short/low activity (1 active day(s) over 0 days, persistence score 1.00) — insufficient evidence to confidently classify."
415,76.3521,12.6018,2026-09-08,2026-09-08,2,1,1.17,1.17,1.0,,,,0,Other/Unknown,"No nearby facility, moderate intensity (max FRP 1.2), short/low activity (1 active day(s) over 0 days, persistence score 1.00) — insufficient evidence to confidently classify."
416,79.22961,12.68629,2026-09-08,2026-09-08,2,1,5.0,5.0,1.0,,,,0,Other/Unknown,"No nearby facility, moderate intensity (max FRP 5.0), short/low activity (1 active day(s) over 0 days, persistence score 1.00) — insufficient evidence to confidently classify."
417,76.63393,13.76837,2026-09-08,2026-09-08,2,1,3.36,3.36,1.0,,,,0,Other/Unknown,"No nearby facility, moderate intensity (max FRP 3.4), short/low activity (1 active day(s) over 0 days, persistence score 1.00) — insufficient evidence to confidently classify."
418,76.63771,14.2825,2026-09-08,2026-09-08,2,1,4.58,4.58,1.0,,,,0,Other/Unknown,"No nearby facility, moderate intensity (max FRP 4.6), short/low activity (1 active day(s) over 0 days, persistence score 1.00) — insufficient evidence to confidently classify."
419,76.57693,16.83965,2026-09-08,2026-09-08,2,1,3.65,3.65,1.0,,,,0,Other/Unknown,"No nearby facility, moderate intensity (max FRP 3.6), short/low activity (1 active day(s) over 0 days, persistence score 1.00) — insufficient evidence to confidently classify."
420,71.06818,20.81934,2026-09-08,2026-09-08,2,1,2.79,2.79,1.0,,,,0,Other/Unknown,"No nearby facility, moderate intensity (max FRP 2.8), short/low activity (1 active day(s) over 0 days, persistence score 1.00) — insufficient evidence to confidently classify."
421,79.88752666666666,7.84109,2026-09-08,2026-09-10,6,2,6.303333333333334,8.36,1.0,,industrial_area,1984.55998226,2,Other/Unknown,1985m from an unnamed industrial_area — plausibly related but not close enough to confidently attribute; distance alone is insufficient per project methodology. Needs Sentinel-2 land-cover context to resolve.
422,68.22954,24.67546,2026-09-08,2026-09-08,2,1,3.29,3.29,1.0,,,,0,Other/Unknown,"No nearby facility, moderate intensity (max FRP 3.3), short/low activity (1 active day(s) over 0 days, persistence score 1.00) — insufficient evidence to confidently classify."
423,68.00552,24.88822,2026-09-08,2026-09-08,2,1,4.46,4.46,1.0,,,,0,Other/Unknown,"No nearby facility, moderate intensity (max FRP 4.5), short/low activity (1 active day(s) over 0 days, persistence score 1.00) — insufficient evidence to confidently classify."
425,68.63033,25.57998,2026-09-08,2026-09-08,2,1,3.84,3.84,1.0,,,,0,Other/Unknown,"No nearby facility, moderate intensity (max FRP 3.8), short/low activity (1 active day(s) over 0 days, persistence score 1.00) — insufficient evidence to confidently classify."
426,80.46176666666666,8.948533333333332,2026-09-08,2026-09-10,6,2,2.4133333333333336,3.53,1.0,,,,2,Other/Unknown,"No nearby facility, moderate intensity (max FRP 3.5), short/low activity (2 active day(s) over 2 days, persistence score 1.00) — insufficient evidence to confidently classify."
427,68.60349,26.15266,2026-09-08,2026-09-08,2,1,6.53,6.53,1.0,,,,0,Other/Unknown,"No nearby facility, moderate intensity (max FRP 6.5), short/low activity (1 active day(s) over 0 days, persistence score 1.00) — insufficient evidence to confidently classify."
428,68.16102,26.61547,2026-09-08,2026-09-08,2,1,10.62,10.62,1.0,,,,0,Wildfire / Natural Fire,"No industrial facility within 5km, high peak intensity (max FRP 10.6), short-lived (1 active day(s) over 0 days) — profile matches a natural/wild fire rather than a stable industrial source."
429,68.9266,27.97179,2026-09-08,2026-09-08,2,1,3.99,3.99,1.0,,,,0,Other/Unknown,"No nearby facility, moderate intensity (max FRP 4.0), short/low activity (1 active day(s) over 0 days, persistence score 1.00) — insufficient evidence to confidently classify."
432,71.97624,30.33233,2026-09-08,2026-09-08,2,1,5.02,5.02,1.0,,,,0,Other/Unknown,"No nearby facility, moderate intensity (max FRP 5.0), short/low activity (1 active day(s) over 0 days, persistence score 1.00) — insufficient evidence to confidently classify."
433,77.46069,9.09755,2026-09-08,2026-09-08,4,1,1.465,1.47,1.0,,,,0,Other/Unknown,"No nearby facility, moderate intensity (max FRP 1.5), short/low activity (1 active day(s) over 0 days, persistence score 1.00) — insufficient evidence to confidently classify."
434,72.13813,31.45633,2026-09-08,2026-09-08,2,1,2.5,2.5,1.0,,,,0,Other/Unknown,"No nearby facility, moderate intensity (max FRP 2.5), short/low activity (1 active day(s) over 0 days, persistence score 1.00) — insufficient evidence to confidently classify."
435,74.07708,35.48441,2026-09-08,2026-09-08,2,1,5.29,5.29,1.0,,,,0,Other/Unknown,"No nearby facility, moderate intensity (max FRP 5.3), short/low activity (1 active day(s) over 0 days, persistence score 1.00) — insufficient evidence to confidently classify."
436,70.30645,33.37469,2026-09-08,2026-09-08,2,1,3.7,3.7,1.0,,,,0,Other/Unknown,"No nearby facility, moderate intensity (max FRP 3.7), short/low activity (1 active day(s) over 0 days, persistence score 1.00) — insufficient evidence to confidently classify."
438,77.66733333333333,9.34656,2026-09-08,2026-09-08,6,1,1.6899999999999995,2.13,1.0,,industrial_area,3297.58765892,0,Other/Unknown,3298m from an unnamed industrial_area — plausibly related but not close enough to confidently attribute; distance alone is insufficient per project methodology. Needs Sentinel-2 land-cover context to resolve.
440,77.43753000000001,9.844295,2026-09-08,2026-09-08,4,1,1.6950000000000005,2.31,1.0,,,,0,Other/Unknown,"No nearby facility, moderate intensity (max FRP 2.3), short/low activity (1 active day(s) over 0 days, persistence score 1.00) — insufficient evidence to confidently classify."
441,77.25495166666666,10.269325,2026-09-08,2026-09-08,12,1,8.135,13.47,1.0,,,,0,Wildfire / Natural Fire,"No industrial facility within 5km, high peak intensity (max FRP 13.5), short-lived (1 active day(s) over 0 days) — profile matches a natural/wild fire rather than a stable industrial source."
451,68.2325,25.023005,2026-09-08,2026-09-08,4,1,5.81,7.97,1.0,,,,0,Other/Unknown,"No nearby facility, moderate intensity (max FRP 8.0), short/low activity (1 active day(s) over 0 days, persistence score 1.00) — insufficient evidence to confidently classify."
453,68.945945,26.11438,2026-09-08,2026-09-08,4,1,3.9,5.33,1.0,,,,0,Other/Unknown,"No nearby facility, moderate intensity (max FRP 5.3), short/low activity (1 active day(s) over 0 days, persistence score 1.00) — insufficient evidence to confidently classify."
455,76.40362,12.69771,2026-09-08,2026-09-08,2,1,2.14,2.14,1.0,,power_plant,4195.92670212,0,Other/Unknown,"No nearby facility, moderate intensity (max FRP 2.1), short/low activity (1 active day(s) over 0 days, persistence score 1.00) — insufficient evidence to confidently classify."
456,79.35424,14.60695,2026-09-08,2026-09-08,2,1,2.36,2.36,1.0,,,,0,Other/Unknown,"No nearby facility, moderate intensity (max FRP 2.4), short/low activity (1 active day(s) over 0 days, persistence score 1.00) — insufficient evidence to confidently classify."
457,72.1614,31.33592,2026-09-08,2026-09-08,4,1,2.87,3.64,1.0,,,,0,Other/Unknown,"No nearby facility, moderate intensity (max FRP 3.6), short/low activity (1 active day(s) over 0 days, persistence score 1.00) — insufficient evidence to confidently classify."
460,80.7152,7.74249,2026-09-08,2026-09-08,2,1,1.31,1.31,1.0,,,,0,Other/Unknown,"No nearby facility, moderate intensity (max FRP 1.3), short/low activity (1 active day(s) over 0 days, persistence score 1.00) — insufficient evidence to confidently classify."
461,79.96661,8.10951,2026-09-08,2026-09-08,2,1,2.24,2.24,1.0,,,,0,Other/Unknown,"No nearby facility, moderate intensity (max FRP 2.2), short/low activity (1 active day(s) over 0 days, persistence score 1.00) — insufficient evidence to confidently classify."
462,78.31834,9.93439,2026-09-08,2026-09-08,2,1,0.7,0.7,1.0,,,,0,Other/Unknown,"No nearby facility, moderate intensity (max FRP 0.7), short/low activity (1 active day(s) over 0 days, persistence score 1.00) — insufficient evidence to confidently classify."
463,79.30709,10.39128,2026-09-08,2026-09-08,2,1,2.85,2.85,1.0,,,,0,Other/Unknown,"No nearby facility, moderate intensity (max FRP 2.9), short/low activity (1 active day(s) over 0 days, persistence score 1.00) — insufficient evidence to confidently classify."
466,77.24579,29.63118,2026-09-08,2026-09-08,2,1,0.58,0.58,1.0,,,,0,Other/Unknown,"No nearby facility, moderate intensity (max FRP 0.6), short/low activity (1 active day(s) over 0 days, persistence score 1.00) — insufficient evidence to confidently classify."
470,74.64256,33.90252,2026-09-08,2026-09-08,2,1,1.2,1.2,1.0,,,,0,Other/Unknown,"No nearby facility, moderate intensity (max FRP 1.2), short/low activity (1 active day(s) over 0 days, persistence score 1.00) — insufficient evidence to confidently classify."
476,79.33638,19.82081,2026-09-08,2026-09-08,2,1,1.84,1.84,1.0,Ballarpur Industries Limited,industrial_area,4930.02055139,0,Other/Unknown,3433m from an unnamed industrial_area — plausibly related but not close enough to confidently attribute; distance alone is insufficient per project methodology. Needs Sentinel-2 land-cover context to resolve.
476,79.33638,19.82081,2026-09-08,2026-09-08,2,1,1.84,1.84,1.0,,industrial_area,3432.81327139,0,Other/Unknown,3433m from an unnamed industrial_area — plausibly related but not close enough to confidently attribute; distance alone is insufficient per project methodology. Needs Sentinel-2 land-cover context to resolve.
479,94.19991,24.79702,2026-09-09,2026-09-09,2,1,1.88,1.88,1.0,,,,0,Other/Unknown,"No nearby facility, moderate intensity (max FRP 1.9), short/low activity (1 active day(s) over 0 days, persistence score 1.00) — insufficient evidence to confidently classify."
482,88.86318,29.30994,2026-09-09,2026-09-09,2,1,2.64,2.64,1.0,,,,0,Other/Unknown,"No nearby facility, moderate intensity (max FRP 2.6), short/low activity (1 active day(s) over 0 days, persistence score 1.00) — insufficient evidence to confidently classify."
484,80.99429,6.33895,2026-09-09,2026-09-09,2,1,6.59,6.59,1.0,,,,0,Other/Unknown,"No nearby facility, moderate intensity (max FRP 6.6), short/low activity (1 active day(s) over 0 days, persistence score 1.00) — insufficient evidence to confidently classify."
486,81.1302,6.58226,2026-09-09,2026-09-09,2,1,1.47,1.47,1.0,,,,0,Other/Unknown,"No nearby facility, moderate intensity (max FRP 1.5), short/low activity (1 active day(s) over 0 days, persistence score 1.00) — insufficient evidence to confidently classify."
487,81.17841,6.59408,2026-09-09,2026-09-09,2,1,9.85,9.85,1.0,,,,0,Wildfire / Natural Fire,"No industrial facility within 5km, high peak intensity (max FRP 9.8), short-lived (1 active day(s) over 0 days) — profile matches a natural/wild fire rather than a stable industrial source."
488,81.15031,6.73186,2026-09-09,2026-09-09,2,1,3.58,3.58,1.0,,,,0,Other/Unknown,"No nearby facility, moderate intensity (max FRP 3.6), short/low activity (1 active day(s) over 0 days, persistence score 1.00) — insufficient evidence to confidently classify."
489,81.76249,6.84331,2026-09-09,2026-09-09,2,1,4.29,4.29,1.0,,,,0,Other/Unknown,"No nearby facility, moderate intensity (max FRP 4.3), short/low activity (1 active day(s) over 0 days, persistence score 1.00) — insufficient evidence to confidently classify."
490,81.5724,7.1891,2026-09-09,2026-09-09,2,1,3.39,3.39,1.0,,,,0,Other/Unknown,"No nearby facility, moderate intensity (max FRP 3.4), short/low activity (1 active day(s) over 0 days, persistence score 1.00) — insufficient evidence to confidently classify."
491,81.77212,7.25047,2026-09-09,2026-09-09,2,1,2.24,2.24,1.0,,,,0,Other/Unknown,"No nearby facility, moderate intensity (max FRP 2.2), short/low activity (1 active day(s) over 0 days, persistence score 1.00) — insufficient evidence to confidently classify."
495,80.19008,7.51097,2026-09-09,2026-09-09,2,1,5.17,5.17,1.0,,,,0,Other/Unknown,"No nearby facility, moderate intensity (max FRP 5.2), short/low activity (1 active day(s) over 0 days, persistence score 1.00) — insufficient evidence to confidently classify."
497,80.19073,7.55166,2026-09-09,2026-09-09,2,1,2.5,2.5,1.0,,,,0,Other/Unknown,"No nearby facility, moderate intensity (max FRP 2.5), short/low activity (1 active day(s) over 0 days, persistence score 1.00) — insufficient evidence to confidently classify."
500,80.0405,7.70898,2026-09-09,2026-09-09,2,1,8.36,8.36,1.0,වසන්ත කොන්ක්‍රීට් වැඩ Wasantha Concrete Works,industrial_works,4328.88671146,0,Other/Unknown,"No nearby facility, moderate intensity (max FRP 8.4), short/low activity (1 active day(s) over 0 days, persistence score 1.00) — insufficient evidence to confidently classify."
503,80.64051,7.79754,2026-09-09,2026-09-09,2,1,6.34,6.34,1.0,"Fresh & Frozen Factory Complex, Bio Foods Pvt.",industrial_works,2519.83132939,0,Other/Unknown,"2520m from Fresh & Frozen Factory Complex, Bio Foods Pvt. — plausibly related but not close enough to confidently attribute; distance alone is insufficient per project methodology. Needs Sentinel-2 land-cover context to resolve."
504,80.15063,7.80289,2026-09-09,2026-09-09,2,1,4.35,4.35,1.0,,,,0,Other/Unknown,"No nearby facility, moderate intensity (max FRP 4.3), short/low activity (1 active day(s) over 0 days, persistence score 1.00) — insufficient evidence to confidently classify."
505,80.28514,7.92872,2026-09-09,2026-09-09,2,1,7.9,7.9,1.0,,,,0,Other/Unknown,"No nearby facility, moderate intensity (max FRP 7.9), short/low activity (1 active day(s) over 0 days, persistence score 1.00) — insufficient evidence to confidently classify."
509,80.45666,7.94733,2026-09-09,2026-09-09,2,1,5.62,5.62,1.0,,,,0,Other/Unknown,"No nearby facility, moderate intensity (max FRP 5.6), short/low activity (1 active day(s) over 0 days, persistence score 1.00) — insufficient evidence to confidently classify."
511,79.209015,11.868985,2026-09-08,2026-09-08,4,1,0.71,0.73,1.0,,,,0,Other/Unknown,"No nearby facility, moderate intensity (max FRP 0.7), short/low activity (1 active day(s) over 0 days, persistence score 1.00) — insufficient evidence to confidently classify."
513,80.54442,8.09054,2026-09-09,2026-09-09,2,1,7.04,7.04,1.0,Ihalagama Buiscut Factory,industrial_works,3825.19382439,0,Other/Unknown,"No nearby facility, moderate intensity (max FRP 7.0), short/low activity (1 active day(s) over 0 days, persistence score 1.00) — insufficient evidence to confidently classify."
515,80.09728666666668,8.128876666666669,2026-09-07,2026-09-09,3,2,6.87,7.15,1.0,,,,2,Other/Unknown,"No nearby facility, moderate intensity (max FRP 7.2), short/low activity (2 active day(s) over 2 days, persistence score 1.00) — insufficient evidence to confidently classify."
518,80.865155,8.170694999999998,2026-09-08,2026-09-08,4,1,0.585,0.81,1.0,,,,0,Other/Unknown,"No nearby facility, moderate intensity (max FRP 0.8), short/low activity (1 active day(s) over 0 days, persistence score 1.00) — insufficient evidence to confidently classify."
519,80.48454,8.30616,2026-09-09,2026-09-09,2,1,3.36,3.36,1.0,,power_plant,4409.73116113,0,Other/Unknown,"No nearby facility, moderate intensity (max FRP 3.4), short/low activity (1 active day(s) over 0 days, persistence score 1.00) — insufficient evidence to confidently classify."
521,81.01086,8.31722,2026-09-09,2026-09-09,2,1,4.48,4.48,1.0,,industrial_area,3887.6121102,0,Other/Unknown,"No nearby facility, moderate intensity (max FRP 4.5), short/low activity (1 active day(s) over 0 days, persistence score 1.00) — insufficient evidence to confidently classify."
522,80.40456,8.3732,2026-09-09,2026-09-09,2,1,3.21,3.21,1.0,AgStar Grains (Pvt) Ltd,industrial_area,2954.1241232,0,Other/Unknown,1711m from an unnamed industrial_area — plausibly related but not close enough to confidently attribute; distance alone is insufficient per project methodology. Needs Sentinel-2 land-cover context to resolve.
522,80.40456,8.3732,2026-09-09,2026-09-09,2,1,3.21,3.21,1.0,Lanka Ashok Leyland PLC Anuradhapura Outlet,industrial_area,4829.09902726,0,Other/Unknown,1711m from an unnamed industrial_area — plausibly related but not close enough to confidently attribute; distance alone is insufficient per project methodology. Needs Sentinel-2 land-cover context to resolve.
522,80.40456,8.3732,2026-09-09,2026-09-09,2,1,3.21,3.21,1.0,Wickramarathne Supplier,industrial_area,2802.28270502,0,Other/Unknown,1711m from an unnamed industrial_area — plausibly related but not close enough to confidently attribute; distance alone is insufficient per project methodology. Needs Sentinel-2 land-cover context to resolve.
522,80.40456,8.3732,2026-09-09,2026-09-09,2,1,3.21,3.21,1.0,,industrial_area,1711.26283412,0,Other/Unknown,1711m from an unnamed industrial_area — plausibly related but not close enough to confidently attribute; distance alone is insufficient per project methodology. Needs Sentinel-2 land-cover context to resolve.
525,80.24854,8.46842,2026-09-09,2026-09-09,2,1,2.25,2.25,1.0,,,,0,Other/Unknown,"No nearby facility, moderate intensity (max FRP 2.2), short/low activity (1 active day(s) over 0 days, persistence score 1.00) — insufficient evidence to confidently classify."
526,80.51556,8.50964,2026-09-09,2026-09-09,2,1,5.28,5.28,1.0,,,,0,Other/Unknown,"No nearby facility, moderate intensity (max FRP 5.3), short/low activity (1 active day(s) over 0 days, persistence score 1.00) — insufficient evidence to confidently classify."
527,78.12076,8.53304,2026-09-09,2026-09-09,2,1,2.69,2.69,1.0,,industrial_area,2151.73260615,0,Other/Unknown,2152m from an unnamed industrial_area — plausibly related but not close enough to confidently attribute; distance alone is insufficient per project methodology. Needs Sentinel-2 land-cover context to resolve.
530,81.08068,8.64196,2026-09-09,2026-09-09,2,1,6.21,6.21,1.0,,,,0,Other/Unknown,"No nearby facility, moderate intensity (max FRP 6.2), short/low activity (1 active day(s) over 0 days, persistence score 1.00) — insufficient evidence to confidently classify."
532,80.40471,8.70837,2026-09-09,2026-09-09,2,1,3.3,3.3,1.0,Vavunia Apparels,industrial_area,4675.80881512,0,Other/Unknown,"No nearby facility, moderate intensity (max FRP 3.3), short/low activity (1 active day(s) over 0 days, persistence score 1.00) — insufficient evidence to confidently classify."
535,80.89063,8.93182,2026-09-09,2026-09-09,2,1,6.54,6.54,1.0,,,,0,Other/Unknown,"No nearby facility, moderate intensity (max FRP 6.5), short/low activity (1 active day(s) over 0 days, persistence score 1.00) — insufficient evidence to confidently classify."
536,80.85964,8.94801,2026-09-09,2026-09-09,2,1,9.03,9.03,1.0,,,,0,Wildfire / Natural Fire,"No industrial facility within 5km, high peak intensity (max FRP 9.0), short-lived (1 active day(s) over 0 days) — profile matches a natural/wild fire rather than a stable industrial source."
537,80.58269,9.05835,2026-09-09,2026-09-09,2,1,4.52,4.52,1.0,,,,0,Other/Unknown,"No nearby facility, moderate intensity (max FRP 4.5), short/low activity (1 active day(s) over 0 days, persistence score 1.00) — insufficient evidence to confidently classify."
538,80.47755,9.38469,2026-09-09,2026-09-09,2,1,10.9,10.9,1.0,,industrial_area,3208.68536707,0,Other/Unknown,3209m from an unnamed industrial_area — plausibly related but not close enough to confidently attribute; distance alone is insufficient per project methodology. Needs Sentinel-2 land-cover context to resolve.
539,78.10203,9.63687,2026-09-09,2026-09-09,2,1,5.41,5.41,1.0,,,,0,Other/Unknown,"No nearby facility, moderate intensity (max FRP 5.4), short/low activity (1 active day(s) over 0 days, persistence score 1.00) — insufficient evidence to confidently classify."
540,77.51385,9.80809,2026-09-09,2026-09-09,2,1,7.83,7.83,1.0,,,,0,Other/Unknown,"No nearby facility, moderate intensity (max FRP 7.8), short/low activity (1 active day(s) over 0 days, persistence score 1.00) — insufficient evidence to confidently classify."
544,78.61387,10.31302,2026-09-09,2026-09-09,2,1,4.49,4.49,1.0,,,,0,Other/Unknown,"No nearby facility, moderate intensity (max FRP 4.5), short/low activity (1 active day(s) over 0 days, persistence score 1.00) — insufficient evidence to confidently classify."
547,77.19473,10.43343,2026-09-09,2026-09-09,2,1,9.4,9.4,1.0,,,,0,Wildfire / Natural Fire,"No industrial facility within 5km, high peak intensity (max FRP 9.4), short-lived (1 active day(s) over 0 days) — profile matches a natural/wild fire rather than a stable industrial source."
548,77.11541,10.44232,2026-09-09,2026-09-09,2,1,2.39,2.39,1.0,,,,0,Other/Unknown,"No nearby facility, moderate intensity (max FRP 2.4), short/low activity (1 active day(s) over 0 days, persistence score 1.00) — insufficient evidence to confidently classify."
549,78.61864,10.53283,2026-09-09,2026-09-09,2,1,1.94,1.94,1.0,,,,0,Other/Unknown,"No nearby facility, moderate intensity (max FRP 1.9), short/low activity (1 active day(s) over 0 days, persistence score 1.00) — insufficient evidence to confidently classify."
550,78.88138,10.67141,2026-09-09,2026-09-09,2,1,4.19,4.19,1.0,,,,0,Other/Unknown,"No nearby facility, moderate intensity (max FRP 4.2), short/low activity (1 active day(s) over 0 days, persistence score 1.00) — insufficient evidence to confidently classify."
551,79.27805,10.68338,2026-09-09,2026-09-09,2,1,3.25,3.25,1.0,,,,0,Other/Unknown,"No nearby facility, moderate intensity (max FRP 3.2), short/low activity (1 active day(s) over 0 days, persistence score 1.00) — insufficient evidence to confidently classify."
552,78.49009,10.90465,2026-09-09,2026-09-09,2,1,4.58,4.58,1.0,,,,0,Other/Unknown,"No nearby facility, moderate intensity (max FRP 4.6), short/low activity (1 active day(s) over 0 days, persistence score 1.00) — insufficient evidence to confidently classify."
555,77.51046,11.02803,2026-09-09,2026-09-09,2,1,4.23,4.23,1.0,Sri Srinivasa Rice Mill,industrial_area,3899.90227008,0,Other/Unknown,"No nearby facility, moderate intensity (max FRP 4.2), short/low activity (1 active day(s) over 0 days, persistence score 1.00) — insufficient evidence to confidently classify."
555,77.51046,11.02803,2026-09-09,2026-09-09,2,1,4.23,4.23,1.0,,industrial_area,4532.61150091,0,Other/Unknown,"No nearby facility, moderate intensity (max FRP 4.2), short/low activity (1 active day(s) over 0 days, persistence score 1.00) — insufficient evidence to confidently classify."
556,79.16139,12.06407,2026-09-09,2026-09-09,2,1,2.28,2.28,1.0,,,,0,Other/Unknown,"No nearby facility, moderate intensity (max FRP 2.3), short/low activity (1 active day(s) over 0 days, persistence score 1.00) — insufficient evidence to confidently classify."
557,79.11487,12.56395,2026-09-09,2026-09-09,2,1,15.8,15.8,1.0,,,,0,Wildfire / Natural Fire,"No industrial facility within 5km, high peak intensity (max FRP 15.8), short-lived (1 active day(s) over 0 days) — profile matches a natural/wild fire rather than a stable industrial source."
558,77.47733,13.86723,2026-09-09,2026-09-09,2,1,4.47,4.47,1.0,"APSRTC Bus Depot , Hindupuram",industrial_area,4225.06008408,0,Other/Unknown,"No nearby facility, moderate intensity (max FRP 4.5), short/low activity (1 active day(s) over 0 days, persistence score 1.00) — insufficient evidence to confidently classify."
558,77.47733,13.86723,2026-09-09,2026-09-09,2,1,4.47,4.47,1.0,,industrial_area,3609.35946664,0,Other/Unknown,"No nearby facility, moderate intensity (max FRP 4.5), short/low activity (1 active day(s) over 0 days, persistence score 1.00) — insufficient evidence to confidently classify."
558,77.47733,13.86723,2026-09-09,2026-09-09,2,1,4.47,4.47,1.0,,power_plant,3640.90740626,0,Other/Unknown,"No nearby facility, moderate intensity (max FRP 4.5), short/low activity (1 active day(s) over 0 days, persistence score 1.00) — insufficient evidence to confidently classify."
559,79.93987,14.04664,2026-09-09,2026-09-09,2,1,2.68,2.68,1.0,,,,0,Other/Unknown,"No nearby facility, moderate intensity (max FRP 2.7), short/low activity (1 active day(s) over 0 days, persistence score 1.00) — insufficient evidence to confidently classify."
560,78.02254,14.5568,2026-09-09,2026-09-09,2,1,4.37,4.37,1.0,,,,0,Other/Unknown,"No nearby facility, moderate intensity (max FRP 4.4), short/low activity (1 active day(s) over 0 days, persistence score 1.00) — insufficient evidence to confidently classify."
561,79.99017,14.70121,2026-09-09,2026-09-09,2,1,3.2,3.2,1.0,BMR shrimp processing plant,industrial_works,1274.53025746,0,Industrial Fire,Close to BMR shrimp processing plant (1275m away) but only active 1 day(s) over a 0-day window (2 detections) — reads as a transient burn event at/near a facility rather than an ongoing source.
562,79.02826,14.79568,2026-09-09,2026-09-09,2,1,11.93,11.93,1.0,,,,0,Wildfire / Natural Fire,"No industrial facility within 5km, high peak intensity (max FRP 11.9), short-lived (1 active day(s) over 0 days) — profile matches a natural/wild fire rather than a stable industrial source."
564,75.72618,17.38081,2026-09-09,2026-09-09,2,1,3.99,3.99,1.0,,,,0,Other/Unknown,"No nearby facility, moderate intensity (max FRP 4.0), short/low activity (1 active day(s) over 0 days, persistence score 1.00) — insufficient evidence to confidently classify."
565,74.35523,18.37337,2026-09-09,2026-09-09,2,1,5.1,5.1,1.0,,,,0,Other/Unknown,"No nearby facility, moderate intensity (max FRP 5.1), short/low activity (1 active day(s) over 0 days, persistence score 1.00) — insufficient evidence to confidently classify."
566,73.98694,18.48067,2026-09-09,2026-09-09,2,1,5.5,5.5,1.0,,,,0,Other/Unknown,"No nearby facility, moderate intensity (max FRP 5.5), short/low activity (1 active day(s) over 0 days, persistence score 1.00) — insufficient evidence to confidently classify."
568,72.418375,23.28289,2026-09-08,2026-09-08,4,1,0.9,0.91,1.0,ANAND ESTATES,industrial_works,3408.34038335,0,Other/Unknown,2073m from an unnamed industrial_area — plausibly related but not close enough to confidently attribute; distance alone is insufficient per project methodology. Needs Sentinel-2 land-cover context to resolve.
568,72.418375,23.28289,2026-09-08,2026-09-08,4,1,0.9,0.91,1.0,Appolo,industrial_works,4626.97967409,0,Other/Unknown,2073m from an unnamed industrial_area — plausibly related but not close enough to confidently attribute; distance alone is insufficient per project methodology. Needs Sentinel-2 land-cover context to resolve.
568,72.418375,23.28289,2026-09-08,2026-09-08,4,1,0.9,0.91,1.0,Apurvi pipes,industrial_area,4728.54585423,0,Other/Unknown,2073m from an unnamed industrial_area — plausibly related but not close enough to confidently attribute; distance alone is insufficient per project methodology. Needs Sentinel-2 land-cover context to resolve.
568,72.418375,23.28289,2026-09-08,2026-09-08,4,1,0.9,0.91,1.0,Asian Tubes Limited,industrial_works,2387.74328366,0,Other/Unknown,2073m from an unnamed industrial_area — plausibly related but not close enough to confidently attribute; distance alone is insufficient per project methodology. Needs Sentinel-2 land-cover context to resolve.
568,72.418375,23.28289,2026-09-08,2026-09-08,4,1,0.9,0.91,1.0,Bhavna Roadways,industrial_works,2626.43872557,0,Other/Unknown,2073m from an unnamed industrial_area — plausibly related but not close enough to confidently attribute; distance alone is insufficient per project methodology. Needs Sentinel-2 land-cover context to resolve.
568,72.418375,23.28289,2026-09-08,2026-09-08,4,1,0.9,0.91,1.0,Creative fiber glass,industrial_works,3414.52403025,0,Other/Unknown,2073m from an unnamed industrial_area — plausibly related but not close enough to confidently attribute; distance alone is insufficient per project methodology. Needs Sentinel-2 land-cover context to resolve.
568,72.418375,23.28289,2026-09-08,2026-09-08,4,1,0.9,0.91,1.0,Heavy metal,industrial_works,3166.06213704,0,Other/Unknown,2073m from an unnamed industrial_area — plausibly related but not close enough to confidently attribute; distance alone is insufficient per project methodology. Needs Sentinel-2 land-cover context to resolve.
568,72.418375,23.28289,2026-09-08,2026-09-08,4,1,0.9,0.91,1.0,Heavy metal Tubes ltd,industrial_works,3303.4729278,0,Other/Unknown,2073m from an unnamed industrial_area — plausibly related but not close enough to confidently attribute; distance alone is insufficient per project methodology. Needs Sentinel-2 land-cover context to resolve.
568,72.418375,23.28289,2026-09-08,2026-09-08,4,1,0.9,0.91,1.0,Kamal industries,industrial_works,4447.83522598,0,Other/Unknown,2073m from an unnamed industrial_area — plausibly related but not close enough to confidently attribute; distance alone is insufficient per project methodology. Needs Sentinel-2 land-cover context to resolve.
568,72.418375,23.28289,2026-09-08,2026-09-08,4,1,0.9,0.91,1.0,Lancer,industrial_works,4952.64612627,0,Other/Unknown,2073m from an unnamed industrial_area — plausibly related but not close enough to confidently attribute; distance alone is insufficient per project methodology. Needs Sentinel-2 land-cover context to resolve.
568,72.418375,23.28289,2026-09-08,2026-09-08,4,1,0.9,0.91,1.0,Master coats,industrial_area,4628.09344395,0,Other/Unknown,2073m from an unnamed industrial_area — plausibly related but not close enough to confidently attribute; distance alone is insufficient per project methodology. Needs Sentinel-2 land-cover context to resolve.
568,72.418375,23.28289,2026-09-08,2026-09-08,4,1,0.9,0.91,1.0,Master coats,industrial_works,4695.84839597,0,Other/Unknown,2073m from an unnamed industrial_area — plausibly related but not close enough to confidently attribute; distance alone is insufficient per project methodology. Needs Sentinel-2 land-cover context to resolve.
568,72.418375,23.28289,2026-09-08,2026-09-08,4,1,0.9,0.91,1.0,Maxim tubes p ltd.,industrial_works,3517.75235687,0,Other/Unknown,2073m from an unnamed industrial_area — plausibly related but not close enough to confidently attribute; distance alone is insufficient per project methodology. Needs Sentinel-2 land-cover context to resolve.
568,72.418375,23.28289,2026-09-08,2026-09-08,4,1,0.9,0.91,1.0,Rainbow paper mill,industrial_works,4886.09268066,0,Other/Unknown,2073m from an unnamed industrial_area — plausibly related but not close enough to confidently attribute; distance alone is insufficient per project methodology. Needs Sentinel-2 land-cover context to resolve.
568,72.418375,23.28289,2026-09-08,2026-09-08,4,1,0.9,0.91,1.0,Rainbow paper mill- Office,industrial_works,4790.23636096,0,Other/Unknown,2073m from an unnamed industrial_area — plausibly related but not close enough to confidently attribute; distance alone is insufficient per project methodology. Needs Sentinel-2 land-cover context to resolve.
568,72.418375,23.28289,2026-09-08,2026-09-08,4,1,0.9,0.91,1.0,Stronglite composite,industrial_works,4638.05969881,0,Other/Unknown,2073m from an unnamed industrial_area — plausibly related but not close enough to confidently attribute; distance alone is insufficient per project methodology. Needs Sentinel-2 land-cover context to resolve.
568,72.418375,23.28289,2026-09-08,2026-09-08,4,1,0.9,0.91,1.0,sundek,industrial_works,4875.3156073,0,Other/Unknown,2073m from an unnamed industrial_area — plausibly related but not close enough to confidently attribute; distance alone is insufficient per project methodology. Needs Sentinel-2 land-cover context to resolve.
568,72.418375,23.28289,2026-09-08,2026-09-08,4,1,0.9,0.91,1.0,Torrent Pharmaceuticals Ltd,industrial_works,3840.09021129,0,Other/Unknown,2073m from an unnamed industrial_area — plausibly related but not close enough to confidently attribute; distance alone is insufficient per project methodology. Needs Sentinel-2 land-cover context to resolve.
568,72.418375,23.28289,2026-09-08,2026-09-08,4,1,0.9,0.91,1.0,vishal enginering,industrial_works,3357.58407457,0,Other/Unknown,2073m from an unnamed industrial_area — plausibly related but not close enough to confidently attribute; distance alone is insufficient per project methodology. Needs Sentinel-2 land-cover context to resolve.
568,72.418375,23.28289,2026-09-08,2026-09-08,4,1,0.9,0.91,1.0,Western protins,industrial_area,4419.97982987,0,Other/Unknown,2073m from an unnamed industrial_area — plausibly related but not close enough to confidently attribute; distance alone is insufficient per project methodology. Needs Sentinel-2 land-cover context to resolve.
568,72.418375,23.28289,2026-09-08,2026-09-08,4,1,0.9,0.91,1.0,Western protins,industrial_works,4435.43793198,0,Other/Unknown,2073m from an unnamed industrial_area — plausibly related but not close enough to confidently attribute; distance alone is insufficient per project methodology. Needs Sentinel-2 land-cover context to resolve.
568,72.418375,23.28289,2026-09-08,2026-09-08,4,1,0.9,0.91,1.0,,industrial_area,2072.61965078,0,Other/Unknown,2073m from an unnamed industrial_area — plausibly related but not close enough to confidently attribute; distance alone is insufficient per project methodology. Needs Sentinel-2 land-cover context to resolve.
569,74.55608,18.62244,2026-09-09,2026-09-09,2,1,4.25,4.25,1.0,,,,0,Other/Unknown,"No nearby facility, moderate intensity (max FRP 4.2), short/low activity (1 active day(s) over 0 days, persistence score 1.00) — insufficient evidence to confidently classify."
570,74.65992,18.64365,2026-09-09,2026-09-09,2,1,4.85,4.85,1.0,,,,0,Other/Unknown,"No nearby facility, moderate intensity (max FRP 4.8), short/low activity (1 active day(s) over 0 days, persistence score 1.00) — insufficient evidence to confidently classify."
572,74.43908,18.99486,2026-09-09,2026-09-09,2,1,3.27,3.27,1.0,,,,0,Other/Unknown,"No nearby facility, moderate intensity (max FRP 3.3), short/low activity (1 active day(s) over 0 days, persistence score 1.00) — insufficient evidence to confidently classify."
573,74.57458,19.65047,2026-09-09,2026-09-09,2,1,6.15,6.15,1.0,,,,0,Other/Unknown,"No nearby facility, moderate intensity (max FRP 6.2), short/low activity (1 active day(s) over 0 days, persistence score 1.00) — insufficient evidence to confidently classify."
577,72.9502,21.45597,2026-09-09,2026-09-09,2,1,3.95,3.95,1.0,,,,0,Other/Unknown,"No nearby facility, moderate intensity (max FRP 4.0), short/low activity (1 active day(s) over 0 days, persistence score 1.00) — insufficient evidence to confidently classify."
578,72.51338,21.96141,2026-09-09,2026-09-09,2,1,6.19,6.19,1.0,,,,0,Other/Unknown,"No nearby facility, moderate intensity (max FRP 6.2), short/low activity (1 active day(s) over 0 days, persistence score 1.00) — insufficient evidence to confidently classify."
580,70.93859,22.4838,2026-09-09,2026-09-09,2,1,3.49,3.49,1.0,,,,0,Other/Unknown,"No nearby facility, moderate intensity (max FRP 3.5), short/low activity (1 active day(s) over 0 days, persistence score 1.00) — insufficient evidence to confidently classify."
581,71.63312,22.55157,2026-09-09,2026-09-09,2,1,5.82,5.82,1.0,,,,0,Other/Unknown,"No nearby facility, moderate intensity (max FRP 5.8), short/low activity (1 active day(s) over 0 days, persistence score 1.00) — insufficient evidence to confidently classify."
582,69.46031,22.78069,2026-09-09,2026-09-09,2,1,3.57,3.57,1.0,,,,0,Other/Unknown,"No nearby facility, moderate intensity (max FRP 3.6), short/low activity (1 active day(s) over 0 days, persistence score 1.00) — insufficient evidence to confidently classify."
583,69.57805,22.87284,2026-09-09,2026-09-09,2,1,4.04,4.04,1.0,,,,0,Other/Unknown,"No nearby facility, moderate intensity (max FRP 4.0), short/low activity (1 active day(s) over 0 days, persistence score 1.00) — insufficient evidence to confidently classify."
584,69.89949,22.89505,2026-09-09,2026-09-09,2,1,1.82,1.82,1.0,OPG Power,power_plant,409.92950536,0,Industrial Fire,Close to OPG Power (410m away) but only active 1 day(s) over a 0-day window (2 detections) — reads as a transient burn event at/near a facility rather than an ongoing source.
584,69.89949,22.89505,2026-09-09,2026-09-09,2,1,1.82,1.82,1.0,,industrial_area,2955.79737047,0,Industrial Fire,Close to OPG Power (410m away) but only active 1 day(s) over a 0-day window (2 detections) — reads as a transient burn event at/near a facility rather than an ongoing source.
588,69.53057,23.03181,2026-09-09,2026-09-09,2,1,2.6,2.6,1.0,,,,0,Other/Unknown,"No nearby facility, moderate intensity (max FRP 2.6), short/low activity (1 active day(s) over 0 days, persistence score 1.00) — insufficient evidence to confidently classify."
589,69.64938,23.05331,2026-09-09,2026-09-09,2,1,5.02,5.02,1.0,,industrial_area,4111.84181235,0,Other/Unknown,3456m from an unnamed industrial_works — plausibly related but not close enough to confidently attribute; distance alone is insufficient per project methodology. Needs Sentinel-2 land-cover context to resolve.
589,69.64938,23.05331,2026-09-09,2026-09-09,2,1,5.02,5.02,1.0,,industrial_works,3456.10892097,0,Other/Unknown,3456m from an unnamed industrial_works — plausibly related but not close enough to confidently attribute; distance alone is insufficient per project methodology. Needs Sentinel-2 land-cover context to resolve.
589,69.64938,23.05331,2026-09-09,2026-09-09,2,1,5.02,5.02,1.0,,power_plant,3811.23035348,0,Other/Unknown,3456m from an unnamed industrial_works — plausibly related but not close enough to confidently attribute; distance alone is insufficient per project methodology. Needs Sentinel-2 land-cover context to resolve.
590,72.47737,23.10171,2026-09-09,2026-09-09,2,1,4.76,4.76,1.0,,industrial_area,1466.98515054,0,Industrial Fire,Close to an unnamed industrial_area (1467m away) but only active 1 day(s) over a 0-day window (2 detections) — reads as a transient burn event at/near a facility rather than an ongoing source.
591,72.15764,23.50802,2026-09-09,2026-09-09,2,1,3.69,3.69,1.0,,,,0,Other/Unknown,"No nearby facility, moderate intensity (max FRP 3.7), short/low activity (1 active day(s) over 0 days, persistence score 1.00) — insufficient evidence to confidently classify."
592,72.47577,23.57267,2026-09-09,2026-09-09,2,1,4.27,4.27,1.0,,,,0,Other/Unknown,"No nearby facility, moderate intensity (max FRP 4.3), short/low activity (1 active day(s) over 0 days, persistence score 1.00) — insufficient evidence to confidently classify."
593,69.0869,24.48032,2026-09-09,2026-09-09,2,1,2.81,2.81,1.0,,,,0,Other/Unknown,"No nearby facility, moderate intensity (max FRP 2.8), short/low activity (1 active day(s) over 0 days, persistence score 1.00) — insufficient evidence to confidently classify."
594,69.17052,25.00024,2026-09-09,2026-09-09,2,1,0.73,0.73,1.0,,,,0,Other/Unknown,"No nearby facility, moderate intensity (max FRP 0.7), short/low activity (1 active day(s) over 0 days, persistence score 1.00) — insufficient evidence to confidently classify."
595,69.0938,25.35773,2026-09-09,2026-09-09,2,1,2.47,2.47,1.0,,,,0,Other/Unknown,"No nearby facility, moderate intensity (max FRP 2.5), short/low activity (1 active day(s) over 0 days, persistence score 1.00) — insufficient evidence to confidently classify."
597,68.99232,25.41987,2026-09-09,2026-09-09,2,1,4.22,4.22,1.0,,,,0,Other/Unknown,"No nearby facility, moderate intensity (max FRP 4.2), short/low activity (1 active day(s) over 0 days, persistence score 1.00) — insufficient evidence to confidently classify."
598,68.59055,25.79195,2026-09-09,2026-09-09,2,1,1.24,1.24,1.0,,,,0,Other/Unknown,"No nearby facility, moderate intensity (max FRP 1.2), short/low activity (1 active day(s) over 0 days, persistence score 1.00) — insufficient evidence to confidently classify."
599,68.76244,25.89977,2026-09-09,2026-09-09,2,1,2.09,2.09,1.0,,,,0,Other/Unknown,"No nearby facility, moderate intensity (max FRP 2.1), short/low activity (1 active day(s) over 0 days, persistence score 1.00) — insufficient evidence to confidently classify."
600,68.98871,26.14395,2026-09-09,2026-09-09,2,1,2.69,2.69,1.0,,,,0,Other/Unknown,"No nearby facility, moderate intensity (max FRP 2.7), short/low activity (1 active day(s) over 0 days, persistence score 1.00) — insufficient evidence to confidently classify."
603,74.15643,18.57124,2026-09-08,2026-09-08,4,1,0.8799999999999999,0.94,1.0,,,,0,Other/Unknown,"No nearby facility, moderate intensity (max FRP 0.9), short/low activity (1 active day(s) over 0 days, persistence score 1.00) — insufficient evidence to confidently classify."
605,69.8423,30.3203,2026-09-09,2026-09-09,2,1,2.96,2.96,1.0,,,,0,Other/Unknown,"No nearby facility, moderate intensity (max FRP 3.0), short/low activity (1 active day(s) over 0 days, persistence score 1.00) — insufficient evidence to confidently classify."
606,73.80231,30.46224,2026-09-09,2026-09-09,2,1,3.04,3.04,1.0,,,,0,Other/Unknown,"No nearby facility, moderate intensity (max FRP 3.0), short/low activity (1 active day(s) over 0 days, persistence score 1.00) — insufficient evidence to confidently classify."
608,73.96021,31.39262,2026-09-09,2026-09-09,2,1,4.82,4.82,1.0,,,,0,Other/Unknown,"No nearby facility, moderate intensity (max FRP 4.8), short/low activity (1 active day(s) over 0 days, persistence score 1.00) — insufficient evidence to confidently classify."
609,81.54149,36.79524,2026-09-09,2026-09-09,2,1,6.22,6.22,1.0,,,,0,Other/Unknown,"No nearby facility, moderate intensity (max FRP 6.2), short/low activity (1 active day(s) over 0 days, persistence score 1.00) — insufficient evidence to confidently classify."
610,96.94934,28.58281,2026-09-09,2026-09-09,2,1,1.2,1.2,1.0,,,,0,Other/Unknown,"No nearby facility, moderate intensity (max FRP 1.2), short/low activity (1 active day(s) over 0 days, persistence score 1.00) — insufficient evidence to confidently classify."
612,81.1439,6.72036,2026-09-09,2026-09-09,2,1,1.04,1.04,1.0,,,,0,Other/Unknown,"No nearby facility, moderate intensity (max FRP 1.0), short/low activity (1 active day(s) over 0 days, persistence score 1.00) — insufficient evidence to confidently classify."
613,77.84742,26.702,2026-09-09,2026-09-09,2,1,1.27,1.27,1.0,Dholpur Combined Power Station,power_plant,276.00892831,0,Industrial Fire,Close to Dholpur Combined Power Station (276m away) but only active 1 day(s) over a 0-day window (2 detections) — reads as a transient burn event at/near a facility rather than an ongoing source.
613,77.84742,26.702,2026-09-09,2026-09-09,2,1,1.27,1.27,1.0,,industrial_area,4335.82729597,0,Industrial Fire,Close to Dholpur Combined Power Station (276m away) but only active 1 day(s) over a 0-day window (2 detections) — reads as a transient burn event at/near a facility rather than an ongoing source.
616,77.24104,28.35967,2026-09-09,2026-09-09,2,1,0.92,0.92,1.0,Pali Stone Crusher Zone I,industrial_area,4419.39787827,0,Other/Unknown,1577m from an unnamed industrial_area — plausibly related but not close enough to confidently attribute; distance alone is insufficient per project methodology. Needs Sentinel-2 land-cover context to resolve.
616,77.24104,28.35967,2026-09-09,2026-09-09,2,1,0.92,0.92,1.0,Pali Stone Crusher Zone II,industrial_area,3735.64228621,0,Other/Unknown,1577m from an unnamed industrial_area — plausibly related but not close enough to confidently attribute; distance alone is insufficient per project methodology. Needs Sentinel-2 land-cover context to resolve.
616,77.24104,28.35967,2026-09-09,2026-09-09,2,1,0.92,0.92,1.0,,industrial_area,1577.35794341,0,Other/Unknown,1577m from an unnamed industrial_area — plausibly related but not close enough to confidently attribute; distance alone is insufficient per project methodology. Needs Sentinel-2 land-cover context to resolve.
619,73.97697,29.02955,2026-09-09,2026-09-09,2,1,1.05,1.05,1.0,,,,0,Other/Unknown,"No nearby facility, moderate intensity (max FRP 1.1), short/low activity (1 active day(s) over 0 days, persistence score 1.00) — insufficient evidence to confidently classify."
623,96.84375333333332,27.87347,2026-09-09,2026-09-09,6,1,4.826666666666667,6.71,1.0,,,,0,Other/Unknown,"No nearby facility, moderate intensity (max FRP 6.7), short/low activity (1 active day(s) over 0 days, persistence score 1.00) — insufficient evidence to confidently classify."
625,96.77197333333334,27.93024,2026-09-09,2026-09-11,6,2,3.8866666666666663,4.73,1.0,,,,2,Other/Unknown,"No nearby facility, moderate intensity (max FRP 4.7), short/low activity (2 active day(s) over 2 days, persistence score 1.00) — insufficient evidence to confidently classify."
631,80.775675,6.361350000000001,2026-09-09,2026-09-09,4,1,4.09,5.69,1.0,,,,0,Other/Unknown,"No nearby facility, moderate intensity (max FRP 5.7), short/low activity (1 active day(s) over 0 days, persistence score 1.00) — insufficient evidence to confidently classify."
635,70.89373,22.80195,2026-09-09,2026-09-09,2,1,0.85,0.85,1.0,,industrial_area,1129.51390358,0,Industrial Fire,Close to an unnamed industrial_area (1130m away) but only active 1 day(s) over a 0-day window (2 detections) — reads as a transient burn event at/near a facility rather than an ongoing source.
641,81.581785,6.996585,2026-09-09,2026-09-09,4,1,3.175,4.03,1.0,,,,0,Other/Unknown,"No nearby facility, moderate intensity (max FRP 4.0), short/low activity (1 active day(s) over 0 days, persistence score 1.00) — insufficient evidence to confidently classify."
642,68.36952,25.95813,2026-09-09,2026-09-09,2,1,1.18,1.18,1.0,,,,0,Other/Unknown,"No nearby facility, moderate intensity (max FRP 1.2), short/low activity (1 active day(s) over 0 days, persistence score 1.00) — insufficient evidence to confidently classify."
645,74.80548,18.39037,2026-09-09,2026-09-09,2,1,0.64,0.64,1.0,,,,0,Other/Unknown,"No nearby facility, moderate intensity (max FRP 0.6), short/low activity (1 active day(s) over 0 days, persistence score 1.00) — insufficient evidence to confidently classify."
646,74.52725,18.56875,2026-09-09,2026-09-09,2,1,0.96,0.96,1.0,,,,0,Other/Unknown,"No nearby facility, moderate intensity (max FRP 1.0), short/low activity (1 active day(s) over 0 days, persistence score 1.00) — insufficient evidence to confidently classify."
649,96.95296,27.86725,2026-09-10,2026-09-10,2,1,10.53,10.53,1.0,,,,0,Wildfire / Natural Fire,"No industrial facility within 5km, high peak intensity (max FRP 10.5), short-lived (1 active day(s) over 0 days) — profile matches a natural/wild fire rather than a stable industrial source."
650,96.65233,28.03857,2026-09-10,2026-09-10,2,1,4.27,4.27,1.0,,,,0,Other/Unknown,"No nearby facility, moderate intensity (max FRP 4.3), short/low activity (1 active day(s) over 0 days, persistence score 1.00) — insufficient evidence to confidently classify."
651,96.67348,28.14016,2026-09-10,2026-09-10,2,1,7.19,7.19,1.0,,,,0,Other/Unknown,"No nearby facility, moderate intensity (max FRP 7.2), short/low activity (1 active day(s) over 0 days, persistence score 1.00) — insufficient evidence to confidently classify."
652,80.48546,8.033854999999999,2026-09-09,2026-09-09,4,1,4.315,5.25,1.0,,,,0,Other/Unknown,"No nearby facility, moderate intensity (max FRP 5.2), short/low activity (1 active day(s) over 0 days, persistence score 1.00) — insufficient evidence to confidently classify."
653,80.40512000000001,8.05685,2026-09-09,2026-09-09,4,1,7.49,7.49,1.0,,,,0,Other/Unknown,"No nearby facility, moderate intensity (max FRP 7.5), short/low activity (1 active day(s) over 0 days, persistence score 1.00) — insufficient evidence to confidently classify."
654,90.97839,29.64131,2026-09-10,2026-09-10,2,1,2.56,2.56,1.0,东嘎应急电源,industrial_area,2557.46007142,0,Industrial Fire,Close to an unnamed industrial_area (346m away) but only active 1 day(s) over a 0-day window (2 detections) — reads as a transient burn event at/near a facility rather than an ongoing source.
654,90.97839,29.64131,2026-09-10,2026-09-10,2,1,2.56,2.56,1.0,东嘎过渡电源,power_plant,2406.36307167,0,Industrial Fire,Close to an unnamed industrial_area (346m away) but only active 1 day(s) over a 0-day window (2 detections) — reads as a transient burn event at/near a facility rather than an ongoing source.
654,90.97839,29.64131,2026-09-10,2026-09-10,2,1,2.56,2.56,1.0,国网西藏电力有限公司东嘎发电公司,power_plant,2340.35618419,0,Industrial Fire,Close to an unnamed industrial_area (346m away) but only active 1 day(s) over a 0-day window (2 detections) — reads as a transient burn event at/near a facility rather than an ongoing source.
654,90.97839,29.64131,2026-09-10,2026-09-10,2,1,2.56,2.56,1.0,拉萨创业创新园,industrial_area,3779.73294173,0,Industrial Fire,Close to an unnamed industrial_area (346m away) but only active 1 day(s) over a 0-day window (2 detections) — reads as a transient burn event at/near a facility rather than an ongoing source.
654,90.97839,29.64131,2026-09-10,2026-09-10,2,1,2.56,2.56,1.0,拉萨皮革厂,industrial_area,1475.33403104,0,Industrial Fire,Close to an unnamed industrial_area (346m away) but only active 1 day(s) over a 0-day window (2 detections) — reads as a transient burn event at/near a facility rather than an ongoing source.
654,90.97839,29.64131,2026-09-10,2026-09-10,2,1,2.56,2.56,1.0,西藏祁连山水泥厂,industrial_area,908.77766844,0,Industrial Fire,Close to an unnamed industrial_area (346m away) but only active 1 day(s) over a 0-day window (2 detections) — reads as a transient burn event at/near a facility rather than an ongoing source.
654,90.97839,29.64131,2026-09-10,2026-09-10,2,1,2.56,2.56,1.0,,industrial_area,345.79861488,0,Industrial Fire,Close to an unnamed industrial_area (346m away) but only active 1 day(s) over a 0-day window (2 detections) — reads as a transient burn event at/near a facility rather than an ongoing source.
654,90.97839,29.64131,2026-09-10,2026-09-10,2,1,2.56,2.56,1.0,,power_plant,4343.84006518,0,Industrial Fire,Close to an unnamed industrial_area (346m away) but only active 1 day(s) over a 0-day window (2 detections) — reads as a transient burn event at/near a facility rather than an ongoing source.
655,93.2654,36.85529,2026-09-10,2026-09-10,2,1,6.01,6.01,1.0,,power_plant,1434.21566344,0,Industrial Fire,Close to an unnamed power_plant (1434m away) but only active 1 day(s) over a 0-day window (2 detections) — reads as a transient burn event at/near a facility rather than an ongoing source.
656,81.11115,6.18368,2026-09-10,2026-09-10,2,1,5.21,5.21,1.0,Arabokka Industrial Zone,industrial_area,4328.65041031,0,Other/Unknown,1730m from an unnamed power_plant — plausibly related but not close enough to confidently attribute; distance alone is insufficient per project methodology. Needs Sentinel-2 land-cover context to resolve.
656,81.11115,6.18368,2026-09-10,2026-09-10,2,1,5.21,5.21,1.0,,industrial_area,4921.44989297,0,Other/Unknown,1730m from an unnamed power_plant — plausibly related but not close enough to confidently attribute; distance alone is insufficient per project methodology. Needs Sentinel-2 land-cover context to resolve.
656,81.11115,6.18368,2026-09-10,2026-09-10,2,1,5.21,5.21,1.0,,power_plant,1729.95183004,0,Other/Unknown,1730m from an unnamed power_plant — plausibly related but not close enough to confidently attribute; distance alone is insufficient per project methodology. Needs Sentinel-2 land-cover context to resolve.
657,80.91109,6.22965,2026-09-10,2026-09-10,2,1,5.26,5.26,1.0,,industrial_area,4813.20610869,0,Other/Unknown,"No nearby facility, moderate intensity (max FRP 5.3), short/low activity (1 active day(s) over 0 days, persistence score 1.00) — insufficient evidence to confidently classify."
658,80.75185,6.43301,2026-09-10,2026-09-10,2,1,2.97,2.97,1.0,,,,0,Other/Unknown,"No nearby facility, moderate intensity (max FRP 3.0), short/low activity (1 active day(s) over 0 days, persistence score 1.00) — insufficient evidence to confidently classify."
659,80.99404,6.53781,2026-09-10,2026-09-10,2,1,2.07,2.07,1.0,,,,0,Other/Unknown,"No nearby facility, moderate intensity (max FRP 2.1), short/low activity (1 active day(s) over 0 days, persistence score 1.00) — insufficient evidence to confidently classify."
661,81.1232,6.71419,2026-09-10,2026-09-10,2,1,4.24,4.24,1.0,,,,0,Other/Unknown,"No nearby facility, moderate intensity (max FRP 4.2), short/low activity (1 active day(s) over 0 days, persistence score 1.00) — insufficient evidence to confidently classify."
663,81.07056,8.221152499999999,2026-09-09,2026-09-09,8,1,6.91,10.97,1.0,,,,0,Wildfire / Natural Fire,"No industrial facility within 5km, high peak intensity (max FRP 11.0), short-lived (1 active day(s) over 0 days) — profile matches a natural/wild fire rather than a stable industrial source."
665,81.27726,6.79604,2026-09-10,2026-09-10,2,1,2.45,2.45,1.0,Kalawaaragama Power Plant,power_plant,3445.23005586,0,Other/Unknown,3445m from Kalawaaragama Power Plant — plausibly related but not close enough to confidently attribute; distance alone is insufficient per project methodology. Needs Sentinel-2 land-cover context to resolve.
668,81.50098,6.85811,2026-09-10,2026-09-10,2,1,6.21,6.21,1.0,,,,0,Other/Unknown,"No nearby facility, moderate intensity (max FRP 6.2), short/low activity (1 active day(s) over 0 days, persistence score 1.00) — insufficient evidence to confidently classify."
669,81.12688,7.2688,2026-09-10,2026-09-10,2,1,3.74,3.74,1.0,,,,0,Other/Unknown,"No nearby facility, moderate intensity (max FRP 3.7), short/low activity (1 active day(s) over 0 days, persistence score 1.00) — insufficient evidence to confidently classify."
670,80.01469,7.52287,2026-09-10,2026-09-10,2,1,4.18,4.18,1.0,,,,0,Other/Unknown,"No nearby facility, moderate intensity (max FRP 4.2), short/low activity (1 active day(s) over 0 days, persistence score 1.00) — insufficient evidence to confidently classify."
671,81.38146,7.57065,2026-09-10,2026-09-10,2,1,7.76,7.76,1.0,,,,0,Other/Unknown,"No nearby facility, moderate intensity (max FRP 7.8), short/low activity (1 active day(s) over 0 days, persistence score 1.00) — insufficient evidence to confidently classify."
673,80.15993,8.268495,2026-09-09,2026-09-09,4,1,11.17,11.17,1.0,,,,0,Wildfire / Natural Fire,"No industrial facility within 5km, high peak intensity (max FRP 11.2), short-lived (1 active day(s) over 0 days) — profile matches a natural/wild fire rather than a stable industrial source."
674,80.02804,7.72321,2026-09-10,2026-09-10,2,1,4.29,4.29,1.0,වසන්ත කොන්ක්‍රීට් වැඩ Wasantha Concrete Works,industrial_works,4020.18108286,0,Other/Unknown,"No nearby facility, moderate intensity (max FRP 4.3), short/low activity (1 active day(s) over 0 days, persistence score 1.00) — insufficient evidence to confidently classify."
675,80.6227,7.78208,2026-09-10,2026-09-10,2,1,4.39,4.39,1.0,"Fresh & Frozen Factory Complex, Bio Foods Pvt.",industrial_works,3775.61283754,0,Other/Unknown,"No nearby facility, moderate intensity (max FRP 4.4), short/low activity (1 active day(s) over 0 days, persistence score 1.00) — insufficient evidence to confidently classify."
676,79.91326,7.79099,2026-09-10,2026-09-10,2,1,2.85,2.85,1.0,,industrial_area,4412.2960989,0,Other/Unknown,"No nearby facility, moderate intensity (max FRP 2.9), short/low activity (1 active day(s) over 0 days, persistence score 1.00) — insufficient evidence to confidently classify."
678,79.89999,7.80208,2026-09-10,2026-09-10,2,1,2.17,2.17,1.0,,industrial_area,2601.96099055,0,Other/Unknown,2602m from an unnamed industrial_area — plausibly related but not close enough to confidently attribute; distance alone is insufficient per project methodology. Needs Sentinel-2 land-cover context to resolve.
679,80.60565,7.81471,2026-09-10,2026-09-10,2,1,3.44,3.44,1.0,,,,0,Other/Unknown,"No nearby facility, moderate intensity (max FRP 3.4), short/low activity (1 active day(s) over 0 days, persistence score 1.00) — insufficient evidence to confidently classify."
681,80.23586,7.88685,2026-09-10,2026-09-10,2,1,4.27,4.27,1.0,,,,0,Other/Unknown,"No nearby facility, moderate intensity (max FRP 4.3), short/low activity (1 active day(s) over 0 days, persistence score 1.00) — insufficient evidence to confidently classify."
683,80.10244,7.98573,2026-09-10,2026-09-10,2,1,1.6,1.6,1.0,,,,0,Other/Unknown,"No nearby facility, moderate intensity (max FRP 1.6), short/low activity (1 active day(s) over 0 days, persistence score 1.00) — insufficient evidence to confidently classify."
685,80.11581,8.00195,2026-09-10,2026-09-10,2,1,2.24,2.24,1.0,,,,0,Other/Unknown,"No nearby facility, moderate intensity (max FRP 2.2), short/low activity (1 active day(s) over 0 days, persistence score 1.00) — insufficient evidence to confidently classify."
686,80.03149,8.01429,2026-09-10,2026-09-10,2,1,5.56,5.56,1.0,,,,0,Other/Unknown,"No nearby facility, moderate intensity (max FRP 5.6), short/low activity (1 active day(s) over 0 days, persistence score 1.00) — insufficient evidence to confidently classify."
687,80.39876,8.03297,2026-09-10,2026-09-10,2,1,9.04,9.04,1.0,,,,0,Wildfire / Natural Fire,"No industrial facility within 5km, high peak intensity (max FRP 9.0), short-lived (1 active day(s) over 0 days) — profile matches a natural/wild fire rather than a stable industrial source."
688,80.09521,8.03946,2026-09-10,2026-09-10,2,1,1.98,1.98,1.0,,,,0,Other/Unknown,"No nearby facility, moderate intensity (max FRP 2.0), short/low activity (1 active day(s) over 0 days, persistence score 1.00) — insufficient evidence to confidently classify."
690,79.8333,8.09644,2026-09-10,2026-09-10,2,1,5.35,5.35,1.0,,,,0,Other/Unknown,"No nearby facility, moderate intensity (max FRP 5.3), short/low activity (1 active day(s) over 0 days, persistence score 1.00) — insufficient evidence to confidently classify."
692,80.58918,8.13631,2026-09-10,2026-09-10,2,1,5.58,5.58,1.0,Muslim Vidyalaya,industrial_works,4348.32556734,0,Other/Unknown,"No nearby facility, moderate intensity (max FRP 5.6), short/low activity (1 active day(s) over 0 days, persistence score 1.00) — insufficient evidence to confidently classify."
693,80.750425,8.370805,2026-09-09,2026-09-11,4,2,1.88,2.94,1.0,,,,2,Other/Unknown,"No nearby facility, moderate intensity (max FRP 2.9), short/low activity (2 active day(s) over 2 days, persistence score 1.00) — insufficient evidence to confidently classify."
694,80.41754,8.21551,2026-09-10,2026-09-10,2,1,3.38,3.38,1.0,,power_plant,3806.60407241,0,Other/Unknown,"No nearby facility, moderate intensity (max FRP 3.4), short/low activity (1 active day(s) over 0 days, persistence score 1.00) — insufficient evidence to confidently classify."
695,80.53484,8.25431,2026-09-10,2026-09-10,2,1,1.96,1.96,1.0,,,,0,Other/Unknown,"No nearby facility, moderate intensity (max FRP 2.0), short/low activity (1 active day(s) over 0 days, persistence score 1.00) — insufficient evidence to confidently classify."
697,80.72923,8.26426,2026-09-10,2026-09-10,2,1,3.4,3.4,1.0,,,,0,Other/Unknown,"No nearby facility, moderate intensity (max FRP 3.4), short/low activity (1 active day(s) over 0 days, persistence score 1.00) — insufficient evidence to confidently classify."
698,77.62200999999999,8.373075,2026-09-09,2026-09-09,4,1,8.184999999999999,10.28,1.0,,industrial_area,3679.40788391,0,Other/Unknown,"No nearby facility, moderate intensity (max FRP 10.3), short/low activity (1 active day(s) over 0 days, persistence score 1.00) — insufficient evidence to confidently classify."
700,80.80408,8.3942,2026-09-10,2026-09-10,2,1,5.67,5.67,1.0,,,,0,Other/Unknown,"No nearby facility, moderate intensity (max FRP 5.7), short/low activity (1 active day(s) over 0 days, persistence score 1.00) — insufficient evidence to confidently classify."
701,80.19921,8.41038,2026-09-10,2026-09-10,2,1,4.97,4.97,1.0,,,,0,Other/Unknown,"No nearby facility, moderate intensity (max FRP 5.0), short/low activity (1 active day(s) over 0 days, persistence score 1.00) — insufficient evidence to confidently classify."
702,77.62556,8.43785,2026-09-10,2026-09-10,2,1,4.26,4.26,1.0,Nanguneri SEZ,industrial_area,2830.48457243,0,Other/Unknown,2723m from an unnamed industrial_works — plausibly related but not close enough to confidently attribute; distance alone is insufficient per project methodology. Needs Sentinel-2 land-cover context to resolve.
702,77.62556,8.43785,2026-09-10,2026-09-10,2,1,4.26,4.26,1.0,,industrial_works,2723.12150375,0,Other/Unknown,2723m from an unnamed industrial_works — plausibly related but not close enough to confidently attribute; distance alone is insufficient per project methodology. Needs Sentinel-2 land-cover context to resolve.
704,80.631835,8.448415,2026-09-09,2026-09-09,4,1,11.06,11.76,1.0,,,,0,Wildfire / Natural Fire,"No industrial facility within 5km, high peak intensity (max FRP 11.8), short-lived (1 active day(s) over 0 days) — profile matches a natural/wild fire rather than a stable industrial source."
706,80.27431,8.50423,2026-09-10,2026-09-10,2,1,5.29,5.29,1.0,,,,0,Other/Unknown,"No nearby facility, moderate intensity (max FRP 5.3), short/low activity (1 active day(s) over 0 days, persistence score 1.00) — insufficient evidence to confidently classify."
707,80.57953,8.52043,2026-09-10,2026-09-10,2,1,3.76,3.76,1.0,,,,0,Other/Unknown,"No nearby facility, moderate intensity (max FRP 3.8), short/low activity (1 active day(s) over 0 days, persistence score 1.00) — insufficient evidence to confidently classify."
712,81.15362999999999,8.750925,2026-09-09,2026-09-09,4,1,3.175,3.32,1.0,Eastern Salt Corporation,industrial_works,2285.29183583,0,Other/Unknown,2285m from Eastern Salt Corporation — plausibly related but not close enough to confidently attribute; distance alone is insufficient per project methodology. Needs Sentinel-2 land-cover context to resolve.
712,81.15362999999999,8.750925,2026-09-09,2026-09-09,4,1,3.175,3.32,1.0,,pipeline,2905.37559288,0,Other/Unknown,2285m from Eastern Salt Corporation — plausibly related but not close enough to confidently attribute; distance alone is insufficient per project methodology. Needs Sentinel-2 land-cover context to resolve.
715,80.34993,8.59828,2026-09-10,2026-09-10,2,1,3.94,3.94,1.0,,,,0,Other/Unknown,"No nearby facility, moderate intensity (max FRP 3.9), short/low activity (1 active day(s) over 0 days, persistence score 1.00) — insufficient evidence to confidently classify."
717,80.33987,8.61125,2026-09-10,2026-09-10,2,1,2.49,2.49,1.0,,,,0,Other/Unknown,"No nearby facility, moderate intensity (max FRP 2.5), short/low activity (1 active day(s) over 0 days, persistence score 1.00) — insufficient evidence to confidently classify."
718,77.9171,8.62137,2026-09-10,2026-09-10,2,1,4.2,4.2,1.0,,power_plant,4564.37094104,0,Other/Unknown,"No nearby facility, moderate intensity (max FRP 4.2), short/low activity (1 active day(s) over 0 days, persistence score 1.00) — insufficient evidence to confidently classify."
719,80.70818,8.65117,2026-09-10,2026-09-10,2,1,4.04,4.04,1.0,Kebitigollewa Bus Depot,industrial_area,3751.02080398,0,Other/Unknown,"No nearby facility, moderate intensity (max FRP 4.0), short/low activity (1 active day(s) over 0 days, persistence score 1.00) — insufficient evidence to confidently classify."
720,80.41534,8.66123,2026-09-10,2026-09-10,2,1,3.02,3.02,1.0,,,,0,Other/Unknown,"No nearby facility, moderate intensity (max FRP 3.0), short/low activity (1 active day(s) over 0 days, persistence score 1.00) — insufficient evidence to confidently classify."
722,80.65878,8.67813,2026-09-10,2026-09-10,2,1,3.84,3.84,1.0,Kebitigollewa Bus Depot,industrial_area,4144.79215692,0,Other/Unknown,"No nearby facility, moderate intensity (max FRP 3.8), short/low activity (1 active day(s) over 0 days, persistence score 1.00) — insufficient evidence to confidently classify."
723,80.74874,8.7021,2026-09-10,2026-09-10,2,1,3.75,3.75,1.0,,,,0,Other/Unknown,"No nearby facility, moderate intensity (max FRP 3.8), short/low activity (1 active day(s) over 0 days, persistence score 1.00) — insufficient evidence to confidently classify."
724,80.80807,8.70693,2026-09-10,2026-09-10,2,1,2.76,2.76,1.0,,,,0,Other/Unknown,"No nearby facility, moderate intensity (max FRP 2.8), short/low activity (1 active day(s) over 0 days, persistence score 1.00) — insufficient evidence to confidently classify."
725,77.74644,8.77444,2026-09-10,2026-09-10,2,1,6.31,6.31,1.0,,industrial_area,2283.3649455,0,Other/Unknown,2283m from an unnamed industrial_area — plausibly related but not close enough to confidently attribute; distance alone is insufficient per project methodology. Needs Sentinel-2 land-cover context to resolve.
726,81.10435,8.80572,2026-09-10,2026-09-10,2,1,3.22,3.22,1.0,,,,0,Other/Unknown,"No nearby facility, moderate intensity (max FRP 3.2), short/low activity (1 active day(s) over 0 days, persistence score 1.00) — insufficient evidence to confidently classify."
727,77.55851,9.83069,2026-09-09,2026-09-09,4,1,2.675,3.1,1.0,,,,0,Other/Unknown,"No nearby facility, moderate intensity (max FRP 3.1), short/low activity (1 active day(s) over 0 days, persistence score 1.00) — insufficient evidence to confidently classify."
729,80.33202,8.83971,2026-09-10,2026-09-10,2,1,5.77,5.77,1.0,,,,0,Other/Unknown,"No nearby facility, moderate intensity (max FRP 5.8), short/low activity (1 active day(s) over 0 days, persistence score 1.00) — insufficient evidence to confidently classify."
730,80.85946,8.86325,2026-09-10,2026-09-10,2,1,1.91,1.91,1.0,,,,0,Other/Unknown,"No nearby facility, moderate intensity (max FRP 1.9), short/low activity (1 active day(s) over 0 days, persistence score 1.00) — insufficient evidence to confidently classify."
731,77.24735666666665,10.25875,2026-09-09,2026-09-09,6,1,56.91666666666666,94.07,1.0,,,,0,Wildfire / Natural Fire,"No industrial facility within 5km, high peak intensity (max FRP 94.1), short-lived (1 active day(s) over 0 days) — profile matches a natural/wild fire rather than a stable industrial source."
733,80.68487,8.88205,2026-09-10,2026-09-10,2,1,2.26,2.26,1.0,,,,0,Other/Unknown,"No nearby facility, moderate intensity (max FRP 2.3), short/low activity (1 active day(s) over 0 days, persistence score 1.00) — insufficient evidence to confidently classify."
734,80.56729,8.90645,2026-09-10,2026-09-10,2,1,10.52,10.52,1.0,,,,0,Wildfire / Natural Fire,"No industrial facility within 5km, high peak intensity (max FRP 10.5), short-lived (1 active day(s) over 0 days) — profile matches a natural/wild fire rather than a stable industrial source."
738,79.411555,10.34733,2026-09-09,2026-09-09,4,1,3.4400000000000004,3.7,1.0,Thasim Rice Mil,industrial_works,3414.87310266,0,Other/Unknown,3415m from Thasim Rice Mil — plausibly related but not close enough to confidently attribute; distance alone is insufficient per project methodology. Needs Sentinel-2 land-cover context to resolve.
739,80.68353,8.95275,2026-09-10,2026-09-10,2,1,5.84,5.84,1.0,,,,0,Other/Unknown,"No nearby facility, moderate intensity (max FRP 5.8), short/low activity (1 active day(s) over 0 days, persistence score 1.00) — insufficient evidence to confidently classify."
740,80.89814,8.96166,2026-09-10,2026-09-10,2,1,8.67,8.67,1.0,,,,0,Wildfire / Natural Fire,"No industrial facility within 5km, high peak intensity (max FRP 8.7), short-lived (1 active day(s) over 0 days) — profile matches a natural/wild fire rather than a stable industrial source."
741,80.24326,9.02902,2026-09-10,2026-09-10,2,1,3.25,3.25,1.0,,,,0,Other/Unknown,"No nearby facility, moderate intensity (max FRP 3.2), short/low activity (1 active day(s) over 0 days, persistence score 1.00) — insufficient evidence to confidently classify."
742,80.89799,9.08842,2026-09-10,2026-09-10,2,1,6.03,6.03,1.0,,,,0,Other/Unknown,"No nearby facility, moderate intensity (max FRP 6.0), short/low activity (1 active day(s) over 0 days, persistence score 1.00) — insufficient evidence to confidently classify."
744,80.36589,9.3272,2026-09-10,2026-09-10,2,1,1.52,1.52,1.0,,power_plant,4009.14028598,0,Other/Unknown,"No nearby facility, moderate intensity (max FRP 1.5), short/low activity (1 active day(s) over 0 days, persistence score 1.00) — insufficient evidence to confidently classify."
745,77.79801,9.00893,2026-09-10,2026-09-10,2,1,14.15,14.15,1.0,,,,0,Wildfire / Natural Fire,"No industrial facility within 5km, high peak intensity (max FRP 14.2), short-lived (1 active day(s) over 0 days) — profile matches a natural/wild fire rather than a stable industrial source."
746,77.89983,9.24757,2026-09-10,2026-09-10,2,1,9.52,9.52,1.0,,industrial_area,1103.03662984,0,Industrial Fire,Close to an unnamed industrial_area (1103m away) but only active 1 day(s) over a 0-day window (2 detections) — reads as a transient burn event at/near a facility rather than an ongoing source.
746,77.89983,9.24757,2026-09-10,2026-09-10,2,1,9.52,9.52,1.0,,power_plant,1645.15072005,0,Industrial Fire,Close to an unnamed industrial_area (1103m away) but only active 1 day(s) over a 0-day window (2 detections) — reads as a transient burn event at/near a facility rather than an ongoing source.
747,80.43958,9.3672,2026-09-10,2026-09-10,2,1,5.1,5.1,1.0,,,,0,Other/Unknown,"No nearby facility, moderate intensity (max FRP 5.1), short/low activity (1 active day(s) over 0 days, persistence score 1.00) — insufficient evidence to confidently classify."
748,80.28743,9.41302,2026-09-10,2026-09-10,2,1,3.99,3.99,1.0,,,,0,Other/Unknown,"No nearby facility, moderate intensity (max FRP 4.0), short/low activity (1 active day(s) over 0 days, persistence score 1.00) — insufficient evidence to confidently classify."
749,78.59298,9.81509,2026-09-10,2026-09-10,2,1,4.08,4.08,1.0,,,,0,Other/Unknown,"No nearby facility, moderate intensity (max FRP 4.1), short/low activity (1 active day(s) over 0 days, persistence score 1.00) — insufficient evidence to confidently classify."
750,76.31514,13.56128,2026-09-10,2026-09-10,2,1,3.46,3.46,1.0,,power_plant,3016.33897754,0,Other/Unknown,3016m from an unnamed power_plant — plausibly related but not close enough to confidently attribute; distance alone is insufficient per project methodology. Needs Sentinel-2 land-cover context to resolve.
751,76.48392,14.14186,2026-09-10,2026-09-10,2,1,2.44,2.44,1.0,,industrial_area,3653.41553434,0,Other/Unknown,"No nearby facility, moderate intensity (max FRP 2.4), short/low activity (1 active day(s) over 0 days, persistence score 1.00) — insufficient evidence to confidently classify."
752,78.51904,15.22379,2026-09-10,2026-09-10,2,1,3.06,3.06,1.0,,,,0,Other/Unknown,"No nearby facility, moderate intensity (max FRP 3.1), short/low activity (1 active day(s) over 0 days, persistence score 1.00) — insufficient evidence to confidently classify."
753,77.02663,15.40017,2026-09-10,2026-09-10,2,1,3.03,3.03,1.0,,,,0,Other/Unknown,"No nearby facility, moderate intensity (max FRP 3.0), short/low activity (1 active day(s) over 0 days, persistence score 1.00) — insufficient evidence to confidently classify."
754,76.42226,15.82326,2026-09-10,2026-09-10,2,1,2.48,2.48,1.0,,,,0,Other/Unknown,"No nearby facility, moderate intensity (max FRP 2.5), short/low activity (1 active day(s) over 0 days, persistence score 1.00) — insufficient evidence to confidently classify."
755,80.60237,15.87121,2026-09-10,2026-09-10,2,1,4.57,4.57,1.0,,,,0,Other/Unknown,"No nearby facility, moderate intensity (max FRP 4.6), short/low activity (1 active day(s) over 0 days, persistence score 1.00) — insufficient evidence to confidently classify."
756,75.89799,16.61314,2026-09-10,2026-09-10,2,1,2.37,2.37,1.0,,,,0,Other/Unknown,"No nearby facility, moderate intensity (max FRP 2.4), short/low activity (1 active day(s) over 0 days, persistence score 1.00) — insufficient evidence to confidently classify."
757,77.62043,17.30929,2026-09-10,2026-09-10,2,1,3.08,3.08,1.0,,power_plant,970.56309241,0,Industrial Fire,Close to an unnamed power_plant (971m away) but only active 1 day(s) over a 0-day window (2 detections) — reads as a transient burn event at/near a facility rather than an ongoing source.
758,75.36028,17.69838,2026-09-10,2026-09-10,2,1,1.85,1.85,1.0,,,,0,Other/Unknown,"No nearby facility, moderate intensity (max FRP 1.9), short/low activity (1 active day(s) over 0 days, persistence score 1.00) — insufficient evidence to confidently classify."
759,74.36363,17.97609,2026-09-10,2026-09-10,2,1,3.02,3.02,1.0,,,,0,Other/Unknown,"No nearby facility, moderate intensity (max FRP 3.0), short/low activity (1 active day(s) over 0 days, persistence score 1.00) — insufficient evidence to confidently classify."
760,78.979075,10.918475,2026-09-09,2026-09-09,4,1,2.35,2.94,1.0,,,,0,Other/Unknown,"No nearby facility, moderate intensity (max FRP 2.9), short/low activity (1 active day(s) over 0 days, persistence score 1.00) — insufficient evidence to confidently classify."
762,72.22006,23.10672,2026-09-10,2026-09-10,2,1,2.57,2.57,1.0,,industrial_area,3430.50479546,0,Other/Unknown,3431m from an unnamed industrial_area — plausibly related but not close enough to confidently attribute; distance alone is insufficient per project methodology. Needs Sentinel-2 land-cover context to resolve.
763,75.90067,25.61475,2026-09-10,2026-09-10,2,1,2.98,2.98,1.0,,,,0,Other/Unknown,"No nearby facility, moderate intensity (max FRP 3.0), short/low activity (1 active day(s) over 0 days, persistence score 1.00) — insufficient evidence to confidently classify."
764,74.30474,26.07044,2026-09-10,2026-09-10,2,1,1.79,1.79,1.0,,industrial_area,1849.3228127,0,Other/Unknown,1849m from an unnamed industrial_area — plausibly related but not close enough to confidently attribute; distance alone is insufficient per project methodology. Needs Sentinel-2 land-cover context to resolve.
764,74.30474,26.07044,2026-09-10,2026-09-10,2,1,1.79,1.79,1.0,,pipeline,4923.18930936,0,Other/Unknown,1849m from an unnamed industrial_area — plausibly related but not close enough to confidently attribute; distance alone is insufficient per project methodology. Needs Sentinel-2 land-cover context to resolve.
765,75.82047,28.03975,2026-09-10,2026-09-10,2,1,2.28,2.28,1.0,Khetri Copper Complex,industrial_area,4207.91019662,0,Other/Unknown,"No nearby facility, moderate intensity (max FRP 2.3), short/low activity (1 active day(s) over 0 days, persistence score 1.00) — insufficient evidence to confidently classify."
766,71.01676,28.77153,2026-09-10,2026-09-10,2,1,8.4,8.4,1.0,,,,0,Wildfire / Natural Fire,"No industrial facility within 5km, high peak intensity (max FRP 8.4), short-lived (1 active day(s) over 0 days) — profile matches a natural/wild fire rather than a stable industrial source."
767,72.815,29.7994,2026-09-10,2026-09-10,2,1,1.64,1.64,1.0,,,,0,Other/Unknown,"No nearby facility, moderate intensity (max FRP 1.6), short/low activity (1 active day(s) over 0 days, persistence score 1.00) — insufficient evidence to confidently classify."
768,72.95081,29.89805,2026-09-10,2026-09-10,2,1,1.75,1.75,1.0,,,,0,Other/Unknown,"No nearby facility, moderate intensity (max FRP 1.8), short/low activity (1 active day(s) over 0 days, persistence score 1.00) — insufficient evidence to confidently classify."
769,73.71585,30.72232,2026-09-10,2026-09-10,2,1,3.1,3.1,1.0,,,,0,Other/Unknown,"No nearby facility, moderate intensity (max FRP 3.1), short/low activity (1 active day(s) over 0 days, persistence score 1.00) — insufficient evidence to confidently classify."
770,74.68327,31.12557,2026-09-10,2026-09-10,2,1,2.01,2.01,1.0,,,,0,Other/Unknown,"No nearby facility, moderate intensity (max FRP 2.0), short/low activity (1 active day(s) over 0 days, persistence score 1.00) — insufficient evidence to confidently classify."
771,74.62755,31.13243,2026-09-10,2026-09-10,2,1,6.93,6.93,1.0,,,,0,Other/Unknown,"No nearby facility, moderate intensity (max FRP 6.9), short/low activity (1 active day(s) over 0 days, persistence score 1.00) — insufficient evidence to confidently classify."
772,75.92867,31.3569,2026-09-10,2026-09-10,2,1,2.8,2.8,1.0,,,,0,Other/Unknown,"No nearby facility, moderate intensity (max FRP 2.8), short/low activity (1 active day(s) over 0 days, persistence score 1.00) — insufficient evidence to confidently classify."
773,73.5051,31.40409,2026-09-10,2026-09-10,2,1,2.73,2.73,1.0,,,,0,Other/Unknown,"No nearby facility, moderate intensity (max FRP 2.7), short/low activity (1 active day(s) over 0 days, persistence score 1.00) — insufficient evidence to confidently classify."
774,75.8811,31.41759,2026-09-10,2026-09-10,2,1,7.11,7.11,1.0,,,,0,Other/Unknown,"No nearby facility, moderate intensity (max FRP 7.1), short/low activity (1 active day(s) over 0 days, persistence score 1.00) — insufficient evidence to confidently classify."
775,74.82557,31.53902,2026-09-10,2026-09-10,2,1,3.68,3.68,1.0,,,,0,Other/Unknown,"No nearby facility, moderate intensity (max FRP 3.7), short/low activity (1 active day(s) over 0 days, persistence score 1.00) — insufficient evidence to confidently classify."
776,74.60093,31.56346,2026-09-10,2026-09-10,2,1,4.09,4.09,1.0,,,,0,Other/Unknown,"No nearby facility, moderate intensity (max FRP 4.1), short/low activity (1 active day(s) over 0 days, persistence score 1.00) — insufficient evidence to confidently classify."
777,75.01824,31.62473,2026-09-10,2026-09-10,2,1,7.26,7.26,1.0,,,,0,Other/Unknown,"No nearby facility, moderate intensity (max FRP 7.3), short/low activity (1 active day(s) over 0 days, persistence score 1.00) — insufficient evidence to confidently classify."
778,75.02378,31.6471,2026-09-10,2026-09-10,2,1,5.25,5.25,1.0,,,,0,Other/Unknown,"No nearby facility, moderate intensity (max FRP 5.2), short/low activity (1 active day(s) over 0 days, persistence score 1.00) — insufficient evidence to confidently classify."
779,74.64149,31.73356,2026-09-10,2026-09-10,2,1,2.77,2.77,1.0,,,,0,Other/Unknown,"No nearby facility, moderate intensity (max FRP 2.8), short/low activity (1 active day(s) over 0 days, persistence score 1.00) — insufficient evidence to confidently classify."
780,74.94447,31.76258,2026-09-10,2026-09-10,2,1,3.39,3.39,1.0,,,,0,Other/Unknown,"No nearby facility, moderate intensity (max FRP 3.4), short/low activity (1 active day(s) over 0 days, persistence score 1.00) — insufficient evidence to confidently classify."
781,71.96693,32.62136,2026-09-10,2026-09-10,2,1,4.0,4.0,1.0,,,,0,Other/Unknown,"No nearby facility, moderate intensity (max FRP 4.0), short/low activity (1 active day(s) over 0 days, persistence score 1.00) — insufficient evidence to confidently classify."
784,74.311865,18.55664,2026-09-09,2026-09-09,4,1,8.3,8.74,1.0,,,,0,Wildfire / Natural Fire,"No industrial facility within 5km, high peak intensity (max FRP 8.7), short-lived (1 active day(s) over 0 days) — profile matches a natural/wild fire rather than a stable industrial source."
785,76.89539,31.32711,2026-09-10,2026-09-10,2,1,0.67,0.67,1.0,,,,0,Other/Unknown,"No nearby facility, moderate intensity (max FRP 0.7), short/low activity (1 active day(s) over 0 days, persistence score 1.00) — insufficient evidence to confidently classify."
790,71.39006,19.41766,2026-09-10,2026-09-10,2,1,2.82,2.82,1.0,,,,0,Other/Unknown,"No nearby facility, moderate intensity (max FRP 2.8), short/low activity (1 active day(s) over 0 days, persistence score 1.00) — insufficient evidence to confidently classify."
791,74.80502,24.57784,2026-09-10,2026-09-10,2,1,0.49,0.49,1.0,Khor Thermal Power Plant,power_plant,389.33167372,0,Industrial Fire,Close to an unnamed industrial_area (230m away) but only active 1 day(s) over a 0-day window (2 detections) — reads as a transient burn event at/near a facility rather than an ongoing source.
791,74.80502,24.57784,2026-09-10,2026-09-10,2,1,0.49,0.49,1.0,,industrial_area,230.12421614,0,Industrial Fire,Close to an unnamed industrial_area (230m away) but only active 1 day(s) over a 0-day window (2 detections) — reads as a transient burn event at/near a facility rather than an ongoing source.
791,74.80502,24.57784,2026-09-10,2026-09-10,2,1,0.49,0.49,1.0,,power_plant,866.44208447,0,Industrial Fire,Close to an unnamed industrial_area (230m away) but only active 1 day(s) over a 0-day window (2 detections) — reads as a transient burn event at/near a facility rather than an ongoing source.
792,73.87827,24.65848,2026-09-10,2026-09-10,2,1,1.02,1.02,1.0,,industrial_area,120.97222063,0,Industrial Fire,Close to an unnamed industrial_area (121m away) but only active 1 day(s) over a 0-day window (2 detections) — reads as a transient burn event at/near a facility rather than an ongoing source.
792,73.87827,24.65848,2026-09-10,2026-09-10,2,1,1.02,1.02,1.0,,power_plant,1198.26058835,0,Industrial Fire,Close to an unnamed industrial_area (121m away) but only active 1 day(s) over a 0-day window (2 detections) — reads as a transient burn event at/near a facility rather than an ongoing source.
793,74.68143,24.6917,2026-09-10,2026-09-10,2,1,1.21,1.21,1.0,JK Cement,industrial_area,345.15771503,0,Industrial Fire,Close to JK Cement (345m away) but only active 1 day(s) over a 0-day window (2 detections) — reads as a transient burn event at/near a facility rather than an ongoing source.
793,74.68143,24.6917,2026-09-10,2026-09-10,2,1,1.21,1.21,1.0,Vibrant Polymers LLP,industrial_area,4373.57491139,0,Industrial Fire,Close to JK Cement (345m away) but only active 1 day(s) over a 0-day window (2 detections) — reads as a transient burn event at/near a facility rather than an ongoing source.
793,74.68143,24.6917,2026-09-10,2026-09-10,2,1,1.21,1.21,1.0,,industrial_area,2932.89876052,0,Industrial Fire,Close to JK Cement (345m away) but only active 1 day(s) over a 0-day window (2 detections) — reads as a transient burn event at/near a facility rather than an ongoing source.
793,74.68143,24.6917,2026-09-10,2026-09-10,2,1,1.21,1.21,1.0,,pipeline,2985.60389081,0,Industrial Fire,Close to JK Cement (345m away) but only active 1 day(s) over a 0-day window (2 detections) — reads as a transient burn event at/near a facility rather than an ongoing source.
795,74.1245,26.29624,2026-09-10,2026-09-10,2,1,0.96,0.96,1.0,,industrial_area,574.97309554,0,Industrial Fire,Close to an unnamed industrial_area (575m away) but only active 1 day(s) over a 0-day window (2 detections) — reads as a transient burn event at/near a facility rather than an ongoing source.
795,74.1245,26.29624,2026-09-10,2026-09-10,2,1,0.96,0.96,1.0,,power_plant,2834.99763939,0,Industrial Fire,Close to an unnamed industrial_area (575m away) but only active 1 day(s) over a 0-day window (2 detections) — reads as a transient burn event at/near a facility rather than an ongoing source.
797,77.15527,28.72888,2026-09-10,2026-09-10,2,1,0.78,0.78,1.0,All India Radio,industrial_area,4680.37722144,0,Industrial Fire,Close to an unnamed pipeline (647m away) but only active 1 day(s) over a 0-day window (2 detections) — reads as a transient burn event at/near a facility rather than an ongoing source.
797,77.15527,28.72888,2026-09-10,2026-09-10,2,1,0.78,0.78,1.0,Burari Bus Depot 1,industrial_area,3631.94426589,0,Industrial Fire,Close to an unnamed pipeline (647m away) but only active 1 day(s) over a 0-day window (2 detections) — reads as a transient burn event at/near a facility rather than an ongoing source.
797,77.15527,28.72888,2026-09-10,2026-09-10,2,1,0.78,0.78,1.0,Burari Bus Depot 2,industrial_area,3741.92679552,0,Industrial Fire,Close to an unnamed pipeline (647m away) but only active 1 day(s) over a 0-day window (2 detections) — reads as a transient burn event at/near a facility rather than an ongoing source.
797,77.15527,28.72888,2026-09-10,2026-09-10,2,1,0.78,0.78,1.0,Electric Bus Depot,industrial_area,2511.23194116,0,Industrial Fire,Close to an unnamed pipeline (647m away) but only active 1 day(s) over a 0-day window (2 detections) — reads as a transient burn event at/near a facility rather than an ongoing source.
797,77.15527,28.72888,2026-09-10,2026-09-10,2,1,0.78,0.78,1.0,Hansraj and Sons,industrial_works,1722.73941085,0,Industrial Fire,Close to an unnamed pipeline (647m away) but only active 1 day(s) over a 0-day window (2 detections) — reads as a transient burn event at/near a facility rather than an ongoing source.
797,77.15527,28.72888,2026-09-10,2026-09-10,2,1,0.78,0.78,1.0,Himalayan Engineering Services,industrial_works,2274.39893881,0,Industrial Fire,Close to an unnamed pipeline (647m away) but only active 1 day(s) over a 0-day window (2 detections) — reads as a transient burn event at/near a facility rather than an ongoing source.
797,77.15527,28.72888,2026-09-10,2026-09-10,2,1,0.78,0.78,1.0,Khatu Shyam Industries,industrial_works,2390.1247912,0,Industrial Fire,Close to an unnamed pipeline (647m away) but only active 1 day(s) over a 0-day window (2 detections) — reads as a transient burn event at/near a facility rather than an ongoing source.
797,77.15527,28.72888,2026-09-10,2026-09-10,2,1,0.78,0.78,1.0,Parvati Private Limited,industrial_area,942.46721312,0,Industrial Fire,Close to an unnamed pipeline (647m away) but only active 1 day(s) over a 0-day window (2 detections) — reads as a transient burn event at/near a facility rather than an ongoing source.
797,77.15527,28.72888,2026-09-10,2026-09-10,2,1,0.78,0.78,1.0,Rohini DTC Depot,industrial_area,4458.94577002,0,Industrial Fire,Close to an unnamed pipeline (647m away) but only active 1 day(s) over a 0-day window (2 detections) — reads as a transient burn event at/near a facility rather than an ongoing source.
797,77.15527,28.72888,2026-09-10,2026-09-10,2,1,0.78,0.78,1.0,Sam India Casting Yard,industrial_area,2552.75478153,0,Industrial Fire,Close to an unnamed pipeline (647m away) but only active 1 day(s) over a 0-day window (2 detections) — reads as a transient burn event at/near a facility rather than an ongoing source.
797,77.15527,28.72888,2026-09-10,2026-09-10,2,1,0.78,0.78,1.0,Vaishnavi Perfumery,industrial_works,1858.58583,0,Industrial Fire,Close to an unnamed pipeline (647m away) but only active 1 day(s) over a 0-day window (2 detections) — reads as a transient burn event at/near a facility rather than an ongoing source.
797,77.15527,28.72888,2026-09-10,2026-09-10,2,1,0.78,0.78,1.0,Wastewater Treatment Plant,industrial_area,2976.7912999,0,Industrial Fire,Close to an unnamed pipeline (647m away) but only active 1 day(s) over a 0-day window (2 detections) — reads as a transient burn event at/near a facility rather than an ongoing source.
797,77.15527,28.72888,2026-09-10,2026-09-10,2,1,0.78,0.78,1.0,Wazirpur Depot,industrial_area,3880.79818726,0,Industrial Fire,Close to an unnamed pipeline (647m away) but only active 1 day(s) over a 0-day window (2 detections) — reads as a transient burn event at/near a facility rather than an ongoing source.
797,77.15527,28.72888,2026-09-10,2026-09-10,2,1,0.78,0.78,1.0,,industrial_area,1218.84752549,0,Industrial Fire,Close to an unnamed pipeline (647m away) but only active 1 day(s) over a 0-day window (2 detections) — reads as a transient burn event at/near a facility rather than an ongoing source.
797,77.15527,28.72888,2026-09-10,2026-09-10,2,1,0.78,0.78,1.0,,industrial_works,2655.39684081,0,Industrial Fire,Close to an unnamed pipeline (647m away) but only active 1 day(s) over a 0-day window (2 detections) — reads as a transient burn event at/near a facility rather than an ongoing source.
797,77.15527,28.72888,2026-09-10,2026-09-10,2,1,0.78,0.78,1.0,,pipeline,647.24058572,0,Industrial Fire,Close to an unnamed pipeline (647m away) but only active 1 day(s) over a 0-day window (2 detections) — reads as a transient burn event at/near a facility rather than an ongoing source.
797,77.15527,28.72888,2026-09-10,2026-09-10,2,1,0.78,0.78,1.0,,power_plant,1790.57378339,0,Industrial Fire,Close to an unnamed pipeline (647m away) but only active 1 day(s) over a 0-day window (2 detections) — reads as a transient burn event at/near a facility rather than an ongoing source.
799,77.14004,28.83644,2026-09-10,2026-09-10,2,1,2.12,2.12,1.0,All India Radio SW,industrial_area,2077.28838533,0,Industrial Fire,Close to an unnamed industrial_area (1247m away) but only active 1 day(s) over a 0-day window (2 detections) — reads as a transient burn event at/near a facility rather than an ongoing source.
799,77.14004,28.83644,2026-09-10,2026-09-10,2,1,2.12,2.12,1.0,,industrial_area,1246.72692615,0,Industrial Fire,Close to an unnamed industrial_area (1247m away) but only active 1 day(s) over a 0-day window (2 detections) — reads as a transient burn event at/near a facility rather than an ongoing source.
799,77.14004,28.83644,2026-09-10,2026-09-10,2,1,2.12,2.12,1.0,,industrial_works,3519.69031255,0,Industrial Fire,Close to an unnamed industrial_area (1247m away) but only active 1 day(s) over a 0-day window (2 detections) — reads as a transient burn event at/near a facility rather than an ongoing source.
802,73.74066,15.57361,2026-09-10,2026-09-10,2,1,0.97,0.97,1.0,,,,0,Other/Unknown,"No nearby facility, moderate intensity (max FRP 1.0), short/low activity (1 active day(s) over 0 days, persistence score 1.00) — insufficient evidence to confidently classify."
803,71.53668,22.85678,2026-09-10,2026-09-10,2,1,0.66,0.66,1.0,,,,0,Other/Unknown,"No nearby facility, moderate intensity (max FRP 0.7), short/low activity (1 active day(s) over 0 days, persistence score 1.00) — insufficient evidence to confidently classify."
804,96.05153,27.76703,2026-09-11,2026-09-11,2,1,2.21,2.21,1.0,,,,0,Other/Unknown,"No nearby facility, moderate intensity (max FRP 2.2), short/low activity (1 active day(s) over 0 days, persistence score 1.00) — insufficient evidence to confidently classify."
805,95.23589,27.95016,2026-09-11,2026-09-11,2,1,2.44,2.44,1.0,,,,0,Other/Unknown,"No nearby facility, moderate intensity (max FRP 2.4), short/low activity (1 active day(s) over 0 days, persistence score 1.00) — insufficient evidence to confidently classify."
806,80.99232,6.32772,2026-09-11,2026-09-11,2,1,9.46,9.46,1.0,,,,0,Wildfire / Natural Fire,"No industrial facility within 5km, high peak intensity (max FRP 9.5), short-lived (1 active day(s) over 0 days) — profile matches a natural/wild fire rather than a stable industrial source."
812,81.36258,7.04885,2026-09-11,2026-09-11,2,1,2.5,2.5,1.0,,,,0,Other/Unknown,"No nearby facility, moderate intensity (max FRP 2.5), short/low activity (1 active day(s) over 0 days, persistence score 1.00) — insufficient evidence to confidently classify."
813,81.12443,7.28462,2026-09-11,2026-09-11,2,1,5.72,5.72,1.0,,,,0,Other/Unknown,"No nearby facility, moderate intensity (max FRP 5.7), short/low activity (1 active day(s) over 0 days, persistence score 1.00) — insufficient evidence to confidently classify."
814,80.90644,7.29222,2026-09-11,2026-09-11,2,1,9.69,9.69,1.0,,,,0,Wildfire / Natural Fire,"No industrial facility within 5km, high peak intensity (max FRP 9.7), short-lived (1 active day(s) over 0 days) — profile matches a natural/wild fire rather than a stable industrial source."
815,80.85026,7.35999,2026-09-11,2026-09-11,2,1,2.58,2.58,1.0,,,,0,Other/Unknown,"No nearby facility, moderate intensity (max FRP 2.6), short/low activity (1 active day(s) over 0 days, persistence score 1.00) — insufficient evidence to confidently classify."
816,81.1692,7.39979,2026-09-11,2026-09-11,2,1,5.2,5.2,1.0,,,,0,Other/Unknown,"No nearby facility, moderate intensity (max FRP 5.2), short/low activity (1 active day(s) over 0 days, persistence score 1.00) — insufficient evidence to confidently classify."
817,81.0183,7.43177,2026-09-11,2026-09-11,2,1,4.46,4.46,1.0,,power_plant,2600.71940153,0,Other/Unknown,2601m from an unnamed power_plant — plausibly related but not close enough to confidently attribute; distance alone is insufficient per project methodology. Needs Sentinel-2 land-cover context to resolve.
818,81.65658,7.4521,2026-09-11,2026-09-11,2,1,2.95,2.95,1.0,,,,0,Other/Unknown,"No nearby facility, moderate intensity (max FRP 3.0), short/low activity (1 active day(s) over 0 days, persistence score 1.00) — insufficient evidence to confidently classify."
819,81.26469,7.45285,2026-09-11,2026-09-11,2,1,1.51,1.51,1.0,,,,0,Other/Unknown,"No nearby facility, moderate intensity (max FRP 1.5), short/low activity (1 active day(s) over 0 days, persistence score 1.00) — insufficient evidence to confidently classify."
821,81.00719,7.50022,2026-09-11,2026-09-11,2,1,13.75,13.75,1.0,,,,0,Wildfire / Natural Fire,"No industrial facility within 5km, high peak intensity (max FRP 13.8), short-lived (1 active day(s) over 0 days) — profile matches a natural/wild fire rather than a stable industrial source."
822,81.56757,7.51028,2026-09-11,2026-09-11,2,1,3.6,3.6,1.0,,,,0,Other/Unknown,"No nearby facility, moderate intensity (max FRP 3.6), short/low activity (1 active day(s) over 0 days, persistence score 1.00) — insufficient evidence to confidently classify."
823,80.63634,7.56389,2026-09-11,2026-09-11,2,1,2.95,2.95,1.0,Escas Ankanda Mini Hydro-Power Plant,power_plant,2595.90724957,0,Industrial Fire,Close to an unnamed power_plant (900m away) but only active 1 day(s) over a 0-day window (2 detections) — reads as a transient burn event at/near a facility rather than an ongoing source.
823,80.63634,7.56389,2026-09-11,2026-09-11,2,1,2.95,2.95,1.0,,industrial_area,1064.79299134,0,Industrial Fire,Close to an unnamed power_plant (900m away) but only active 1 day(s) over a 0-day window (2 detections) — reads as a transient burn event at/near a facility rather than an ongoing source.
823,80.63634,7.56389,2026-09-11,2026-09-11,2,1,2.95,2.95,1.0,,power_plant,900.3207209,0,Industrial Fire,Close to an unnamed power_plant (900m away) but only active 1 day(s) over a 0-day window (2 detections) — reads as a transient burn event at/near a facility rather than an ongoing source.
827,80.83015,7.71343,2026-09-11,2026-09-11,2,1,12.23,12.23,1.0,,,,0,Wildfire / Natural Fire,"No industrial facility within 5km, high peak intensity (max FRP 12.2), short-lived (1 active day(s) over 0 days) — profile matches a natural/wild fire rather than a stable industrial source."
828,81.22885,7.79306,2026-09-11,2026-09-11,2,1,14.16,14.16,1.0,,,,0,Wildfire / Natural Fire,"No industrial facility within 5km, high peak intensity (max FRP 14.2), short-lived (1 active day(s) over 0 days) — profile matches a natural/wild fire rather than a stable industrial source."
830,80.31818,7.82437,2026-09-11,2026-09-11,2,1,2.96,2.96,1.0,CIC agriculture,industrial_area,4851.06434153,0,Other/Unknown,"No nearby facility, moderate intensity (max FRP 3.0), short/low activity (1 active day(s) over 0 days, persistence score 1.00) — insufficient evidence to confidently classify."
831,80.01651,7.8662,2026-09-11,2026-09-11,2,1,10.98,10.98,1.0,,,,0,Wildfire / Natural Fire,"No industrial facility within 5km, high peak intensity (max FRP 11.0), short-lived (1 active day(s) over 0 days) — profile matches a natural/wild fire rather than a stable industrial source."
832,80.01201,7.89431,2026-09-11,2026-09-11,2,1,24.01,24.01,1.0,,,,0,Wildfire / Natural Fire,"No industrial facility within 5km, high peak intensity (max FRP 24.0), short-lived (1 active day(s) over 0 days) — profile matches a natural/wild fire rather than a stable industrial source."
833,80.06189,7.93462,2026-09-11,2026-09-11,2,1,3.76,3.76,1.0,,,,0,Other/Unknown,"No nearby facility, moderate intensity (max FRP 3.8), short/low activity (1 active day(s) over 0 days, persistence score 1.00) — insufficient evidence to confidently classify."
835,81.21532,7.99013,2026-09-11,2026-09-11,2,1,1.86,1.86,1.0,,power_plant,2784.66393832,0,Other/Unknown,2785m from an unnamed power_plant — plausibly related but not close enough to confidently attribute; distance alone is insufficient per project methodology. Needs Sentinel-2 land-cover context to resolve.
836,81.07615,8.02441,2026-09-11,2026-09-11,2,1,1.4,1.4,1.0,,,,0,Other/Unknown,"No nearby facility, moderate intensity (max FRP 1.4), short/low activity (1 active day(s) over 0 days, persistence score 1.00) — insufficient evidence to confidently classify."
837,80.57709,8.02976,2026-09-11,2026-09-11,2,1,3.02,3.02,1.0,Ihalagama Buiscut Factory,industrial_works,3981.6824102,0,Other/Unknown,"No nearby facility, moderate intensity (max FRP 3.0), short/low activity (1 active day(s) over 0 days, persistence score 1.00) — insufficient evidence to confidently classify."
838,74.671615,31.121445,2026-09-09,2026-09-09,4,1,8.46,10.59,1.0,,,,0,Wildfire / Natural Fire,"No industrial facility within 5km, high peak intensity (max FRP 10.6), short-lived (1 active day(s) over 0 days) — profile matches a natural/wild fire rather than a stable industrial source."
839,80.08427,8.15112,2026-09-11,2026-09-11,2,1,11.03,11.03,1.0,,,,0,Wildfire / Natural Fire,"No industrial facility within 5km, high peak intensity (max FRP 11.0), short-lived (1 active day(s) over 0 days) — profile matches a natural/wild fire rather than a stable industrial source."
840,79.98703,8.20834,2026-09-11,2026-09-11,2,1,6.63,6.63,1.0,,,,0,Other/Unknown,"No nearby facility, moderate intensity (max FRP 6.6), short/low activity (1 active day(s) over 0 days, persistence score 1.00) — insufficient evidence to confidently classify."
841,81.02239,8.22219,2026-09-11,2026-09-11,2,1,8.9,8.9,1.0,,,,0,Wildfire / Natural Fire,"No industrial facility within 5km, high peak intensity (max FRP 8.9), short-lived (1 active day(s) over 0 days) — profile matches a natural/wild fire rather than a stable industrial source."
842,80.26948,8.23207,2026-09-11,2026-09-11,2,1,2.64,2.64,1.0,,,,0,Other/Unknown,"No nearby facility, moderate intensity (max FRP 2.6), short/low activity (1 active day(s) over 0 days, persistence score 1.00) — insufficient evidence to confidently classify."
845,80.17469,8.30716,2026-09-11,2026-09-11,2,1,5.12,5.12,1.0,,,,0,Other/Unknown,"No nearby facility, moderate intensity (max FRP 5.1), short/low activity (1 active day(s) over 0 days, persistence score 1.00) — insufficient evidence to confidently classify."
846,80.40082,8.33641,2026-09-11,2026-09-11,2,1,15.22,15.22,1.0,A.Baur & Co. (Pvt) Ltd storage,industrial_area,2711.27862739,0,Other/Unknown,2027m from an unnamed industrial_area — plausibly related but not close enough to confidently attribute; distance alone is insufficient per project methodology. Needs Sentinel-2 land-cover context to resolve.
846,80.40082,8.33641,2026-09-11,2026-09-11,2,1,15.22,15.22,1.0,Design Studio Manufacturing (Pvt) Ltd,industrial_area,4271.49155572,0,Other/Unknown,2027m from an unnamed industrial_area — plausibly related but not close enough to confidently attribute; distance alone is insufficient per project methodology. Needs Sentinel-2 land-cover context to resolve.
846,80.40082,8.33641,2026-09-11,2026-09-11,2,1,15.22,15.22,1.0,Pure water,industrial_area,3461.01772106,0,Other/Unknown,2027m from an unnamed industrial_area — plausibly related but not close enough to confidently attribute; distance alone is insufficient per project methodology. Needs Sentinel-2 land-cover context to resolve.
846,80.40082,8.33641,2026-09-11,2026-09-11,2,1,15.22,15.22,1.0,Wickramarathne Supplier,industrial_area,2198.15476557,0,Other/Unknown,2027m from an unnamed industrial_area — plausibly related but not close enough to confidently attribute; distance alone is insufficient per project methodology. Needs Sentinel-2 land-cover context to resolve.
846,80.40082,8.33641,2026-09-11,2026-09-11,2,1,15.22,15.22,1.0,,industrial_area,2026.95030237,0,Other/Unknown,2027m from an unnamed industrial_area — plausibly related but not close enough to confidently attribute; distance alone is insufficient per project methodology. Needs Sentinel-2 land-cover context to resolve.
847,80.37651,8.34312,2026-09-11,2026-09-11,2,1,2.73,2.73,1.0,A.Baur & Co. (Pvt) Ltd storage,industrial_area,2567.19284194,0,Other/Unknown,2108m from Pure water — plausibly related but not close enough to confidently attribute; distance alone is insufficient per project methodology. Needs Sentinel-2 land-cover context to resolve.
847,80.37651,8.34312,2026-09-11,2026-09-11,2,1,2.73,2.73,1.0,Design Studio Manufacturing (Pvt) Ltd,industrial_area,2129.76088417,0,Other/Unknown,2108m from Pure water — plausibly related but not close enough to confidently attribute; distance alone is insufficient per project methodology. Needs Sentinel-2 land-cover context to resolve.
847,80.37651,8.34312,2026-09-11,2026-09-11,2,1,2.73,2.73,1.0,Pure water,industrial_area,2107.63865209,0,Other/Unknown,2108m from Pure water — plausibly related but not close enough to confidently attribute; distance alone is insufficient per project methodology. Needs Sentinel-2 land-cover context to resolve.
847,80.37651,8.34312,2026-09-11,2026-09-11,2,1,2.73,2.73,1.0,Wickramarathne Supplier,industrial_area,4333.16833218,0,Other/Unknown,2108m from Pure water — plausibly related but not close enough to confidently attribute; distance alone is insufficient per project methodology. Needs Sentinel-2 land-cover context to resolve.
847,80.37651,8.34312,2026-09-11,2026-09-11,2,1,2.73,2.73,1.0,,industrial_area,2283.18401535,0,Other/Unknown,2108m from Pure water — plausibly related but not close enough to confidently attribute; distance alone is insufficient per project methodology. Needs Sentinel-2 land-cover context to resolve.
850,80.80388,8.37283,2026-09-11,2026-09-11,2,1,5.02,5.02,1.0,,,,0,Other/Unknown,"No nearby facility, moderate intensity (max FRP 5.0), short/low activity (1 active day(s) over 0 days, persistence score 1.00) — insufficient evidence to confidently classify."
851,80.42064,8.38194,2026-09-11,2026-09-11,2,1,6.01,6.01,1.0,AgStar Grains (Pvt) Ltd,industrial_area,1008.51232185,0,Industrial Fire,Close to an unnamed industrial_area (696m away) but only active 1 day(s) over a 0-day window (2 detections) — reads as a transient burn event at/near a facility rather than an ongoing source.
851,80.42064,8.38194,2026-09-11,2026-09-11,2,1,6.01,6.01,1.0,Lanka Ashok Leyland PLC Anuradhapura Outlet,industrial_area,4035.81074732,0,Industrial Fire,Close to an unnamed industrial_area (696m away) but only active 1 day(s) over a 0-day window (2 detections) — reads as a transient burn event at/near a facility rather than an ongoing source.
851,80.42064,8.38194,2026-09-11,2026-09-11,2,1,6.01,6.01,1.0,Wickramarathne Supplier,industrial_area,3562.53465642,0,Industrial Fire,Close to an unnamed industrial_area (696m away) but only active 1 day(s) over a 0-day window (2 detections) — reads as a transient burn event at/near a facility rather than an ongoing source.
851,80.42064,8.38194,2026-09-11,2026-09-11,2,1,6.01,6.01,1.0,,industrial_area,695.77391432,0,Industrial Fire,Close to an unnamed industrial_area (696m away) but only active 1 day(s) over a 0-day window (2 detections) — reads as a transient burn event at/near a facility rather than an ongoing source.
852,80.4476,8.3827,2026-09-11,2026-09-11,2,1,9.25,9.25,1.0,AgStar Grains (Pvt) Ltd,industrial_area,1962.03804623,0,Other/Unknown,1962m from AgStar Grains (Pvt) Ltd — plausibly related but not close enough to confidently attribute; distance alone is insufficient per project methodology. Needs Sentinel-2 land-cover context to resolve.
852,80.4476,8.3827,2026-09-11,2026-09-11,2,1,9.25,9.25,1.0,Lanka Ashok Leyland PLC Anuradhapura Outlet,industrial_area,3243.89021254,0,Other/Unknown,1962m from AgStar Grains (Pvt) Ltd — plausibly related but not close enough to confidently attribute; distance alone is insufficient per project methodology. Needs Sentinel-2 land-cover context to resolve.
852,80.4476,8.3827,2026-09-11,2026-09-11,2,1,9.25,9.25,1.0,,industrial_area,2336.06935521,0,Other/Unknown,1962m from AgStar Grains (Pvt) Ltd — plausibly related but not close enough to confidently attribute; distance alone is insufficient per project methodology. Needs Sentinel-2 land-cover context to resolve.
853,80.53334,8.39982,2026-09-11,2026-09-11,2,1,5.51,5.51,1.0,Factory,industrial_area,4311.04037418,0,Other/Unknown,"No nearby facility, moderate intensity (max FRP 5.5), short/low activity (1 active day(s) over 0 days, persistence score 1.00) — insufficient evidence to confidently classify."
854,80.33569,8.40384,2026-09-11,2026-09-11,2,1,2.95,2.95,1.0,,,,0,Other/Unknown,"No nearby facility, moderate intensity (max FRP 3.0), short/low activity (1 active day(s) over 0 days, persistence score 1.00) — insufficient evidence to confidently classify."
856,80.52334,8.48565,2026-09-11,2026-09-11,2,1,2.29,2.29,1.0,open areas,industrial_area,4979.29963148,0,Other/Unknown,"No nearby facility, moderate intensity (max FRP 2.3), short/low activity (1 active day(s) over 0 days, persistence score 1.00) — insufficient evidence to confidently classify."
859,80.3494,8.58726,2026-09-11,2026-09-11,2,1,4.77,4.77,1.0,,,,0,Other/Unknown,"No nearby facility, moderate intensity (max FRP 4.8), short/low activity (1 active day(s) over 0 days, persistence score 1.00) — insufficient evidence to confidently classify."
860,80.4757,8.61787,2026-09-11,2026-09-11,2,1,5.99,5.99,1.0,,,,0,Other/Unknown,"No nearby facility, moderate intensity (max FRP 6.0), short/low activity (1 active day(s) over 0 days, persistence score 1.00) — insufficient evidence to confidently classify."
861,78.07992,8.61995,2026-09-11,2026-09-11,2,1,4.45,4.45,1.0,DCW,industrial_area,3443.85356092,0,Other/Unknown,3444m from DCW — plausibly related but not close enough to confidently attribute; distance alone is insufficient per project methodology. Needs Sentinel-2 land-cover context to resolve.
861,78.07992,8.61995,2026-09-11,2026-09-11,2,1,4.45,4.45,1.0,,industrial_area,4528.4997661,0,Other/Unknown,3444m from DCW — plausibly related but not close enough to confidently attribute; distance alone is insufficient per project methodology. Needs Sentinel-2 land-cover context to resolve.
863,80.91789,8.68756,2026-09-11,2026-09-11,2,1,5.86,5.86,1.0,,,,0,Other/Unknown,"No nearby facility, moderate intensity (max FRP 5.9), short/low activity (1 active day(s) over 0 days, persistence score 1.00) — insufficient evidence to confidently classify."
864,80.17688,8.71449,2026-09-11,2026-09-11,2,1,4.68,4.68,1.0,,,,0,Other/Unknown,"No nearby facility, moderate intensity (max FRP 4.7), short/low activity (1 active day(s) over 0 days, persistence score 1.00) — insufficient evidence to confidently classify."
865,77.52225,8.72995,2026-09-11,2026-09-11,2,1,3.73,3.73,1.0,,industrial_area,4355.62612185,0,Other/Unknown,"No nearby facility, moderate intensity (max FRP 3.7), short/low activity (1 active day(s) over 0 days, persistence score 1.00) — insufficient evidence to confidently classify."
866,77.56741,8.77848,2026-09-11,2026-09-11,2,1,2.92,2.92,1.0,,industrial_area,1134.24773254,0,Industrial Fire,Close to an unnamed industrial_area (1134m away) but only active 1 day(s) over a 0-day window (2 detections) — reads as a transient burn event at/near a facility rather than an ongoing source.
867,77.48255,8.92184,2026-09-11,2026-09-11,2,1,8.51,8.51,1.0,,,,0,Wildfire / Natural Fire,"No industrial facility within 5km, high peak intensity (max FRP 8.5), short-lived (1 active day(s) over 0 days) — profile matches a natural/wild fire rather than a stable industrial source."
868,80.7947,8.96205,2026-09-11,2026-09-11,2,1,8.02,8.02,1.0,,,,0,Wildfire / Natural Fire,"No industrial facility within 5km, high peak intensity (max FRP 8.0), short-lived (1 active day(s) over 0 days) — profile matches a natural/wild fire rather than a stable industrial source."
869,80.89706,8.97476,2026-09-11,2026-09-11,2,1,8.49,8.49,1.0,,,,0,Wildfire / Natural Fire,"No industrial facility within 5km, high peak intensity (max FRP 8.5), short-lived (1 active day(s) over 0 days) — profile matches a natural/wild fire rather than a stable industrial source."
870,80.61357,9.38751,2026-09-11,2026-09-11,2,1,8.08,8.08,1.0,,industrial_area,1379.73712317,0,Industrial Fire,Close to an unnamed industrial_area (1380m away) but only active 1 day(s) over a 0-day window (2 detections) — reads as a transient burn event at/near a facility rather than an ongoing source.
871,74.44026,18.21146,2026-09-11,2026-09-11,2,1,5.36,5.36,1.0,,,,0,Other/Unknown,"No nearby facility, moderate intensity (max FRP 5.4), short/low activity (1 active day(s) over 0 days, persistence score 1.00) — insufficient evidence to confidently classify."
872,75.48334,18.26146,2026-09-11,2026-09-11,2,1,5.57,5.57,1.0,,,,0,Other/Unknown,"No nearby facility, moderate intensity (max FRP 5.6), short/low activity (1 active day(s) over 0 days, persistence score 1.00) — insufficient evidence to confidently classify."
876,69.08585,25.27196,2026-09-11,2026-09-11,2,1,3.64,3.64,1.0,,,,0,Other/Unknown,"No nearby facility, moderate intensity (max FRP 3.6), short/low activity (1 active day(s) over 0 days, persistence score 1.00) — insufficient evidence to confidently classify."
878,68.40443,26.95863,2026-09-11,2026-09-11,2,1,2.82,2.82,1.0,,,,0,Other/Unknown,"No nearby facility, moderate intensity (max FRP 2.8), short/low activity (1 active day(s) over 0 days, persistence score 1.00) — insufficient evidence to confidently classify."
882,73.87495,30.48006,2026-09-11,2026-09-11,2,1,2.48,2.48,1.0,,,,0,Other/Unknown,"No nearby facility, moderate intensity (max FRP 2.5), short/low activity (1 active day(s) over 0 days, persistence score 1.00) — insufficient evidence to confidently classify."
883,76.34161,30.72791,2026-09-11,2026-09-11,2,1,1.3,1.3,1.0,,,,0,Other/Unknown,"No nearby facility, moderate intensity (max FRP 1.3), short/low activity (1 active day(s) over 0 days, persistence score 1.00) — insufficient evidence to confidently classify."
884,70.64391,30.87024,2026-09-11,2026-09-11,2,1,6.05,6.05,1.0,,,,0,Other/Unknown,"No nearby facility, moderate intensity (max FRP 6.0), short/low activity (1 active day(s) over 0 days, persistence score 1.00) — insufficient evidence to confidently classify."
885,75.94084,30.87769,2026-09-11,2026-09-11,2,1,3.0,3.0,1.0,,,,0,Other/Unknown,"No nearby facility, moderate intensity (max FRP 3.0), short/low activity (1 active day(s) over 0 days, persistence score 1.00) — insufficient evidence to confidently classify."
886,74.20541,30.98912,2026-09-11,2026-09-11,2,1,3.03,3.03,1.0,,,,0,Other/Unknown,"No nearby facility, moderate intensity (max FRP 3.0), short/low activity (1 active day(s) over 0 days, persistence score 1.00) — insufficient evidence to confidently classify."
887,74.47987,31.25864,2026-09-11,2026-09-11,2,1,2.36,2.36,1.0,,,,0,Other/Unknown,"No nearby facility, moderate intensity (max FRP 2.4), short/low activity (1 active day(s) over 0 days, persistence score 1.00) — insufficient evidence to confidently classify."
888,74.51919,31.45933,2026-09-11,2026-09-11,2,1,2.97,2.97,1.0,,,,0,Other/Unknown,"No nearby facility, moderate intensity (max FRP 3.0), short/low activity (1 active day(s) over 0 days, persistence score 1.00) — insufficient evidence to confidently classify."
889,74.82895,31.59567,2026-09-11,2026-09-11,2,1,2.21,2.21,1.0,,,,0,Other/Unknown,"No nearby facility, moderate intensity (max FRP 2.2), short/low activity (1 active day(s) over 0 days, persistence score 1.00) — insufficient evidence to confidently classify."
890,74.49052,31.74919,2026-09-11,2026-09-11,2,1,5.09,5.09,1.0,,,,0,Other/Unknown,"No nearby facility, moderate intensity (max FRP 5.1), short/low activity (1 active day(s) over 0 days, persistence score 1.00) — insufficient evidence to confidently classify."
891,75.174,31.78289,2026-09-11,2026-09-11,2,1,3.43,3.43,1.0,,,,0,Other/Unknown,"No nearby facility, moderate intensity (max FRP 3.4), short/low activity (1 active day(s) over 0 days, persistence score 1.00) — insufficient evidence to confidently classify."
892,75.00837,31.86762,2026-09-11,2026-09-11,2,1,5.58,5.58,1.0,,,,0,Other/Unknown,"No nearby facility, moderate intensity (max FRP 5.6), short/low activity (1 active day(s) over 0 days, persistence score 1.00) — insufficient evidence to confidently classify."
893,73.31739,32.1289,2026-09-11,2026-09-11,2,1,2.97,2.97,1.0,,,,0,Other/Unknown,"No nearby facility, moderate intensity (max FRP 3.0), short/low activity (1 active day(s) over 0 days, persistence score 1.00) — insufficient evidence to confidently classify."
895,70.56732,30.44506,2026-09-11,2026-09-11,2,1,0.72,0.72,1.0,,,,0,Other/Unknown,"No nearby facility, moderate intensity (max FRP 0.7), short/low activity (1 active day(s) over 0 days, persistence score 1.00) — insufficient evidence to confidently classify."
897,73.97829,33.71712,2026-09-11,2026-09-11,2,1,1.08,1.08,1.0,,,,0,Other/Unknown,"No nearby facility, moderate intensity (max FRP 1.1), short/low activity (1 active day(s) over 0 days, persistence score 1.00) — insufficient evidence to confidently classify."
920,79.91359,13.18113,2026-09-11,2026-09-11,2,1,0.88,0.88,1.0,,industrial_area,3840.99891579,0,Other/Unknown,"No nearby facility, moderate intensity (max FRP 0.9), short/low activity (1 active day(s) over 0 days, persistence score 1.00) — insufficient evidence to confidently classify."
923,76.50147,15.02515,2026-09-11,2026-09-11,2,1,0.8,0.8,1.0,,,,0,Other/Unknown,"No nearby facility, moderate intensity (max FRP 0.8), short/low activity (1 active day(s) over 0 days, persistence score 1.00) — insufficient evidence to confidently classify."
926,74.30283,18.81351,2026-09-11,2026-09-11,2,1,0.44,0.44,1.0,,,,0,Other/Unknown,"No nearby facility, moderate intensity (max FRP 0.4), short/low activity (1 active day(s) over 0 days, persistence score 1.00) — insufficient evidence to confidently classify."
927,74.8159,19.22277,2026-09-11,2026-09-11,2,1,0.77,0.77,1.0,,,,0,Other/Unknown,"No nearby facility, moderate intensity (max FRP 0.8), short/low activity (1 active day(s) over 0 days, persistence score 1.00) — insufficient evidence to confidently classify."
931,76.78352000000001,10.786639999999998,2026-09-09,2026-09-09,4,1,0.77,0.81,1.0,Arya Vaidya Pharmacy Ltd,industrial_area,2338.2805267,0,Industrial Fire,Close to Central Warehousing Corporation- Suplyco depo (155m away) but only active 1 day(s) over a 0-day window (4 detections) — reads as a transient burn event at/near a facility rather than an ongoing source.
931,76.78352000000001,10.786639999999998,2026-09-09,2026-09-09,4,1,0.77,0.81,1.0,Beml Limited,industrial_works,687.05797272,0,Industrial Fire,Close to Central Warehousing Corporation- Suplyco depo (155m away) but only active 1 day(s) over a 0-day window (4 detections) — reads as a transient burn event at/near a facility rather than an ongoing source.
931,76.78352000000001,10.786639999999998,2026-09-09,2026-09-09,4,1,0.77,0.81,1.0,Bharat Earth Movers Limited ( BEML ),industrial_area,612.68422811,0,Industrial Fire,Close to Central Warehousing Corporation- Suplyco depo (155m away) but only active 1 day(s) over a 0-day window (4 detections) — reads as a transient burn event at/near a facility rather than an ongoing source.
931,76.78352000000001,10.786639999999998,2026-09-09,2026-09-09,4,1,0.77,0.81,1.0,Bhoopathy steels,industrial_area,2457.30849977,0,Industrial Fire,Close to Central Warehousing Corporation- Suplyco depo (155m away) but only active 1 day(s) over a 0-day window (4 detections) — reads as a transient burn event at/near a facility rather than an ongoing source.
931,76.78352000000001,10.786639999999998,2026-09-09,2026-09-09,4,1,0.77,0.81,1.0,BPCL Bharat Petroleum Corporation Limited,industrial_area,461.2845555,0,Industrial Fire,Close to Central Warehousing Corporation- Suplyco depo (155m away) but only active 1 day(s) over a 0-day window (4 detections) — reads as a transient burn event at/near a facility rather than an ongoing source.
931,76.78352000000001,10.786639999999998,2026-09-09,2026-09-09,4,1,0.77,0.81,1.0,BPL Medical Technology Factory,industrial_area,3323.72286248,0,Industrial Fire,Close to Central Warehousing Corporation- Suplyco depo (155m away) but only active 1 day(s) over a 0-day window (4 detections) — reads as a transient burn event at/near a facility rather than an ongoing source.
931,76.78352000000001,10.786639999999998,2026-09-09,2026-09-09,4,1,0.77,0.81,1.0,Central Warehousing Corporation- Suplyco depo,industrial_area,155.44420449,0,Industrial Fire,Close to Central Warehousing Corporation- Suplyco depo (155m away) but only active 1 day(s) over a 0-day window (4 detections) — reads as a transient burn event at/near a facility rather than an ongoing source.
931,76.78352000000001,10.786639999999998,2026-09-09,2026-09-09,4,1,0.77,0.81,1.0,ComTrol Industries Pvt Ltd,industrial_works,4308.24191076,0,Industrial Fire,Close to Central Warehousing Corporation- Suplyco depo (155m away) but only active 1 day(s) over a 0-day window (4 detections) — reads as a transient burn event at/near a facility rather than an ongoing source.
931,76.78352000000001,10.786639999999998,2026-09-09,2026-09-09,4,1,0.77,0.81,1.0,Fajr Polymers LLP,industrial_works,4202.84677168,0,Industrial Fire,Close to Central Warehousing Corporation- Suplyco depo (155m away) but only active 1 day(s) over a 0-day window (4 detections) — reads as a transient burn event at/near a facility rather than an ongoing source.
931,76.78352000000001,10.786639999999998,2026-09-09,2026-09-09,4,1,0.77,0.81,1.0,Featherlike Foam Pvt Ltd,industrial_works,3794.52073642,0,Industrial Fire,Close to Central Warehousing Corporation- Suplyco depo (155m away) but only active 1 day(s) over a 0-day window (4 detections) — reads as a transient burn event at/near a facility rather than an ongoing source.
931,76.78352000000001,10.786639999999998,2026-09-09,2026-09-09,4,1,0.77,0.81,1.0,Galvo Steel Doors,industrial_works,4448.79045735,0,Industrial Fire,Close to Central Warehousing Corporation- Suplyco depo (155m away) but only active 1 day(s) over a 0-day window (4 detections) — reads as a transient burn event at/near a facility rather than an ongoing source.
931,76.78352000000001,10.786639999999998,2026-09-09,2026-09-09,4,1,0.77,0.81,1.0,GENROBOTICS,industrial_works,4398.01655169,0,Industrial Fire,Close to Central Warehousing Corporation- Suplyco depo (155m away) but only active 1 day(s) over a 0-day window (4 detections) — reads as a transient burn event at/near a facility rather than an ongoing source.
931,76.78352000000001,10.786639999999998,2026-09-09,2026-09-09,4,1,0.77,0.81,1.0,Hindustan Petroleum Corpn,industrial_area,1932.17389903,0,Industrial Fire,Close to Central Warehousing Corporation- Suplyco depo (155m away) but only active 1 day(s) over a 0-day window (4 detections) — reads as a transient burn event at/near a facility rather than an ongoing source.
931,76.78352000000001,10.786639999999998,2026-09-09,2026-09-09,4,1,0.77,0.81,1.0,Inox Air Products P Ltd (1000MT),industrial_works,190.87339139,0,Industrial Fire,Close to Central Warehousing Corporation- Suplyco depo (155m away) but only active 1 day(s) over a 0-day window (4 detections) — reads as a transient burn event at/near a facility rather than an ongoing source.
931,76.78352000000001,10.786639999999998,2026-09-09,2026-09-09,4,1,0.77,0.81,1.0,Kinfra,industrial_area,688.87580552,0,Industrial Fire,Close to Central Warehousing Corporation- Suplyco depo (155m away) but only active 1 day(s) over a 0-day window (4 detections) — reads as a transient burn event at/near a facility rather than an ongoing source.
931,76.78352000000001,10.786639999999998,2026-09-09,2026-09-09,4,1,0.77,0.81,1.0,Kinfra Textile Park,industrial_area,611.03487469,0,Industrial Fire,Close to Central Warehousing Corporation- Suplyco depo (155m away) but only active 1 day(s) over a 0-day window (4 detections) — reads as a transient burn event at/near a facility rather than an ongoing source.
931,76.78352000000001,10.786639999999998,2026-09-09,2026-09-09,4,1,0.77,0.81,1.0,KOSO private limited,industrial_area,4886.32925772,0,Industrial Fire,Close to Central Warehousing Corporation- Suplyco depo (155m away) but only active 1 day(s) over a 0-day window (4 detections) — reads as a transient burn event at/near a facility rather than an ongoing source.
931,76.78352000000001,10.786639999999998,2026-09-09,2026-09-09,4,1,0.77,0.81,1.0,KSE,industrial_area,3497.63298854,0,Industrial Fire,Close to Central Warehousing Corporation- Suplyco depo (155m away) but only active 1 day(s) over a 0-day window (4 detections) — reads as a transient burn event at/near a facility rather than an ongoing source.
931,76.78352000000001,10.786639999999998,2026-09-09,2026-09-09,4,1,0.77,0.81,1.0,KSEB INKEL Solar power plant,power_plant,1161.44778105,0,Industrial Fire,Close to Central Warehousing Corporation- Suplyco depo (155m away) but only active 1 day(s) over a 0-day window (4 detections) — reads as a transient burn event at/near a facility rather than an ongoing source.
931,76.78352000000001,10.786639999999998,2026-09-09,2026-09-09,4,1,0.77,0.81,1.0,Maliyakkal Roller Flour Mills,industrial_area,3171.96888969,0,Industrial Fire,Close to Central Warehousing Corporation- Suplyco depo (155m away) but only active 1 day(s) over a 0-day window (4 detections) — reads as a transient burn event at/near a facility rather than an ongoing source.
931,76.78352000000001,10.786639999999998,2026-09-09,2026-09-09,4,1,0.77,0.81,1.0,Navbharat Systems and Devices Private Limited,industrial_area,3772.34882455,0,Industrial Fire,Close to Central Warehousing Corporation- Suplyco depo (155m away) but only active 1 day(s) over a 0-day window (4 detections) — reads as a transient burn event at/near a facility rather than an ongoing source.
931,76.78352000000001,10.786639999999998,2026-09-09,2026-09-09,4,1,0.77,0.81,1.0,Palakkad Rubber Private Limited,industrial_area,2339.68072348,0,Industrial Fire,Close to Central Warehousing Corporation- Suplyco depo (155m away) but only active 1 day(s) over a 0-day window (4 detections) — reads as a transient burn event at/near a facility rather than an ongoing source.
931,76.78352000000001,10.786639999999998,2026-09-09,2026-09-09,4,1,0.77,0.81,1.0,Premier Gases (13MT),industrial_works,4459.584797,0,Industrial Fire,Close to Central Warehousing Corporation- Suplyco depo (155m away) but only active 1 day(s) over a 0-day window (4 detections) — reads as a transient burn event at/near a facility rather than an ongoing source.
931,76.78352000000001,10.786639999999998,2026-09-09,2026-09-09,4,1,0.77,0.81,1.0,Prima Industries,industrial_area,3403.71554985,0,Industrial Fire,Close to Central Warehousing Corporation- Suplyco depo (155m away) but only active 1 day(s) over a 0-day window (4 detections) — reads as a transient burn event at/near a facility rather than an ongoing source.
931,76.78352000000001,10.786639999999998,2026-09-09,2026-09-09,4,1,0.77,0.81,1.0,Pyare Lal Group of Industries,industrial_works,2929.59363613,0,Industrial Fire,Close to Central Warehousing Corporation- Suplyco depo (155m away) but only active 1 day(s) over a 0-day window (4 detections) — reads as a transient burn event at/near a facility rather than an ongoing source.
931,76.78352000000001,10.786639999999998,2026-09-09,2026-09-09,4,1,0.77,0.81,1.0,Rajeswari Enterprises,industrial_area,4323.58884203,0,Industrial Fire,Close to Central Warehousing Corporation- Suplyco depo (155m away) but only active 1 day(s) over a 0-day window (4 detections) — reads as a transient burn event at/near a facility rather than an ongoing source.
931,76.78352000000001,10.786639999999998,2026-09-09,2026-09-09,4,1,0.77,0.81,1.0,Rubfila International Limited,industrial_area,2005.52851384,0,Industrial Fire,Close to Central Warehousing Corporation- Suplyco depo (155m away) but only active 1 day(s) over a 0-day window (4 detections) — reads as a transient burn event at/near a facility rather than an ongoing source.
931,76.78352000000001,10.786639999999998,2026-09-09,2026-09-09,4,1,0.77,0.81,1.0,Shastha steel,industrial_area,2458.32139437,0,Industrial Fire,Close to Central Warehousing Corporation- Suplyco depo (155m away) but only active 1 day(s) over a 0-day window (4 detections) — reads as a transient burn event at/near a facility rather than an ongoing source.
931,76.78352000000001,10.786639999999998,2026-09-09,2026-09-09,4,1,0.77,0.81,1.0,sinicon,industrial_area,4769.14815454,0,Industrial Fire,Close to Central Warehousing Corporation- Suplyco depo (155m away) but only active 1 day(s) over a 0-day window (4 detections) — reads as a transient burn event at/near a facility rather than an ongoing source.
931,76.78352000000001,10.786639999999998,2026-09-09,2026-09-09,4,1,0.77,0.81,1.0,Southern Air Products (13MT),industrial_works,1441.17831166,0,Industrial Fire,Close to Central Warehousing Corporation- Suplyco depo (155m away) but only active 1 day(s) over a 0-day window (4 detections) — reads as a transient burn event at/near a facility rather than an ongoing source.
931,76.78352000000001,10.786639999999998,2026-09-09,2026-09-09,4,1,0.77,0.81,1.0,Sri Venkateswara Air Products P Ltd (13MT),industrial_works,161.55463044,0,Industrial Fire,Close to Central Warehousing Corporation- Suplyco depo (155m away) but only active 1 day(s) over a 0-day window (4 detections) — reads as a transient burn event at/near a facility rather than an ongoing source.
931,76.78352000000001,10.786639999999998,2026-09-09,2026-09-09,4,1,0.77,0.81,1.0,Venkateswara Air Products Private Limited,industrial_area,2472.41959972,0,Industrial Fire,Close to Central Warehousing Corporation- Suplyco depo (155m away) but only active 1 day(s) over a 0-day window (4 detections) — reads as a transient burn event at/near a facility rather than an ongoing source.
931,76.78352000000001,10.786639999999998,2026-09-09,2026-09-09,4,1,0.77,0.81,1.0,,industrial_area,1859.62667772,0,Industrial Fire,Close to Central Warehousing Corporation- Suplyco depo (155m away) but only active 1 day(s) over a 0-day window (4 detections) — reads as a transient burn event at/near a facility rather than an ongoing source.
933,81.09897,7.17868,2026-09-11,2026-09-11,2,1,0.74,0.74,1.0,,,,0,Other/Unknown,"No nearby facility, moderate intensity (max FRP 0.7), short/low activity (1 active day(s) over 0 days, persistence score 1.00) — insufficient evidence to confidently classify."
934,80.63947,7.65734,2026-09-11,2026-09-11,2,1,1.93,1.93,1.0,ASC HOLDINGS JAPAN LANKA (PVT)LTD,industrial_works,3755.76406169,0,Other/Unknown,3319m from Hela Clothing (Pvt) Ltd — plausibly related but not close enough to confidently attribute; distance alone is insufficient per project methodology. Needs Sentinel-2 land-cover context to resolve.
934,80.63947,7.65734,2026-09-11,2026-09-11,2,1,1.93,1.93,1.0,Bowathenna Power Station,power_plant,4248.76183007,0,Other/Unknown,3319m from Hela Clothing (Pvt) Ltd — plausibly related but not close enough to confidently attribute; distance alone is insufficient per project methodology. Needs Sentinel-2 land-cover context to resolve.
934,80.63947,7.65734,2026-09-11,2026-09-11,2,1,1.93,1.93,1.0,COOPID Lanka (Pvt) Ltd,industrial_works,3778.35072308,0,Other/Unknown,3319m from Hela Clothing (Pvt) Ltd — plausibly related but not close enough to confidently attribute; distance alone is insufficient per project methodology. Needs Sentinel-2 land-cover context to resolve.
934,80.63947,7.65734,2026-09-11,2026-09-11,2,1,1.93,1.93,1.0,EAM Maliban Textiles (Pvt) Ltd,industrial_works,3624.26845847,0,Other/Unknown,3319m from Hela Clothing (Pvt) Ltd — plausibly related but not close enough to confidently attribute; distance alone is insufficient per project methodology. Needs Sentinel-2 land-cover context to resolve.
934,80.63947,7.65734,2026-09-11,2026-09-11,2,1,1.93,1.93,1.0,Hasuna Products (Pvt) Ltd,industrial_works,3748.2471916,0,Other/Unknown,3319m from Hela Clothing (Pvt) Ltd — plausibly related but not close enough to confidently attribute; distance alone is insufficient per project methodology. Needs Sentinel-2 land-cover context to resolve.
934,80.63947,7.65734,2026-09-11,2026-09-11,2,1,1.93,1.93,1.0,Hela Clothing (Pvt) Ltd,industrial_works,3318.60845045,0,Other/Unknown,3319m from Hela Clothing (Pvt) Ltd — plausibly related but not close enough to confidently attribute; distance alone is insufficient per project methodology. Needs Sentinel-2 land-cover context to resolve.
934,80.63947,7.65734,2026-09-11,2026-09-11,2,1,1.93,1.93,1.0,KIST Biscuit Factory,industrial_works,3739.98658204,0,Other/Unknown,3319m from Hela Clothing (Pvt) Ltd — plausibly related but not close enough to confidently attribute; distance alone is insufficient per project methodology. Needs Sentinel-2 land-cover context to resolve.
935,90.82363333333336,28.64614,2026-09-10,2026-09-10,6,1,3.8733333333333335,4.14,1.0,,,,0,Other/Unknown,"No nearby facility, moderate intensity (max FRP 4.1), short/low activity (1 active day(s) over 0 days, persistence score 1.00) — insufficient evidence to confidently classify."
936,77.67776,11.57125,2026-09-11,2026-09-11,2,1,2.27,2.27,1.0,,,,0,Other/Unknown,"No nearby facility, moderate intensity (max FRP 2.3), short/low activity (1 active day(s) over 0 days, persistence score 1.00) — insufficient evidence to confidently classify."
939,81.07173499999999,6.690155,2026-09-10,2026-09-10,4,1,3.635,3.97,1.0,,,,0,Other/Unknown,"No nearby facility, moderate intensity (max FRP 4.0), short/low activity (1 active day(s) over 0 days, persistence score 1.00) — insufficient evidence to confidently classify."
940,80.933775,6.721064999999999,2026-09-10,2026-09-10,4,1,5.44,5.5,1.0,,,,0,Other/Unknown,"No nearby facility, moderate intensity (max FRP 5.5), short/low activity (1 active day(s) over 0 days, persistence score 1.00) — insufficient evidence to confidently classify."
942,80.13559000000001,7.645405,2026-09-10,2026-09-10,4,1,4.08,4.91,1.0,mill,industrial_area,2206.91253146,0,Industrial Fire,Close to an unnamed industrial_area (1062m away) but only active 1 day(s) over a 0-day window (4 detections) — reads as a transient burn event at/near a facility rather than an ongoing source.
942,80.13559000000001,7.645405,2026-09-10,2026-09-10,4,1,4.08,4.91,1.0,,industrial_area,1062.22944826,0,Industrial Fire,Close to an unnamed industrial_area (1062m away) but only active 1 day(s) over a 0-day window (4 detections) — reads as a transient burn event at/near a facility rather than an ongoing source.
943,80.421745,7.959185,2026-09-10,2026-09-10,4,1,5.15,5.15,1.0,,power_plant,4929.22662085,0,Other/Unknown,"No nearby facility, moderate intensity (max FRP 5.2), short/low activity (1 active day(s) over 0 days, persistence score 1.00) — insufficient evidence to confidently classify."
948,80.319435,8.332815,2026-09-10,2026-09-10,4,1,3.07,3.07,1.0,Design Studio Manufacturing (Pvt) Ltd,industrial_area,4770.2513437,0,Other/Unknown,"No nearby facility, moderate intensity (max FRP 3.1), short/low activity (1 active day(s) over 0 days, persistence score 1.00) — insufficient evidence to confidently classify."
948,80.319435,8.332815,2026-09-10,2026-09-10,4,1,3.07,3.07,1.0,,industrial_area,4895.59795013,0,Other/Unknown,"No nearby facility, moderate intensity (max FRP 3.1), short/low activity (1 active day(s) over 0 days, persistence score 1.00) — insufficient evidence to confidently classify."
950,80.48320333333334,8.489246666666666,2026-09-10,2026-09-10,6,1,5.28,6.4,1.0,,,,0,Other/Unknown,"No nearby facility, moderate intensity (max FRP 6.4), short/low activity (1 active day(s) over 0 days, persistence score 1.00) — insufficient evidence to confidently classify."
951,80.33415666666667,8.510526666666665,2026-09-10,2026-09-10,6,1,11.52,21.3,1.0,,,,0,Wildfire / Natural Fire,"No industrial facility within 5km, high peak intensity (max FRP 21.3), short-lived (1 active day(s) over 0 days) — profile matches a natural/wild fire rather than a stable industrial source."
954,80.769185,8.67521,2026-09-10,2026-09-10,4,1,4.91,5.79,1.0,,,,0,Other/Unknown,"No nearby facility, moderate intensity (max FRP 5.8), short/low activity (1 active day(s) over 0 days, persistence score 1.00) — insufficient evidence to confidently classify."
955,80.27904000000001,8.684705000000001,2026-09-10,2026-09-10,4,1,3.785,4.18,1.0,,,,0,Other/Unknown,"No nearby facility, moderate intensity (max FRP 4.2), short/low activity (1 active day(s) over 0 days, persistence score 1.00) — insufficient evidence to confidently classify."
956,80.24686249999999,8.7106425,2026-09-10,2026-09-10,8,1,3.0700000000000003,3.08,1.0,,,,0,Other/Unknown,"No nearby facility, moderate intensity (max FRP 3.1), short/low activity (1 active day(s) over 0 days, persistence score 1.00) — insufficient evidence to confidently classify."
957,80.66445,8.712,2026-09-10,2026-09-10,4,1,6.779999999999999,8.84,1.0,,,,0,Wildfire / Natural Fire,"No industrial facility within 5km, high peak intensity (max FRP 8.8), short-lived (1 active day(s) over 0 days) — profile matches a natural/wild fire rather than a stable industrial source."
958,80.62264333333333,8.822646666666666,2026-09-10,2026-09-10,6,1,25.636666666666667,30.71,1.0,,,,0,Wildfire / Natural Fire,"No industrial facility within 5km, high peak intensity (max FRP 30.7), short-lived (1 active day(s) over 0 days) — profile matches a natural/wild fire rather than a stable industrial source."
959,80.63674499999999,8.86206,2026-09-10,2026-09-10,4,1,6.81,6.81,1.0,,,,0,Other/Unknown,"No nearby facility, moderate intensity (max FRP 6.8), short/low activity (1 active day(s) over 0 days, persistence score 1.00) — insufficient evidence to confidently classify."
960,80.46213499999999,8.8821,2026-09-10,2026-09-10,4,1,7.75,8.51,1.0,,,,0,Wildfire / Natural Fire,"No industrial facility within 5km, high peak intensity (max FRP 8.5), short-lived (1 active day(s) over 0 days) — profile matches a natural/wild fire rather than a stable industrial source."
961,80.780985,8.961414999999999,2026-09-10,2026-09-10,4,1,4.47,4.47,1.0,,,,0,Other/Unknown,"No nearby facility, moderate intensity (max FRP 4.5), short/low activity (1 active day(s) over 0 days, persistence score 1.00) — insufficient evidence to confidently classify."
962,79.022745,14.806075,2026-09-10,2026-09-10,4,1,3.035,3.33,1.0,,,,0,Other/Unknown,"No nearby facility, moderate intensity (max FRP 3.3), short/low activity (1 active day(s) over 0 days, persistence score 1.00) — insufficient evidence to confidently classify."
963,75.796775,15.208775,2026-09-10,2026-09-10,4,1,2.885,3.93,1.0,,,,0,Other/Unknown,"No nearby facility, moderate intensity (max FRP 3.9), short/low activity (1 active day(s) over 0 days, persistence score 1.00) — insufficient evidence to confidently classify."
964,76.519705,18.86141,2026-09-10,2026-09-10,4,1,4.470000000000001,4.65,1.0,Parli Thermal Power Station,power_plant,1080.85581187,0,Industrial Fire,Close to Parli Thermal Power Station (1081m away) but only active 1 day(s) over a 0-day window (4 detections) — reads as a transient burn event at/near a facility rather than an ongoing source.
964,76.519705,18.86141,2026-09-10,2026-09-10,4,1,4.470000000000001,4.65,1.0,,industrial_area,2295.0753359,0,Industrial Fire,Close to Parli Thermal Power Station (1081m away) but only active 1 day(s) over a 0-day window (4 detections) — reads as a transient burn event at/near a facility rather than an ongoing source.
967,73.56952666666666,30.682033333333333,2026-09-10,2026-09-10,6,1,9.396666666666668,19.49,1.0,,,,0,Wildfire / Natural Fire,"No industrial facility within 5km, high peak intensity (max FRP 19.5), short-lived (1 active day(s) over 0 days) — profile matches a natural/wild fire rather than a stable industrial source."
968,72.427265,31.628585,2026-09-10,2026-09-10,4,1,3.76,3.76,1.0,,,,0,Other/Unknown,"No nearby facility, moderate intensity (max FRP 3.8), short/low activity (1 active day(s) over 0 days, persistence score 1.00) — insufficient evidence to confidently classify."
974,95.35672,27.59964,2026-09-11,2026-09-11,4,1,9.675,11.23,1.0,,,,0,Wildfire / Natural Fire,"No industrial facility within 5km, high peak intensity (max FRP 11.2), short-lived (1 active day(s) over 0 days) — profile matches a natural/wild fire rather than a stable industrial source."
975,80.86423666666667,6.235023333333333,2026-09-11,2026-09-11,6,1,5.0200000000000005,6.16,1.0,,,,0,Other/Unknown,"No nearby facility, moderate intensity (max FRP 6.2), short/low activity (1 active day(s) over 0 days, persistence score 1.00) — insufficient evidence to confidently classify."
979,81.19937,7.927185,2026-09-11,2026-09-11,4,1,11.34,11.34,1.0,,,,0,Wildfire / Natural Fire,"No industrial facility within 5km, high peak intensity (max FRP 11.3), short-lived (1 active day(s) over 0 days) — profile matches a natural/wild fire rather than a stable industrial source."
981,80.13793249999999,8.2956425,2026-09-11,2026-09-11,8,1,7.279999999999999,8.29,1.0,,,,0,Wildfire / Natural Fire,"No industrial facility within 5km, high peak intensity (max FRP 8.3), short-lived (1 active day(s) over 0 days) — profile matches a natural/wild fire rather than a stable industrial source."
982,80.31819999999999,8.318719999999999,2026-09-11,2026-09-11,4,1,4.375,4.56,1.0,,,,0,Other/Unknown,"No nearby facility, moderate intensity (max FRP 4.6), short/low activity (1 active day(s) over 0 days, persistence score 1.00) — insufficient evidence to confidently classify."
984,80.13112000000001,8.492484999999999,2026-09-11,2026-09-11,4,1,5.73,9.01,1.0,,,,0,Wildfire / Natural Fire,"No industrial facility within 5km, high peak intensity (max FRP 9.0), short-lived (1 active day(s) over 0 days) — profile matches a natural/wild fire rather than a stable industrial source."
986,90.32759,26.77692,2026-09-11,2026-09-11,4,1,3.3600000000000003,3.91,1.0,,,,0,Other/Unknown,"No nearby facility, moderate intensity (max FRP 3.9), short/low activity (1 active day(s) over 0 days, persistence score 1.00) — insufficient evidence to confidently classify."
987,68.86104499999999,25.717825,2026-09-11,2026-09-11,4,1,12.995,14.77,1.0,,,,0,Wildfire / Natural Fire,"No industrial facility within 5km, high peak intensity (max FRP 14.8), short-lived (1 active day(s) over 0 days) — profile matches a natural/wild fire rather than a stable industrial source."
989,68.38952666666667,27.63647,2026-09-11,2026-09-11,6,1,4.486666666666667,6.07,1.0,,,,0,Other/Unknown,"No nearby facility, moderate intensity (max FRP 6.1), short/low activity (1 active day(s) over 0 days, persistence score 1.00) — insufficient evidence to confidently classify."
991,74.19067,34.156925,2026-09-11,2026-09-11,4,1,2.77,3.76,1.0,,,,0,Other/Unknown,"No nearby facility, moderate intensity (max FRP 3.8), short/low activity (1 active day(s) over 0 days, persistence score 1.00) — insufficient evidence to confidently classify."
999,77.421695,9.33042,2026-09-11,2026-09-11,4,1,2.04,2.04,1.0,,industrial_area,3476.02282483,0,Other/Unknown,3476m from an unnamed industrial_area — plausibly related but not close enough to confidently attribute; distance alone is insufficient per project methodology. Needs Sentinel-2 land-cover context to resolve.
1001,96.280345,27.72949,2026-09-12,2026-09-12,4,1,4.11,4.11,1.0,,,,0,Other/Unknown,"No nearby facility, moderate intensity (max FRP 4.1), short/low activity (1 active day(s) over 0 days, persistence score 1.00) — insufficient evidence to confidently classify."
1002,80.86438000000001,6.619395,2026-09-12,2026-09-12,2,1,3.15,3.15,1.0,,,,0,Other/Unknown,"No nearby facility, moderate intensity (max FRP 3.1), short/low activity (1 active day(s) over 0 days, persistence score 1.00) — insufficient evidence to confidently classify."
1005,79.8785425,7.0428425,2026-09-12,2026-09-12,4,1,10.84,16.75,1.0,Aitken Spence Power Station,power_plant,3121.0804527,0,Other/Unknown,1689m from an unnamed industrial_area — plausibly related but not close enough to confidently attribute; distance alone is insufficient per project methodology. Needs Sentinel-2 land-cover context to resolve.
1005,79.8785425,7.0428425,2026-09-12,2026-09-12,4,1,10.84,16.75,1.0,Kerawalapitiya Power plant,power_plant,3513.40442624,0,Other/Unknown,1689m from an unnamed industrial_area — plausibly related but not close enough to confidently attribute; distance alone is insufficient per project methodology. Needs Sentinel-2 land-cover context to resolve.
1005,79.8785425,7.0428425,2026-09-12,2026-09-12,4,1,10.84,16.75,1.0,Logiventures Pvt.Ltd,industrial_area,2696.55891807,0,Other/Unknown,1689m from an unnamed industrial_area — plausibly related but not close enough to confidently attribute; distance alone is insufficient per project methodology. Needs Sentinel-2 land-cover context to resolve.
1005,79.8785425,7.0428425,2026-09-12,2026-09-12,4,1,10.84,16.75,1.0,Nawaloka Factory,industrial_area,3739.61032373,0,Other/Unknown,1689m from an unnamed industrial_area — plausibly related but not close enough to confidently attribute; distance alone is insufficient per project methodology. Needs Sentinel-2 land-cover context to resolve.
1005,79.8785425,7.0428425,2026-09-12,2026-09-12,4,1,10.84,16.75,1.0,Sanka Bathik Factory,industrial_area,3623.05953066,0,Other/Unknown,1689m from an unnamed industrial_area — plausibly related but not close enough to confidently attribute; distance alone is insufficient per project methodology. Needs Sentinel-2 land-cover context to resolve.
1005,79.8785425,7.0428425,2026-09-12,2026-09-12,4,1,10.84,16.75,1.0,Sri Lanka Thriposha Pvt.Ltd,industrial_area,2819.58256996,0,Other/Unknown,1689m from an unnamed industrial_area — plausibly related but not close enough to confidently attribute; distance alone is insufficient per project methodology. Needs Sentinel-2 land-cover context to resolve.
1005,79.8785425,7.0428425,2026-09-12,2026-09-12,4,1,10.84,16.75,1.0,,industrial_area,1688.58000509,0,Other/Unknown,1689m from an unnamed industrial_area — plausibly related but not close enough to confidently attribute; distance alone is insufficient per project methodology. Needs Sentinel-2 land-cover context to resolve.
1005,79.8785425,7.0428425,2026-09-12,2026-09-12,4,1,10.84,16.75,1.0,,industrial_works,2501.45762493,0,Other/Unknown,1689m from an unnamed industrial_area — plausibly related but not close enough to confidently attribute; distance alone is insufficient per project methodology. Needs Sentinel-2 land-cover context to resolve.
1005,79.8785425,7.0428425,2026-09-12,2026-09-12,4,1,10.84,16.75,1.0,,power_plant,3335.25106323,0,Other/Unknown,1689m from an unnamed industrial_area — plausibly related but not close enough to confidently attribute; distance alone is insufficient per project methodology. Needs Sentinel-2 land-cover context to resolve.
1010,81.03079666666666,7.551463333333333,2026-09-12,2026-09-12,3,1,6.796666666666667,9.06,1.0,,,,0,Wildfire / Natural Fire,"No industrial facility within 5km, high peak intensity (max FRP 9.1), short-lived (1 active day(s) over 0 days) — profile matches a natural/wild fire rather than a stable industrial source."
1012,81.00233666666668,7.644839999999999,2026-09-12,2026-09-12,3,1,9.52,11.3,1.0,,,,0,Wildfire / Natural Fire,"No industrial facility within 5km, high peak intensity (max FRP 11.3), short-lived (1 active day(s) over 0 days) — profile matches a natural/wild fire rather than a stable industrial source."
1013,81.04596666666667,7.7353466666666675,2026-09-12,2026-09-12,3,1,8.116666666666667,11.19,1.0,Hemantha Rice mill,industrial_area,4275.90107997,0,Other/Unknown,"No nearby facility, moderate intensity (max FRP 11.2), short/low activity (1 active day(s) over 0 days, persistence score 1.00) — insufficient evidence to confidently classify."
1014,80.615724,7.794788,2026-09-12,2026-09-12,5,1,6.352,7.34,1.0,"Fresh & Frozen Factory Complex, Bio Foods Pvt.",industrial_works,4769.8221594,0,Other/Unknown,"No nearby facility, moderate intensity (max FRP 7.3), short/low activity (1 active day(s) over 0 days, persistence score 1.00) — insufficient evidence to confidently classify."
1018,81.082995,7.999105,2026-09-12,2026-09-12,2,1,3.53,4.58,1.0,,,,0,Other/Unknown,"No nearby facility, moderate intensity (max FRP 4.6), short/low activity (1 active day(s) over 0 days, persistence score 1.00) — insufficient evidence to confidently classify."
1019,81.05345500000001,8.090914999999999,2026-09-12,2026-09-12,2,1,7.800000000000001,8.66,1.0,,,,0,Wildfire / Natural Fire,"No industrial facility within 5km, high peak intensity (max FRP 8.7), short-lived (1 active day(s) over 0 days) — profile matches a natural/wild fire rather than a stable industrial source."
1020,81.08566,8.105364999999999,2026-09-12,2026-09-12,2,1,6.125,6.64,1.0,,,,0,Other/Unknown,"No nearby facility, moderate intensity (max FRP 6.6), short/low activity (1 active day(s) over 0 days, persistence score 1.00) — insufficient evidence to confidently classify."
1021,81.01165,8.187339999999999,2026-09-12,2026-09-12,2,1,10.114999999999998,10.28,1.0,,,,0,Wildfire / Natural Fire,"No industrial facility within 5km, high peak intensity (max FRP 10.3), short-lived (1 active day(s) over 0 days) — profile matches a natural/wild fire rather than a stable industrial source."
1022,80.750095,8.189785,2026-09-12,2026-09-12,2,1,3.27,3.27,1.0,,,,0,Other/Unknown,"No nearby facility, moderate intensity (max FRP 3.3), short/low activity (1 active day(s) over 0 days, persistence score 1.00) — insufficient evidence to confidently classify."
1023,81.08663999999999,8.20463,2026-09-12,2026-09-12,2,1,6.895,7.03,1.0,,,,0,Other/Unknown,"No nearby facility, moderate intensity (max FRP 7.0), short/low activity (1 active day(s) over 0 days, persistence score 1.00) — insufficient evidence to confidently classify."
1025,80.55343500000001,8.223595,2026-09-12,2026-09-12,2,1,4.93,6.36,1.0,,,,0,Other/Unknown,"No nearby facility, moderate intensity (max FRP 6.4), short/low activity (1 active day(s) over 0 days, persistence score 1.00) — insufficient evidence to confidently classify."
1027,80.249525,8.2886,2026-09-12,2026-09-12,2,1,5.475,5.83,1.0,,,,0,Other/Unknown,"No nearby facility, moderate intensity (max FRP 5.8), short/low activity (1 active day(s) over 0 days, persistence score 1.00) — insufficient evidence to confidently classify."
1031,80.846245,8.492175,2026-09-12,2026-09-12,2,1,4.945,5.55,1.0,,,,0,Other/Unknown,"No nearby facility, moderate intensity (max FRP 5.5), short/low activity (1 active day(s) over 0 days, persistence score 1.00) — insufficient evidence to confidently classify."
1032,80.37755666666666,8.5127,2026-09-12,2026-09-12,3,1,6.373333333333334,9.52,1.0,,,,0,Wildfire / Natural Fire,"No industrial facility within 5km, high peak intensity (max FRP 9.5), short-lived (1 active day(s) over 0 days) — profile matches a natural/wild fire rather than a stable industrial source."
1039,80.27162666666666,8.810406666666667,2026-09-12,2026-09-12,3,1,12.073333333333332,20.52,1.0,,,,0,Wildfire / Natural Fire,"No industrial facility within 5km, high peak intensity (max FRP 20.5), short-lived (1 active day(s) over 0 days) — profile matches a natural/wild fire rather than a stable industrial source."
1040,80.71541666666666,8.897256666666665,2026-09-12,2026-09-12,3,1,5.77,8.87,1.0,,,,0,Wildfire / Natural Fire,"No industrial facility within 5km, high peak intensity (max FRP 8.9), short-lived (1 active day(s) over 0 days) — profile matches a natural/wild fire rather than a stable industrial source."
1041,80.215405,8.930575000000001,2026-09-12,2026-09-12,2,1,4.29,5.78,1.0,,,,0,Other/Unknown,"No nearby facility, moderate intensity (max FRP 5.8), short/low activity (1 active day(s) over 0 days, persistence score 1.00) — insufficient evidence to confidently classify."
1042,80.81222,8.961255000000001,2026-09-12,2026-09-12,2,1,2.84,3.06,1.0,,,,0,Other/Unknown,"No nearby facility, moderate intensity (max FRP 3.1), short/low activity (1 active day(s) over 0 days, persistence score 1.00) — insufficient evidence to confidently classify."
1049,96.758025,27.92194,2026-09-12,2026-09-12,2,1,5.97,6.8,1.0,,,,0,Other/Unknown,"No nearby facility, moderate intensity (max FRP 6.8), short/low activity (1 active day(s) over 0 days, persistence score 1.00) — insufficient evidence to confidently classify."
1052,80.784272,8.944736,2026-09-03,2026-09-05,5,2,7.192,11.49,1.0,,,,2,Wildfire / Natural Fire,"No industrial facility within 5km, high peak intensity (max FRP 11.5), short-lived (2 active day(s) over 2 days) — profile matches a natural/wild fire rather than a stable industrial source."
1053,95.938945,27.988105,2026-09-03,2026-09-03,2,1,5.54,6.05,1.0,,,,0,Other/Unknown,"No nearby facility, moderate intensity (max FRP 6.0), short/low activity (1 active day(s) over 0 days, persistence score 1.00) — insufficient evidence to confidently classify."
1056,81.5557,6.82806,2026-09-03,2026-09-03,2,1,4.08,4.08,1.0,,,,0,Other/Unknown,"No nearby facility, moderate intensity (max FRP 4.1), short/low activity (1 active day(s) over 0 days, persistence score 1.00) — insufficient evidence to confidently classify."
1057,80.831245,7.22307,2026-09-03,2026-09-03,2,1,4.135,4.3,1.0,Victoria Power Station,power_plant,3787.0694717,0,Other/Unknown,"No nearby facility, moderate intensity (max FRP 4.3), short/low activity (1 active day(s) over 0 days, persistence score 1.00) — insufficient evidence to confidently classify."
1057,80.831245,7.22307,2026-09-03,2026-09-03,2,1,4.135,4.3,1.0,,pipeline,3779.46796678,0,Other/Unknown,"No nearby facility, moderate intensity (max FRP 4.3), short/low activity (1 active day(s) over 0 days, persistence score 1.00) — insufficient evidence to confidently classify."
1062,80.950455,7.556865,2026-09-03,2026-09-03,2,1,5.15,5.75,1.0,,,,0,Other/Unknown,"No nearby facility, moderate intensity (max FRP 5.8), short/low activity (1 active day(s) over 0 days, persistence score 1.00) — insufficient evidence to confidently classify."
1065,81.30144,8.054763333333334,2026-09-03,2026-09-03,3,1,6.966666666666666,7.7,1.0,,,,0,Other/Unknown,"No nearby facility, moderate intensity (max FRP 7.7), short/low activity (1 active day(s) over 0 days, persistence score 1.00) — insufficient evidence to confidently classify."
1066,80.99167,8.203645,2026-09-03,2026-09-03,2,1,5.675,6.22,1.0,,,,0,Other/Unknown,"No nearby facility, moderate intensity (max FRP 6.2), short/low activity (1 active day(s) over 0 days, persistence score 1.00) — insufficient evidence to confidently classify."
1067,80.23243500000001,8.28621,2026-09-03,2026-09-03,2,1,8.235,8.64,1.0,,,,0,Wildfire / Natural Fire,"No industrial facility within 5km, high peak intensity (max FRP 8.6), short-lived (1 active day(s) over 0 days) — profile matches a natural/wild fire rather than a stable industrial source."
1070,80.79534000000001,8.56411,2026-09-03,2026-09-03,2,1,5.245,6.69,1.0,,,,0,Other/Unknown,"No nearby facility, moderate intensity (max FRP 6.7), short/low activity (1 active day(s) over 0 days, persistence score 1.00) — insufficient evidence to confidently classify."
1072,80.48506,8.607612500000002,2026-09-03,2026-09-05,4,2,7.605,14.4,1.0,,,,2,Wildfire / Natural Fire,"No industrial facility within 5km, high peak intensity (max FRP 14.4), short-lived (2 active day(s) over 2 days) — profile matches a natural/wild fire rather than a stable industrial source."
1075,78.11451,8.99592,2026-09-03,2026-09-03,2,1,1.58,1.58,1.0,,power_plant,4678.42333975,0,Other/Unknown,"No nearby facility, moderate intensity (max FRP 1.6), short/low activity (1 active day(s) over 0 days, persistence score 1.00) — insufficient evidence to confidently classify."
1077,79.52625,11.507985,2026-09-03,2026-09-03,2,1,3.52,4.34,1.0,,industrial_area,4716.06652873,0,Other/Unknown,"No nearby facility, moderate intensity (max FRP 4.3), short/low activity (1 active day(s) over 0 days, persistence score 1.00) — insufficient evidence to confidently classify."
1077,79.52625,11.507985,2026-09-03,2026-09-03,2,1,3.52,4.34,1.0,,pipeline,4381.35503393,0,Other/Unknown,"No nearby facility, moderate intensity (max FRP 4.3), short/low activity (1 active day(s) over 0 days, persistence score 1.00) — insufficient evidence to confidently classify."
1078,74.349485,18.518825,2026-09-03,2026-09-03,2,1,4.86,4.86,1.0,,,,0,Other/Unknown,"No nearby facility, moderate intensity (max FRP 4.9), short/low activity (1 active day(s) over 0 days, persistence score 1.00) — insufficient evidence to confidently classify."
1097,81.618245,6.812435,2026-09-03,2026-09-03,2,1,2.04,2.04,1.0,,,,0,Other/Unknown,"No nearby facility, moderate intensity (max FRP 2.0), short/low activity (1 active day(s) over 0 days, persistence score 1.00) — insufficient evidence to confidently classify."
1100,80.834055,7.385680000000001,2026-09-03,2026-09-03,2,1,1.44,1.68,1.0,,,,0,Other/Unknown,"No nearby facility, moderate intensity (max FRP 1.7), short/low activity (1 active day(s) over 0 days, persistence score 1.00) — insufficient evidence to confidently classify."
1106,77.61617000000001,15.00697,2026-09-01,2026-09-03,2,2,0.92,0.98,1.0,,,,2,Other/Unknown,"No nearby facility, moderate intensity (max FRP 1.0), short/low activity (2 active day(s) over 2 days, persistence score 1.00) — insufficient evidence to confidently classify."
1109,76.37895499999999,15.19877,2026-09-03,2026-09-03,2,1,1.31,1.48,1.0,Bharat Mines & Minerals Ispat Limited,industrial_area,3443.92531032,0,Industrial Fire,Close to Danapuram (198m away) but only active 1 day(s) over a 0-day window (2 detections) — reads as a transient burn event at/near a facility rather than an ongoing source.
1109,76.37895499999999,15.19877,2026-09-03,2026-09-03,2,1,1.31,1.48,1.0,Danapuram,industrial_area,197.77190365,0,Industrial Fire,Close to Danapuram (198m away) but only active 1 day(s) over a 0-day window (2 detections) — reads as a transient burn event at/near a facility rather than an ongoing source.
1109,76.37895499999999,15.19877,2026-09-03,2026-09-03,2,1,1.31,1.48,1.0,Danapuram BMM Captive Power Plant 1,power_plant,3036.34352555,0,Industrial Fire,Close to Danapuram (198m away) but only active 1 day(s) over a 0-day window (2 detections) — reads as a transient burn event at/near a facility rather than an ongoing source.
1109,76.37895499999999,15.19877,2026-09-03,2026-09-03,2,1,1.31,1.48,1.0,Danapuram BMM Captive Power Plant 2,power_plant,2815.54337956,0,Industrial Fire,Close to Danapuram (198m away) but only active 1 day(s) over a 0-day window (2 detections) — reads as a transient burn event at/near a facility rather than an ongoing source.
1110,78.91355,16.186705,2026-09-03,2026-09-03,2,1,4.785,6.01,1.0,,,,0,Other/Unknown,"No nearby facility, moderate intensity (max FRP 6.0), short/low activity (1 active day(s) over 0 days, persistence score 1.00) — insufficient evidence to confidently classify."
1113,96.952505,28.571445,2026-09-04,2026-09-04,2,1,2.085,3.32,1.0,,,,0,Other/Unknown,"No nearby facility, moderate intensity (max FRP 3.3), short/low activity (1 active day(s) over 0 days, persistence score 1.00) — insufficient evidence to confidently classify."
1114,91.862145,29.246395,2026-09-04,2026-09-04,2,1,2.8,3.18,1.0,,industrial_area,3284.89391102,0,Other/Unknown,3285m from an unnamed industrial_area — plausibly related but not close enough to confidently attribute; distance alone is insufficient per project methodology. Needs Sentinel-2 land-cover context to resolve.
1114,91.862145,29.246395,2026-09-04,2026-09-04,2,1,2.8,3.18,1.0,,power_plant,4589.67576985,0,Other/Unknown,3285m from an unnamed industrial_area — plausibly related but not close enough to confidently attribute; distance alone is insufficient per project methodology. Needs Sentinel-2 land-cover context to resolve.
1115,95.237126,36.3563,2026-09-04,2026-09-04,5,1,6.782000000000001,8.54,1.0,青海格尔木鲁能新能源有限公司熔盐塔式光热发电项目,power_plant,4954.79887627,0,Industrial Fire,Close to an unnamed power_plant (153m away) but only active 1 day(s) over a 0-day window (5 detections) — reads as a transient burn event at/near a facility rather than an ongoing source.
1115,95.237126,36.3563,2026-09-04,2026-09-04,5,1,6.782000000000001,8.54,1.0,,power_plant,152.61077215,0,Industrial Fire,Close to an unnamed power_plant (153m away) but only active 1 day(s) over a 0-day window (5 detections) — reads as a transient burn event at/near a facility rather than an ongoing source.
1116,80.764155,6.523845,2026-09-04,2026-09-06,2,2,4.045,4.39,1.0,,,,2,Other/Unknown,"No nearby facility, moderate intensity (max FRP 4.4), short/low activity (2 active day(s) over 2 days, persistence score 1.00) — insufficient evidence to confidently classify."
1121,81.28559249999999,7.3904525,2026-09-04,2026-09-04,4,1,4.6025,5.67,1.0,,,,0,Other/Unknown,"No nearby facility, moderate intensity (max FRP 5.7), short/low activity (1 active day(s) over 0 days, persistence score 1.00) — insufficient evidence to confidently classify."
1124,79.9187,7.81126,2026-09-04,2026-09-04,3,1,3.9333333333333336,6.83,1.0,,industrial_area,3456.58535899,0,Other/Unknown,3457m from an unnamed industrial_area — plausibly related but not close enough to confidently attribute; distance alone is insufficient per project methodology. Needs Sentinel-2 land-cover context to resolve.
1126,80.127388,7.947010000000001,2026-09-04,2026-09-06,5,2,6.722,8.13,1.0,,,,2,Wildfire / Natural Fire,"No industrial facility within 5km, high peak intensity (max FRP 8.1), short-lived (2 active day(s) over 2 days) — profile matches a natural/wild fire rather than a stable industrial source."
1127,80.04899499999999,7.946065,2026-09-04,2026-09-04,2,1,3.185,4.21,1.0,,,,0,Other/Unknown,"No nearby facility, moderate intensity (max FRP 4.2), short/low activity (1 active day(s) over 0 days, persistence score 1.00) — insufficient evidence to confidently classify."
1134,80.64318,8.239216666666666,2026-09-04,2026-09-04,3,1,5.333333333333333,7.04,1.0,,,,0,Other/Unknown,"No nearby facility, moderate intensity (max FRP 7.0), short/low activity (1 active day(s) over 0 days, persistence score 1.00) — insufficient evidence to confidently classify."
1135,80.78153499999999,8.25272,2026-09-04,2026-09-04,2,1,5.74,6.36,1.0,,,,0,Other/Unknown,"No nearby facility, moderate intensity (max FRP 6.4), short/low activity (1 active day(s) over 0 days, persistence score 1.00) — insufficient evidence to confidently classify."
1136,80.74413999999999,8.353108000000002,2026-09-04,2026-09-04,5,1,11.088,19.72,1.0,,,,0,Wildfire / Natural Fire,"No industrial facility within 5km, high peak intensity (max FRP 19.7), short-lived (1 active day(s) over 0 days) — profile matches a natural/wild fire rather than a stable industrial source."
1139,80.5077125,8.4310775,2026-09-04,2026-09-04,4,1,10.2175,22.75,1.0,industrial ground area,industrial_area,1152.30210926,0,Industrial Fire,Close to industrial ground area (1152m away) but only active 1 day(s) over a 0-day window (4 detections) — reads as a transient burn event at/near a facility rather than an ongoing source.
1139,80.5077125,8.4310775,2026-09-04,2026-09-04,4,1,10.2175,22.75,1.0,open areas,industrial_area,1401.87407417,0,Industrial Fire,Close to industrial ground area (1152m away) but only active 1 day(s) over a 0-day window (4 detections) — reads as a transient burn event at/near a facility rather than an ongoing source.
1144,80.37286,8.625255,2026-09-04,2026-09-04,2,1,3.58,4.39,1.0,,,,0,Other/Unknown,"No nearby facility, moderate intensity (max FRP 4.4), short/low activity (1 active day(s) over 0 days, persistence score 1.00) — insufficient evidence to confidently classify."
1148,80.33568,8.78971,2026-09-04,2026-09-04,2,1,4.95,4.95,1.0,,,,0,Other/Unknown,"No nearby facility, moderate intensity (max FRP 5.0), short/low activity (1 active day(s) over 0 days, persistence score 1.00) — insufficient evidence to confidently classify."
1149,80.591665,8.795390000000001,2026-09-04,2026-09-06,2,2,6.484999999999999,7.92,1.0,,,,2,Other/Unknown,"No nearby facility, moderate intensity (max FRP 7.9), short/low activity (2 active day(s) over 2 days, persistence score 1.00) — insufficient evidence to confidently classify."
1152,80.59275333333333,8.975936666666668,2026-09-04,2026-09-04,3,1,9.833333333333334,12.24,1.0,,,,0,Wildfire / Natural Fire,"No industrial facility within 5km, high peak intensity (max FRP 12.2), short-lived (1 active day(s) over 0 days) — profile matches a natural/wild fire rather than a stable industrial source."
1153,78.22532,9.177815,2026-09-04,2026-09-04,2,1,10.26,10.26,1.0,,,,0,Wildfire / Natural Fire,"No industrial facility within 5km, high peak intensity (max FRP 10.3), short-lived (1 active day(s) over 0 days) — profile matches a natural/wild fire rather than a stable industrial source."
1154,80.58408499999999,9.414185,2026-09-04,2026-09-04,2,1,3.055,3.4,1.0,,industrial_area,3005.48881735,0,Other/Unknown,3005m from an unnamed industrial_area — plausibly related but not close enough to confidently attribute; distance alone is insufficient per project methodology. Needs Sentinel-2 land-cover context to resolve.
1157,79.1063,9.957705,2026-09-04,2026-09-04,2,1,2.515,2.64,1.0,,,,0,Other/Unknown,"No nearby facility, moderate intensity (max FRP 2.6), short/low activity (1 active day(s) over 0 days, persistence score 1.00) — insufficient evidence to confidently classify."
1158,78.319565,13.934165,2026-09-04,2026-09-04,2,1,5.705,5.9,1.0,,,,0,Other/Unknown,"No nearby facility, moderate intensity (max FRP 5.9), short/low activity (1 active day(s) over 0 days, persistence score 1.00) — insufficient evidence to confidently classify."
1159,69.015435,29.335035,2026-09-04,2026-09-04,2,1,4.675,5.51,1.0,,,,0,Other/Unknown,"No nearby facility, moderate intensity (max FRP 5.5), short/low activity (1 active day(s) over 0 days, persistence score 1.00) — insufficient evidence to confidently classify."
1167,82.079455,21.675365,2026-09-04,2026-09-04,2,1,1.255,1.32,1.0,,industrial_area,596.95025632,0,Industrial Fire,Close to an unnamed industrial_area (597m away) but only active 1 day(s) over a 0-day window (2 detections) — reads as a transient burn event at/near a facility rather than an ongoing source.
1173,82.5642075,24.1601375,2026-09-04,2026-09-06,4,2,1.6974999999999998,3.44,1.0,,,,2,Other/Unknown,"No nearby facility, moderate intensity (max FRP 3.4), short/low activity (2 active day(s) over 2 days, persistence score 1.00) — insufficient evidence to confidently classify."
1176,85.011885,20.9560025,2026-09-04,2026-09-07,4,3,1.87,3.02,1.0,Angul Monnet Power Company Limited,industrial_area,4132.88620555,3,Other/Unknown,"No nearby facility, moderate intensity (max FRP 3.0), short/low activity (3 active day(s) over 3 days, persistence score 1.00) — insufficient evidence to confidently classify."
1178,81.79369333333334,21.621166666666664,2026-09-04,2026-09-07,3,3,1.38,1.91,1.0,,,,3,Other/Unknown,"No nearby facility, moderate intensity (max FRP 1.9), short/low activity (3 active day(s) over 3 days, persistence score 1.00) — insufficient evidence to confidently classify."
1179,83.49568333333333,21.875226666666663,2026-09-04,2026-09-07,3,3,1.5166666666666666,2.58,1.0,,,,3,Other/Unknown,"No nearby facility, moderate intensity (max FRP 2.6), short/low activity (3 active day(s) over 3 days, persistence score 1.00) — insufficient evidence to confidently classify."
1184,77.48731000000001,9.94365,2026-09-04,2026-09-04,2,1,0.5349999999999999,0.6,1.0,,industrial_area,4416.6048605,0,Other/Unknown,"No nearby facility, moderate intensity (max FRP 0.6), short/low activity (1 active day(s) over 0 days, persistence score 1.00) — insufficient evidence to confidently classify."
1187,77.62244000000001,11.48023,2026-09-04,2026-09-04,2,1,0.6799999999999999,0.77,1.0,,,,0,Other/Unknown,"No nearby facility, moderate intensity (max FRP 0.8), short/low activity (1 active day(s) over 0 days, persistence score 1.00) — insufficient evidence to confidently classify."
1192,75.64325500000001,17.052819999999997,2026-09-04,2026-09-04,2,1,0.6499999999999999,0.7,1.0,,,,0,Other/Unknown,"No nearby facility, moderate intensity (max FRP 0.7), short/low activity (1 active day(s) over 0 days, persistence score 1.00) — insufficient evidence to confidently classify."
1193,80.77034499999999,6.55297,2026-09-04,2026-09-04,2,1,0.875,1.0,1.0,,,,0,Other/Unknown,"No nearby facility, moderate intensity (max FRP 1.0), short/low activity (1 active day(s) over 0 days, persistence score 1.00) — insufficient evidence to confidently classify."
1194,96.956635,27.957880000000003,2026-09-05,2026-09-05,2,1,5.26,5.26,1.0,,,,0,Other/Unknown,"No nearby facility, moderate intensity (max FRP 5.3), short/low activity (1 active day(s) over 0 days, persistence score 1.00) — insufficient evidence to confidently classify."
1197,81.07489,6.406695,2026-09-05,2026-09-05,2,1,5.81,5.81,1.0,,,,0,Other/Unknown,"No nearby facility, moderate intensity (max FRP 5.8), short/low activity (1 active day(s) over 0 days, persistence score 1.00) — insufficient evidence to confidently classify."
1203,79.91254,7.010625,2026-09-05,2026-09-05,2,1,11.03,11.03,1.0,Aitken Spence Power Station,power_plant,4658.86990235,0,Industrial Fire,Close to Drano's big old barn (1140m away) but only active 1 day(s) over a 0-day window (2 detections) — reads as a transient burn event at/near a facility rather than an ongoing source.
1203,79.91254,7.010625,2026-09-05,2026-09-05,2,1,11.03,11.03,1.0,Country Foods and Beverages,industrial_works,3013.12273004,0,Industrial Fire,Close to Drano's big old barn (1140m away) but only active 1 day(s) over a 0-day window (2 detections) — reads as a transient burn event at/near a facility rather than an ongoing source.
1203,79.91254,7.010625,2026-09-05,2026-09-05,2,1,11.03,11.03,1.0,Drano's big old barn,industrial_area,1140.10929786,0,Industrial Fire,Close to Drano's big old barn (1140m away) but only active 1 day(s) over a 0-day window (2 detections) — reads as a transient burn event at/near a facility rather than an ongoing source.
1203,79.91254,7.010625,2026-09-05,2026-09-05,2,1,11.03,11.03,1.0,Kerawalapitiya Power plant,power_plant,4237.85469934,0,Industrial Fire,Close to Drano's big old barn (1140m away) but only active 1 day(s) over a 0-day window (2 detections) — reads as a transient burn event at/near a facility rather than an ongoing source.
1203,79.91254,7.010625,2026-09-05,2026-09-05,2,1,11.03,11.03,1.0,Nawaloka Factory,industrial_area,1783.27467839,0,Industrial Fire,Close to Drano's big old barn (1140m away) but only active 1 day(s) over a 0-day window (2 detections) — reads as a transient burn event at/near a facility rather than an ongoing source.
1203,79.91254,7.010625,2026-09-05,2026-09-05,2,1,11.03,11.03,1.0,Stallion Knitting (Pvt) Ltd,industrial_works,2397.81876793,0,Industrial Fire,Close to Drano's big old barn (1140m away) but only active 1 day(s) over a 0-day window (2 detections) — reads as a transient burn event at/near a facility rather than an ongoing source.
1203,79.91254,7.010625,2026-09-05,2026-09-05,2,1,11.03,11.03,1.0,,industrial_area,2558.81038051,0,Industrial Fire,Close to Drano's big old barn (1140m away) but only active 1 day(s) over a 0-day window (2 detections) — reads as a transient burn event at/near a facility rather than an ongoing source.
1203,79.91254,7.010625,2026-09-05,2026-09-05,2,1,11.03,11.03,1.0,,industrial_works,3703.125181,0,Industrial Fire,Close to Drano's big old barn (1140m away) but only active 1 day(s) over a 0-day window (2 detections) — reads as a transient burn event at/near a facility rather than an ongoing source.
1203,79.91254,7.010625,2026-09-05,2026-09-05,2,1,11.03,11.03,1.0,,power_plant,3996.56218958,0,Industrial Fire,Close to Drano's big old barn (1140m away) but only active 1 day(s) over a 0-day window (2 detections) — reads as a transient burn event at/near a facility rather than an ongoing source.
1205,80.99545,7.19752,2026-09-05,2026-09-05,3,1,6.396666666666666,6.99,1.0,,,,0,Other/Unknown,"No nearby facility, moderate intensity (max FRP 7.0), short/low activity (1 active day(s) over 0 days, persistence score 1.00) — insufficient evidence to confidently classify."
1212,81.048575,7.60623,2026-09-05,2026-09-05,2,1,3.835,4.32,1.0,,,,0,Other/Unknown,"No nearby facility, moderate intensity (max FRP 4.3), short/low activity (1 active day(s) over 0 days, persistence score 1.00) — insufficient evidence to confidently classify."
1213,80.82298,7.6474,2026-09-05,2026-09-05,2,1,2.585,2.95,1.0,,,,0,Other/Unknown,"No nearby facility, moderate intensity (max FRP 3.0), short/low activity (1 active day(s) over 0 days, persistence score 1.00) — insufficient evidence to confidently classify."
1214,80.99526499999999,7.68717,2026-09-05,2026-09-05,2,1,6.855,6.88,1.0,,,,0,Other/Unknown,"No nearby facility, moderate intensity (max FRP 6.9), short/low activity (1 active day(s) over 0 days, persistence score 1.00) — insufficient evidence to confidently classify."
1217,81.19975666666666,7.756423333333333,2026-09-05,2026-09-05,3,1,4.273333333333333,5.36,1.0,,,,0,Other/Unknown,"No nearby facility, moderate intensity (max FRP 5.4), short/low activity (1 active day(s) over 0 days, persistence score 1.00) — insufficient evidence to confidently classify."
1218,81.22885500000001,7.768879999999999,2026-09-05,2026-09-05,2,1,12.3,14.43,1.0,,,,0,Wildfire / Natural Fire,"No industrial facility within 5km, high peak intensity (max FRP 14.4), short-lived (1 active day(s) over 0 days) — profile matches a natural/wild fire rather than a stable industrial source."
1221,79.847125,7.829225,2026-09-05,2026-09-05,2,1,2.42,2.42,1.0,,industrial_area,4749.21019281,0,Other/Unknown,"No nearby facility, moderate intensity (max FRP 2.4), short/low activity (1 active day(s) over 0 days, persistence score 1.00) — insufficient evidence to confidently classify."
1226,81.423165,7.889945,2026-09-05,2026-09-05,2,1,9.43,10.85,1.0,,,,0,Wildfire / Natural Fire,"No industrial facility within 5km, high peak intensity (max FRP 10.8), short-lived (1 active day(s) over 0 days) — profile matches a natural/wild fire rather than a stable industrial source."
1227,80.657295,7.893245,2026-09-05,2026-09-05,2,1,3.63,3.76,1.0,Dambulla CTB Depot,industrial_area,3305.71124566,0,Other/Unknown,3306m from Dambulla CTB Depot — plausibly related but not close enough to confidently attribute; distance alone is insufficient per project methodology. Needs Sentinel-2 land-cover context to resolve.
1228,80.619425,7.913410000000001,2026-09-05,2026-09-05,2,1,6.654999999999999,7.52,1.0,,,,0,Other/Unknown,"No nearby facility, moderate intensity (max FRP 7.5), short/low activity (1 active day(s) over 0 days, persistence score 1.00) — insufficient evidence to confidently classify."
1230,81.345235,7.96112,2026-09-05,2026-09-05,2,1,13.845,15.93,1.0,,,,0,Wildfire / Natural Fire,"No industrial facility within 5km, high peak intensity (max FRP 15.9), short-lived (1 active day(s) over 0 days) — profile matches a natural/wild fire rather than a stable industrial source."
1231,81.23554999999999,7.975485,2026-09-05,2026-09-05,2,1,3.945,4.69,1.0,,power_plant,115.00844353,0,Industrial Fire,Close to an unnamed power_plant (115m away) but only active 1 day(s) over a 0-day window (2 detections) — reads as a transient burn event at/near a facility rather than an ongoing source.
1234,81.169025,8.026869999999999,2026-09-05,2026-09-05,2,1,7.9,7.9,1.0,,,,0,Other/Unknown,"No nearby facility, moderate intensity (max FRP 7.9), short/low activity (1 active day(s) over 0 days, persistence score 1.00) — insufficient evidence to confidently classify."
1235,80.25004,8.053625,2026-09-05,2026-09-05,2,1,4.69,5.49,1.0,,industrial_area,3573.62883427,0,Other/Unknown,"No nearby facility, moderate intensity (max FRP 5.5), short/low activity (1 active day(s) over 0 days, persistence score 1.00) — insufficient evidence to confidently classify."
1236,80.64268666666668,8.06249,2026-09-05,2026-09-07,3,2,6.210000000000001,9.1,1.0,,,,2,Wildfire / Natural Fire,"No industrial facility within 5km, high peak intensity (max FRP 9.1), short-lived (2 active day(s) over 2 days) — profile matches a natural/wild fire rather than a stable industrial source."
1237,81.366765,8.08763,2026-09-05,2026-09-05,2,1,5.715,5.79,1.0,,,,0,Other/Unknown,"No nearby facility, moderate intensity (max FRP 5.8), short/low activity (1 active day(s) over 0 days, persistence score 1.00) — insufficient evidence to confidently classify."
1240,80.68265500000001,8.16149,2026-09-05,2026-09-05,2,1,6.09,6.66,1.0,,,,0,Other/Unknown,"No nearby facility, moderate intensity (max FRP 6.7), short/low activity (1 active day(s) over 0 days, persistence score 1.00) — insufficient evidence to confidently classify."
1242,80.97792,8.222845,2026-09-05,2026-09-07,2,2,3.515,5.01,1.0,,,,2,Other/Unknown,"No nearby facility, moderate intensity (max FRP 5.0), short/low activity (2 active day(s) over 2 days, persistence score 1.00) — insufficient evidence to confidently classify."
1248,80.38348333333333,8.429263333333333,2026-09-05,2026-09-07,3,2,2.2100000000000004,2.61,1.0,,,,2,Other/Unknown,"No nearby facility, moderate intensity (max FRP 2.6), short/low activity (2 active day(s) over 2 days, persistence score 1.00) — insufficient evidence to confidently classify."
1249,80.46342,8.427240000000001,2026-09-05,2026-09-05,2,1,7.39,7.39,1.0,industrial ground area,industrial_area,4741.17635718,0,Other/Unknown,"No nearby facility, moderate intensity (max FRP 7.4), short/low activity (1 active day(s) over 0 days, persistence score 1.00) — insufficient evidence to confidently classify."
1251,81.096765,8.44299,2026-09-05,2026-09-05,2,1,5.675,7.92,1.0,,,,0,Other/Unknown,"No nearby facility, moderate intensity (max FRP 7.9), short/low activity (1 active day(s) over 0 days, persistence score 1.00) — insufficient evidence to confidently classify."
1252,80.74304000000001,8.494959999999999,2026-09-05,2026-09-05,2,1,10.47,12.18,1.0,,,,0,Wildfire / Natural Fire,"No industrial facility within 5km, high peak intensity (max FRP 12.2), short-lived (1 active day(s) over 0 days) — profile matches a natural/wild fire rather than a stable industrial source."
1255,80.72596999999999,8.55529,2026-09-05,2026-09-05,2,1,4.945,5.26,1.0,,,,0,Other/Unknown,"No nearby facility, moderate intensity (max FRP 5.3), short/low activity (1 active day(s) over 0 days, persistence score 1.00) — insufficient evidence to confidently classify."
1260,80.97524999999999,8.607869999999998,2026-09-05,2026-09-05,2,1,4.355,5.7,1.0,,,,0,Other/Unknown,"No nearby facility, moderate intensity (max FRP 5.7), short/low activity (1 active day(s) over 0 days, persistence score 1.00) — insufficient evidence to confidently classify."
1261,80.87431000000001,8.652059999999999,2026-09-05,2026-09-05,2,1,4.64,4.64,1.0,,,,0,Other/Unknown,"No nearby facility, moderate intensity (max FRP 4.6), short/low activity (1 active day(s) over 0 days, persistence score 1.00) — insufficient evidence to confidently classify."
1268,81.00016333333333,8.809563333333333,2026-09-05,2026-09-05,3,1,9.27,9.27,1.0,,,,0,Wildfire / Natural Fire,"No industrial facility within 5km, high peak intensity (max FRP 9.3), short-lived (1 active day(s) over 0 days) — profile matches a natural/wild fire rather than a stable industrial source."
1271,80.87992000000001,8.91525,2026-09-05,2026-09-05,3,1,11.42,19.97,1.0,,,,0,Wildfire / Natural Fire,"No industrial facility within 5km, high peak intensity (max FRP 20.0), short-lived (1 active day(s) over 0 days) — profile matches a natural/wild fire rather than a stable industrial source."
1273,80.89098666666666,8.943096666666667,2026-09-05,2026-09-07,3,2,6.6433333333333335,10.05,1.0,,,,2,Wildfire / Natural Fire,"No industrial facility within 5km, high peak intensity (max FRP 10.1), short-lived (2 active day(s) over 2 days) — profile matches a natural/wild fire rather than a stable industrial source."
1281,80.45946333333335,9.417203333333331,2026-09-05,2026-09-05,3,1,1.3166666666666669,1.47,1.0,,,,0,Other/Unknown,"No nearby facility, moderate intensity (max FRP 1.5), short/low activity (1 active day(s) over 0 days, persistence score 1.00) — insufficient evidence to confidently classify."
1283,79.18485,10.83038,2026-09-05,2026-09-05,2,1,2.98,2.98,1.0,,,,0,Other/Unknown,"No nearby facility, moderate intensity (max FRP 3.0), short/low activity (1 active day(s) over 0 days, persistence score 1.00) — insufficient evidence to confidently classify."
1285,78.802985,11.96074,2026-09-05,2026-09-05,2,1,5.664999999999999,7.02,1.0,,,,0,Other/Unknown,"No nearby facility, moderate intensity (max FRP 7.0), short/low activity (1 active day(s) over 0 days, persistence score 1.00) — insufficient evidence to confidently classify."
1287,79.94436999999999,12.85835,2026-09-05,2026-09-05,2,1,3.625,4.58,1.0,Apollo Tyres,industrial_works,218.53220907,0,Industrial Fire,Close to an unnamed industrial_area (92m away) but only active 1 day(s) over a 0-day window (2 detections) — reads as a transient burn event at/near a facility rather than an ongoing source.
1287,79.94436999999999,12.85835,2026-09-05,2026-09-05,2,1,3.625,4.58,1.0,BYD,industrial_area,2190.70568117,0,Industrial Fire,Close to an unnamed industrial_area (92m away) but only active 1 day(s) over a 0-day window (2 detections) — reads as a transient burn event at/near a facility rather than an ongoing source.
1287,79.94436999999999,12.85835,2026-09-05,2026-09-05,2,1,3.625,4.58,1.0,Daimler India Commercial Vehicles,industrial_area,2315.5738101,0,Industrial Fire,Close to an unnamed industrial_area (92m away) but only active 1 day(s) over a 0-day window (2 detections) — reads as a transient burn event at/near a facility rather than an ongoing source.
1287,79.94436999999999,12.85835,2026-09-05,2026-09-05,2,1,3.625,4.58,1.0,Doowon Automotive,industrial_works,773.52835612,0,Industrial Fire,Close to an unnamed industrial_area (92m away) but only active 1 day(s) over a 0-day window (2 detections) — reads as a transient burn event at/near a facility rather than an ongoing source.
1287,79.94436999999999,12.85835,2026-09-05,2026-09-05,2,1,3.625,4.58,1.0,Jayneks Thermoshield,industrial_works,3145.81649092,0,Industrial Fire,Close to an unnamed industrial_area (92m away) but only active 1 day(s) over a 0-day window (2 detections) — reads as a transient burn event at/near a facility rather than an ongoing source.
1287,79.94436999999999,12.85835,2026-09-05,2026-09-05,2,1,3.625,4.58,1.0,Kubs Locks,industrial_area,1107.06074501,0,Industrial Fire,Close to an unnamed industrial_area (92m away) but only active 1 day(s) over a 0-day window (2 detections) — reads as a transient burn event at/near a facility rather than an ongoing source.
1287,79.94436999999999,12.85835,2026-09-05,2026-09-05,2,1,3.625,4.58,1.0,Nokia,industrial_works,2311.55887672,0,Industrial Fire,Close to an unnamed industrial_area (92m away) but only active 1 day(s) over a 0-day window (2 detections) — reads as a transient burn event at/near a facility rather than an ongoing source.
1287,79.94436999999999,12.85835,2026-09-05,2026-09-05,2,1,3.625,4.58,1.0,Oragadam Industrial Park,industrial_area,1357.9221797,0,Industrial Fire,Close to an unnamed industrial_area (92m away) but only active 1 day(s) over a 0-day window (2 detections) — reads as a transient burn event at/near a facility rather than an ongoing source.
1287,79.94436999999999,12.85835,2026-09-05,2026-09-05,2,1,3.625,4.58,1.0,Renault Nissan,industrial_area,2498.96629748,0,Industrial Fire,Close to an unnamed industrial_area (92m away) but only active 1 day(s) over a 0-day window (2 detections) — reads as a transient burn event at/near a facility rather than an ongoing source.
1287,79.94436999999999,12.85835,2026-09-05,2026-09-05,2,1,3.625,4.58,1.0,Royal Enfield Oragadam,industrial_area,1479.69394308,0,Industrial Fire,Close to an unnamed industrial_area (92m away) but only active 1 day(s) over a 0-day window (2 detections) — reads as a transient burn event at/near a facility rather than an ongoing source.
1287,79.94436999999999,12.85835,2026-09-05,2026-09-05,2,1,3.625,4.58,1.0,SIPCOT Industrial Growth Centre,industrial_area,2540.1383258,0,Industrial Fire,Close to an unnamed industrial_area (92m away) but only active 1 day(s) over a 0-day window (2 detections) — reads as a transient burn event at/near a facility rather than an ongoing source.
1287,79.94436999999999,12.85835,2026-09-05,2026-09-05,2,1,3.625,4.58,1.0,TVT,industrial_area,977.50512615,0,Industrial Fire,Close to an unnamed industrial_area (92m away) but only active 1 day(s) over a 0-day window (2 detections) — reads as a transient burn event at/near a facility rather than an ongoing source.
1287,79.94436999999999,12.85835,2026-09-05,2026-09-05,2,1,3.625,4.58,1.0,,industrial_area,91.94510028,0,Industrial Fire,Close to an unnamed industrial_area (92m away) but only active 1 day(s) over a 0-day window (2 detections) — reads as a transient burn event at/near a facility rather than an ongoing source.
1287,79.94436999999999,12.85835,2026-09-05,2026-09-05,2,1,3.625,4.58,1.0,,industrial_works,711.37346623,0,Industrial Fire,Close to an unnamed industrial_area (92m away) but only active 1 day(s) over a 0-day window (2 detections) — reads as a transient burn event at/near a facility rather than an ongoing source.
1287,79.94436999999999,12.85835,2026-09-05,2026-09-05,2,1,3.625,4.58,1.0,,power_plant,1820.49108077,0,Industrial Fire,Close to an unnamed industrial_area (92m away) but only active 1 day(s) over a 0-day window (2 detections) — reads as a transient burn event at/near a facility rather than an ongoing source.
1288,80.06627499999999,13.296025,2026-09-05,2026-09-05,2,1,3.305,4.15,1.0,,industrial_area,591.6069107,0,Industrial Fire,Close to an unnamed industrial_area (592m away) but only active 1 day(s) over a 0-day window (2 detections) — reads as a transient burn event at/near a facility rather than an ongoing source.
1289,79.93748666666666,14.57318,2026-09-05,2026-09-05,3,1,8.706666666666665,12.86,1.0,,industrial_area,3767.64533193,0,Other/Unknown,"No nearby facility, moderate intensity (max FRP 12.9), short/low activity (1 active day(s) over 0 days, persistence score 1.00) — insufficient evidence to confidently classify."
1290,79.73826,14.68866,2026-09-05,2026-09-05,2,1,6.04,6.04,1.0,,,,0,Other/Unknown,"No nearby facility, moderate intensity (max FRP 6.0), short/low activity (1 active day(s) over 0 days, persistence score 1.00) — insufficient evidence to confidently classify."
1291,79.233065,14.89294,2026-09-05,2026-09-07,2,2,8.725,9.19,1.0,,,,2,Wildfire / Natural Fire,"No industrial facility within 5km, high peak intensity (max FRP 9.2), short-lived (2 active day(s) over 2 days) — profile matches a natural/wild fire rather than a stable industrial source."
1293,76.31626,15.186325,2026-09-05,2026-09-05,2,1,3.2,5.01,1.0,,,,0,Other/Unknown,"No nearby facility, moderate intensity (max FRP 5.0), short/low activity (1 active day(s) over 0 days, persistence score 1.00) — insufficient evidence to confidently classify."
1294,73.72694333333334,31.211226666666665,2026-09-05,2026-09-05,3,1,6.073333333333333,8.31,1.0,,,,0,Wildfire / Natural Fire,"No industrial facility within 5km, high peak intensity (max FRP 8.3), short-lived (1 active day(s) over 0 days) — profile matches a natural/wild fire rather than a stable industrial source."
1295,72.01011,34.09437,2026-09-05,2026-09-05,2,1,3.05,3.05,1.0,,,,0,Other/Unknown,"No nearby facility, moderate intensity (max FRP 3.0), short/low activity (1 active day(s) over 0 days, persistence score 1.00) — insufficient evidence to confidently classify."
1296,94.78085000000002,15.12603,2026-09-05,2026-09-05,4,1,2.235,2.34,1.0,,,,0,Other/Unknown,"No nearby facility, moderate intensity (max FRP 2.3), short/low activity (1 active day(s) over 0 days, persistence score 1.00) — insufficient evidence to confidently classify."
1310,77.59227,14.150505,2026-09-05,2026-09-05,2,1,1.59,2.02,1.0,KIA,industrial_works,3339.64863324,0,Other/Unknown,2170m from an unnamed industrial_area — plausibly related but not close enough to confidently attribute; distance alone is insufficient per project methodology. Needs Sentinel-2 land-cover context to resolve.
1310,77.59227,14.150505,2026-09-05,2026-09-05,2,1,1.59,2.02,1.0,Seoyon E-Hwa Summit Automotive India Pvt Ltd,industrial_works,2928.20027911,0,Other/Unknown,2170m from an unnamed industrial_area — plausibly related but not close enough to confidently attribute; distance alone is insufficient per project methodology. Needs Sentinel-2 land-cover context to resolve.
1310,77.59227,14.150505,2026-09-05,2026-09-05,2,1,1.59,2.02,1.0,,industrial_area,2170.4332783,0,Other/Unknown,2170m from an unnamed industrial_area — plausibly related but not close enough to confidently attribute; distance alone is insufficient per project methodology. Needs Sentinel-2 land-cover context to resolve.
1312,95.18368,27.85945,2026-09-06,2026-09-06,2,1,1.875,2.18,1.0,,,,0,Other/Unknown,"No nearby facility, moderate intensity (max FRP 2.2), short/low activity (1 active day(s) over 0 days, persistence score 1.00) — insufficient evidence to confidently classify."
1313,96.9237975,27.8759775,2026-09-06,2026-09-06,4,1,9.79,13.81,1.0,,,,0,Wildfire / Natural Fire,"No industrial facility within 5km, high peak intensity (max FRP 13.8), short-lived (1 active day(s) over 0 days) — profile matches a natural/wild fire rather than a stable industrial source."
1316,80.911685,6.51939,2026-09-06,2026-09-06,2,1,5.390000000000001,5.9,1.0,,,,0,Other/Unknown,"No nearby facility, moderate intensity (max FRP 5.9), short/low activity (1 active day(s) over 0 days, persistence score 1.00) — insufficient evidence to confidently classify."
1317,80.782895,6.61256,2026-09-06,2026-09-06,2,1,3.425,4.7,1.0,Samanalaweva Hydroelectrical plant,power_plant,4211.66270622,0,Other/Unknown,1673m from an unnamed pipeline — plausibly related but not close enough to confidently attribute; distance alone is insufficient per project methodology. Needs Sentinel-2 land-cover context to resolve.
1317,80.782895,6.61256,2026-09-06,2026-09-06,2,1,3.425,4.7,1.0,,pipeline,1673.06214636,0,Other/Unknown,1673m from an unnamed pipeline — plausibly related but not close enough to confidently attribute; distance alone is insufficient per project methodology. Needs Sentinel-2 land-cover context to resolve.
1322,80.82152500000001,7.69528,2026-09-06,2026-09-06,2,1,6.495,7.2,1.0,,,,0,Other/Unknown,"No nearby facility, moderate intensity (max FRP 7.2), short/low activity (1 active day(s) over 0 days, persistence score 1.00) — insufficient evidence to confidently classify."
1323,80.23446666666666,7.84301,2026-09-06,2026-09-06,3,1,4.873333333333334,6.36,1.0,,,,0,Other/Unknown,"No nearby facility, moderate intensity (max FRP 6.4), short/low activity (1 active day(s) over 0 days, persistence score 1.00) — insufficient evidence to confidently classify."
1324,81.30457000000001,8.012825,2026-09-06,2026-09-06,2,1,5.995,9.02,1.0,,,,0,Wildfire / Natural Fire,"No industrial facility within 5km, high peak intensity (max FRP 9.0), short-lived (1 active day(s) over 0 days) — profile matches a natural/wild fire rather than a stable industrial source."
1325,80.325655,8.229125,2026-09-06,2026-09-06,2,1,2.74,2.74,1.0,,power_plant,4554.27492221,0,Other/Unknown,"No nearby facility, moderate intensity (max FRP 2.7), short/low activity (1 active day(s) over 0 days, persistence score 1.00) — insufficient evidence to confidently classify."
1326,80.16535999999999,8.23611,2026-09-06,2026-09-06,2,1,5.71,6.0,1.0,,,,0,Other/Unknown,"No nearby facility, moderate intensity (max FRP 6.0), short/low activity (1 active day(s) over 0 days, persistence score 1.00) — insufficient evidence to confidently classify."
1327,80.25608,8.254633333333333,2026-09-06,2026-09-06,3,1,5.9700000000000015,8.63,1.0,,,,0,Wildfire / Natural Fire,"No industrial facility within 5km, high peak intensity (max FRP 8.6), short-lived (1 active day(s) over 0 days) — profile matches a natural/wild fire rather than a stable industrial source."
1329,80.544955,8.512730000000001,2026-09-06,2026-09-06,2,1,3.795,3.9,1.0,,,,0,Other/Unknown,"No nearby facility, moderate intensity (max FRP 3.9), short/low activity (1 active day(s) over 0 days, persistence score 1.00) — insufficient evidence to confidently classify."
1334,78.061235,8.644044999999998,2026-09-06,2026-09-06,2,1,3.735,3.84,1.0,,industrial_area,3645.42054531,0,Other/Unknown,"No nearby facility, moderate intensity (max FRP 3.8), short/low activity (1 active day(s) over 0 days, persistence score 1.00) — insufficient evidence to confidently classify."
1336,80.87915000000001,8.89922,2026-09-06,2026-09-06,2,1,5.220000000000001,5.99,1.0,,,,0,Other/Unknown,"No nearby facility, moderate intensity (max FRP 6.0), short/low activity (1 active day(s) over 0 days, persistence score 1.00) — insufficient evidence to confidently classify."
1338,85.9096,20.53352,2026-09-06,2026-09-06,2,1,4.4,7.0,1.0,Choudwar Power Plant,power_plant,214.36251873,0,Industrial Fire,Close to Choudwar Power Plant (214m away) but only active 1 day(s) over a 0-day window (2 detections) — reads as a transient burn event at/near a facility rather than an ongoing source.
1338,85.9096,20.53352,2026-09-06,2026-09-06,2,1,4.4,7.0,1.0,Orissa Textile Mills,industrial_area,1719.30908963,0,Industrial Fire,Close to Choudwar Power Plant (214m away) but only active 1 day(s) over a 0-day window (2 detections) — reads as a transient burn event at/near a facility rather than an ongoing source.
1338,85.9096,20.53352,2026-09-06,2026-09-06,2,1,4.4,7.0,1.0,UMSL Odisha,industrial_area,601.19627227,0,Industrial Fire,Close to Choudwar Power Plant (214m away) but only active 1 day(s) over a 0-day window (2 detections) — reads as a transient burn event at/near a facility rather than an ongoing source.
1338,85.9096,20.53352,2026-09-06,2026-09-06,2,1,4.4,7.0,1.0,,industrial_area,3349.75300341,0,Industrial Fire,Close to Choudwar Power Plant (214m away) but only active 1 day(s) over a 0-day window (2 detections) — reads as a transient burn event at/near a facility rather than an ongoing source.
1339,69.84663,27.92577,2026-09-06,2026-09-06,2,1,2.71,2.71,1.0,,,,0,Other/Unknown,"No nearby facility, moderate intensity (max FRP 2.7), short/low activity (1 active day(s) over 0 days, persistence score 1.00) — insufficient evidence to confidently classify."
1350,80.01792499999999,21.791355,2026-09-06,2026-09-06,2,1,0.72,0.72,1.0,,,,0,Other/Unknown,"No nearby facility, moderate intensity (max FRP 0.7), short/low activity (1 active day(s) over 0 days, persistence score 1.00) — insufficient evidence to confidently classify."
1356,78.779155,14.36185,2026-09-06,2026-09-06,2,1,2.88,2.88,1.0,,,,0,Other/Unknown,"No nearby facility, moderate intensity (max FRP 2.9), short/low activity (1 active day(s) over 0 days, persistence score 1.00) — insufficient evidence to confidently classify."
1360,80.85829000000001,7.067685,2026-09-06,2026-09-06,2,1,0.825,0.91,1.0,Kurundu Oya Hydro Power Plant,power_plant,2949.62963392,0,Other/Unknown,2422m from an unnamed pipeline — plausibly related but not close enough to confidently attribute; distance alone is insufficient per project methodology. Needs Sentinel-2 land-cover context to resolve.
1360,80.85829000000001,7.067685,2026-09-06,2026-09-06,2,1,0.825,0.91,1.0,Walapane Depot,industrial_area,3286.23036407,0,Other/Unknown,2422m from an unnamed pipeline — plausibly related but not close enough to confidently attribute; distance alone is insufficient per project methodology. Needs Sentinel-2 land-cover context to resolve.
1360,80.85829000000001,7.067685,2026-09-06,2026-09-06,2,1,0.825,0.91,1.0,,pipeline,2422.01256978,0,Other/Unknown,2422m from an unnamed pipeline — plausibly related but not close enough to confidently attribute; distance alone is insufficient per project methodology. Needs Sentinel-2 land-cover context to resolve.
1363,81.31511499999999,6.32241,2026-09-07,2026-09-07,2,1,23.365,25.64,1.0,,,,0,Wildfire / Natural Fire,"No industrial facility within 5km, high peak intensity (max FRP 25.6), short-lived (1 active day(s) over 0 days) — profile matches a natural/wild fire rather than a stable industrial source."
1364,81.1303,6.513624999999999,2026-09-07,2026-09-07,2,1,10.87,10.95,1.0,,,,0,Wildfire / Natural Fire,"No industrial facility within 5km, high peak intensity (max FRP 10.9), short-lived (1 active day(s) over 0 days) — profile matches a natural/wild fire rather than a stable industrial source."
1365,81.28974,6.702465,2026-09-07,2026-09-07,2,1,4.38,4.38,1.0,,,,0,Other/Unknown,"No nearby facility, moderate intensity (max FRP 4.4), short/low activity (1 active day(s) over 0 days, persistence score 1.00) — insufficient evidence to confidently classify."
1369,81.37249,7.086495,2026-09-07,2026-09-07,2,1,9.145,9.32,1.0,,,,0,Wildfire / Natural Fire,"No industrial facility within 5km, high peak intensity (max FRP 9.3), short-lived (1 active day(s) over 0 days) — profile matches a natural/wild fire rather than a stable industrial source."
1371,80.27544,8.335374999999999,2026-09-07,2026-09-07,2,1,3.14,3.14,1.0,,,,0,Other/Unknown,"No nearby facility, moderate intensity (max FRP 3.1), short/low activity (1 active day(s) over 0 days, persistence score 1.00) — insufficient evidence to confidently classify."
1372,80.20818,8.389235,2026-09-07,2026-09-07,2,1,6.42,9.34,1.0,,,,0,Wildfire / Natural Fire,"No industrial facility within 5km, high peak intensity (max FRP 9.3), short-lived (1 active day(s) over 0 days) — profile matches a natural/wild fire rather than a stable industrial source."
1374,80.16436999999999,8.511225,2026-09-07,2026-09-07,2,1,2.395,2.89,1.0,,,,0,Other/Unknown,"No nearby facility, moderate intensity (max FRP 2.9), short/low activity (1 active day(s) over 0 days, persistence score 1.00) — insufficient evidence to confidently classify."
1376,78.55464,13.391325,2026-09-07,2026-09-07,2,1,2.355,2.84,1.0,"APSRTC Bus Depot , Punganur",industrial_area,3014.4808239,0,Other/Unknown,"3014m from APSRTC Bus Depot , Punganur — plausibly related but not close enough to confidently attribute; distance alone is insufficient per project methodology. Needs Sentinel-2 land-cover context to resolve."
1379,94.84914,21.236815,2026-09-07,2026-09-07,2,1,11.55,12.41,1.0,,pipeline,4524.76967768,0,Other/Unknown,"No nearby facility, moderate intensity (max FRP 12.4), short/low activity (1 active day(s) over 0 days, persistence score 1.00) — insufficient evidence to confidently classify."
1381,74.14459500000001,31.258295,2026-09-07,2026-09-07,2,1,2.38,3.55,1.0,,,,0,Other/Unknown,"No nearby facility, moderate intensity (max FRP 3.5), short/low activity (1 active day(s) over 0 days, persistence score 1.00) — insufficient evidence to confidently classify."
1382,68.37382500000001,35.825305,2026-09-07,2026-09-07,2,1,1.375,1.69,1.0,,,,0,Other/Unknown,"No nearby facility, moderate intensity (max FRP 1.7), short/low activity (1 active day(s) over 0 days, persistence score 1.00) — insufficient evidence to confidently classify."
1388,83.124065,22.09225,2026-09-07,2026-09-07,2,1,0.915,1.03,1.0,,,,0,Other/Unknown,"No nearby facility, moderate intensity (max FRP 1.0), short/low activity (1 active day(s) over 0 days, persistence score 1.00) — insufficient evidence to confidently classify."
1398,76.94140999999999,11.76832,2026-09-07,2026-09-07,2,1,0.87,0.87,1.0,,,,0,Other/Unknown,"No nearby facility, moderate intensity (max FRP 0.9), short/low activity (1 active day(s) over 0 days, persistence score 1.00) — insufficient evidence to confidently classify."
1400,76.79509999999999,12.0962925,2026-09-07,2026-09-07,4,1,0.5825,0.66,1.0,Bannari Amman,industrial_area,3900.67149213,0,Other/Unknown,"No nearby facility, moderate intensity (max FRP 0.7), short/low activity (1 active day(s) over 0 days, persistence score 1.00) — insufficient evidence to confidently classify."
1400,76.79509999999999,12.0962925,2026-09-07,2026-09-07,4,1,0.5825,0.66,1.0,,power_plant,4015.75550247,0,Other/Unknown,"No nearby facility, moderate intensity (max FRP 0.7), short/low activity (1 active day(s) over 0 days, persistence score 1.00) — insufficient evidence to confidently classify."
1402,77.83815,8.6502,2026-08-29,2026-08-29,2,1,2.37,2.82,1.0,,,,0,Other/Unknown,"No nearby facility, moderate intensity (max FRP 2.8), short/low activity (1 active day(s) over 0 days, persistence score 1.00) — insufficient evidence to confidently classify."
1403,80.45058,9.383165,2026-08-29,2026-08-29,2,1,5.1,5.38,1.0,,,,0,Other/Unknown,"No nearby facility, moderate intensity (max FRP 5.4), short/low activity (1 active day(s) over 0 days, persistence score 1.00) — insufficient evidence to confidently classify."
1405,78.4689525,10.939885,2026-08-29,2026-08-29,4,1,2.9575,5.59,1.0,,,,0,Other/Unknown,"No nearby facility, moderate intensity (max FRP 5.6), short/low activity (1 active day(s) over 0 days, persistence score 1.00) — insufficient evidence to confidently classify."
1412,77.51804333333332,9.755596666666667,2026-08-29,2026-08-29,3,1,1.8066666666666664,2.38,1.0,,,,0,Other/Unknown,"No nearby facility, moderate intensity (max FRP 2.4), short/low activity (1 active day(s) over 0 days, persistence score 1.00) — insufficient evidence to confidently classify."
1419,81.16331500000001,6.731315,2026-08-30,2026-08-30,2,1,12.185,19.5,1.0,,,,0,Wildfire / Natural Fire,"No industrial facility within 5km, high peak intensity (max FRP 19.5), short-lived (1 active day(s) over 0 days) — profile matches a natural/wild fire rather than a stable industrial source."
1420,81.50807,6.741215,2026-08-30,2026-08-30,2,1,3.955,4.05,1.0,,,,0,Other/Unknown,"No nearby facility, moderate intensity (max FRP 4.0), short/low activity (1 active day(s) over 0 days, persistence score 1.00) — insufficient evidence to confidently classify."
1421,81.532625,6.74889,2026-08-30,2026-08-30,2,1,3.175,3.24,1.0,,,,0,Other/Unknown,"No nearby facility, moderate intensity (max FRP 3.2), short/low activity (1 active day(s) over 0 days, persistence score 1.00) — insufficient evidence to confidently classify."
1425,81.14807,7.277155,2026-08-30,2026-08-30,2,1,4.38,4.38,1.0,,,,0,Other/Unknown,"No nearby facility, moderate intensity (max FRP 4.4), short/low activity (1 active day(s) over 0 days, persistence score 1.00) — insufficient evidence to confidently classify."
1426,81.10650333333335,7.317293333333333,2026-08-30,2026-08-30,3,1,5.913333333333334,9.05,1.0,,,,0,Wildfire / Natural Fire,"No industrial facility within 5km, high peak intensity (max FRP 9.1), short-lived (1 active day(s) over 0 days) — profile matches a natural/wild fire rather than a stable industrial source."
1428,81.80351,7.323245,2026-08-30,2026-08-30,2,1,2.365,2.59,1.0,,industrial_area,2843.20688152,0,Other/Unknown,2843m from an unnamed industrial_area — plausibly related but not close enough to confidently attribute; distance alone is insufficient per project methodology. Needs Sentinel-2 land-cover context to resolve.
1428,81.80351,7.323245,2026-08-30,2026-08-30,2,1,2.365,2.59,1.0,,power_plant,4197.4054154,0,Other/Unknown,2843m from an unnamed industrial_area — plausibly related but not close enough to confidently attribute; distance alone is insufficient per project methodology. Needs Sentinel-2 land-cover context to resolve.
1429,81.203155,7.3519075,2026-08-30,2026-08-30,4,1,4.945,6.09,1.0,,,,0,Other/Unknown,"No nearby facility, moderate intensity (max FRP 6.1), short/low activity (1 active day(s) over 0 days, persistence score 1.00) — insufficient evidence to confidently classify."
1431,81.56110000000001,7.375895,2026-08-30,2026-08-30,2,1,4.785,5.71,1.0,,,,0,Other/Unknown,"No nearby facility, moderate intensity (max FRP 5.7), short/low activity (1 active day(s) over 0 days, persistence score 1.00) — insufficient evidence to confidently classify."
1437,81.21763999999999,7.784005,2026-08-30,2026-08-30,2,1,8.15,9.22,1.0,,,,0,Wildfire / Natural Fire,"No industrial facility within 5km, high peak intensity (max FRP 9.2), short-lived (1 active day(s) over 0 days) — profile matches a natural/wild fire rather than a stable industrial source."
1438,81.45185000000001,7.808775000000001,2026-08-30,2026-08-30,2,1,4.65,4.97,1.0,,,,0,Other/Unknown,"No nearby facility, moderate intensity (max FRP 5.0), short/low activity (1 active day(s) over 0 days, persistence score 1.00) — insufficient evidence to confidently classify."
1444,77.671425,9.444445,2026-08-30,2026-08-30,2,1,5.42,5.42,1.0,,industrial_area,2641.79146004,0,Other/Unknown,2642m from an unnamed industrial_area — plausibly related but not close enough to confidently attribute; distance alone is insufficient per project methodology. Needs Sentinel-2 land-cover context to resolve.
1445,79.69738,14.50111,2026-08-30,2026-08-30,2,1,1.705,1.87,1.0,,,,0,Other/Unknown,"No nearby facility, moderate intensity (max FRP 1.9), short/low activity (1 active day(s) over 0 days, persistence score 1.00) — insufficient evidence to confidently classify."
1446,73.262785,30.116675,2026-08-30,2026-08-30,2,1,4.385,5.74,1.0,,,,0,Other/Unknown,"No nearby facility, moderate intensity (max FRP 5.7), short/low activity (1 active day(s) over 0 days, persistence score 1.00) — insufficient evidence to confidently classify."
1447,73.918255,31.21,2026-08-30,2026-08-30,2,1,3.085,3.87,1.0,,,,0,Other/Unknown,"No nearby facility, moderate intensity (max FRP 3.9), short/low activity (1 active day(s) over 0 days, persistence score 1.00) — insufficient evidence to confidently classify."
1449,81.13656,7.1382200000000005,2026-08-30,2026-08-30,2,1,2.655,3.59,1.0,,,,0,Other/Unknown,"No nearby facility, moderate intensity (max FRP 3.6), short/low activity (1 active day(s) over 0 days, persistence score 1.00) — insufficient evidence to confidently classify."
1450,81.02596,8.867775,2026-08-30,2026-08-30,2,1,2.23,2.71,1.0,,,,0,Other/Unknown,"No nearby facility, moderate intensity (max FRP 2.7), short/low activity (1 active day(s) over 0 days, persistence score 1.00) — insufficient evidence to confidently classify."
1451,72.976275,32.6447,2026-08-28,2026-08-30,2,2,1.61,1.63,1.0,,,,2,Other/Unknown,"No nearby facility, moderate intensity (max FRP 1.6), short/low activity (2 active day(s) over 2 days, persistence score 1.00) — insufficient evidence to confidently classify."
1452,79.33726399999998,13.828243999999998,2026-08-30,2026-08-30,5,1,0.5980000000000001,0.73,1.0,,,,0,Other/Unknown,"No nearby facility, moderate intensity (max FRP 0.7), short/low activity (1 active day(s) over 0 days, persistence score 1.00) — insufficient evidence to confidently classify."
1457,79.9525,7.738145,2026-08-31,2026-08-31,2,1,4.205,5.01,1.0,,,,0,Other/Unknown,"No nearby facility, moderate intensity (max FRP 5.0), short/low activity (1 active day(s) over 0 days, persistence score 1.00) — insufficient evidence to confidently classify."
1460,80.206715,8.347190000000001,2026-08-31,2026-08-31,2,1,3.855,3.86,1.0,,,,0,Other/Unknown,"No nearby facility, moderate intensity (max FRP 3.9), short/low activity (1 active day(s) over 0 days, persistence score 1.00) — insufficient evidence to confidently classify."
1465,80.569285,8.62979,2026-08-31,2026-08-31,2,1,2.77,3.18,1.0,,,,0,Other/Unknown,"No nearby facility, moderate intensity (max FRP 3.2), short/low activity (1 active day(s) over 0 days, persistence score 1.00) — insufficient evidence to confidently classify."
1470,80.38159,8.976965,2026-08-31,2026-08-31,2,1,6.26,6.26,1.0,,,,0,Other/Unknown,"No nearby facility, moderate intensity (max FRP 6.3), short/low activity (1 active day(s) over 0 days, persistence score 1.00) — insufficient evidence to confidently classify."
1472,77.887265,9.806425,2026-08-31,2026-08-31,2,1,7.57,7.57,1.0,,,,0,Other/Unknown,"No nearby facility, moderate intensity (max FRP 7.6), short/low activity (1 active day(s) over 0 days, persistence score 1.00) — insufficient evidence to confidently classify."
1473,77.249525,11.52819,2026-08-31,2026-08-31,2,1,4.095,4.63,1.0,,,,0,Other/Unknown,"No nearby facility, moderate intensity (max FRP 4.6), short/low activity (1 active day(s) over 0 days, persistence score 1.00) — insufficient evidence to confidently classify."
1474,79.547265,11.99547,2026-08-31,2026-08-31,2,1,8.02,8.02,1.0,,pipeline,3209.90019481,0,Other/Unknown,3210m from an unnamed pipeline — plausibly related but not close enough to confidently attribute; distance alone is insufficient per project methodology. Needs Sentinel-2 land-cover context to resolve.
1476,68.49139500000001,27.716205,2026-08-31,2026-08-31,2,1,14.61,28.78,1.0,,,,0,Wildfire / Natural Fire,"No industrial facility within 5km, high peak intensity (max FRP 28.8), short-lived (1 active day(s) over 0 days) — profile matches a natural/wild fire rather than a stable industrial source."
1480,80.88949333333333,7.392876666666666,2026-08-31,2026-08-31,3,1,3.296666666666667,4.23,1.0,,,,0,Other/Unknown,"No nearby facility, moderate intensity (max FRP 4.2), short/low activity (1 active day(s) over 0 days, persistence score 1.00) — insufficient evidence to confidently classify."
1481,80.79067,8.093005,2026-08-31,2026-09-02,2,2,2.52,3.14,1.0,,,,2,Other/Unknown,"No nearby facility, moderate intensity (max FRP 3.1), short/low activity (2 active day(s) over 2 days, persistence score 1.00) — insufficient evidence to confidently classify."
1482,79.8699,8.111353333333334,2026-08-31,2026-08-31,3,1,2.34,2.58,1.0,,,,0,Other/Unknown,"No nearby facility, moderate intensity (max FRP 2.6), short/low activity (1 active day(s) over 0 days, persistence score 1.00) — insufficient evidence to confidently classify."
1486,81.60124,6.736325,2026-09-01,2026-09-01,2,1,10.71,13.03,1.0,,,,0,Wildfire / Natural Fire,"No industrial facility within 5km, high peak intensity (max FRP 13.0), short-lived (1 active day(s) over 0 days) — profile matches a natural/wild fire rather than a stable industrial source."
1487,81.49568500000001,6.837445,2026-09-01,2026-09-01,2,1,9.59,9.59,1.0,,,,0,Wildfire / Natural Fire,"No industrial facility within 5km, high peak intensity (max FRP 9.6), short-lived (1 active day(s) over 0 days) — profile matches a natural/wild fire rather than a stable industrial source."
1489,81.54914500000001,6.84619,2026-09-01,2026-09-01,2,1,10.33,10.33,1.0,,,,0,Wildfire / Natural Fire,"No industrial facility within 5km, high peak intensity (max FRP 10.3), short-lived (1 active day(s) over 0 days) — profile matches a natural/wild fire rather than a stable industrial source."
1490,81.205855,7.074400000000001,2026-09-01,2026-09-01,2,1,8.765,9.04,1.0,,industrial_area,539.97336913,0,Industrial Fire,Close to an unnamed industrial_area (540m away) but only active 1 day(s) over a 0-day window (2 detections) — reads as a transient burn event at/near a facility rather than an ongoing source.
1490,81.205855,7.074400000000001,2026-09-01,2026-09-01,2,1,8.765,9.04,1.0,,pipeline,3312.95482422,0,Industrial Fire,Close to an unnamed industrial_area (540m away) but only active 1 day(s) over a 0-day window (2 detections) — reads as a transient burn event at/near a facility rather than an ongoing source.
1496,81.647505,7.4572,2026-09-01,2026-09-01,2,1,7.035,7.83,1.0,,,,0,Other/Unknown,"No nearby facility, moderate intensity (max FRP 7.8), short/low activity (1 active day(s) over 0 days, persistence score 1.00) — insufficient evidence to confidently classify."
1499,81.37372500000001,7.94495,2026-09-01,2026-09-01,2,1,3.65,3.65,1.0,,,,0,Other/Unknown,"No nearby facility, moderate intensity (max FRP 3.6), short/low activity (1 active day(s) over 0 days, persistence score 1.00) — insufficient evidence to confidently classify."
1500,80.722625,7.95983,2026-09-01,2026-09-01,2,1,3.78,4.06,1.0,,pipeline,2784.70488529,0,Other/Unknown,2785m from an unnamed pipeline — plausibly related but not close enough to confidently attribute; distance alone is insufficient per project methodology. Needs Sentinel-2 land-cover context to resolve.
1502,80.28415000000001,8.31277,2026-09-01,2026-09-01,2,1,2.95,3.4,1.0,,,,0,Other/Unknown,"No nearby facility, moderate intensity (max FRP 3.4), short/low activity (1 active day(s) over 0 days, persistence score 1.00) — insufficient evidence to confidently classify."
1503,80.18862999999999,8.34662,2026-09-01,2026-09-01,2,1,5.34,6.2,1.0,,,,0,Other/Unknown,"No nearby facility, moderate intensity (max FRP 6.2), short/low activity (1 active day(s) over 0 days, persistence score 1.00) — insufficient evidence to confidently classify."
1504,80.27998500000001,8.359925,2026-09-01,2026-09-01,2,1,4.88,6.03,1.0,,,,0,Other/Unknown,"No nearby facility, moderate intensity (max FRP 6.0), short/low activity (1 active day(s) over 0 days, persistence score 1.00) — insufficient evidence to confidently classify."
1505,81.04919000000001,8.380385,2026-09-01,2026-09-01,2,1,17.17,22.09,1.0,,,,0,Wildfire / Natural Fire,"No industrial facility within 5km, high peak intensity (max FRP 22.1), short-lived (1 active day(s) over 0 days) — profile matches a natural/wild fire rather than a stable industrial source."
1506,80.25781666666667,8.408293333333335,2026-09-01,2026-09-01,3,1,4.783333333333333,6.7,1.0,,,,0,Other/Unknown,"No nearby facility, moderate intensity (max FRP 6.7), short/low activity (1 active day(s) over 0 days, persistence score 1.00) — insufficient evidence to confidently classify."
1509,80.371195,8.441825,2026-09-01,2026-09-01,2,1,3.1100000000000003,4.32,1.0,,,,0,Other/Unknown,"No nearby facility, moderate intensity (max FRP 4.3), short/low activity (1 active day(s) over 0 days, persistence score 1.00) — insufficient evidence to confidently classify."
1510,81.088375,8.465354999999999,2026-09-01,2026-09-01,2,1,11.335,15.6,1.0,,,,0,Wildfire / Natural Fire,"No industrial facility within 5km, high peak intensity (max FRP 15.6), short-lived (1 active day(s) over 0 days) — profile matches a natural/wild fire rather than a stable industrial source."
1511,80.50521499999999,8.565875,2026-09-01,2026-09-01,2,1,2.66,3.19,1.0,,,,0,Other/Unknown,"No nearby facility, moderate intensity (max FRP 3.2), short/low activity (1 active day(s) over 0 days, persistence score 1.00) — insufficient evidence to confidently classify."
1512,80.881055,8.683295000000001,2026-09-01,2026-09-01,2,1,8.765,9.97,1.0,,,,0,Wildfire / Natural Fire,"No industrial facility within 5km, high peak intensity (max FRP 10.0), short-lived (1 active day(s) over 0 days) — profile matches a natural/wild fire rather than a stable industrial source."
1514,80.42388,8.895795,2026-09-01,2026-09-01,2,1,12.27,12.27,1.0,,,,0,Wildfire / Natural Fire,"No industrial facility within 5km, high peak intensity (max FRP 12.3), short-lived (1 active day(s) over 0 days) — profile matches a natural/wild fire rather than a stable industrial source."
1516,80.167885,9.027864999999998,2026-09-01,2026-09-01,2,1,2.465,2.67,1.0,,,,0,Other/Unknown,"No nearby facility, moderate intensity (max FRP 2.7), short/low activity (1 active day(s) over 0 days, persistence score 1.00) — insufficient evidence to confidently classify."
1517,80.14218,9.054365,2026-09-01,2026-09-01,2,1,5.4,6.08,1.0,,,,0,Other/Unknown,"No nearby facility, moderate intensity (max FRP 6.1), short/low activity (1 active day(s) over 0 days, persistence score 1.00) — insufficient evidence to confidently classify."
1519,80.36088000000001,9.413755,2026-09-01,2026-09-01,2,1,3.285,3.55,1.0,,,,0,Other/Unknown,"No nearby facility, moderate intensity (max FRP 3.5), short/low activity (1 active day(s) over 0 days, persistence score 1.00) — insufficient evidence to confidently classify."
1523,77.88380000000001,9.958355,2026-09-01,2026-09-01,2,1,9.9,11.36,1.0,,,,0,Wildfire / Natural Fire,"No industrial facility within 5km, high peak intensity (max FRP 11.4), short-lived (1 active day(s) over 0 days) — profile matches a natural/wild fire rather than a stable industrial source."
1524,77.897525,9.968045,2026-09-01,2026-09-01,2,1,9.88,13.59,1.0,,,,0,Wildfire / Natural Fire,"No industrial facility within 5km, high peak intensity (max FRP 13.6), short-lived (1 active day(s) over 0 days) — profile matches a natural/wild fire rather than a stable industrial source."
1525,77.52041,9.99663,2026-09-01,2026-09-01,2,1,5.575,8.15,1.0,,industrial_area,3191.73954412,0,Other/Unknown,3192m from an unnamed industrial_area — plausibly related but not close enough to confidently attribute; distance alone is insufficient per project methodology. Needs Sentinel-2 land-cover context to resolve.
1527,78.80686,10.445329999999998,2026-09-01,2026-09-01,2,1,4.85,5.72,1.0,SIPCOT Industrial Area,industrial_area,3499.8954162,0,Other/Unknown,3500m from SIPCOT Industrial Area — plausibly related but not close enough to confidently attribute; distance alone is insufficient per project methodology. Needs Sentinel-2 land-cover context to resolve.
1528,79.12607666666666,11.695283333333334,2026-09-01,2026-09-01,3,1,5.239999999999999,5.89,1.0,,,,0,Other/Unknown,"No nearby facility, moderate intensity (max FRP 5.9), short/low activity (1 active day(s) over 0 days, persistence score 1.00) — insufficient evidence to confidently classify."
1529,79.56551,12.092945,2026-09-01,2026-09-01,2,1,3.455,4.53,1.0,,,,0,Other/Unknown,"No nearby facility, moderate intensity (max FRP 4.5), short/low activity (1 active day(s) over 0 days, persistence score 1.00) — insufficient evidence to confidently classify."
1530,79.400615,12.65352,2026-09-01,2026-09-01,2,1,2.19,2.19,1.0,,,,0,Other/Unknown,"No nearby facility, moderate intensity (max FRP 2.2), short/low activity (1 active day(s) over 0 days, persistence score 1.00) — insufficient evidence to confidently classify."
1531,79.104045,12.822495,2026-09-01,2026-09-01,2,1,5.675000000000001,5.9,1.0,,,,0,Other/Unknown,"No nearby facility, moderate intensity (max FRP 5.9), short/low activity (1 active day(s) over 0 days, persistence score 1.00) — insufficient evidence to confidently classify."
1532,77.707245,14.43541,2026-09-01,2026-09-01,2,1,8.345,11.47,1.0,"APSRTC Bus Depot , Dharmavaram",industrial_area,2907.07031478,0,Other/Unknown,"2907m from APSRTC Bus Depot , Dharmavaram — plausibly related but not close enough to confidently attribute; distance alone is insufficient per project methodology. Needs Sentinel-2 land-cover context to resolve."
1532,77.707245,14.43541,2026-09-01,2026-09-01,2,1,8.345,11.47,1.0,,power_plant,4216.04589099,0,Other/Unknown,"2907m from APSRTC Bus Depot , Dharmavaram — plausibly related but not close enough to confidently attribute; distance alone is insufficient per project methodology. Needs Sentinel-2 land-cover context to resolve."
1533,79.822805,15.888055,2026-09-01,2026-09-01,2,1,7.0,7.0,1.0,,,,0,Other/Unknown,"No nearby facility, moderate intensity (max FRP 7.0), short/low activity (1 active day(s) over 0 days, persistence score 1.00) — insufficient evidence to confidently classify."
1534,94.95285444444444,36.38074777777778,2026-09-01,2026-09-01,9,1,11.073333333333332,15.02,1.0,中国石油天然气股份有限公司青海油田分公司格尔木燃气电站,power_plant,1565.4223581,0,Industrial Fire,Close to 中国石油青海油田格尔木炼油厂 (427m away) but only active 1 day(s) over a 0-day window (9 detections) — reads as a transient burn event at/near a facility rather than an ongoing source.
1534,94.95285444444444,36.38074777777778,2026-09-01,2026-09-01,9,1,11.073333333333332,15.02,1.0,中国石油青海油田格尔木炼油厂,industrial_works,426.57016042,0,Industrial Fire,Close to 中国石油青海油田格尔木炼油厂 (427m away) but only active 1 day(s) over a 0-day window (9 detections) — reads as a transient burn event at/near a facility rather than an ongoing source.
1534,94.95285444444444,36.38074777777778,2026-09-01,2026-09-01,9,1,11.073333333333332,15.02,1.0,,industrial_area,1035.51644206,0,Industrial Fire,Close to 中国石油青海油田格尔木炼油厂 (427m away) but only active 1 day(s) over a 0-day window (9 detections) — reads as a transient burn event at/near a facility rather than an ongoing source.
1534,94.95285444444444,36.38074777777778,2026-09-01,2026-09-01,9,1,11.073333333333332,15.02,1.0,,pipeline,4036.78257125,0,Industrial Fire,Close to 中国石油青海油田格尔木炼油厂 (427m away) but only active 1 day(s) over a 0-day window (9 detections) — reads as a transient burn event at/near a facility rather than an ongoing source.
1538,79.237515,10.993055,2026-09-01,2026-09-01,2,1,2.34,2.35,1.0,,,,0,Other/Unknown,"No nearby facility, moderate intensity (max FRP 2.4), short/low activity (1 active day(s) over 0 days, persistence score 1.00) — insufficient evidence to confidently classify."
1540,79.93904,12.292515,2026-09-01,2026-09-01,2,1,1.98,1.98,1.0,,,,0,Other/Unknown,"No nearby facility, moderate intensity (max FRP 2.0), short/low activity (1 active day(s) over 0 days, persistence score 1.00) — insufficient evidence to confidently classify."
1541,75.64035,14.51643,2026-09-01,2026-09-01,2,1,0.94,0.94,1.0,,,,0,Other/Unknown,"No nearby facility, moderate intensity (max FRP 0.9), short/low activity (1 active day(s) over 0 days, persistence score 1.00) — insufficient evidence to confidently classify."
1545,81.18205,7.377845,2026-09-01,2026-09-01,2,1,1.63,1.63,1.0,,,,0,Other/Unknown,"No nearby facility, moderate intensity (max FRP 1.6), short/low activity (1 active day(s) over 0 days, persistence score 1.00) — insufficient evidence to confidently classify."
1546,80.743755,8.532395000000001,2026-09-01,2026-09-01,2,1,2.89,2.89,1.0,,,,0,Other/Unknown,"No nearby facility, moderate intensity (max FRP 2.9), short/low activity (1 active day(s) over 0 days, persistence score 1.00) — insufficient evidence to confidently classify."
1550,81.59797333333334,6.798553333333333,2026-09-02,2026-09-02,3,1,2.8800000000000003,2.88,1.0,,,,0,Other/Unknown,"No nearby facility, moderate intensity (max FRP 2.9), short/low activity (1 active day(s) over 0 days, persistence score 1.00) — insufficient evidence to confidently classify."
1551,81.46368000000001,6.859724999999999,2026-09-02,2026-09-02,2,1,3.86,3.86,1.0,,,,0,Other/Unknown,"No nearby facility, moderate intensity (max FRP 3.9), short/low activity (1 active day(s) over 0 days, persistence score 1.00) — insufficient evidence to confidently classify."
1552,81.4562525,7.0566675000000005,2026-09-02,2026-09-02,4,1,5.38,7.77,1.0,,,,0,Other/Unknown,"No nearby facility, moderate intensity (max FRP 7.8), short/low activity (1 active day(s) over 0 days, persistence score 1.00) — insufficient evidence to confidently classify."
1554,81.70649,7.099225000000001,2026-09-02,2026-09-02,2,1,5.045,6.61,1.0,,,,0,Other/Unknown,"No nearby facility, moderate intensity (max FRP 6.6), short/low activity (1 active day(s) over 0 days, persistence score 1.00) — insufficient evidence to confidently classify."
1557,81.23943666666668,7.332723333333333,2026-09-02,2026-09-02,3,1,6.336666666666666,7.56,1.0,,,,0,Other/Unknown,"No nearby facility, moderate intensity (max FRP 7.6), short/low activity (1 active day(s) over 0 days, persistence score 1.00) — insufficient evidence to confidently classify."
1561,80.90510499999999,7.477905,2026-09-02,2026-09-02,2,1,7.42,9.56,1.0,,,,0,Wildfire / Natural Fire,"No industrial facility within 5km, high peak intensity (max FRP 9.6), short-lived (1 active day(s) over 0 days) — profile matches a natural/wild fire rather than a stable industrial source."
1562,81.300152,7.552606,2026-09-02,2026-09-02,5,1,7.754,12.95,1.0,,,,0,Wildfire / Natural Fire,"No industrial facility within 5km, high peak intensity (max FRP 12.9), short-lived (1 active day(s) over 0 days) — profile matches a natural/wild fire rather than a stable industrial source."
1563,81.23965,7.699295,2026-09-02,2026-09-02,2,1,4.47,4.47,1.0,,,,0,Other/Unknown,"No nearby facility, moderate intensity (max FRP 4.5), short/low activity (1 active day(s) over 0 days, persistence score 1.00) — insufficient evidence to confidently classify."
1565,80.593745,8.080605,2026-09-02,2026-09-02,2,1,4.29,4.34,1.0,Muslim Vidyalaya,industrial_works,2079.98482768,0,Other/Unknown,2080m from Muslim Vidyalaya — plausibly related but not close enough to confidently attribute; distance alone is insufficient per project methodology. Needs Sentinel-2 land-cover context to resolve.
1568,80.790865,8.367840000000001,2026-09-02,2026-09-02,2,1,4.125,4.83,1.0,,,,0,Other/Unknown,"No nearby facility, moderate intensity (max FRP 4.8), short/low activity (1 active day(s) over 0 days, persistence score 1.00) — insufficient evidence to confidently classify."
1569,80.47384333333333,8.38145,2026-09-02,2026-09-02,3,1,9.86,15.26,1.0,AgStar Grains (Pvt) Ltd,industrial_area,4852.66661402,0,Other/Unknown,"No nearby facility, moderate intensity (max FRP 15.3), short/low activity (1 active day(s) over 0 days, persistence score 1.00) — insufficient evidence to confidently classify."
1569,80.47384333333333,8.38145,2026-09-02,2026-09-02,3,1,9.86,15.26,1.0,Factory,industrial_area,4015.80642276,0,Other/Unknown,"No nearby facility, moderate intensity (max FRP 15.3), short/low activity (1 active day(s) over 0 days, persistence score 1.00) — insufficient evidence to confidently classify."
1569,80.47384333333333,8.38145,2026-09-02,2026-09-02,3,1,9.86,15.26,1.0,Lanka Ashok Leyland PLC Anuradhapura Outlet,industrial_area,4523.24800535,0,Other/Unknown,"No nearby facility, moderate intensity (max FRP 15.3), short/low activity (1 active day(s) over 0 days, persistence score 1.00) — insufficient evidence to confidently classify."
1570,80.82090500000001,8.38456,2026-09-02,2026-09-02,2,1,7.215,10.5,1.0,,,,0,Wildfire / Natural Fire,"No industrial facility within 5km, high peak intensity (max FRP 10.5), short-lived (1 active day(s) over 0 days) — profile matches a natural/wild fire rather than a stable industrial source."
1571,80.32461,8.416654999999999,2026-09-02,2026-09-02,2,1,9.795,11.58,1.0,,,,0,Wildfire / Natural Fire,"No industrial facility within 5km, high peak intensity (max FRP 11.6), short-lived (1 active day(s) over 0 days) — profile matches a natural/wild fire rather than a stable industrial source."
1573,80.7858,8.437825,2026-09-02,2026-09-02,2,1,6.345,7.09,1.0,,,,0,Other/Unknown,"No nearby facility, moderate intensity (max FRP 7.1), short/low activity (1 active day(s) over 0 days, persistence score 1.00) — insufficient evidence to confidently classify."
1574,80.80373,8.49223,2026-09-02,2026-09-02,2,1,2.485,3.02,1.0,,,,0,Other/Unknown,"No nearby facility, moderate intensity (max FRP 3.0), short/low activity (1 active day(s) over 0 days, persistence score 1.00) — insufficient evidence to confidently classify."
1576,80.41469000000001,8.573799999999999,2026-09-02,2026-09-02,2,1,5.215,7.07,1.0,,,,0,Other/Unknown,"No nearby facility, moderate intensity (max FRP 7.1), short/low activity (1 active day(s) over 0 days, persistence score 1.00) — insufficient evidence to confidently classify."
1578,80.728475,8.63119,2026-09-02,2026-09-02,2,1,3.365,3.78,1.0,,,,0,Other/Unknown,"No nearby facility, moderate intensity (max FRP 3.8), short/low activity (1 active day(s) over 0 days, persistence score 1.00) — insufficient evidence to confidently classify."
1579,80.49304000000001,8.639195,2026-09-02,2026-09-02,2,1,6.635,7.96,1.0,,,,0,Other/Unknown,"No nearby facility, moderate intensity (max FRP 8.0), short/low activity (1 active day(s) over 0 days, persistence score 1.00) — insufficient evidence to confidently classify."
1580,81.123485,8.724115,2026-09-02,2026-09-02,2,1,5.77,5.77,1.0,Eastern Salt Corporation,industrial_works,4764.55435408,0,Other/Unknown,2724m from an unnamed pipeline — plausibly related but not close enough to confidently attribute; distance alone is insufficient per project methodology. Needs Sentinel-2 land-cover context to resolve.
1580,81.123485,8.724115,2026-09-02,2026-09-02,2,1,5.77,5.77,1.0,,pipeline,2724.32608856,0,Other/Unknown,2724m from an unnamed pipeline — plausibly related but not close enough to confidently attribute; distance alone is insufficient per project methodology. Needs Sentinel-2 land-cover context to resolve.
1587,80.89689333333332,6.356946666666666,2026-09-02,2026-09-02,3,1,1.6933333333333334,2.06,1.0,,,,0,Other/Unknown,"No nearby facility, moderate intensity (max FRP 2.1), short/low activity (1 active day(s) over 0 days, persistence score 1.00) — insufficient evidence to confidently classify."
1591,80.97082875000001,7.16101875,2026-08-24,2026-08-24,8,1,17.622500000000002,22.92,1.0,Rantembe Power Station,power_plant,4937.61097151,0,Other/Unknown,"No nearby facility, moderate intensity (max FRP 22.9), short/low activity (1 active day(s) over 0 days, persistence score 1.00) — insufficient evidence to confidently classify."
1597,80.29891,9.61158,2026-08-24,2026-08-24,2,1,2.6950000000000003,3.54,1.0,,,,0,Other/Unknown,"No nearby facility, moderate intensity (max FRP 3.5), short/low activity (1 active day(s) over 0 days, persistence score 1.00) — insufficient evidence to confidently classify."
1598,72.17309,29.95841,2026-08-22,2026-08-24,2,2,9.75,15.89,1.0,,,,2,Wildfire / Natural Fire,"No industrial facility within 5km, high peak intensity (max FRP 15.9), short-lived (2 active day(s) over 2 days) — profile matches a natural/wild fire rather than a stable industrial source."
1606,81.360865,6.72575,2026-08-25,2026-08-25,2,1,6.5600000000000005,6.66,1.0,,,,0,Other/Unknown,"No nearby facility, moderate intensity (max FRP 6.7), short/low activity (1 active day(s) over 0 days, persistence score 1.00) — insufficient evidence to confidently classify."
1608,81.47380000000001,6.86651,2026-08-25,2026-08-25,2,1,6.06,6.06,1.0,,,,0,Other/Unknown,"No nearby facility, moderate intensity (max FRP 6.1), short/low activity (1 active day(s) over 0 days, persistence score 1.00) — insufficient evidence to confidently classify."
1609,81.444845,6.872775,2026-08-25,2026-08-27,2,2,1.62,2.2,1.0,,,,2,Other/Unknown,"No nearby facility, moderate intensity (max FRP 2.2), short/low activity (2 active day(s) over 2 days, persistence score 1.00) — insufficient evidence to confidently classify."
1610,81.33340000000001,6.98013,2026-08-25,2026-08-25,2,1,9.03,12.19,1.0,,,,0,Wildfire / Natural Fire,"No industrial facility within 5km, high peak intensity (max FRP 12.2), short-lived (1 active day(s) over 0 days) — profile matches a natural/wild fire rather than a stable industrial source."
1611,81.48735,6.99496,2026-08-25,2026-08-25,2,1,9.829999999999998,16.58,1.0,,,,0,Wildfire / Natural Fire,"No industrial facility within 5km, high peak intensity (max FRP 16.6), short-lived (1 active day(s) over 0 days) — profile matches a natural/wild fire rather than a stable industrial source."
1612,81.50321,7.008595,2026-08-25,2026-08-25,2,1,3.8,3.8,1.0,,,,0,Other/Unknown,"No nearby facility, moderate intensity (max FRP 3.8), short/low activity (1 active day(s) over 0 days, persistence score 1.00) — insufficient evidence to confidently classify."
1613,81.71535000000002,7.106856666666666,2026-08-25,2026-08-25,3,1,5.489999999999999,6.16,1.0,,,,0,Other/Unknown,"No nearby facility, moderate intensity (max FRP 6.2), short/low activity (1 active day(s) over 0 days, persistence score 1.00) — insufficient evidence to confidently classify."
1615,81.26005666666667,7.366826666666667,2026-08-25,2026-08-25,3,1,12.296666666666669,12.49,1.0,,,,0,Wildfire / Natural Fire,"No industrial facility within 5km, high peak intensity (max FRP 12.5), short-lived (1 active day(s) over 0 days) — profile matches a natural/wild fire rather than a stable industrial source."
1616,81.25295,7.418525,2026-08-25,2026-08-25,2,1,5.13,5.13,1.0,,,,0,Other/Unknown,"No nearby facility, moderate intensity (max FRP 5.1), short/low activity (1 active day(s) over 0 days, persistence score 1.00) — insufficient evidence to confidently classify."
1618,81.02575999999999,7.480485,2026-08-25,2026-08-25,2,1,8.68,9.52,1.0,,,,0,Wildfire / Natural Fire,"No industrial facility within 5km, high peak intensity (max FRP 9.5), short-lived (1 active day(s) over 0 days) — profile matches a natural/wild fire rather than a stable industrial source."
1621,80.23342,8.359285,2026-08-25,2026-08-25,2,1,5.885,7.87,1.0,,,,0,Other/Unknown,"No nearby facility, moderate intensity (max FRP 7.9), short/low activity (1 active day(s) over 0 days, persistence score 1.00) — insufficient evidence to confidently classify."
1622,80.353705,8.44343,2026-08-25,2026-08-25,2,1,8.15,11.18,1.0,,,,0,Wildfire / Natural Fire,"No industrial facility within 5km, high peak intensity (max FRP 11.2), short-lived (1 active day(s) over 0 days) — profile matches a natural/wild fire rather than a stable industrial source."
1623,80.345505,8.63293,2026-08-25,2026-08-25,2,1,7.779999999999999,8.37,1.0,,,,0,Wildfire / Natural Fire,"No industrial facility within 5km, high peak intensity (max FRP 8.4), short-lived (1 active day(s) over 0 days) — profile matches a natural/wild fire rather than a stable industrial source."
1624,79.243405,10.214125,2026-08-25,2026-08-25,2,1,3.995,4.51,1.0,,,,0,Other/Unknown,"No nearby facility, moderate intensity (max FRP 4.5), short/low activity (1 active day(s) over 0 days, persistence score 1.00) — insufficient evidence to confidently classify."
1626,72.31396000000001,31.096735,2026-08-25,2026-08-25,2,1,2.845,3.38,1.0,,,,0,Other/Unknown,"No nearby facility, moderate intensity (max FRP 3.4), short/low activity (1 active day(s) over 0 days, persistence score 1.00) — insufficient evidence to confidently classify."
1628,78.0818,9.90847,2026-08-26,2026-08-26,2,1,5.665,5.83,1.0,JK Fenner,industrial_area,2935.46838735,0,Other/Unknown,2619m from TVS Tyre industries — plausibly related but not close enough to confidently attribute; distance alone is insufficient per project methodology. Needs Sentinel-2 land-cover context to resolve.
1628,78.0818,9.90847,2026-08-26,2026-08-26,2,1,5.665,5.83,1.0,Madura Coats,industrial_area,3742.31654247,0,Other/Unknown,2619m from TVS Tyre industries — plausibly related but not close enough to confidently attribute; distance alone is insufficient per project methodology. Needs Sentinel-2 land-cover context to resolve.
1628,78.0818,9.90847,2026-08-26,2026-08-26,2,1,5.665,5.83,1.0,TVS Tyre industries,industrial_area,2618.68159583,0,Other/Unknown,2619m from TVS Tyre industries — plausibly related but not close enough to confidently attribute; distance alone is insufficient per project methodology. Needs Sentinel-2 land-cover context to resolve.
1628,78.0818,9.90847,2026-08-26,2026-08-26,2,1,5.665,5.83,1.0,,industrial_area,3053.25740255,0,Other/Unknown,2619m from TVS Tyre industries — plausibly related but not close enough to confidently attribute; distance alone is insufficient per project methodology. Needs Sentinel-2 land-cover context to resolve.
1628,78.0818,9.90847,2026-08-26,2026-08-26,2,1,5.665,5.83,1.0,,pipeline,3544.62099672,0,Other/Unknown,2619m from TVS Tyre industries — plausibly related but not close enough to confidently attribute; distance alone is insufficient per project methodology. Needs Sentinel-2 land-cover context to resolve.
1631,68.00283,28.515705,2026-08-26,2026-08-26,2,1,1.76,1.93,1.0,,,,0,Other/Unknown,"No nearby facility, moderate intensity (max FRP 1.9), short/low activity (1 active day(s) over 0 days, persistence score 1.00) — insufficient evidence to confidently classify."
1632,73.891645,30.372145,2026-08-26,2026-08-26,2,1,4.255,4.26,1.0,,,,0,Other/Unknown,"No nearby facility, moderate intensity (max FRP 4.3), short/low activity (1 active day(s) over 0 days, persistence score 1.00) — insufficient evidence to confidently classify."
1635,81.21572333333333,8.18508,2026-08-27,2026-08-27,3,1,3.746666666666666,4.85,1.0,,,,0,Other/Unknown,"No nearby facility, moderate intensity (max FRP 4.8), short/low activity (1 active day(s) over 0 days, persistence score 1.00) — insufficient evidence to confidently classify."
1636,77.95384,8.537365000000001,2026-08-27,2026-08-27,2,1,2.88,2.88,1.0,,power_plant,1548.31202929,0,Other/Unknown,1548m from an unnamed power_plant — plausibly related but not close enough to confidently attribute; distance alone is insufficient per project methodology. Needs Sentinel-2 land-cover context to resolve.
1637,77.84384333333334,9.131103333333334,2026-08-27,2026-08-27,3,1,4.293333333333333,4.92,1.0,Lakshmi Mills Co. Ltd.,industrial_works,4614.66106776,0,Other/Unknown,"No nearby facility, moderate intensity (max FRP 4.9), short/low activity (1 active day(s) over 0 days, persistence score 1.00) — insufficient evidence to confidently classify."
1638,78.814625,9.304715,2026-08-27,2026-08-27,2,1,3.76,6.54,1.0,,,,0,Other/Unknown,"No nearby facility, moderate intensity (max FRP 6.5), short/low activity (1 active day(s) over 0 days, persistence score 1.00) — insufficient evidence to confidently classify."
1639,70.38626,26.632075,2026-08-27,2026-08-27,2,1,3.72,4.07,1.0,,,,0,Other/Unknown,"No nearby facility, moderate intensity (max FRP 4.1), short/low activity (1 active day(s) over 0 days, persistence score 1.00) — insufficient evidence to confidently classify."
1640,72.43560000000001,31.397223333333333,2026-08-27,2026-08-27,3,1,6.016666666666667,6.59,1.0,,,,0,Other/Unknown,"No nearby facility, moderate intensity (max FRP 6.6), short/low activity (1 active day(s) over 0 days, persistence score 1.00) — insufficient evidence to confidently classify."
1641,72.42686,30.17451,2026-08-27,2026-08-27,2,1,8.02,8.86,1.0,,,,0,Wildfire / Natural Fire,"No industrial facility within 5km, high peak intensity (max FRP 8.9), short-lived (1 active day(s) over 0 days) — profile matches a natural/wild fire rather than a stable industrial source."
1643,77.623145,9.493365,2026-08-27,2026-08-27,2,1,0.445,0.45,1.0,Rice Mill,industrial_area,1554.57723572,0,Other/Unknown,1555m from Rice Mill — plausibly related but not close enough to confidently attribute; distance alone is insufficient per project methodology. Needs Sentinel-2 land-cover context to resolve.
1643,77.623145,9.493365,2026-08-27,2026-08-27,2,1,0.445,0.45,1.0,SRIVILLIPUTTUR BRICK KLINS,industrial_area,3643.63080613,0,Other/Unknown,1555m from Rice Mill — plausibly related but not close enough to confidently attribute; distance alone is insufficient per project methodology. Needs Sentinel-2 land-cover context to resolve.
1643,77.623145,9.493365,2026-08-27,2026-08-27,2,1,0.445,0.45,1.0,,industrial_area,3567.91235247,0,Other/Unknown,1555m from Rice Mill — plausibly related but not close enough to confidently attribute; distance alone is insufficient per project methodology. Needs Sentinel-2 land-cover context to resolve.
1643,77.623145,9.493365,2026-08-27,2026-08-27,2,1,0.445,0.45,1.0,,industrial_works,1610.57221821,0,Other/Unknown,1555m from Rice Mill — plausibly related but not close enough to confidently attribute; distance alone is insufficient per project methodology. Needs Sentinel-2 land-cover context to resolve.
1645,80.75756,8.408864999999999,2026-08-27,2026-08-27,2,1,0.38,0.38,1.0,,,,0,Other/Unknown,"No nearby facility, moderate intensity (max FRP 0.4), short/low activity (1 active day(s) over 0 days, persistence score 1.00) — insufficient evidence to confidently classify."
1646,81.47933499999999,6.848685,2026-08-28,2026-08-28,2,1,10.235,11.54,1.0,,,,0,Wildfire / Natural Fire,"No industrial facility within 5km, high peak intensity (max FRP 11.5), short-lived (1 active day(s) over 0 days) — profile matches a natural/wild fire rather than a stable industrial source."
1648,78.106405,8.73066,2026-08-28,2026-08-28,2,1,8.33,9.62,1.0,,industrial_area,482.45966296,0,Industrial Fire,Close to an unnamed industrial_area (482m away) but only active 1 day(s) over a 0-day window (2 detections) — reads as a transient burn event at/near a facility rather than an ongoing source.
1648,78.106405,8.73066,2026-08-28,2026-08-28,2,1,8.33,9.62,1.0,,industrial_works,3331.67999108,0,Industrial Fire,Close to an unnamed industrial_area (482m away) but only active 1 day(s) over a 0-day window (2 detections) — reads as a transient burn event at/near a facility rather than an ongoing source.
1649,78.39674000000001,9.277533333333333,2026-08-28,2026-08-28,3,1,5.733333333333333,6.4,1.0,,,,0,Other/Unknown,"No nearby facility, moderate intensity (max FRP 6.4), short/low activity (1 active day(s) over 0 days, persistence score 1.00) — insufficient evidence to confidently classify."
1650,79.70954499999999,14.491765,2026-08-28,2026-08-28,2,1,6.02,6.57,1.0,,,,0,Other/Unknown,"No nearby facility, moderate intensity (max FRP 6.6), short/low activity (1 active day(s) over 0 days, persistence score 1.00) — insufficient evidence to confidently classify."
1651,77.5255,9.33105,2026-08-28,2026-08-28,2,1,3.345,4.97,1.0,,industrial_area,4006.11638774,0,Other/Unknown,"No nearby facility, moderate intensity (max FRP 5.0), short/low activity (1 active day(s) over 0 days, persistence score 1.00) — insufficient evidence to confidently classify."
1651,77.5255,9.33105,2026-08-28,2026-08-28,2,1,3.345,4.97,1.0,,power_plant,3575.37054065,0,Other/Unknown,"No nearby facility, moderate intensity (max FRP 5.0), short/low activity (1 active day(s) over 0 days, persistence score 1.00) — insufficient evidence to confidently classify."
1652,77.509465,9.416055,2026-08-28,2026-08-28,2,1,2.12,2.78,1.0,,industrial_area,2318.82471894,0,Other/Unknown,2319m from an unnamed industrial_area — plausibly related but not close enough to confidently attribute; distance alone is insufficient per project methodology. Needs Sentinel-2 land-cover context to resolve.
1653,71.179745,29.272455,2026-08-28,2026-08-28,2,1,3.7,4.02,1.0,,,,0,Other/Unknown,"No nearby facility, moderate intensity (max FRP 4.0), short/low activity (1 active day(s) over 0 days, persistence score 1.00) — insufficient evidence to confidently classify."
1654,95.23468,36.744985,2026-08-28,2026-08-28,2,1,1.955,2.22,1.0,,industrial_area,2617.90579738,0,Other/Unknown,2618m from an unnamed industrial_area — plausibly related but not close enough to confidently attribute; distance alone is insufficient per project methodology. Needs Sentinel-2 land-cover context to resolve.
1655,80.872765,6.814703333333333,2026-08-28,2026-08-28,6,1,2.77,3.98,1.0,Kingslynn Tea Factory,industrial_works,4196.06122357,0,Other/Unknown,2920m from an unnamed industrial_area — plausibly related but not close enough to confidently attribute; distance alone is insufficient per project methodology. Needs Sentinel-2 land-cover context to resolve.
1655,80.872765,6.814703333333333,2026-08-28,2026-08-28,6,1,2.77,3.98,1.0,Udaweria Estate Tea Factory,industrial_works,3409.28233537,0,Other/Unknown,2920m from an unnamed industrial_area — plausibly related but not close enough to confidently attribute; distance alone is insufficient per project methodology. Needs Sentinel-2 land-cover context to resolve.
1655,80.872765,6.814703333333333,2026-08-28,2026-08-28,6,1,2.77,3.98,1.0,,industrial_area,2919.97714548,0,Other/Unknown,2920m from an unnamed industrial_area — plausibly related but not close enough to confidently attribute; distance alone is insufficient per project methodology. Needs Sentinel-2 land-cover context to resolve.
1657,81.062935,6.230255,2026-08-19,2026-08-19,2,1,5.3,5.31,1.0,,,,0,Other/Unknown,"No nearby facility, moderate intensity (max FRP 5.3), short/low activity (1 active day(s) over 0 days, persistence score 1.00) — insufficient evidence to confidently classify."
1658,81.12443999999999,6.42042,2026-08-19,2026-08-19,2,1,3.285,3.4,1.0,,,,0,Other/Unknown,"No nearby facility, moderate intensity (max FRP 3.4), short/low activity (1 active day(s) over 0 days, persistence score 1.00) — insufficient evidence to confidently classify."
1659,81.62778750000001,6.7372825,2026-08-19,2026-08-19,4,1,12.8275,14.53,1.0,,,,0,Wildfire / Natural Fire,"No industrial facility within 5km, high peak intensity (max FRP 14.5), short-lived (1 active day(s) over 0 days) — profile matches a natural/wild fire rather than a stable industrial source."
1661,81.14124642857142,7.227254999999999,2026-08-18,2026-08-23,14,5,4.442142857142857,15.44,1.0,,,,5,Wildfire / Natural Fire,"No industrial facility within 5km, high peak intensity (max FRP 15.4), short-lived (5 active day(s) over 5 days) — profile matches a natural/wild fire rather than a stable industrial source."
1662,81.1716,7.314225,2026-08-19,2026-08-19,2,1,4.09,4.2,1.0,,,,0,Other/Unknown,"No nearby facility, moderate intensity (max FRP 4.2), short/low activity (1 active day(s) over 0 days, persistence score 1.00) — insufficient evidence to confidently classify."
1663,81.24482666666667,7.393263333333333,2026-08-19,2026-08-19,3,1,4.413333333333333,5.32,1.0,,,,0,Other/Unknown,"No nearby facility, moderate intensity (max FRP 5.3), short/low activity (1 active day(s) over 0 days, persistence score 1.00) — insufficient evidence to confidently classify."
1665,80.391745,7.703065,2026-08-19,2026-08-19,2,1,4.4,6.57,1.0,,,,0,Other/Unknown,"No nearby facility, moderate intensity (max FRP 6.6), short/low activity (1 active day(s) over 0 days, persistence score 1.00) — insufficient evidence to confidently classify."
1666,81.42602500000001,7.85541,2026-08-19,2026-08-19,2,1,15.385,15.68,1.0,,,,0,Wildfire / Natural Fire,"No industrial facility within 5km, high peak intensity (max FRP 15.7), short-lived (1 active day(s) over 0 days) — profile matches a natural/wild fire rather than a stable industrial source."
1667,81.148095,8.06387,2026-08-19,2026-08-19,2,1,6.1850000000000005,7.79,1.0,,,,0,Other/Unknown,"No nearby facility, moderate intensity (max FRP 7.8), short/low activity (1 active day(s) over 0 days, persistence score 1.00) — insufficient evidence to confidently classify."
1668,81.206445,8.19289,2026-08-19,2026-08-19,2,1,7.72,8.19,1.0,,,,0,Wildfire / Natural Fire,"No industrial facility within 5km, high peak intensity (max FRP 8.2), short-lived (1 active day(s) over 0 days) — profile matches a natural/wild fire rather than a stable industrial source."
1669,80.39359999999999,8.477065,2026-08-19,2026-08-19,2,1,5.73,5.73,1.0,,,,0,Other/Unknown,"No nearby facility, moderate intensity (max FRP 5.7), short/low activity (1 active day(s) over 0 days, persistence score 1.00) — insufficient evidence to confidently classify."
1670,80.879825,8.620940000000001,2026-08-19,2026-08-19,2,1,2.98,3.86,1.0,,,,0,Other/Unknown,"No nearby facility, moderate intensity (max FRP 3.9), short/low activity (1 active day(s) over 0 days, persistence score 1.00) — insufficient evidence to confidently classify."
1671,77.90068,8.643275,2026-08-19,2026-08-19,2,1,10.4,12.23,1.0,,,,0,Wildfire / Natural Fire,"No industrial facility within 5km, high peak intensity (max FRP 12.2), short-lived (1 active day(s) over 0 days) — profile matches a natural/wild fire rather than a stable industrial source."
1672,77.94400999999999,8.717123333333333,2026-08-19,2026-08-19,3,1,7.156666666666666,10.01,1.0,,,,0,Wildfire / Natural Fire,"No industrial facility within 5km, high peak intensity (max FRP 10.0), short-lived (1 active day(s) over 0 days) — profile matches a natural/wild fire rather than a stable industrial source."
1675,77.80729000000001,8.903046666666668,2026-08-19,2026-08-19,3,1,8.146666666666667,8.58,1.0,,power_plant,1139.83382599,0,Industrial Fire,Close to an unnamed power_plant (1140m away) but only active 1 day(s) over a 0-day window (3 detections) — reads as a transient burn event at/near a facility rather than an ongoing source.
1678,80.842095,9.023535,2026-08-19,2026-08-19,2,1,5.11,5.11,1.0,,,,0,Other/Unknown,"No nearby facility, moderate intensity (max FRP 5.1), short/low activity (1 active day(s) over 0 days, persistence score 1.00) — insufficient evidence to confidently classify."
1680,78.66309000000001,9.364555,2026-08-19,2026-08-21,2,2,7.274999999999999,10.37,1.0,,,,2,Wildfire / Natural Fire,"No industrial facility within 5km, high peak intensity (max FRP 10.4), short-lived (2 active day(s) over 2 days) — profile matches a natural/wild fire rather than a stable industrial source."
1681,80.58328,9.39171,2026-08-19,2026-08-19,3,1,7.733333333333333,8.48,1.0,'Modern Rice Mill',industrial_works,2856.04231864,0,Other/Unknown,2429m from an unnamed industrial_area — plausibly related but not close enough to confidently attribute; distance alone is insufficient per project methodology. Needs Sentinel-2 land-cover context to resolve.
1681,80.58328,9.39171,2026-08-19,2026-08-19,3,1,7.733333333333333,8.48,1.0,,industrial_area,2428.5849235,0,Other/Unknown,2429m from an unnamed industrial_area — plausibly related but not close enough to confidently attribute; distance alone is insufficient per project methodology. Needs Sentinel-2 land-cover context to resolve.
1683,78.2290825,9.5215275,2026-08-19,2026-08-19,4,1,3.54,5.7,1.0,Tiruchuli,power_plant,204.29209945,0,Industrial Fire,Close to Tiruchuli (204m away) but only active 1 day(s) over a 0-day window (4 detections) — reads as a transient burn event at/near a facility rather than an ongoing source.
1683,78.2290825,9.5215275,2026-08-19,2026-08-19,4,1,3.54,5.7,1.0,,industrial_area,4686.98781458,0,Industrial Fire,Close to Tiruchuli (204m away) but only active 1 day(s) over a 0-day window (4 detections) — reads as a transient burn event at/near a facility rather than an ongoing source.
1683,78.2290825,9.5215275,2026-08-19,2026-08-19,4,1,3.54,5.7,1.0,,power_plant,1786.23331818,0,Industrial Fire,Close to Tiruchuli (204m away) but only active 1 day(s) over a 0-day window (4 detections) — reads as a transient burn event at/near a facility rather than an ongoing source.
1685,76.896215,11.14796,2026-08-19,2026-08-19,2,1,4.96,4.96,1.0,KSB Pumps,industrial_area,4889.25394039,0,Other/Unknown,"No nearby facility, moderate intensity (max FRP 5.0), short/low activity (1 active day(s) over 0 days, persistence score 1.00) — insufficient evidence to confidently classify."
1686,71.26836499999999,29.96797,2026-08-19,2026-08-19,2,1,7.285,7.85,1.0,,,,0,Other/Unknown,"No nearby facility, moderate intensity (max FRP 7.8), short/low activity (1 active day(s) over 0 days, persistence score 1.00) — insufficient evidence to confidently classify."
1687,72.625425,29.97477,2026-08-19,2026-08-19,2,1,7.35,7.35,1.0,,,,0,Other/Unknown,"No nearby facility, moderate intensity (max FRP 7.3), short/low activity (1 active day(s) over 0 days, persistence score 1.00) — insufficient evidence to confidently classify."
1688,72.18352999999999,29.9759,2026-08-19,2026-08-19,2,1,5.89,5.89,1.0,,,,0,Other/Unknown,"No nearby facility, moderate intensity (max FRP 5.9), short/low activity (1 active day(s) over 0 days, persistence score 1.00) — insufficient evidence to confidently classify."
1689,72.63060666666667,30.011606666666665,2026-08-19,2026-08-19,3,1,6.946666666666666,9.02,1.0,,,,0,Wildfire / Natural Fire,"No industrial facility within 5km, high peak intensity (max FRP 9.0), short-lived (1 active day(s) over 0 days) — profile matches a natural/wild fire rather than a stable industrial source."
1690,72.150785,30.32794,2026-08-19,2026-08-19,2,1,2.77,2.77,1.0,,,,0,Other/Unknown,"No nearby facility, moderate intensity (max FRP 2.8), short/low activity (1 active day(s) over 0 days, persistence score 1.00) — insufficient evidence to confidently classify."
1692,89.812075,25.61097,2026-08-19,2026-08-19,2,1,2.815,3.35,1.0,Brick kiln owner Shahidul Islam ( ইটের ভাটা মালিক শহীদুল ইসলাম ),industrial_area,4023.26940193,0,Other/Unknown,"No nearby facility, moderate intensity (max FRP 3.4), short/low activity (1 active day(s) over 0 days, persistence score 1.00) — insufficient evidence to confidently classify."
1692,89.812075,25.61097,2026-08-19,2026-08-19,2,1,2.815,3.35,1.0,Brick kiln Shaddat Hossain,industrial_area,4446.19508001,0,Other/Unknown,"No nearby facility, moderate intensity (max FRP 3.4), short/low activity (1 active day(s) over 0 days, persistence score 1.00) — insufficient evidence to confidently classify."
1696,81.1498575,6.358315,2026-08-18,2026-08-20,4,2,18.765,32.9,1.0,,,,2,Wildfire / Natural Fire,"No industrial facility within 5km, high peak intensity (max FRP 32.9), short-lived (2 active day(s) over 2 days) — profile matches a natural/wild fire rather than a stable industrial source."
1705,80.93349333333335,7.5307666666666675,2026-08-20,2026-08-20,3,1,4.086666666666667,4.45,1.0,,,,0,Other/Unknown,"No nearby facility, moderate intensity (max FRP 4.5), short/low activity (1 active day(s) over 0 days, persistence score 1.00) — insufficient evidence to confidently classify."
1708,82.95153333333333,17.508593333333334,2026-08-20,2026-08-20,3,1,4.786666666666666,6.78,1.0,Amara Life Sciences Private Limited,industrial_works,2216.13752107,0,Industrial Fire,Close to an unnamed industrial_area (447m away) but only active 1 day(s) over a 0-day window (3 detections) — reads as a transient burn event at/near a facility rather than an ongoing source.
1708,82.95153333333333,17.508593333333334,2026-08-20,2026-08-20,3,1,4.786666666666666,6.78,1.0,Asian Paints Limited,industrial_area,4954.24434908,0,Industrial Fire,Close to an unnamed industrial_area (447m away) but only active 1 day(s) over a 0-day window (3 detections) — reads as a transient burn event at/near a facility rather than an ongoing source.
1708,82.95153333333333,17.508593333333334,2026-08-20,2026-08-20,3,1,4.786666666666666,6.78,1.0,BIAC Non-Processing Zone,industrial_area,3933.27923039,0,Industrial Fire,Close to an unnamed industrial_area (447m away) but only active 1 day(s) over a 0-day window (3 detections) — reads as a transient burn event at/near a facility rather than an ongoing source.
1708,82.95153333333333,17.508593333333334,2026-08-20,2026-08-20,3,1,4.786666666666666,6.78,1.0,Brandix India Apparel City SEZ,industrial_area,3598.15967595,0,Industrial Fire,Close to an unnamed industrial_area (447m away) but only active 1 day(s) over a 0-day window (3 detections) — reads as a transient burn event at/near a facility rather than an ongoing source.
1708,82.95153333333333,17.508593333333334,2026-08-20,2026-08-20,3,1,4.786666666666666,6.78,1.0,Econopack Industries Pvt Ltd,industrial_works,4144.80907584,0,Industrial Fire,Close to an unnamed industrial_area (447m away) but only active 1 day(s) over a 0-day window (3 detections) — reads as a transient burn event at/near a facility rather than an ongoing source.
1708,82.95153333333333,17.508593333333334,2026-08-20,2026-08-20,3,1,4.786666666666666,6.78,1.0,International Trimmings and Labels India Private Limited,industrial_works,4343.66620373,0,Industrial Fire,Close to an unnamed industrial_area (447m away) but only active 1 day(s) over a 0-day window (3 detections) — reads as a transient burn event at/near a facility rather than an ongoing source.
1708,82.95153333333333,17.508593333333334,2026-08-20,2026-08-20,3,1,4.786666666666666,6.78,1.0,IOCL,industrial_area,2200.47205964,0,Industrial Fire,Close to an unnamed industrial_area (447m away) but only active 1 day(s) over a 0-day window (3 detections) — reads as a transient burn event at/near a facility rather than an ongoing source.
1708,82.95153333333333,17.508593333333334,2026-08-20,2026-08-20,3,1,4.786666666666666,6.78,1.0,Laurus Labs Pvt Ltd,industrial_area,1638.19719837,0,Industrial Fire,Close to an unnamed industrial_area (447m away) but only active 1 day(s) over a 0-day window (3 detections) — reads as a transient burn event at/near a facility rather than an ongoing source.
1708,82.95153333333333,17.508593333333334,2026-08-20,2026-08-20,3,1,4.786666666666666,6.78,1.0,Laurus Labs Pvt Ltd,industrial_works,1466.04804867,0,Industrial Fire,Close to an unnamed industrial_area (447m away) but only active 1 day(s) over a 0-day window (3 detections) — reads as a transient burn event at/near a facility rather than an ongoing source.
1708,82.95153333333333,17.508593333333334,2026-08-20,2026-08-20,3,1,4.786666666666666,6.78,1.0,Porus Laboratories Pvt Ltd,industrial_works,3196.42058866,0,Industrial Fire,Close to an unnamed industrial_area (447m away) but only active 1 day(s) over a 0-day window (3 detections) — reads as a transient burn event at/near a facility rather than an ongoing source.
1708,82.95153333333333,17.508593333333334,2026-08-20,2026-08-20,3,1,4.786666666666666,6.78,1.0,Ribest Ribbons And Bows (India) Private Limited,industrial_works,4271.15908206,0,Industrial Fire,Close to an unnamed industrial_area (447m away) but only active 1 day(s) over a 0-day window (3 detections) — reads as a transient burn event at/near a facility rather than an ongoing source.
1708,82.95153333333333,17.508593333333334,2026-08-20,2026-08-20,3,1,4.786666666666666,6.78,1.0,Sainor Laboratories Pvt Ltd,industrial_works,2421.84742185,0,Industrial Fire,Close to an unnamed industrial_area (447m away) but only active 1 day(s) over a 0-day window (3 detections) — reads as a transient burn event at/near a facility rather than an ongoing source.
1708,82.95153333333333,17.508593333333334,2026-08-20,2026-08-20,3,1,4.786666666666666,6.78,1.0,Siflon Drugs,industrial_works,2298.53359914,0,Industrial Fire,Close to an unnamed industrial_area (447m away) but only active 1 day(s) over a 0-day window (3 detections) — reads as a transient burn event at/near a facility rather than an ongoing source.
1708,82.95153333333333,17.508593333333334,2026-08-20,2026-08-20,3,1,4.786666666666666,6.78,1.0,Solara Active Pharma Sciences Limited,industrial_works,2664.33978487,0,Industrial Fire,Close to an unnamed industrial_area (447m away) but only active 1 day(s) over a 0-day window (3 detections) — reads as a transient burn event at/near a facility rather than an ongoing source.
1708,82.95153333333333,17.508593333333334,2026-08-20,2026-08-20,3,1,4.786666666666666,6.78,1.0,SSV Pharma Private Limited,industrial_works,3813.7990888,0,Industrial Fire,Close to an unnamed industrial_area (447m away) but only active 1 day(s) over a 0-day window (3 detections) — reads as a transient burn event at/near a facility rather than an ongoing source.
1708,82.95153333333333,17.508593333333334,2026-08-20,2026-08-20,3,1,4.786666666666666,6.78,1.0,Sundaram Alloys Limited,industrial_works,1209.87520526,0,Industrial Fire,Close to an unnamed industrial_area (447m away) but only active 1 day(s) over a 0-day window (3 detections) — reads as a transient burn event at/near a facility rather than an ongoing source.
1708,82.95153333333333,17.508593333333334,2026-08-20,2026-08-20,3,1,4.786666666666666,6.78,1.0,Teejay India Pvt Ltd,industrial_works,2715.10620167,0,Industrial Fire,Close to an unnamed industrial_area (447m away) but only active 1 day(s) over a 0-day window (3 detections) — reads as a transient burn event at/near a facility rather than an ongoing source.
1708,82.95153333333333,17.508593333333334,2026-08-20,2026-08-20,3,1,4.786666666666666,6.78,1.0,Tianyuan Garments India Private Limited,industrial_works,4102.84524147,0,Industrial Fire,Close to an unnamed industrial_area (447m away) but only active 1 day(s) over a 0-day window (3 detections) — reads as a transient burn event at/near a facility rather than an ongoing source.
1708,82.95153333333333,17.508593333333334,2026-08-20,2026-08-20,3,1,4.786666666666666,6.78,1.0,Toyotsu Rare Earths India Pvt. Ltd,industrial_works,3577.84134559,0,Industrial Fire,Close to an unnamed industrial_area (447m away) but only active 1 day(s) over a 0-day window (3 detections) — reads as a transient burn event at/near a facility rather than an ongoing source.
1708,82.95153333333333,17.508593333333334,2026-08-20,2026-08-20,3,1,4.786666666666666,6.78,1.0,Uniparts India Limited,industrial_works,4775.69433513,0,Industrial Fire,Close to an unnamed industrial_area (447m away) but only active 1 day(s) over a 0-day window (3 detections) — reads as a transient burn event at/near a facility rather than an ongoing source.
1708,82.95153333333333,17.508593333333334,2026-08-20,2026-08-20,3,1,4.786666666666666,6.78,1.0,Vardhman Yarns & Threads Ltd,industrial_works,4431.62386002,0,Industrial Fire,Close to an unnamed industrial_area (447m away) but only active 1 day(s) over a 0-day window (3 detections) — reads as a transient burn event at/near a facility rather than an ongoing source.
1708,82.95153333333333,17.508593333333334,2026-08-20,2026-08-20,3,1,4.786666666666666,6.78,1.0,Vasant Chemicals Pvt Ltd,industrial_works,1842.39623845,0,Industrial Fire,Close to an unnamed industrial_area (447m away) but only active 1 day(s) over a 0-day window (3 detections) — reads as a transient burn event at/near a facility rather than an ongoing source.
1708,82.95153333333333,17.508593333333334,2026-08-20,2026-08-20,3,1,4.786666666666666,6.78,1.0,Yama Ribbon Manufacturer India Private Limited,industrial_works,3246.02413226,0,Industrial Fire,Close to an unnamed industrial_area (447m away) but only active 1 day(s) over a 0-day window (3 detections) — reads as a transient burn event at/near a facility rather than an ongoing source.
1708,82.95153333333333,17.508593333333334,2026-08-20,2026-08-20,3,1,4.786666666666666,6.78,1.0,,industrial_area,446.81151496,0,Industrial Fire,Close to an unnamed industrial_area (447m away) but only active 1 day(s) over a 0-day window (3 detections) — reads as a transient burn event at/near a facility rather than an ongoing source.
1708,82.95153333333333,17.508593333333334,2026-08-20,2026-08-20,3,1,4.786666666666666,6.78,1.0,,industrial_works,3627.08438841,0,Industrial Fire,Close to an unnamed industrial_area (447m away) but only active 1 day(s) over a 0-day window (3 detections) — reads as a transient burn event at/near a facility rather than an ongoing source.
1711,75.953145,24.71571,2026-08-20,2026-08-22,2,2,0.7250000000000001,0.89,1.0,Mangalam Cements,industrial_area,37.97995172,2,Industrial Fire,Close to Mangalam Cements (38m away) but only active 2 day(s) over a 2-day window (2 detections) — reads as a transient burn event at/near a facility rather than an ongoing source.
1711,75.953145,24.71571,2026-08-20,2026-08-22,2,2,0.7250000000000001,0.89,1.0,,power_plant,215.87628122,2,Industrial Fire,Close to Mangalam Cements (38m away) but only active 2 day(s) over a 2-day window (2 detections) — reads as a transient burn event at/near a facility rather than an ongoing source.
1713,80.81538499999999,6.644803333333335,2026-08-20,2026-08-20,6,1,0.9583333333333334,1.37,1.0,,pipeline,4539.01058989,0,Other/Unknown,"No nearby facility, moderate intensity (max FRP 1.4), short/low activity (1 active day(s) over 0 days, persistence score 1.00) — insufficient evidence to confidently classify."
1716,80.409475,8.77442,2026-08-21,2026-08-21,2,1,11.37,15.2,1.0,,,,0,Wildfire / Natural Fire,"No industrial facility within 5km, high peak intensity (max FRP 15.2), short-lived (1 active day(s) over 0 days) — profile matches a natural/wild fire rather than a stable industrial source."
1717,78.605955,10.86265,2026-08-21,2026-08-21,2,1,3.675,3.75,1.0,,,,0,Other/Unknown,"No nearby facility, moderate intensity (max FRP 3.8), short/low activity (1 active day(s) over 0 days, persistence score 1.00) — insufficient evidence to confidently classify."
1718,79.128445,11.71226,2026-08-21,2026-08-21,2,1,31.12,49.23,1.0,,,,0,Wildfire / Natural Fire,"No industrial facility within 5km, high peak intensity (max FRP 49.2), short-lived (1 active day(s) over 0 days) — profile matches a natural/wild fire rather than a stable industrial source."
1719,71.78661,29.47974,2026-08-21,2026-08-21,2,1,6.885,7.1,1.0,,,,0,Other/Unknown,"No nearby facility, moderate intensity (max FRP 7.1), short/low activity (1 active day(s) over 0 days, persistence score 1.00) — insufficient evidence to confidently classify."
1721,71.857495,30.487235,2026-08-21,2026-08-21,2,1,6.39,7.01,1.0,,,,0,Other/Unknown,"No nearby facility, moderate intensity (max FRP 7.0), short/low activity (1 active day(s) over 0 days, persistence score 1.00) — insufficient evidence to confidently classify."
1724,84.147205,24.929265,2026-08-21,2026-08-21,2,1,2.895,2.91,1.0,,,,0,Other/Unknown,"No nearby facility, moderate intensity (max FRP 2.9), short/low activity (1 active day(s) over 0 days, persistence score 1.00) — insufficient evidence to confidently classify."
1726,77.89802499999999,8.598215,2026-08-21,2026-08-23,2,2,2.115,3.94,1.0,,power_plant,2109.27241039,2,Other/Unknown,2109m from an unnamed power_plant — plausibly related but not close enough to confidently attribute; distance alone is insufficient per project methodology. Needs Sentinel-2 land-cover context to resolve.
1729,71.32315,35.789255,2026-08-21,2026-08-21,2,1,2.17,2.28,1.0,,,,0,Other/Unknown,"No nearby facility, moderate intensity (max FRP 2.3), short/low activity (1 active day(s) over 0 days, persistence score 1.00) — insufficient evidence to confidently classify."
1730,68.73174,27.50423,2026-08-21,2026-08-21,2,1,1.22,1.28,1.0,Khairpur Railway Station,industrial_area,1753.42515417,0,Other/Unknown,1753m from Khairpur Railway Station — plausibly related but not close enough to confidently attribute; distance alone is insufficient per project methodology. Needs Sentinel-2 land-cover context to resolve.
1730,68.73174,27.50423,2026-08-21,2026-08-21,2,1,1.22,1.28,1.0,Marbel Factory,industrial_area,2752.44874836,0,Other/Unknown,1753m from Khairpur Railway Station — plausibly related but not close enough to confidently attribute; distance alone is insufficient per project methodology. Needs Sentinel-2 land-cover context to resolve.
1730,68.73174,27.50423,2026-08-21,2026-08-21,2,1,1.22,1.28,1.0,,industrial_area,3491.708635,0,Other/Unknown,1753m from Khairpur Railway Station — plausibly related but not close enough to confidently attribute; distance alone is insufficient per project methodology. Needs Sentinel-2 land-cover context to resolve.
1731,81.34277,6.35083,2026-08-22,2026-08-22,2,1,11.74,11.74,1.0,,,,0,Wildfire / Natural Fire,"No industrial facility within 5km, high peak intensity (max FRP 11.7), short-lived (1 active day(s) over 0 days) — profile matches a natural/wild fire rather than a stable industrial source."
1734,80.95968,6.934363333333334,2026-08-22,2026-08-22,3,1,1.5833333333333333,3.47,1.0,downside tea factory,industrial_works,4174.57260164,0,Other/Unknown,"No nearby facility, moderate intensity (max FRP 3.5), short/low activity (1 active day(s) over 0 days, persistence score 1.00) — insufficient evidence to confidently classify."
1734,80.95968,6.934363333333334,2026-08-22,2026-08-22,3,1,1.5833333333333333,3.47,1.0,Uma Oya Multipurpose Project Pipeline,pipeline,4291.69157921,0,Other/Unknown,"No nearby facility, moderate intensity (max FRP 3.5), short/low activity (1 active day(s) over 0 days, persistence score 1.00) — insufficient evidence to confidently classify."
1734,80.95968,6.934363333333334,2026-08-22,2026-08-22,3,1,1.5833333333333333,3.47,1.0,,industrial_area,3990.60945365,0,Other/Unknown,"No nearby facility, moderate intensity (max FRP 3.5), short/low activity (1 active day(s) over 0 days, persistence score 1.00) — insufficient evidence to confidently classify."
1735,81.843725,7.33741,2026-08-22,2026-08-22,2,1,4.905,5.49,1.0,Nintavur Industrial Area,industrial_area,572.28379948,0,Industrial Fire,Close to Nintavur Industrial Area (572m away) but only active 1 day(s) over a 0-day window (2 detections) — reads as a transient burn event at/near a facility rather than an ongoing source.
1735,81.843725,7.33741,2026-08-22,2026-08-22,2,1,4.905,5.49,1.0,Orange Tea Factory,industrial_area,4513.55767713,0,Industrial Fire,Close to Nintavur Industrial Area (572m away) but only active 1 day(s) over a 0-day window (2 detections) — reads as a transient burn event at/near a facility rather than an ongoing source.
1735,81.843725,7.33741,2026-08-22,2026-08-22,2,1,4.905,5.49,1.0,Rice Mil,industrial_area,4492.21127692,0,Industrial Fire,Close to Nintavur Industrial Area (572m away) but only active 1 day(s) over a 0-day window (2 detections) — reads as a transient burn event at/near a facility rather than an ongoing source.
1735,81.843725,7.33741,2026-08-22,2026-08-22,2,1,4.905,5.49,1.0,Sammanthurai Rice Mills,industrial_works,4893.72839644,0,Industrial Fire,Close to Nintavur Industrial Area (572m away) but only active 1 day(s) over a 0-day window (2 detections) — reads as a transient burn event at/near a facility rather than an ongoing source.
1735,81.843725,7.33741,2026-08-22,2026-08-22,2,1,4.905,5.49,1.0,,industrial_area,926.45171333,0,Industrial Fire,Close to Nintavur Industrial Area (572m away) but only active 1 day(s) over a 0-day window (2 detections) — reads as a transient burn event at/near a facility rather than an ongoing source.
1735,81.843725,7.33741,2026-08-22,2026-08-22,2,1,4.905,5.49,1.0,,industrial_works,1442.90246256,0,Industrial Fire,Close to Nintavur Industrial Area (572m away) but only active 1 day(s) over a 0-day window (2 detections) — reads as a transient burn event at/near a facility rather than an ongoing source.
1735,81.843725,7.33741,2026-08-22,2026-08-22,2,1,4.905,5.49,1.0,,power_plant,1534.09694389,0,Industrial Fire,Close to Nintavur Industrial Area (572m away) but only active 1 day(s) over a 0-day window (2 detections) — reads as a transient burn event at/near a facility rather than an ongoing source.
1736,81.23977500000001,8.06925,2026-08-22,2026-08-22,2,1,13.1,13.1,1.0,New Rathna Rice (Pvt) Ltd,industrial_works,1303.15479974,0,Industrial Fire,Close to Rathna Polysack (Pvt) Ltd (1250m away) but only active 1 day(s) over a 0-day window (2 detections) — reads as a transient burn event at/near a facility rather than an ongoing source.
1736,81.23977500000001,8.06925,2026-08-22,2026-08-22,2,1,13.1,13.1,1.0,Rathna Polysack (Pvt) Ltd,industrial_works,1250.41155386,0,Industrial Fire,Close to Rathna Polysack (Pvt) Ltd (1250m away) but only active 1 day(s) over a 0-day window (2 detections) — reads as a transient burn event at/near a facility rather than an ongoing source.
1736,81.23977500000001,8.06925,2026-08-22,2026-08-22,2,1,13.1,13.1,1.0,,power_plant,1253.13047678,0,Industrial Fire,Close to Rathna Polysack (Pvt) Ltd (1250m away) but only active 1 day(s) over a 0-day window (2 detections) — reads as a transient burn event at/near a facility rather than an ongoing source.
1738,77.75113999999999,9.296585,2026-08-22,2026-08-22,2,1,1.46,1.47,1.0,,industrial_area,2073.7594372,0,Other/Unknown,2074m from an unnamed industrial_area — plausibly related but not close enough to confidently attribute; distance alone is insufficient per project methodology. Needs Sentinel-2 land-cover context to resolve.
1738,77.75113999999999,9.296585,2026-08-22,2026-08-22,2,1,1.46,1.47,1.0,,power_plant,2650.00512264,0,Other/Unknown,2074m from an unnamed industrial_area — plausibly related but not close enough to confidently attribute; distance alone is insufficient per project methodology. Needs Sentinel-2 land-cover context to resolve.
1739,78.71471,11.40921,2026-08-22,2026-08-22,2,1,2.155,2.35,1.0,,,,0,Other/Unknown,"No nearby facility, moderate intensity (max FRP 2.4), short/low activity (1 active day(s) over 0 days, persistence score 1.00) — insufficient evidence to confidently classify."
1741,77.150565,15.163095,2026-08-22,2026-08-22,2,1,5.59,5.69,1.0,,power_plant,3760.83997593,0,Other/Unknown,"No nearby facility, moderate intensity (max FRP 5.7), short/low activity (1 active day(s) over 0 days, persistence score 1.00) — insufficient evidence to confidently classify."
1742,77.16609,15.20619,2026-08-22,2026-08-22,2,1,6.18,6.3,1.0,,power_plant,3571.19353836,0,Other/Unknown,"No nearby facility, moderate intensity (max FRP 6.3), short/low activity (1 active day(s) over 0 days, persistence score 1.00) — insufficient evidence to confidently classify."
1743,71.98915,30.04529,2026-08-22,2026-08-22,2,1,4.78,4.78,1.0,,,,0,Other/Unknown,"No nearby facility, moderate intensity (max FRP 4.8), short/low activity (1 active day(s) over 0 days, persistence score 1.00) — insufficient evidence to confidently classify."
1744,72.26787999999999,30.57745,2026-08-22,2026-08-22,2,1,1.755,1.88,1.0,,,,0,Other/Unknown,"No nearby facility, moderate intensity (max FRP 1.9), short/low activity (1 active day(s) over 0 days, persistence score 1.00) — insufficient evidence to confidently classify."
1747,80.7689,8.06323,2026-08-22,2026-08-22,2,1,2.25,4.08,1.0,,,,0,Other/Unknown,"No nearby facility, moderate intensity (max FRP 4.1), short/low activity (1 active day(s) over 0 days, persistence score 1.00) — insufficient evidence to confidently classify."
1748,81.30572000000001,6.8127,2026-08-22,2026-08-22,2,1,1.46,1.46,1.0,Kalawaaragama Power Plant,power_plant,1573.47419926,0,Other/Unknown,1573m from Kalawaaragama Power Plant — plausibly related but not close enough to confidently attribute; distance alone is insufficient per project methodology. Needs Sentinel-2 land-cover context to resolve.
1748,81.30572000000001,6.8127,2026-08-22,2026-08-22,2,1,1.46,1.46,1.0,,power_plant,4460.20530762,0,Other/Unknown,1573m from Kalawaaragama Power Plant — plausibly related but not close enough to confidently attribute; distance alone is insufficient per project methodology. Needs Sentinel-2 land-cover context to resolve.
1751,81.18878666666667,7.009696666666667,2026-08-22,2026-08-22,3,1,0.98,1.6,1.0,,,,0,Other/Unknown,"No nearby facility, moderate intensity (max FRP 1.6), short/low activity (1 active day(s) over 0 days, persistence score 1.00) — insufficient evidence to confidently classify."
1752,81.33809,6.370055000000001,2026-08-23,2026-08-23,2,1,13.56,14.47,1.0,,,,0,Wildfire / Natural Fire,"No industrial facility within 5km, high peak intensity (max FRP 14.5), short-lived (1 active day(s) over 0 days) — profile matches a natural/wild fire rather than a stable industrial source."
1753,81.14529999999999,6.38289,2026-08-23,2026-08-23,2,1,6.465,6.68,1.0,,,,0,Other/Unknown,"No nearby facility, moderate intensity (max FRP 6.7), short/low activity (1 active day(s) over 0 days, persistence score 1.00) — insufficient evidence to confidently classify."
1754,81.11262333333333,7.303066666666666,2026-08-23,2026-08-23,3,1,4.663333333333333,5.52,1.0,,,,0,Other/Unknown,"No nearby facility, moderate intensity (max FRP 5.5), short/low activity (1 active day(s) over 0 days, persistence score 1.00) — insufficient evidence to confidently classify."
1755,81.453025,7.34792,2026-08-23,2026-08-23,2,1,7.775,8.35,1.0,,,,0,Wildfire / Natural Fire,"No industrial facility within 5km, high peak intensity (max FRP 8.3), short-lived (1 active day(s) over 0 days) — profile matches a natural/wild fire rather than a stable industrial source."
1756,96.04745,24.07447,2026-08-23,2026-08-23,2,1,4.115,4.17,1.0,,,,0,Other/Unknown,"No nearby facility, moderate intensity (max FRP 4.2), short/low activity (1 active day(s) over 0 days, persistence score 1.00) — insufficient evidence to confidently classify."
1758,88.852525,29.25328,2026-08-23,2026-08-23,2,1,3.985,4.48,1.0,,,,0,Other/Unknown,"No nearby facility, moderate intensity (max FRP 4.5), short/low activity (1 active day(s) over 0 days, persistence score 1.00) — insufficient evidence to confidently classify."
1761,81.361255,7.93768,2026-08-23,2026-08-23,2,1,6.175000000000001,6.32,1.0,,,,0,Other/Unknown,"No nearby facility, moderate intensity (max FRP 6.3), short/low activity (1 active day(s) over 0 days, persistence score 1.00) — insufficient evidence to confidently classify."
1763,81.070735,7.0982425,2026-08-23,2026-08-23,4,1,2.3,2.99,1.0,,,,0,Other/Unknown,"No nearby facility, moderate intensity (max FRP 3.0), short/low activity (1 active day(s) over 0 days, persistence score 1.00) — insufficient evidence to confidently classify."
1764,77.25497,10.07168,2026-08-23,2026-08-23,5,1,1.806,2.47,1.0,,,,0,Other/Unknown,"No nearby facility, moderate intensity (max FRP 2.5), short/low activity (1 active day(s) over 0 days, persistence score 1.00) — insufficient evidence to confidently classify."
1766,81.36912000000001,6.769270000000001,2026-08-14,2026-08-14,2,1,8.53,8.53,1.0,,,,0,Wildfire / Natural Fire,"No industrial facility within 5km, high peak intensity (max FRP 8.5), short-lived (1 active day(s) over 0 days) — profile matches a natural/wild fire rather than a stable industrial source."
1768,81.3090975,7.697865,2026-08-14,2026-08-14,4,1,11.81,15.08,1.0,,,,0,Wildfire / Natural Fire,"No industrial facility within 5km, high peak intensity (max FRP 15.1), short-lived (1 active day(s) over 0 days) — profile matches a natural/wild fire rather than a stable industrial source."
1769,80.89198,8.66005,2026-08-14,2026-08-14,2,1,3.62,4.04,1.0,,,,0,Other/Unknown,"No nearby facility, moderate intensity (max FRP 4.0), short/low activity (1 active day(s) over 0 days, persistence score 1.00) — insufficient evidence to confidently classify."
1772,78.71989,9.94318,2026-08-14,2026-08-14,3,1,3.9066666666666663,4.78,1.0,,power_plant,390.03323399,0,Industrial Fire,Close to an unnamed power_plant (390m away) but only active 1 day(s) over a 0-day window (3 detections) — reads as a transient burn event at/near a facility rather than an ongoing source.
1774,77.40958888888889,14.32542,2026-08-14,2026-08-14,9,1,3.5077777777777777,7.7,1.0,,,,0,Other/Unknown,"No nearby facility, moderate intensity (max FRP 7.7), short/low activity (1 active day(s) over 0 days, persistence score 1.00) — insufficient evidence to confidently classify."
1778,71.94423,30.413225,2026-08-14,2026-08-14,2,1,3.7,5.06,1.0,,,,0,Other/Unknown,"No nearby facility, moderate intensity (max FRP 5.1), short/low activity (1 active day(s) over 0 days, persistence score 1.00) — insufficient evidence to confidently classify."
1780,73.21692,30.909605,2026-08-14,2026-08-14,2,1,3.47,3.47,1.0,,,,0,Other/Unknown,"No nearby facility, moderate intensity (max FRP 3.5), short/low activity (1 active day(s) over 0 days, persistence score 1.00) — insufficient evidence to confidently classify."
1781,73.36959,31.03122,2026-08-14,2026-08-16,2,2,6.385,6.75,1.0,,,,2,Other/Unknown,"No nearby facility, moderate intensity (max FRP 6.8), short/low activity (2 active day(s) over 2 days, persistence score 1.00) — insufficient evidence to confidently classify."
1782,72.48852,31.70298,2026-08-14,2026-08-14,2,1,4.45,5.11,1.0,,,,0,Other/Unknown,"No nearby facility, moderate intensity (max FRP 5.1), short/low activity (1 active day(s) over 0 days, persistence score 1.00) — insufficient evidence to confidently classify."
1786,81.05154,6.37667,2026-08-15,2026-08-15,2,1,3.71,3.71,1.0,,,,0,Other/Unknown,"No nearby facility, moderate intensity (max FRP 3.7), short/low activity (1 active day(s) over 0 days, persistence score 1.00) — insufficient evidence to confidently classify."
1788,81.14166499999999,7.151515,2026-08-15,2026-08-15,2,1,3.625,4.04,1.0,,,,0,Other/Unknown,"No nearby facility, moderate intensity (max FRP 4.0), short/low activity (1 active day(s) over 0 days, persistence score 1.00) — insufficient evidence to confidently classify."
1790,81.20415,7.22487,2026-08-15,2026-08-15,2,1,3.3150000000000004,3.49,1.0,,pipeline,4882.12921546,0,Other/Unknown,"No nearby facility, moderate intensity (max FRP 3.5), short/low activity (1 active day(s) over 0 days, persistence score 1.00) — insufficient evidence to confidently classify."
1793,81.684905,7.428385,2026-08-15,2026-08-15,2,1,3.55,3.55,1.0,,,,0,Other/Unknown,"No nearby facility, moderate intensity (max FRP 3.5), short/low activity (1 active day(s) over 0 days, persistence score 1.00) — insufficient evidence to confidently classify."
1794,81.34209,7.723183333333334,2026-08-15,2026-08-15,3,1,4.196666666666666,6.04,1.0,,,,0,Other/Unknown,"No nearby facility, moderate intensity (max FRP 6.0), short/low activity (1 active day(s) over 0 days, persistence score 1.00) — insufficient evidence to confidently classify."
1795,80.2699,8.349580000000001,2026-08-15,2026-08-15,3,1,6.0,8.35,1.0,,,,0,Wildfire / Natural Fire,"No industrial facility within 5km, high peak intensity (max FRP 8.3), short-lived (1 active day(s) over 0 days) — profile matches a natural/wild fire rather than a stable industrial source."
1796,79.97228,14.477145,2026-08-15,2026-08-15,2,1,4.105,4.62,1.0,"APSRTC Bus Depot - 1 , Nellore",industrial_area,4112.86960954,0,Other/Unknown,1548m from an unnamed industrial_area — plausibly related but not close enough to confidently attribute; distance alone is insufficient per project methodology. Needs Sentinel-2 land-cover context to resolve.
1796,79.97228,14.477145,2026-08-15,2026-08-15,2,1,4.105,4.62,1.0,"APSRTC Bus Depot - 2, Nellore",industrial_area,4112.2210672,0,Other/Unknown,1548m from an unnamed industrial_area — plausibly related but not close enough to confidently attribute; distance alone is insufficient per project methodology. Needs Sentinel-2 land-cover context to resolve.
1796,79.97228,14.477145,2026-08-15,2026-08-15,2,1,4.105,4.62,1.0,,industrial_area,1547.55431223,0,Other/Unknown,1548m from an unnamed industrial_area — plausibly related but not close enough to confidently attribute; distance alone is insufficient per project methodology. Needs Sentinel-2 land-cover context to resolve.
1800,78.93281999999999,12.29051,2026-08-15,2026-08-15,2,1,0.87,0.9,1.0,Ganabadhi Risemill,industrial_works,4173.09259337,0,Other/Unknown,"No nearby facility, moderate intensity (max FRP 0.9), short/low activity (1 active day(s) over 0 days, persistence score 1.00) — insufficient evidence to confidently classify."
1801,81.02578,6.73801,2026-08-15,2026-08-15,2,1,1.655,2.02,1.0,,,,0,Other/Unknown,"No nearby facility, moderate intensity (max FRP 2.0), short/low activity (1 active day(s) over 0 days, persistence score 1.00) — insufficient evidence to confidently classify."
1802,79.11986999999999,10.625005,2026-08-15,2026-08-15,2,1,1.48,1.55,1.0,,,,0,Other/Unknown,"No nearby facility, moderate intensity (max FRP 1.6), short/low activity (1 active day(s) over 0 days, persistence score 1.00) — insufficient evidence to confidently classify."
1804,81.24652333333334,8.055943333333333,2026-08-16,2026-08-16,3,1,3.82,4.3,1.0,New Rathna Rice (Pvt) Ltd,industrial_works,623.03982048,0,Industrial Fire,Close to New Rathna Rice (Pvt) Ltd (623m away) but only active 1 day(s) over a 0-day window (3 detections) — reads as a transient burn event at/near a facility rather than an ongoing source.
1804,81.24652333333334,8.055943333333333,2026-08-16,2026-08-16,3,1,3.82,4.3,1.0,Rathna Polysack (Pvt) Ltd,industrial_works,1524.91211598,0,Industrial Fire,Close to New Rathna Rice (Pvt) Ltd (623m away) but only active 1 day(s) over a 0-day window (3 detections) — reads as a transient burn event at/near a facility rather than an ongoing source.
1804,81.24652333333334,8.055943333333333,2026-08-16,2026-08-16,3,1,3.82,4.3,1.0,,power_plant,1528.28004712,0,Industrial Fire,Close to New Rathna Rice (Pvt) Ltd (623m away) but only active 1 day(s) over a 0-day window (3 detections) — reads as a transient burn event at/near a facility rather than an ongoing source.
1805,77.611835,9.458205,2026-08-16,2026-08-16,2,1,5.97,5.97,1.0,Janakiram Mills,industrial_area,4903.45950205,0,Other/Unknown,1643m from an unnamed industrial_area — plausibly related but not close enough to confidently attribute; distance alone is insufficient per project methodology. Needs Sentinel-2 land-cover context to resolve.
1805,77.611835,9.458205,2026-08-16,2026-08-16,2,1,5.97,5.97,1.0,,industrial_area,1642.78084121,0,Other/Unknown,1643m from an unnamed industrial_area — plausibly related but not close enough to confidently attribute; distance alone is insufficient per project methodology. Needs Sentinel-2 land-cover context to resolve.
1806,77.88198,9.85189,2026-08-16,2026-08-16,2,1,1.47,1.64,1.0,,,,0,Other/Unknown,"No nearby facility, moderate intensity (max FRP 1.6), short/low activity (1 active day(s) over 0 days, persistence score 1.00) — insufficient evidence to confidently classify."
1807,77.564265,14.56607,2026-08-16,2026-08-16,2,1,5.15,6.17,1.0,,power_plant,3509.24150247,0,Other/Unknown,"No nearby facility, moderate intensity (max FRP 6.2), short/low activity (1 active day(s) over 0 days, persistence score 1.00) — insufficient evidence to confidently classify."
1812,80.92355,7.387399999999999,2026-08-16,2026-08-16,2,1,1.11,1.11,1.0,,,,0,Other/Unknown,"No nearby facility, moderate intensity (max FRP 1.1), short/low activity (1 active day(s) over 0 days, persistence score 1.00) — insufficient evidence to confidently classify."
1815,80.90566666666666,7.39951,2026-08-17,2026-08-17,3,1,12.946666666666667,13.44,1.0,,,,0,Wildfire / Natural Fire,"No industrial facility within 5km, high peak intensity (max FRP 13.4), short-lived (1 active day(s) over 0 days) — profile matches a natural/wild fire rather than a stable industrial source."
1816,81.18083999999999,7.423055,2026-08-17,2026-08-17,2,1,5.0600000000000005,5.13,1.0,,,,0,Other/Unknown,"No nearby facility, moderate intensity (max FRP 5.1), short/low activity (1 active day(s) over 0 days, persistence score 1.00) — insufficient evidence to confidently classify."
1818,81.455025,7.91296,2026-08-17,2026-08-17,2,1,3.12,3.57,1.0,,power_plant,4285.28892898,0,Other/Unknown,"No nearby facility, moderate intensity (max FRP 3.6), short/low activity (1 active day(s) over 0 days, persistence score 1.00) — insufficient evidence to confidently classify."
1819,78.59942000000001,9.759215,2026-08-17,2026-08-17,2,1,7.86,8.81,1.0,,,,0,Wildfire / Natural Fire,"No industrial facility within 5km, high peak intensity (max FRP 8.8), short-lived (1 active day(s) over 0 days) — profile matches a natural/wild fire rather than a stable industrial source."
1820,81.78220333333333,7.105156666666667,2026-08-17,2026-08-17,3,1,2.9333333333333336,3.92,1.0,,,,0,Other/Unknown,"No nearby facility, moderate intensity (max FRP 3.9), short/low activity (1 active day(s) over 0 days, persistence score 1.00) — insufficient evidence to confidently classify."
1822,71.713175,29.91451,2026-08-17,2026-08-17,2,1,13.13,13.13,1.0,,,,0,Wildfire / Natural Fire,"No industrial facility within 5km, high peak intensity (max FRP 13.1), short-lived (1 active day(s) over 0 days) — profile matches a natural/wild fire rather than a stable industrial source."
1823,77.86852,9.888335,2026-08-17,2026-08-17,2,1,5.825,7.76,1.0,,,,0,Other/Unknown,"No nearby facility, moderate intensity (max FRP 7.8), short/low activity (1 active day(s) over 0 days, persistence score 1.00) — insufficient evidence to confidently classify."
1824,68.102125,35.242705,2026-08-17,2026-08-17,2,1,2.99,3.1,1.0,,,,0,Other/Unknown,"No nearby facility, moderate intensity (max FRP 3.1), short/low activity (1 active day(s) over 0 days, persistence score 1.00) — insufficient evidence to confidently classify."
1826,78.14681,10.919045,2026-08-17,2026-08-17,2,1,1.49,1.49,1.0,Chettinad Cement Factory,industrial_area,2030.94690471,0,Other/Unknown,2031m from Chettinad Cement Factory — plausibly related but not close enough to confidently attribute; distance alone is insufficient per project methodology. Needs Sentinel-2 land-cover context to resolve.
1827,80.83597499999999,6.691622499999999,2026-08-18,2026-08-18,4,1,4.6775,11.81,1.0,Mini Turbine Generator,power_plant,4046.21816145,0,Other/Unknown,"No nearby facility, moderate intensity (max FRP 11.8), short/low activity (1 active day(s) over 0 days, persistence score 1.00) — insufficient evidence to confidently classify."
1829,77.50446,8.92902,2026-08-18,2026-08-18,2,1,11.59,13.39,1.0,,,,0,Wildfire / Natural Fire,"No industrial facility within 5km, high peak intensity (max FRP 13.4), short-lived (1 active day(s) over 0 days) — profile matches a natural/wild fire rather than a stable industrial source."
1831,77.54665,9.325785,2026-08-18,2026-08-18,2,1,2.91,3.32,1.0,,industrial_area,2429.22548804,0,Other/Unknown,2429m from an unnamed industrial_area — plausibly related but not close enough to confidently attribute; distance alone is insufficient per project methodology. Needs Sentinel-2 land-cover context to resolve.
1831,77.54665,9.325785,2026-08-18,2026-08-18,2,1,2.91,3.32,1.0,,power_plant,2963.4631986,0,Other/Unknown,2429m from an unnamed industrial_area — plausibly related but not close enough to confidently attribute; distance alone is insufficient per project methodology. Needs Sentinel-2 land-cover context to resolve.
1832,77.626855,9.977015,2026-08-18,2026-08-18,2,1,2.265,2.57,1.0,,,,0,Other/Unknown,"No nearby facility, moderate intensity (max FRP 2.6), short/low activity (1 active day(s) over 0 days, persistence score 1.00) — insufficient evidence to confidently classify."
1833,78.58200333333333,11.143540000000002,2026-08-18,2026-08-18,3,1,6.473333333333334,9.24,1.0,,,,0,Wildfire / Natural Fire,"No industrial facility within 5km, high peak intensity (max FRP 9.2), short-lived (1 active day(s) over 0 days) — profile matches a natural/wild fire rather than a stable industrial source."
1834,78.67644666666666,11.66406,2026-08-18,2026-08-18,3,1,25.850000000000005,25.85,1.0,,,,0,Wildfire / Natural Fire,"No industrial facility within 5km, high peak intensity (max FRP 25.9), short-lived (1 active day(s) over 0 days) — profile matches a natural/wild fire rather than a stable industrial source."
1835,78.769125,11.7068,2026-08-18,2026-08-18,2,1,4.43,5.77,1.0,,,,0,Other/Unknown,"No nearby facility, moderate intensity (max FRP 5.8), short/low activity (1 active day(s) over 0 days, persistence score 1.00) — insufficient evidence to confidently classify."
1836,68.09369,28.730625,2026-08-18,2026-08-18,2,1,3.25,3.25,1.0,,industrial_area,1422.52872452,0,Industrial Fire,Close to an unnamed industrial_area (1423m away) but only active 1 day(s) over a 0-day window (2 detections) — reads as a transient burn event at/near a facility rather than an ongoing source.
1838,77.65913499999999,27.53078,2026-08-18,2026-08-18,2,1,2.83,2.9,1.0,,industrial_area,278.44038795,0,Industrial Fire,Close to an unnamed industrial_area (278m away) but only active 1 day(s) over a 0-day window (2 detections) — reads as a transient burn event at/near a facility rather than an ongoing source.
1839,81.098625,6.860805,2026-08-18,2026-08-18,4,1,0.9075,1.29,1.0,Newburgh Green Tea Factory,industrial_area,3875.40378498,0,Other/Unknown,"No nearby facility, moderate intensity (max FRP 1.3), short/low activity (1 active day(s) over 0 days, persistence score 1.00) — insufficient evidence to confidently classify."
1839,81.098625,6.860805,2026-08-18,2026-08-18,4,1,0.9075,1.29,1.0,Newburgh Green Tea Factory,industrial_works,3857.059997,0,Other/Unknown,"No nearby facility, moderate intensity (max FRP 1.3), short/low activity (1 active day(s) over 0 days, persistence score 1.00) — insufficient evidence to confidently classify."
1840,79.319505,10.486895,2026-08-18,2026-08-18,2,1,2.145,2.41,1.0,,,,0,Other/Unknown,"No nearby facility, moderate intensity (max FRP 2.4), short/low activity (1 active day(s) over 0 days, persistence score 1.00) — insufficient evidence to confidently classify."
1841,81.76987500000001,7.623894999999999,2026-08-18,2026-08-18,2,1,1.435,2.12,1.0,Industrial Building,industrial_area,3897.20228177,0,Other/Unknown,"No nearby facility, moderate intensity (max FRP 2.1), short/low activity (1 active day(s) over 0 days, persistence score 1.00) — insufficient evidence to confidently classify."
1845,81.220855,8.003315,2026-08-09,2026-08-09,2,1,3.45,4.29,1.0,,power_plant,3453.81934757,0,Other/Unknown,3454m from an unnamed power_plant — plausibly related but not close enough to confidently attribute; distance alone is insufficient per project methodology. Needs Sentinel-2 land-cover context to resolve.
1847,80.359575,8.713455,2026-08-09,2026-08-09,2,1,4.5600000000000005,6.61,1.0,,,,0,Other/Unknown,"No nearby facility, moderate intensity (max FRP 6.6), short/low activity (1 active day(s) over 0 days, persistence score 1.00) — insufficient evidence to confidently classify."
1848,78.687985,9.23557,2026-08-09,2026-08-09,2,1,2.14,2.14,1.0,,,,0,Other/Unknown,"No nearby facility, moderate intensity (max FRP 2.1), short/low activity (1 active day(s) over 0 days, persistence score 1.00) — insufficient evidence to confidently classify."
1849,78.76605,9.2575,2026-08-09,2026-08-09,2,1,1.905,2.38,1.0,,,,0,Other/Unknown,"No nearby facility, moderate intensity (max FRP 2.4), short/low activity (1 active day(s) over 0 days, persistence score 1.00) — insufficient evidence to confidently classify."
1851,78.295335,9.88551,2026-08-09,2026-08-09,2,1,19.84,19.84,1.0,,industrial_area,2405.36183175,0,Other/Unknown,2405m from an unnamed industrial_area — plausibly related but not close enough to confidently attribute; distance alone is insufficient per project methodology. Needs Sentinel-2 land-cover context to resolve.
1852,76.12613,13.3569,2026-08-09,2026-08-09,2,1,2.36,2.36,1.0,,,,0,Other/Unknown,"No nearby facility, moderate intensity (max FRP 2.4), short/low activity (1 active day(s) over 0 days, persistence score 1.00) — insufficient evidence to confidently classify."
1853,76.55473666666667,15.863080000000002,2026-08-09,2026-08-09,3,1,2.28,2.28,1.0,,power_plant,451.03418239,0,Industrial Fire,Close to an unnamed power_plant (451m away) but only active 1 day(s) over a 0-day window (3 detections) — reads as a transient burn event at/near a facility rather than an ongoing source.
1854,76.99108,16.875555,2026-08-09,2026-08-09,2,1,2.415,3.0,1.0,,power_plant,167.79012051,0,Industrial Fire,Close to an unnamed power_plant (168m away) but only active 1 day(s) over a 0-day window (2 detections) — reads as a transient burn event at/near a facility rather than an ongoing source.
1857,72.8528,21.054395,2026-08-09,2026-08-09,2,1,0.73,0.73,1.0,,,,0,Other/Unknown,"No nearby facility, moderate intensity (max FRP 0.7), short/low activity (1 active day(s) over 0 days, persistence score 1.00) — insufficient evidence to confidently classify."
1863,80.585725,8.867205,2026-08-10,2026-08-10,2,1,3.17,3.17,1.0,,,,0,Other/Unknown,"No nearby facility, moderate intensity (max FRP 3.2), short/low activity (1 active day(s) over 0 days, persistence score 1.00) — insufficient evidence to confidently classify."
1865,78.09766,9.657995,2026-08-10,2026-08-10,2,1,5.105,5.64,1.0,,,,0,Other/Unknown,"No nearby facility, moderate intensity (max FRP 5.6), short/low activity (1 active day(s) over 0 days, persistence score 1.00) — insufficient evidence to confidently classify."
1869,72.106235,30.66398,2026-08-10,2026-08-10,2,1,4.0600000000000005,4.7,1.0,,,,0,Other/Unknown,"No nearby facility, moderate intensity (max FRP 4.7), short/low activity (1 active day(s) over 0 days, persistence score 1.00) — insufficient evidence to confidently classify."
1871,71.92480499999999,30.93232,2026-08-10,2026-08-10,2,1,6.31,6.31,1.0,,,,0,Other/Unknown,"No nearby facility, moderate intensity (max FRP 6.3), short/low activity (1 active day(s) over 0 days, persistence score 1.00) — insufficient evidence to confidently classify."
1877,77.589415,9.70484,2026-08-10,2026-08-10,2,1,3.99,6.37,1.0,,,,0,Other/Unknown,"No nearby facility, moderate intensity (max FRP 6.4), short/low activity (1 active day(s) over 0 days, persistence score 1.00) — insufficient evidence to confidently classify."
1878,77.688405,9.898675,2026-08-10,2026-08-10,2,1,2.42,2.83,1.0,,,,0,Other/Unknown,"No nearby facility, moderate intensity (max FRP 2.8), short/low activity (1 active day(s) over 0 days, persistence score 1.00) — insufficient evidence to confidently classify."
1880,81.18218666666667,6.658003333333333,2026-08-11,2026-08-11,3,1,4.19,5.83,1.0,,,,0,Other/Unknown,"No nearby facility, moderate intensity (max FRP 5.8), short/low activity (1 active day(s) over 0 days, persistence score 1.00) — insufficient evidence to confidently classify."
1882,81.59203333333333,6.827570000000001,2026-08-11,2026-08-11,3,1,14.616666666666664,19.63,1.0,,,,0,Wildfire / Natural Fire,"No industrial facility within 5km, high peak intensity (max FRP 19.6), short-lived (1 active day(s) over 0 days) — profile matches a natural/wild fire rather than a stable industrial source."
1884,81.32065499999999,7.40902,2026-08-11,2026-08-11,2,1,3.62,3.62,1.0,,,,0,Other/Unknown,"No nearby facility, moderate intensity (max FRP 3.6), short/low activity (1 active day(s) over 0 days, persistence score 1.00) — insufficient evidence to confidently classify."
1887,78.50125,10.934545,2026-08-11,2026-08-11,2,1,4.99,7.51,1.0,,,,0,Other/Unknown,"No nearby facility, moderate intensity (max FRP 7.5), short/low activity (1 active day(s) over 0 days, persistence score 1.00) — insufficient evidence to confidently classify."
1888,76.95345499999999,14.85641,2026-08-11,2026-08-11,2,1,3.81,3.81,1.0,,power_plant,4680.78562579,0,Other/Unknown,"No nearby facility, moderate intensity (max FRP 3.8), short/low activity (1 active day(s) over 0 days, persistence score 1.00) — insufficient evidence to confidently classify."
1889,79.21946333333334,16.190073333333334,2026-08-11,2026-08-11,3,1,4.386666666666667,5.58,1.0,,,,0,Other/Unknown,"No nearby facility, moderate intensity (max FRP 5.6), short/low activity (1 active day(s) over 0 days, persistence score 1.00) — insufficient evidence to confidently classify."
1892,77.58858000000001,28.649905,2026-08-11,2026-08-11,2,1,6.154999999999999,6.51,1.0,,industrial_area,707.70436769,0,Industrial Fire,Close to an unnamed industrial_works (552m away) but only active 1 day(s) over a 0-day window (2 detections) — reads as a transient burn event at/near a facility rather than an ongoing source.
1892,77.58858000000001,28.649905,2026-08-11,2026-08-11,2,1,6.154999999999999,6.51,1.0,,industrial_works,552.33821433,0,Industrial Fire,Close to an unnamed industrial_works (552m away) but only active 1 day(s) over a 0-day window (2 detections) — reads as a transient burn event at/near a facility rather than an ongoing source.
1894,77.55236500000001,8.725999999999999,2026-08-12,2026-08-12,2,1,4.945,5.69,1.0,,industrial_area,2039.28977574,0,Other/Unknown,2039m from an unnamed industrial_area — plausibly related but not close enough to confidently attribute; distance alone is insufficient per project methodology. Needs Sentinel-2 land-cover context to resolve.
1895,77.742875,9.08254,2026-08-12,2026-08-12,2,1,2.36,3.19,1.0,,power_plant,3802.28468564,0,Other/Unknown,"No nearby facility, moderate intensity (max FRP 3.2), short/low activity (1 active day(s) over 0 days, persistence score 1.00) — insufficient evidence to confidently classify."
1897,72.34482333333334,31.41024,2026-08-12,2026-08-12,3,1,4.403333333333333,6.05,1.0,,,,0,Other/Unknown,"No nearby facility, moderate intensity (max FRP 6.0), short/low activity (1 active day(s) over 0 days, persistence score 1.00) — insufficient evidence to confidently classify."
1899,81.00808,7.18063,2026-08-13,2026-08-13,2,1,4.475,4.57,1.0,,,,0,Other/Unknown,"No nearby facility, moderate intensity (max FRP 4.6), short/low activity (1 active day(s) over 0 days, persistence score 1.00) — insufficient evidence to confidently classify."
1900,80.47961000000001,8.728655,2026-08-13,2026-08-13,2,1,5.72,5.72,1.0,Globe Mill,industrial_area,2911.69185125,0,Other/Unknown,2912m from Globe Mill — plausibly related but not close enough to confidently attribute; distance alone is insufficient per project methodology. Needs Sentinel-2 land-cover context to resolve.
1900,80.47961000000001,8.728655,2026-08-13,2026-08-13,2,1,5.72,5.72,1.0,Vavunia Apparels,industrial_area,4530.88502447,0,Other/Unknown,2912m from Globe Mill — plausibly related but not close enough to confidently attribute; distance alone is insufficient per project methodology. Needs Sentinel-2 land-cover context to resolve.
1902,80.441195,9.131785,2026-08-13,2026-08-13,2,1,5.085,6.48,1.0,,,,0,Other/Unknown,"No nearby facility, moderate intensity (max FRP 6.5), short/low activity (1 active day(s) over 0 days, persistence score 1.00) — insufficient evidence to confidently classify."
1903,80.664435,9.161,2026-08-13,2026-08-13,2,1,4.1,4.14,1.0,,,,0,Other/Unknown,"No nearby facility, moderate intensity (max FRP 4.1), short/low activity (1 active day(s) over 0 days, persistence score 1.00) — insufficient evidence to confidently classify."
1905,71.66581,29.64535,2026-08-13,2026-08-13,2,1,2.675,3.02,1.0,,,,0,Other/Unknown,"No nearby facility, moderate intensity (max FRP 3.0), short/low activity (1 active day(s) over 0 days, persistence score 1.00) — insufficient evidence to confidently classify."
1909,78.255105,9.87944,2026-08-05,2026-08-05,2,1,5.154999999999999,5.39,1.0,,industrial_area,1843.27749082,0,Other/Unknown,1843m from an unnamed industrial_area — plausibly related but not close enough to confidently attribute; distance alone is insufficient per project methodology. Needs Sentinel-2 land-cover context to resolve.
1910,72.246904,30.657284,2026-08-05,2026-08-08,5,3,4.882,5.84,1.0,,,,3,Other/Unknown,"No nearby facility, moderate intensity (max FRP 5.8), short/low activity (3 active day(s) over 3 days, persistence score 1.00) — insufficient evidence to confidently classify."
1911,77.752635,14.291715,2026-08-05,2026-08-05,2,1,0.63,0.67,1.0,,,,0,Other/Unknown,"No nearby facility, moderate intensity (max FRP 0.7), short/low activity (1 active day(s) over 0 days, persistence score 1.00) — insufficient evidence to confidently classify."
1913,78.573365,9.470785,2026-08-05,2026-08-05,2,1,0.835,0.87,1.0,NLC Ramanathapuram,power_plant,3243.41184347,0,Other/Unknown,1963m from Pambur — plausibly related but not close enough to confidently attribute; distance alone is insufficient per project methodology. Needs Sentinel-2 land-cover context to resolve.
1913,78.573365,9.470785,2026-08-05,2026-08-05,2,1,0.835,0.87,1.0,Pambur,power_plant,1963.15461453,0,Other/Unknown,1963m from Pambur — plausibly related but not close enough to confidently attribute; distance alone is insufficient per project methodology. Needs Sentinel-2 land-cover context to resolve.
1915,81.14752333333334,7.450406666666666,2026-08-06,2026-08-06,3,1,6.096666666666667,10.77,1.0,,,,0,Wildfire / Natural Fire,"No industrial facility within 5km, high peak intensity (max FRP 10.8), short-lived (1 active day(s) over 0 days) — profile matches a natural/wild fire rather than a stable industrial source."
1917,71.628045,30.56841,2026-08-06,2026-08-06,2,1,12.505,13.85,1.0,,,,0,Wildfire / Natural Fire,"No industrial facility within 5km, high peak intensity (max FRP 13.8), short-lived (1 active day(s) over 0 days) — profile matches a natural/wild fire rather than a stable industrial source."
1920,81.218545,7.404769999999999,2026-08-06,2026-08-06,2,1,1.81,1.81,1.0,,,,0,Other/Unknown,"No nearby facility, moderate intensity (max FRP 1.8), short/low activity (1 active day(s) over 0 days, persistence score 1.00) — insufficient evidence to confidently classify."
1924,73.32393,30.270816666666665,2026-08-07,2026-08-07,3,1,7.093333333333334,8.61,1.0,,,,0,Wildfire / Natural Fire,"No industrial facility within 5km, high peak intensity (max FRP 8.6), short-lived (1 active day(s) over 0 days) — profile matches a natural/wild fire rather than a stable industrial source."
1928,81.78094999999999,6.81312,2026-08-08,2026-08-08,2,1,3.695,3.82,1.0,,pipeline,2795.45818915,0,Other/Unknown,2795m from an unnamed pipeline — plausibly related but not close enough to confidently attribute; distance alone is insufficient per project methodology. Needs Sentinel-2 land-cover context to resolve.
1930,77.62657999999999,9.75745,2026-08-08,2026-08-08,2,1,5.9350000000000005,10.98,1.0,,,,0,Wildfire / Natural Fire,"No industrial facility within 5km, high peak intensity (max FRP 11.0), short-lived (1 active day(s) over 0 days) — profile matches a natural/wild fire rather than a stable industrial source."
1931,70.229455,33.743445,2026-08-08,2026-08-08,2,1,4.115,4.18,1.0,,,,0,Other/Unknown,"No nearby facility, moderate intensity (max FRP 4.2), short/low activity (1 active day(s) over 0 days, persistence score 1.00) — insufficient evidence to confidently classify."
1935,81.30490499999999,6.99504,2026-07-30,2026-07-30,2,1,6.44,7.64,1.0,,,,0,Other/Unknown,"No nearby facility, moderate intensity (max FRP 7.6), short/low activity (1 active day(s) over 0 days, persistence score 1.00) — insufficient evidence to confidently classify."
1940,81.57808800000001,7.307362,2026-07-30,2026-07-30,5,1,3.944,5.69,1.0,,,,0,Other/Unknown,"No nearby facility, moderate intensity (max FRP 5.7), short/low activity (1 active day(s) over 0 days, persistence score 1.00) — insufficient evidence to confidently classify."
1941,81.691575,7.30644,2026-07-30,2026-07-30,2,1,3.34,3.34,1.0,,,,0,Other/Unknown,"No nearby facility, moderate intensity (max FRP 3.3), short/low activity (1 active day(s) over 0 days, persistence score 1.00) — insufficient evidence to confidently classify."
1944,81.73768000000001,7.381745,2026-07-30,2026-07-30,2,1,2.1,2.1,1.0,,,,0,Other/Unknown,"No nearby facility, moderate intensity (max FRP 2.1), short/low activity (1 active day(s) over 0 days, persistence score 1.00) — insufficient evidence to confidently classify."
1948,81.49268000000001,7.575455,2026-07-30,2026-07-30,2,1,4.220000000000001,4.78,1.0,,,,0,Other/Unknown,"No nearby facility, moderate intensity (max FRP 4.8), short/low activity (1 active day(s) over 0 days, persistence score 1.00) — insufficient evidence to confidently classify."
1952,81.458055,7.68228,2026-07-28,2026-07-30,2,2,3.625,4.74,1.0,,power_plant,4948.64594833,2,Other/Unknown,"No nearby facility, moderate intensity (max FRP 4.7), short/low activity (2 active day(s) over 2 days, persistence score 1.00) — insufficient evidence to confidently classify."
1955,78.76667499999999,9.385235,2026-07-30,2026-07-30,2,1,5.79,5.79,1.0,,industrial_area,3028.24163448,0,Other/Unknown,3028m from an unnamed industrial_area — plausibly related but not close enough to confidently attribute; distance alone is insufficient per project methodology. Needs Sentinel-2 land-cover context to resolve.
1956,68.57105,27.70977,2026-07-30,2026-07-30,2,1,4.785,5.68,1.0,,,,0,Other/Unknown,"No nearby facility, moderate intensity (max FRP 5.7), short/low activity (1 active day(s) over 0 days, persistence score 1.00) — insufficient evidence to confidently classify."
1957,68.93709,27.9852,2026-07-30,2026-07-30,2,1,3.51,4.02,1.0,,,,0,Other/Unknown,"No nearby facility, moderate intensity (max FRP 4.0), short/low activity (1 active day(s) over 0 days, persistence score 1.00) — insufficient evidence to confidently classify."
1960,82.603035,24.161605,2026-07-28,2026-07-30,2,2,1.1949999999999998,1.21,1.0,,,,2,Other/Unknown,"No nearby facility, moderate intensity (max FRP 1.2), short/low activity (2 active day(s) over 2 days, persistence score 1.00) — insufficient evidence to confidently classify."
1966,81.67752,7.510425,2026-07-31,2026-07-31,2,1,3.225,4.27,1.0,,,,0,Other/Unknown,"No nearby facility, moderate intensity (max FRP 4.3), short/low activity (1 active day(s) over 0 days, persistence score 1.00) — insufficient evidence to confidently classify."
1967,81.714836,7.586372,2026-07-31,2026-07-31,5,1,6.032,6.66,1.0,Industrial Building,industrial_area,3907.49637714,0,Other/Unknown,"No nearby facility, moderate intensity (max FRP 6.7), short/low activity (1 active day(s) over 0 days, persistence score 1.00) — insufficient evidence to confidently classify."
1968,81.68705499999999,7.58737,2026-07-31,2026-07-31,2,1,4.575,5.49,1.0,,,,0,Other/Unknown,"No nearby facility, moderate intensity (max FRP 5.5), short/low activity (1 active day(s) over 0 days, persistence score 1.00) — insufficient evidence to confidently classify."
1970,81.26179166666667,7.619981666666668,2026-07-31,2026-07-31,6,1,4.405,7.19,1.0,,,,0,Other/Unknown,"No nearby facility, moderate intensity (max FRP 7.2), short/low activity (1 active day(s) over 0 days, persistence score 1.00) — insufficient evidence to confidently classify."
1971,81.66314,7.687735,2026-07-31,2026-07-31,2,1,2.51,3.83,1.0,hospital line,pipeline,3806.76740976,0,Other/Unknown,2019m from an unnamed industrial_area — plausibly related but not close enough to confidently attribute; distance alone is insufficient per project methodology. Needs Sentinel-2 land-cover context to resolve.
1971,81.66314,7.687735,2026-07-31,2026-07-31,2,1,2.51,3.83,1.0,,industrial_area,2018.51383599,0,Other/Unknown,2019m from an unnamed industrial_area — plausibly related but not close enough to confidently attribute; distance alone is insufficient per project methodology. Needs Sentinel-2 land-cover context to resolve.
1971,81.66314,7.687735,2026-07-31,2026-07-31,2,1,2.51,3.83,1.0,,power_plant,4080.31396159,0,Other/Unknown,2019m from an unnamed industrial_area — plausibly related but not close enough to confidently attribute; distance alone is insufficient per project methodology. Needs Sentinel-2 land-cover context to resolve.
1973,81.55971,7.714583333333333,2026-07-31,2026-07-31,3,1,6.98,9.58,1.0,,,,0,Wildfire / Natural Fire,"No industrial facility within 5km, high peak intensity (max FRP 9.6), short-lived (1 active day(s) over 0 days) — profile matches a natural/wild fire rather than a stable industrial source."
1974,81.53386,7.74038,2026-07-31,2026-07-31,2,1,3.19,3.19,1.0,,,,0,Other/Unknown,"No nearby facility, moderate intensity (max FRP 3.2), short/low activity (1 active day(s) over 0 days, persistence score 1.00) — insufficient evidence to confidently classify."
1976,81.55213666666667,7.75782,2026-07-31,2026-08-02,3,2,9.396666666666668,13.39,1.0,,,,2,Wildfire / Natural Fire,"No industrial facility within 5km, high peak intensity (max FRP 13.4), short-lived (2 active day(s) over 2 days) — profile matches a natural/wild fire rather than a stable industrial source."
1977,80.235615,8.76988,2026-07-31,2026-07-31,2,1,6.87,7.51,1.0,,,,0,Other/Unknown,"No nearby facility, moderate intensity (max FRP 7.5), short/low activity (1 active day(s) over 0 days, persistence score 1.00) — insufficient evidence to confidently classify."
1978,78.817235,9.58766,2026-07-31,2026-07-31,2,1,4.3950000000000005,5.07,1.0,,,,0,Other/Unknown,"No nearby facility, moderate intensity (max FRP 5.1), short/low activity (1 active day(s) over 0 days, persistence score 1.00) — insufficient evidence to confidently classify."
1980,79.13915499999999,10.0802,2026-07-31,2026-07-31,2,1,2.29,2.58,1.0,,,,0,Other/Unknown,"No nearby facility, moderate intensity (max FRP 2.6), short/low activity (1 active day(s) over 0 days, persistence score 1.00) — insufficient evidence to confidently classify."
1981,72.440755,27.510845,2026-07-31,2026-07-31,8,1,6.508750000000001,9.2,1.0,Bap SECI (JNNSM),power_plant,4476.1877055,0,Industrial Fire,Close to an unnamed power_plant (326m away) but only active 1 day(s) over a 0-day window (8 detections) — reads as a transient burn event at/near a facility rather than an ongoing source.
1981,72.440755,27.510845,2026-07-31,2026-07-31,8,1,6.508750000000001,9.2,1.0,,power_plant,326.18926992,0,Industrial Fire,Close to an unnamed power_plant (326m away) but only active 1 day(s) over a 0-day window (8 detections) — reads as a transient burn event at/near a facility rather than an ongoing source.
1982,73.73962666666667,30.296526666666665,2026-07-29,2026-07-31,3,2,2.966666666666667,3.12,1.0,,,,2,Other/Unknown,"No nearby facility, moderate intensity (max FRP 3.1), short/low activity (2 active day(s) over 2 days, persistence score 1.00) — insufficient evidence to confidently classify."
1984,78.768955,28.833765,2026-07-31,2026-07-31,2,1,7.4,7.4,1.0,CONCOR,industrial_area,1276.88161557,0,Industrial Fire,Close to CONCOR (1277m away) but only active 1 day(s) over a 0-day window (2 detections) — reads as a transient burn event at/near a facility rather than an ongoing source.
1984,78.768955,28.833765,2026-07-31,2026-07-31,2,1,7.4,7.4,1.0,JK Exim,industrial_works,4632.58339539,0,Industrial Fire,Close to CONCOR (1277m away) but only active 1 day(s) over a 0-day window (2 detections) — reads as a transient burn event at/near a facility rather than an ongoing source.
1984,78.768955,28.833765,2026-07-31,2026-07-31,2,1,7.4,7.4,1.0,,industrial_area,4057.04413146,0,Industrial Fire,Close to CONCOR (1277m away) but only active 1 day(s) over a 0-day window (2 detections) — reads as a transient burn event at/near a facility rather than an ongoing source.
1985,79.353165,11.05116,2026-08-01,2026-08-01,2,1,6.779999999999999,7.35,1.0,,,,0,Other/Unknown,"No nearby facility, moderate intensity (max FRP 7.3), short/low activity (1 active day(s) over 0 days, persistence score 1.00) — insufficient evidence to confidently classify."
1986,79.51294999999999,12.16201,2026-08-01,2026-08-01,2,1,3.46,4.49,1.0,,,,0,Other/Unknown,"No nearby facility, moderate intensity (max FRP 4.5), short/low activity (1 active day(s) over 0 days, persistence score 1.00) — insufficient evidence to confidently classify."
1987,73.18867,31.670725,2026-08-01,2026-08-01,2,1,4.654999999999999,4.88,1.0,,,,0,Other/Unknown,"No nearby facility, moderate intensity (max FRP 4.9), short/low activity (1 active day(s) over 0 days, persistence score 1.00) — insufficient evidence to confidently classify."
1989,80.93428499999999,6.417945,2026-08-01,2026-08-01,2,1,1.535,1.55,1.0,,,,0,Other/Unknown,"No nearby facility, moderate intensity (max FRP 1.6), short/low activity (1 active day(s) over 0 days, persistence score 1.00) — insufficient evidence to confidently classify."
1990,80.927635,7.555944999999999,2026-08-01,2026-08-01,2,1,2.905,3.64,1.0,,,,0,Other/Unknown,"No nearby facility, moderate intensity (max FRP 3.6), short/low activity (1 active day(s) over 0 days, persistence score 1.00) — insufficient evidence to confidently classify."
1991,94.75914,21.65189,2026-08-02,2026-08-02,2,1,4.54,4.96,1.0,,,,0,Other/Unknown,"No nearby facility, moderate intensity (max FRP 5.0), short/low activity (1 active day(s) over 0 days, persistence score 1.00) — insufficient evidence to confidently classify."
1992,72.32543000000001,29.77214,2026-08-02,2026-08-02,2,1,5.065,6.76,1.0,,,,0,Other/Unknown,"No nearby facility, moderate intensity (max FRP 6.8), short/low activity (1 active day(s) over 0 days, persistence score 1.00) — insufficient evidence to confidently classify."
1993,72.94864000000001,29.937825,2026-08-02,2026-08-02,2,1,9.87,10.62,1.0,,,,0,Wildfire / Natural Fire,"No industrial facility within 5km, high peak intensity (max FRP 10.6), short-lived (1 active day(s) over 0 days) — profile matches a natural/wild fire rather than a stable industrial source."
1996,81.05830333333334,7.049356666666667,2026-07-25,2026-07-25,3,1,9.39,9.39,1.0,Mini Hydropower plant,power_plant,1665.44296034,0,Other/Unknown,1665m from Mini Hydropower plant — plausibly related but not close enough to confidently attribute; distance alone is insufficient per project methodology. Needs Sentinel-2 land-cover context to resolve.
1997,81.7186875,7.1439925,2026-07-25,2026-07-25,4,1,1.62,1.62,1.0,,,,0,Other/Unknown,"No nearby facility, moderate intensity (max FRP 1.6), short/low activity (1 active day(s) over 0 days, persistence score 1.00) — insufficient evidence to confidently classify."
1998,81.2497075,7.2127175,2026-07-25,2026-07-25,4,1,2.3525,2.59,1.0,,pipeline,2713.33679164,0,Other/Unknown,2713m from an unnamed pipeline — plausibly related but not close enough to confidently attribute; distance alone is insufficient per project methodology. Needs Sentinel-2 land-cover context to resolve.
2002,81.25477666666666,7.50223,2026-07-25,2026-07-25,3,1,6.056666666666666,7.1,1.0,,,,0,Other/Unknown,"No nearby facility, moderate intensity (max FRP 7.1), short/low activity (1 active day(s) over 0 days, persistence score 1.00) — insufficient evidence to confidently classify."
2003,81.56235000000001,7.615165,2026-07-25,2026-07-27,2,2,4.9,6.06,1.0,,,,2,Other/Unknown,"No nearby facility, moderate intensity (max FRP 6.1), short/low activity (2 active day(s) over 2 days, persistence score 1.00) — insufficient evidence to confidently classify."
2005,81.23355000000001,7.728535,2026-07-25,2026-07-25,2,1,4.81,6.3,1.0,,,,0,Other/Unknown,"No nearby facility, moderate intensity (max FRP 6.3), short/low activity (1 active day(s) over 0 days, persistence score 1.00) — insufficient evidence to confidently classify."
2006,78.04593,9.168085,2026-07-25,2026-07-25,2,1,49.73,54.42,1.0,Ice Cream Cup factory,industrial_works,3684.37245328,0,Other/Unknown,3394m from Selvi match works — plausibly related but not close enough to confidently attribute; distance alone is insufficient per project methodology. Needs Sentinel-2 land-cover context to resolve.
2006,78.04593,9.168085,2026-07-25,2026-07-25,2,1,49.73,54.42,1.0,Selvi match works,industrial_works,3394.09884076,0,Other/Unknown,3394m from Selvi match works — plausibly related but not close enough to confidently attribute; distance alone is insufficient per project methodology. Needs Sentinel-2 land-cover context to resolve.
2007,77.87671,9.5787,2026-07-25,2026-07-25,2,1,20.49,20.73,1.0,Amathur,power_plant,2876.84899248,0,Other/Unknown,2877m from Amathur — plausibly related but not close enough to confidently attribute; distance alone is insufficient per project methodology. Needs Sentinel-2 land-cover context to resolve.
2007,77.87671,9.5787,2026-07-25,2026-07-25,2,1,20.49,20.73,1.0,,industrial_area,4883.54179408,0,Other/Unknown,2877m from Amathur — plausibly related but not close enough to confidently attribute; distance alone is insufficient per project methodology. Needs Sentinel-2 land-cover context to resolve.
2008,78.368705,11.282135,2026-07-25,2026-07-25,2,1,4.635,5.29,1.0,,,,0,Other/Unknown,"No nearby facility, moderate intensity (max FRP 5.3), short/low activity (1 active day(s) over 0 days, persistence score 1.00) — insufficient evidence to confidently classify."
2009,78.7804,12.001365,2026-07-25,2026-07-25,2,1,3.24,3.48,1.0,,,,0,Other/Unknown,"No nearby facility, moderate intensity (max FRP 3.5), short/low activity (1 active day(s) over 0 days, persistence score 1.00) — insufficient evidence to confidently classify."
2010,70.927704,30.169318,2026-07-25,2026-07-25,5,1,2.316,3.47,1.0,,,,0,Other/Unknown,"No nearby facility, moderate intensity (max FRP 3.5), short/low activity (1 active day(s) over 0 days, persistence score 1.00) — insufficient evidence to confidently classify."
2013,78.25317000000001,9.610385,2026-07-25,2026-07-25,2,1,0.98,0.98,1.0,,power_plant,4825.82653724,0,Other/Unknown,"No nearby facility, moderate intensity (max FRP 1.0), short/low activity (1 active day(s) over 0 days, persistence score 1.00) — insufficient evidence to confidently classify."
2014,80.96773250000001,6.655279999999999,2026-07-26,2026-07-26,4,1,2.19,5.94,1.0,,,,0,Other/Unknown,"No nearby facility, moderate intensity (max FRP 5.9), short/low activity (1 active day(s) over 0 days, persistence score 1.00) — insufficient evidence to confidently classify."
2015,81.17233333333333,6.694641666666667,2026-07-26,2026-07-26,6,1,42.14333333333334,50.89,1.0,,,,0,Wildfire / Natural Fire,"No industrial facility within 5km, high peak intensity (max FRP 50.9), short-lived (1 active day(s) over 0 days) — profile matches a natural/wild fire rather than a stable industrial source."
2016,81.26583500000001,6.82507,2026-07-26,2026-07-26,2,1,4.64,5.31,1.0,Kalawaaragama Power Plant,power_plant,3219.91953034,0,Other/Unknown,3220m from Kalawaaragama Power Plant — plausibly related but not close enough to confidently attribute; distance alone is insufficient per project methodology. Needs Sentinel-2 land-cover context to resolve.
2017,80.95843333333333,6.8338,2026-07-24,2026-07-27,3,3,3.27,3.55,1.0,Tea Factory,industrial_works,4591.07424785,3,Other/Unknown,2871m from an unnamed industrial_area — plausibly related but not close enough to confidently attribute; distance alone is insufficient per project methodology. Needs Sentinel-2 land-cover context to resolve.
2017,80.95843333333333,6.8338,2026-07-24,2026-07-27,3,3,3.27,3.55,1.0,,industrial_area,2870.76398584,3,Other/Unknown,2871m from an unnamed industrial_area — plausibly related but not close enough to confidently attribute; distance alone is insufficient per project methodology. Needs Sentinel-2 land-cover context to resolve.
2020,80.400825,8.688775,2026-07-26,2026-07-26,2,1,14.415,14.75,1.0,,,,0,Wildfire / Natural Fire,"No industrial facility within 5km, high peak intensity (max FRP 14.8), short-lived (1 active day(s) over 0 days) — profile matches a natural/wild fire rather than a stable industrial source."
2021,81.01896666666666,8.84773,2026-07-26,2026-07-26,3,1,10.796666666666669,15.09,1.0,,,,0,Wildfire / Natural Fire,"No industrial facility within 5km, high peak intensity (max FRP 15.1), short-lived (1 active day(s) over 0 days) — profile matches a natural/wild fire rather than a stable industrial source."
2022,77.92660000000001,9.379095,2026-07-26,2026-07-26,2,1,4.21,4.58,1.0,,,,0,Other/Unknown,"No nearby facility, moderate intensity (max FRP 4.6), short/low activity (1 active day(s) over 0 days, persistence score 1.00) — insufficient evidence to confidently classify."
2023,78.0444,9.50305,2026-07-26,2026-07-26,2,1,3.53,3.53,1.0,,,,0,Other/Unknown,"No nearby facility, moderate intensity (max FRP 3.5), short/low activity (1 active day(s) over 0 days, persistence score 1.00) — insufficient evidence to confidently classify."
2024,79.44231333333333,11.784056666666666,2026-07-26,2026-07-26,3,1,6.166666666666667,7.16,1.0,,,,0,Other/Unknown,"No nearby facility, moderate intensity (max FRP 7.2), short/low activity (1 active day(s) over 0 days, persistence score 1.00) — insufficient evidence to confidently classify."
2025,79.87265500000001,15.140615,2026-07-26,2026-07-26,2,1,5.18,5.66,1.0,,,,0,Other/Unknown,"No nearby facility, moderate intensity (max FRP 5.7), short/low activity (1 active day(s) over 0 days, persistence score 1.00) — insufficient evidence to confidently classify."
2026,88.299555,27.272305000000003,2026-07-26,2026-07-26,2,1,9.545,13.15,1.0,,,,0,Wildfire / Natural Fire,"No industrial facility within 5km, high peak intensity (max FRP 13.2), short-lived (1 active day(s) over 0 days) — profile matches a natural/wild fire rather than a stable industrial source."
2027,68.107575,35.209195,2026-07-26,2026-07-26,2,1,4.37,4.37,1.0,,,,0,Other/Unknown,"No nearby facility, moderate intensity (max FRP 4.4), short/low activity (1 active day(s) over 0 days, persistence score 1.00) — insufficient evidence to confidently classify."
2028,80.69533,24.16809,2026-07-24,2026-07-26,2,2,1.62,1.64,1.0,,industrial_area,290.2639114,2,Industrial Fire,Close to an unnamed industrial_area (290m away) but only active 2 day(s) over a 2-day window (2 detections) — reads as a transient burn event at/near a facility rather than an ongoing source.
2029,81.19153,6.68434,2026-07-26,2026-07-26,2,1,1.525,1.71,1.0,,,,0,Other/Unknown,"No nearby facility, moderate intensity (max FRP 1.7), short/low activity (1 active day(s) over 0 days, persistence score 1.00) — insufficient evidence to confidently classify."
2031,81.21688499999999,7.52866,2026-07-26,2026-07-26,2,1,0.73,0.73,1.0,,,,0,Other/Unknown,"No nearby facility, moderate intensity (max FRP 0.7), short/low activity (1 active day(s) over 0 days, persistence score 1.00) — insufficient evidence to confidently classify."
2032,79.25737,11.110915,2026-07-26,2026-07-26,2,1,0.7,0.74,1.0,,,,0,Other/Unknown,"No nearby facility, moderate intensity (max FRP 0.7), short/low activity (1 active day(s) over 0 days, persistence score 1.00) — insufficient evidence to confidently classify."
2034,81.81257625,7.149711249999999,2026-07-27,2026-07-29,8,2,7.3275,12.79,1.0,,,,2,Wildfire / Natural Fire,"No industrial facility within 5km, high peak intensity (max FRP 12.8), short-lived (2 active day(s) over 2 days) — profile matches a natural/wild fire rather than a stable industrial source."
2035,81.64735999999999,7.544165,2026-07-27,2026-07-27,2,1,3.23,3.44,1.0,,,,0,Other/Unknown,"No nearby facility, moderate intensity (max FRP 3.4), short/low activity (1 active day(s) over 0 days, persistence score 1.00) — insufficient evidence to confidently classify."
2037,81.299515,7.8713,2026-07-27,2026-07-27,2,1,5.23,5.33,1.0,,,,0,Other/Unknown,"No nearby facility, moderate intensity (max FRP 5.3), short/low activity (1 active day(s) over 0 days, persistence score 1.00) — insufficient evidence to confidently classify."
2039,71.50652,29.205325,2026-07-27,2026-07-27,2,1,2.55,2.55,1.0,,,,0,Other/Unknown,"No nearby facility, moderate intensity (max FRP 2.5), short/low activity (1 active day(s) over 0 days, persistence score 1.00) — insufficient evidence to confidently classify."
2040,70.953215,29.286785,2026-07-27,2026-07-27,2,1,2.99,2.99,1.0,,,,0,Other/Unknown,"No nearby facility, moderate intensity (max FRP 3.0), short/low activity (1 active day(s) over 0 days, persistence score 1.00) — insufficient evidence to confidently classify."
2041,80.26093,13.2143,2026-07-27,2026-07-27,2,1,3.045,3.4,1.0,Ashok Leyland Vehicle Test Centre,industrial_area,2968.68019972,0,Industrial Fire,Close to an unnamed industrial_works (743m away) but only active 1 day(s) over a 0-day window (2 detections) — reads as a transient burn event at/near a facility rather than an ongoing source.
2041,80.26093,13.2143,2026-07-27,2026-07-27,2,1,3.045,3.4,1.0,Bay Container Storage Yard,industrial_area,3746.83355501,0,Industrial Fire,Close to an unnamed industrial_works (743m away) but only active 1 day(s) over a 0-day window (2 detections) — reads as a transient burn event at/near a facility rather than an ongoing source.
2041,80.26093,13.2143,2026-07-27,2026-07-27,2,1,3.045,3.4,1.0,CPCL Refinery,industrial_area,4639.19496539,0,Industrial Fire,Close to an unnamed industrial_works (743m away) but only active 1 day(s) over a 0-day window (2 detections) — reads as a transient burn event at/near a facility rather than an ongoing source.
2041,80.26093,13.2143,2026-07-27,2026-07-27,2,1,3.045,3.4,1.0,Manali Fertilizers Limited - MFL,industrial_area,4770.23101527,0,Industrial Fire,Close to an unnamed industrial_works (743m away) but only active 1 day(s) over a 0-day window (2 detections) — reads as a transient burn event at/near a facility rather than an ongoing source.
2041,80.26093,13.2143,2026-07-27,2026-07-27,2,1,3.045,3.4,1.0,RMS Ropheka Multi Speciality Hospital,industrial_area,1393.65663183,0,Industrial Fire,Close to an unnamed industrial_works (743m away) but only active 1 day(s) over a 0-day window (2 detections) — reads as a transient burn event at/near a facility rather than an ongoing source.
2041,80.26093,13.2143,2026-07-27,2026-07-27,2,1,3.045,3.4,1.0,SICAL Container Freight Station,industrial_area,4054.33161074,0,Industrial Fire,Close to an unnamed industrial_works (743m away) but only active 1 day(s) over a 0-day window (2 detections) — reads as a transient burn event at/near a facility rather than an ongoing source.
2041,80.26093,13.2143,2026-07-27,2026-07-27,2,1,3.045,3.4,1.0,The Indian Cement Ltd.,industrial_area,3366.71167234,0,Industrial Fire,Close to an unnamed industrial_works (743m away) but only active 1 day(s) over a 0-day window (2 detections) — reads as a transient burn event at/near a facility rather than an ongoing source.
2041,80.26093,13.2143,2026-07-27,2026-07-27,2,1,3.045,3.4,1.0,,industrial_area,906.10790536,0,Industrial Fire,Close to an unnamed industrial_works (743m away) but only active 1 day(s) over a 0-day window (2 detections) — reads as a transient burn event at/near a facility rather than an ongoing source.
2041,80.26093,13.2143,2026-07-27,2026-07-27,2,1,3.045,3.4,1.0,,industrial_works,742.89895073,0,Industrial Fire,Close to an unnamed industrial_works (743m away) but only active 1 day(s) over a 0-day window (2 detections) — reads as a transient burn event at/near a facility rather than an ongoing source.
2042,80.88981000000001,7.0649425,2026-07-27,2026-07-27,4,1,1.995,3.19,1.0,Walapane Depot,industrial_area,4731.55814367,0,Other/Unknown,1735m from an unnamed pipeline — plausibly related but not close enough to confidently attribute; distance alone is insufficient per project methodology. Needs Sentinel-2 land-cover context to resolve.
2042,80.88981000000001,7.0649425,2026-07-27,2026-07-27,4,1,1.995,3.19,1.0,,pipeline,1734.53635726,0,Other/Unknown,1735m from an unnamed pipeline — plausibly related but not close enough to confidently attribute; distance alone is insufficient per project methodology. Needs Sentinel-2 land-cover context to resolve.
2043,96.03720833333334,20.88708,2026-07-28,2026-07-28,6,1,5.051666666666667,5.64,1.0,"30MW Great Success Energy Co.,Ltd",power_plant,427.9057012,0,Industrial Fire,"Close to 30MW Great Success Energy Co.,Ltd (428m away) but only active 1 day(s) over a 0-day window (6 detections) — reads as a transient burn event at/near a facility rather than an ongoing source."
2044,96.0236425,20.9863825,2026-07-28,2026-07-28,4,1,3.795,3.95,1.0,,power_plant,1265.5972411,0,Industrial Fire,Close to an unnamed power_plant (1266m away) but only active 1 day(s) over a 0-day window (4 detections) — reads as a transient burn event at/near a facility rather than an ongoing source.
2046,77.73922999999999,9.432415,2026-07-28,2026-07-28,2,1,3.92,3.94,1.0,,industrial_area,1374.87260412,0,Industrial Fire,Close to an unnamed industrial_area (1375m away) but only active 1 day(s) over a 0-day window (2 detections) — reads as a transient burn event at/near a facility rather than an ongoing source.
2048,78.41650333333332,9.735263333333334,2026-07-28,2026-07-28,3,1,11.76,15.96,1.0,,industrial_area,1944.79706157,0,Other/Unknown,1945m from an unnamed industrial_area — plausibly related but not close enough to confidently attribute; distance alone is insufficient per project methodology. Needs Sentinel-2 land-cover context to resolve.
2049,77.44695999999999,9.795185,2026-07-28,2026-07-28,2,1,10.8,10.8,1.0,,,,0,Wildfire / Natural Fire,"No industrial facility within 5km, high peak intensity (max FRP 10.8), short-lived (1 active day(s) over 0 days) — profile matches a natural/wild fire rather than a stable industrial source."
2050,77.999615,9.975355,2026-07-28,2026-07-28,2,1,8.77,8.77,1.0,Vadapalanji IT SEZ,industrial_area,4881.89749214,0,Other/Unknown,"No nearby facility, moderate intensity (max FRP 8.8), short/low activity (1 active day(s) over 0 days, persistence score 1.00) — insufficient evidence to confidently classify."
2051,79.314915,15.912325,2026-07-28,2026-07-28,2,1,1.765,1.88,1.0,,,,0,Other/Unknown,"No nearby facility, moderate intensity (max FRP 1.9), short/low activity (1 active day(s) over 0 days, persistence score 1.00) — insufficient evidence to confidently classify."
2052,70.323975,28.860545,2026-07-28,2026-07-28,2,1,10.845,11.65,1.0,,,,0,Wildfire / Natural Fire,"No industrial facility within 5km, high peak intensity (max FRP 11.7), short-lived (1 active day(s) over 0 days) — profile matches a natural/wild fire rather than a stable industrial source."
2053,71.28960000000001,33.38205,2026-07-28,2026-07-28,2,1,3.55,3.79,1.0,,,,0,Other/Unknown,"No nearby facility, moderate intensity (max FRP 3.8), short/low activity (1 active day(s) over 0 days, persistence score 1.00) — insufficient evidence to confidently classify."
2054,77.04496499999999,12.09224,2026-07-28,2026-07-28,2,1,1.155,1.2,1.0,,,,0,Other/Unknown,"No nearby facility, moderate intensity (max FRP 1.2), short/low activity (1 active day(s) over 0 days, persistence score 1.00) — insufficient evidence to confidently classify."
2055,74.61099999999999,34.169325,2026-07-28,2026-07-28,2,1,1.39,1.44,1.0,,,,0,Other/Unknown,"No nearby facility, moderate intensity (max FRP 1.4), short/low activity (1 active day(s) over 0 days, persistence score 1.00) — insufficient evidence to confidently classify."
2056,81.04153,6.945315,2026-07-29,2026-07-29,2,1,16.48,27.28,1.0,Gold Buds Tea Factory,industrial_works,4285.5753031,0,Other/Unknown,"No nearby facility, moderate intensity (max FRP 27.3), short/low activity (1 active day(s) over 0 days, persistence score 1.00) — insufficient evidence to confidently classify."
2057,81.37052,7.39682,2026-07-29,2026-07-29,2,1,4.02,5.47,1.0,,,,0,Other/Unknown,"No nearby facility, moderate intensity (max FRP 5.5), short/low activity (1 active day(s) over 0 days, persistence score 1.00) — insufficient evidence to confidently classify."
2058,81.43723333333334,7.508023333333333,2026-07-29,2026-07-29,3,1,3.6533333333333338,4.32,1.0,,,,0,Other/Unknown,"No nearby facility, moderate intensity (max FRP 4.3), short/low activity (1 active day(s) over 0 days, persistence score 1.00) — insufficient evidence to confidently classify."
2059,80.927645,7.59055875,2026-07-29,2026-07-29,8,1,4.0175,5.56,1.0,,,,0,Other/Unknown,"No nearby facility, moderate intensity (max FRP 5.6), short/low activity (1 active day(s) over 0 days, persistence score 1.00) — insufficient evidence to confidently classify."
2060,81.208015,8.03727,2026-07-29,2026-07-29,2,1,3.84,4.36,1.0,New Rathna Rice (Pvt) Ltd,industrial_works,4281.29296893,0,Other/Unknown,"No nearby facility, moderate intensity (max FRP 4.4), short/low activity (1 active day(s) over 0 days, persistence score 1.00) — insufficient evidence to confidently classify."
2060,81.208015,8.03727,2026-07-29,2026-07-29,2,1,3.84,4.36,1.0,Rathna Polysack (Pvt) Ltd,industrial_works,3750.66438611,0,Other/Unknown,"No nearby facility, moderate intensity (max FRP 4.4), short/low activity (1 active day(s) over 0 days, persistence score 1.00) — insufficient evidence to confidently classify."
2060,81.208015,8.03727,2026-07-29,2026-07-29,2,1,3.84,4.36,1.0,,power_plant,3747.41504128,0,Other/Unknown,"No nearby facility, moderate intensity (max FRP 4.4), short/low activity (1 active day(s) over 0 days, persistence score 1.00) — insufficient evidence to confidently classify."
2062,80.71282,9.05487,2026-07-29,2026-07-29,2,1,12.645,13.1,1.0,,,,0,Wildfire / Natural Fire,"No industrial facility within 5km, high peak intensity (max FRP 13.1), short-lived (1 active day(s) over 0 days) — profile matches a natural/wild fire rather than a stable industrial source."
2063,78.25645,9.58348,2026-07-29,2026-07-29,2,1,4.08,4.08,1.0,,power_plant,3096.58563304,0,Other/Unknown,3097m from an unnamed power_plant — plausibly related but not close enough to confidently attribute; distance alone is insufficient per project methodology. Needs Sentinel-2 land-cover context to resolve.
2065,72.049645,29.510675,2026-07-29,2026-07-29,2,1,3.19,3.56,1.0,,,,0,Other/Unknown,"No nearby facility, moderate intensity (max FRP 3.6), short/low activity (1 active day(s) over 0 days, persistence score 1.00) — insufficient evidence to confidently classify."
2067,73.359485,30.063945,2026-07-29,2026-07-29,2,1,2.18,2.68,1.0,,,,0,Other/Unknown,"No nearby facility, moderate intensity (max FRP 2.7), short/low activity (1 active day(s) over 0 days, persistence score 1.00) — insufficient evidence to confidently classify."
2068,69.195965,34.50598,2026-07-29,2026-07-29,2,1,7.07,7.07,1.0,,,,0,Other/Unknown,"No nearby facility, moderate intensity (max FRP 7.1), short/low activity (1 active day(s) over 0 days, persistence score 1.00) — insufficient evidence to confidently classify."
2069,80.71652499999999,6.249185,2026-07-20,2026-07-20,2,1,7.435,8.63,1.0,,,,0,Wildfire / Natural Fire,"No industrial facility within 5km, high peak intensity (max FRP 8.6), short-lived (1 active day(s) over 0 days) — profile matches a natural/wild fire rather than a stable industrial source."
2070,77.31249111111111,9.17322888888889,2026-07-20,2026-07-20,9,1,1.791111111111111,9.67,1.0,,,,0,Wildfire / Natural Fire,"No industrial facility within 5km, high peak intensity (max FRP 9.7), short-lived (1 active day(s) over 0 days) — profile matches a natural/wild fire rather than a stable industrial source."
2071,68.38874,27.59672,2026-07-20,2026-07-20,3,1,9.766666666666667,15.93,1.0,,,,0,Wildfire / Natural Fire,"No industrial facility within 5km, high peak intensity (max FRP 15.9), short-lived (1 active day(s) over 0 days) — profile matches a natural/wild fire rather than a stable industrial source."
2072,72.697525,29.787405,2026-07-20,2026-07-20,2,1,3.365,3.43,1.0,,,,0,Other/Unknown,"No nearby facility, moderate intensity (max FRP 3.4), short/low activity (1 active day(s) over 0 days, persistence score 1.00) — insufficient evidence to confidently classify."
2073,72.28002000000001,29.90165,2026-07-20,2026-07-20,2,1,11.05,12.03,1.0,,,,0,Wildfire / Natural Fire,"No industrial facility within 5km, high peak intensity (max FRP 12.0), short-lived (1 active day(s) over 0 days) — profile matches a natural/wild fire rather than a stable industrial source."
2074,78.62708,9.45823,2026-07-21,2026-07-21,2,1,3.805,3.84,1.0,,industrial_area,3921.78599714,0,Other/Unknown,"No nearby facility, moderate intensity (max FRP 3.8), short/low activity (1 active day(s) over 0 days, persistence score 1.00) — insufficient evidence to confidently classify."
2075,78.77238,9.544136,2026-07-21,2026-07-21,5,1,14.152,17.56,1.0,,,,0,Wildfire / Natural Fire,"No industrial facility within 5km, high peak intensity (max FRP 17.6), short-lived (1 active day(s) over 0 days) — profile matches a natural/wild fire rather than a stable industrial source."
2076,80.93707333333333,6.832216666666667,2026-07-21,2026-07-21,3,1,1.7033333333333334,2.91,1.0,Uva Haputale Valley Tea Factory,industrial_works,4510.72996981,0,Other/Unknown,"No nearby facility, moderate intensity (max FRP 2.9), short/low activity (1 active day(s) over 0 days, persistence score 1.00) — insufficient evidence to confidently classify."
2076,80.93707333333333,6.832216666666667,2026-07-21,2026-07-21,3,1,1.7033333333333334,2.91,1.0,,industrial_area,3504.44511543,0,Other/Unknown,"No nearby facility, moderate intensity (max FRP 2.9), short/low activity (1 active day(s) over 0 days, persistence score 1.00) — insufficient evidence to confidently classify."
2077,80.86502,7.328029999999999,2026-07-21,2026-07-21,3,1,1.3533333333333333,1.94,1.0,,,,0,Other/Unknown,"No nearby facility, moderate intensity (max FRP 1.9), short/low activity (1 active day(s) over 0 days, persistence score 1.00) — insufficient evidence to confidently classify."
2079,77.787786,8.626937999999999,2026-07-22,2026-07-22,5,1,5.258,9.48,1.0,,,,0,Wildfire / Natural Fire,"No industrial facility within 5km, high peak intensity (max FRP 9.5), short-lived (1 active day(s) over 0 days) — profile matches a natural/wild fire rather than a stable industrial source."
2080,81.30207666666666,8.353973333333334,2026-07-22,2026-07-24,3,2,4.543333333333333,7.81,1.0,,,,2,Other/Unknown,"No nearby facility, moderate intensity (max FRP 7.8), short/low activity (2 active day(s) over 2 days, persistence score 1.00) — insufficient evidence to confidently classify."
2081,80.831574,6.938686,2026-07-22,2026-07-22,5,1,1.206,1.78,1.0,,,,0,Other/Unknown,"No nearby facility, moderate intensity (max FRP 1.8), short/low activity (1 active day(s) over 0 days, persistence score 1.00) — insufficient evidence to confidently classify."
2084,93.39684571428572,36.79158714285715,2026-07-23,2026-07-23,7,1,1.0957142857142856,2.37,1.0,乌图美仁200MW光伏项目,power_plant,2320.79781483,0,Other/Unknown,2321m from 乌图美仁200MW光伏项目 — plausibly related but not close enough to confidently attribute; distance alone is insufficient per project methodology. Needs Sentinel-2 land-cover context to resolve.
2084,93.39684571428572,36.79158714285715,2026-07-23,2026-07-23,7,1,1.0957142857142856,2.37,1.0,,power_plant,4778.5233533,0,Other/Unknown,2321m from 乌图美仁200MW光伏项目 — plausibly related but not close enough to confidently attribute; distance alone is insufficient per project methodology. Needs Sentinel-2 land-cover context to resolve.
2085,77.77100999999999,9.22288,2026-07-23,2026-07-23,2,1,9.81,10.59,1.0,,power_plant,1135.68870563,0,Industrial Fire,Close to an unnamed power_plant (1136m away) but only active 1 day(s) over a 0-day window (2 detections) — reads as a transient burn event at/near a facility rather than an ongoing source.
2086,78.097535,9.304265,2026-07-23,2026-07-23,2,1,10.42,10.42,1.0,,,,0,Wildfire / Natural Fire,"No industrial facility within 5km, high peak intensity (max FRP 10.4), short-lived (1 active day(s) over 0 days) — profile matches a natural/wild fire rather than a stable industrial source."
2087,79.268185,12.98169,2026-07-23,2026-07-23,2,1,7.15,7.93,1.0,BHEL Ancillary,industrial_area,3488.68705915,0,Industrial Fire,Close to an unnamed industrial_area (478m away) but only active 1 day(s) over a 0-day window (2 detections) — reads as a transient burn event at/near a facility rather than an ongoing source.
2087,79.268185,12.98169,2026-07-23,2026-07-23,2,1,7.15,7.93,1.0,SIPCOT Industrial Complex,industrial_area,4670.04480618,0,Industrial Fire,Close to an unnamed industrial_area (478m away) but only active 1 day(s) over a 0-day window (2 detections) — reads as a transient burn event at/near a facility rather than an ongoing source.
2087,79.268185,12.98169,2026-07-23,2026-07-23,2,1,7.15,7.93,1.0,,industrial_area,478.08930611,0,Industrial Fire,Close to an unnamed industrial_area (478m away) but only active 1 day(s) over a 0-day window (2 detections) — reads as a transient burn event at/near a facility rather than an ongoing source.
2087,79.268185,12.98169,2026-07-23,2026-07-23,2,1,7.15,7.93,1.0,,industrial_works,3308.66756147,0,Industrial Fire,Close to an unnamed industrial_area (478m away) but only active 1 day(s) over a 0-day window (2 detections) — reads as a transient burn event at/near a facility rather than an ongoing source.
2088,80.291865,13.20049,2026-07-23,2026-07-23,2,1,2.825,3.96,1.0,Ananda Industries,industrial_area,4092.06863608,0,Other/Unknown,1913m from Ennore Thermal Power Station — plausibly related but not close enough to confidently attribute; distance alone is insufficient per project methodology. Needs Sentinel-2 land-cover context to resolve.
2088,80.291865,13.20049,2026-07-23,2026-07-23,2,1,2.825,3.96,1.0,Ashok Leyland Vehicle Test Centre,industrial_area,3859.65527387,0,Other/Unknown,1913m from Ennore Thermal Power Station — plausibly related but not close enough to confidently attribute; distance alone is insufficient per project methodology. Needs Sentinel-2 land-cover context to resolve.
2088,80.291865,13.20049,2026-07-23,2026-07-23,2,1,2.825,3.96,1.0,Carborundum Universal,industrial_area,3860.30372398,0,Other/Unknown,1913m from Ennore Thermal Power Station — plausibly related but not close enough to confidently attribute; distance alone is insufficient per project methodology. Needs Sentinel-2 land-cover context to resolve.
2088,80.291865,13.20049,2026-07-23,2026-07-23,2,1,2.825,3.96,1.0,CPCL Manali Refinery Captive Power Station,power_plant,3787.78196798,0,Other/Unknown,1913m from Ennore Thermal Power Station — plausibly related but not close enough to confidently attribute; distance alone is insufficient per project methodology. Needs Sentinel-2 land-cover context to resolve.
2088,80.291865,13.20049,2026-07-23,2026-07-23,2,1,2.825,3.96,1.0,CPCL Refinery,industrial_area,2644.11627209,0,Other/Unknown,1913m from Ennore Thermal Power Station — plausibly related but not close enough to confidently attribute; distance alone is insufficient per project methodology. Needs Sentinel-2 land-cover context to resolve.
2088,80.291865,13.20049,2026-07-23,2026-07-23,2,1,2.825,3.96,1.0,EID Parry Fertilizers,industrial_area,3877.93834912,0,Other/Unknown,1913m from Ennore Thermal Power Station — plausibly related but not close enough to confidently attribute; distance alone is insufficient per project methodology. Needs Sentinel-2 land-cover context to resolve.
2088,80.291865,13.20049,2026-07-23,2026-07-23,2,1,2.825,3.96,1.0,Ennore Foundries,industrial_area,3269.01219335,0,Other/Unknown,1913m from Ennore Thermal Power Station — plausibly related but not close enough to confidently attribute; distance alone is insufficient per project methodology. Needs Sentinel-2 land-cover context to resolve.
2088,80.291865,13.20049,2026-07-23,2026-07-23,2,1,2.825,3.96,1.0,Ennore MTC Depot,industrial_area,3538.739324,0,Other/Unknown,1913m from Ennore Thermal Power Station — plausibly related but not close enough to confidently attribute; distance alone is insufficient per project methodology. Needs Sentinel-2 land-cover context to resolve.
2088,80.291865,13.20049,2026-07-23,2026-07-23,2,1,2.825,3.96,1.0,Ennore Thermal Power Station,power_plant,1912.67113088,0,Other/Unknown,1913m from Ennore Thermal Power Station — plausibly related but not close enough to confidently attribute; distance alone is insufficient per project methodology. Needs Sentinel-2 land-cover context to resolve.
2088,80.291865,13.20049,2026-07-23,2026-07-23,2,1,2.825,3.96,1.0,ITC Packaging,industrial_area,2425.84340904,0,Other/Unknown,1913m from Ennore Thermal Power Station — plausibly related but not close enough to confidently attribute; distance alone is insufficient per project methodology. Needs Sentinel-2 land-cover context to resolve.
2088,80.291865,13.20049,2026-07-23,2026-07-23,2,1,2.825,3.96,1.0,Manali Fertilizers Limited - MFL,industrial_area,4114.27071372,0,Other/Unknown,1913m from Ennore Thermal Power Station — plausibly related but not close enough to confidently attribute; distance alone is insufficient per project methodology. Needs Sentinel-2 land-cover context to resolve.
2088,80.291865,13.20049,2026-07-23,2026-07-23,2,1,2.825,3.96,1.0,MRF Tyres,industrial_area,3250.50071127,0,Other/Unknown,1913m from Ennore Thermal Power Station — plausibly related but not close enough to confidently attribute; distance alone is insufficient per project methodology. Needs Sentinel-2 land-cover context to resolve.
2088,80.291865,13.20049,2026-07-23,2026-07-23,2,1,2.825,3.96,1.0,RMS Ropheka Multi Speciality Hospital,industrial_area,3085.47529481,0,Other/Unknown,1913m from Ennore Thermal Power Station — plausibly related but not close enough to confidently attribute; distance alone is insufficient per project methodology. Needs Sentinel-2 land-cover context to resolve.
2088,80.291865,13.20049,2026-07-23,2026-07-23,2,1,2.825,3.96,1.0,Royal Enfield Motors,industrial_area,3365.8697982,0,Other/Unknown,1913m from Ennore Thermal Power Station — plausibly related but not close enough to confidently attribute; distance alone is insufficient per project methodology. Needs Sentinel-2 land-cover context to resolve.
2088,80.291865,13.20049,2026-07-23,2026-07-23,2,1,2.825,3.96,1.0,STP Container Terminal,industrial_area,4402.23847752,0,Other/Unknown,1913m from Ennore Thermal Power Station — plausibly related but not close enough to confidently attribute; distance alone is insufficient per project methodology. Needs Sentinel-2 land-cover context to resolve.
2088,80.291865,13.20049,2026-07-23,2026-07-23,2,1,2.825,3.96,1.0,The Indian Cement Ltd.,industrial_area,3913.4071728,0,Other/Unknown,1913m from Ennore Thermal Power Station — plausibly related but not close enough to confidently attribute; distance alone is insufficient per project methodology. Needs Sentinel-2 land-cover context to resolve.
2088,80.291865,13.20049,2026-07-23,2026-07-23,2,1,2.825,3.96,1.0,Thiruvottiyur MTC Depot,industrial_area,3414.78323423,0,Other/Unknown,1913m from Ennore Thermal Power Station — plausibly related but not close enough to confidently attribute; distance alone is insufficient per project methodology. Needs Sentinel-2 land-cover context to resolve.
2088,80.291865,13.20049,2026-07-23,2026-07-23,2,1,2.825,3.96,1.0,Vallur Thermal Power Station,power_plant,4339.33266667,0,Other/Unknown,1913m from Ennore Thermal Power Station — plausibly related but not close enough to confidently attribute; distance alone is insufficient per project methodology. Needs Sentinel-2 land-cover context to resolve.
2088,80.291865,13.20049,2026-07-23,2026-07-23,2,1,2.825,3.96,1.0,,industrial_area,1950.14377734,0,Other/Unknown,1913m from Ennore Thermal Power Station — plausibly related but not close enough to confidently attribute; distance alone is insufficient per project methodology. Needs Sentinel-2 land-cover context to resolve.
2088,80.291865,13.20049,2026-07-23,2026-07-23,2,1,2.825,3.96,1.0,,industrial_works,2831.53913229,0,Other/Unknown,1913m from Ennore Thermal Power Station — plausibly related but not close enough to confidently attribute; distance alone is insufficient per project methodology. Needs Sentinel-2 land-cover context to resolve.
2088,80.291865,13.20049,2026-07-23,2026-07-23,2,1,2.825,3.96,1.0,,power_plant,4718.15110074,0,Other/Unknown,1913m from Ennore Thermal Power Station — plausibly related but not close enough to confidently attribute; distance alone is insufficient per project methodology. Needs Sentinel-2 land-cover context to resolve.
2089,80.06407,15.825653333333332,2026-07-23,2026-07-23,3,1,6.580000000000001,7.25,1.0,Sri Veda cold storage,industrial_area,2612.42581982,0,Other/Unknown,2612m from Sri Veda cold storage — plausibly related but not close enough to confidently attribute; distance alone is insufficient per project methodology. Needs Sentinel-2 land-cover context to resolve.
2090,80.021165,16.03838,2026-07-23,2026-07-23,2,1,2.04,2.16,1.0,,,,0,Other/Unknown,"No nearby facility, moderate intensity (max FRP 2.2), short/low activity (1 active day(s) over 0 days, persistence score 1.00) — insufficient evidence to confidently classify."
2092,80.829845,6.773835,2026-07-23,2026-07-23,2,1,0.88,0.88,1.0,Kingslynn Tea Factory,industrial_works,2764.0748133,0,Other/Unknown,2764m from Kingslynn Tea Factory — plausibly related but not close enough to confidently attribute; distance alone is insufficient per project methodology. Needs Sentinel-2 land-cover context to resolve.
2092,80.829845,6.773835,2026-07-23,2026-07-23,2,1,0.88,0.88,1.0,Udaweria Estate Tea Factory,industrial_works,3196.43606533,0,Other/Unknown,2764m from Kingslynn Tea Factory — plausibly related but not close enough to confidently attribute; distance alone is insufficient per project methodology. Needs Sentinel-2 land-cover context to resolve.
2093,81.1721,6.913265,2026-07-23,2026-07-23,2,1,0.93,1.01,1.0,,,,0,Other/Unknown,"No nearby facility, moderate intensity (max FRP 1.0), short/low activity (1 active day(s) over 0 days, persistence score 1.00) — insufficient evidence to confidently classify."
2094,80.93731,15.964275,2026-07-23,2026-07-23,2,1,2.73,3.89,1.0,,,,0,Other/Unknown,"No nearby facility, moderate intensity (max FRP 3.9), short/low activity (1 active day(s) over 0 days, persistence score 1.00) — insufficient evidence to confidently classify."
2095,83.211035,17.709130000000002,2026-07-23,2026-07-23,2,1,2.81,3.02,1.0,"APSRTC Bus Depot, Gajuwaka",industrial_area,2402.16493951,0,Industrial Fire,Close to vishaka dairy (483m away) but only active 1 day(s) over a 0-day window (2 detections) — reads as a transient burn event at/near a facility rather than an ongoing source.
2095,83.211035,17.709130000000002,2026-07-23,2026-07-23,2,1,2.81,3.02,1.0,GAIL (INDIA) LIMITED VSPL,industrial_area,858.41145569,0,Industrial Fire,Close to vishaka dairy (483m away) but only active 1 day(s) over a 0-day window (2 detections) — reads as a transient burn event at/near a facility rather than an ongoing source.
2095,83.211035,17.709130000000002,2026-07-23,2026-07-23,2,1,2.81,3.02,1.0,Gateway East India Pvt. Ltd,industrial_area,1444.89353593,0,Industrial Fire,Close to vishaka dairy (483m away) but only active 1 day(s) over a 0-day window (2 detections) — reads as a transient burn event at/near a facility rather than an ongoing source.
2095,83.211035,17.709130000000002,2026-07-23,2026-07-23,2,1,2.81,3.02,1.0,Himadri Chemical & industries ltd(vizag) (Visakhapatnam),industrial_works,4886.07435318,0,Industrial Fire,Close to vishaka dairy (483m away) but only active 1 day(s) over a 0-day window (2 detections) — reads as a transient burn event at/near a facility rather than an ongoing source.
2095,83.211035,17.709130000000002,2026-07-23,2026-07-23,2,1,2.81,3.02,1.0,Hindustan Petroleum Corporation Limited,industrial_area,3925.86085474,0,Industrial Fire,Close to vishaka dairy (483m away) but only active 1 day(s) over a 0-day window (2 detections) — reads as a transient burn event at/near a facility rather than an ongoing source.
2095,83.211035,17.709130000000002,2026-07-23,2026-07-23,2,1,2.81,3.02,1.0,Hindusthan Petroleum Corporation Limited,industrial_area,4061.64787059,0,Industrial Fire,Close to vishaka dairy (483m away) but only active 1 day(s) over a 0-day window (2 detections) — reads as a transient burn event at/near a facility rather than an ongoing source.
2095,83.211035,17.709130000000002,2026-07-23,2026-07-23,2,1,2.81,3.02,1.0,Visakhapatnam Port,power_plant,4806.89585415,0,Industrial Fire,Close to vishaka dairy (483m away) but only active 1 day(s) over a 0-day window (2 detections) — reads as a transient burn event at/near a facility rather than an ongoing source.
2095,83.211035,17.709130000000002,2026-07-23,2026-07-23,2,1,2.81,3.02,1.0,Visakhapatnam Refinery,industrial_area,3076.33411092,0,Industrial Fire,Close to vishaka dairy (483m away) but only active 1 day(s) over a 0-day window (2 detections) — reads as a transient burn event at/near a facility rather than an ongoing source.
2095,83.211035,17.709130000000002,2026-07-23,2026-07-23,2,1,2.81,3.02,1.0,vishaka dairy,industrial_area,483.29164641,0,Industrial Fire,Close to vishaka dairy (483m away) but only active 1 day(s) over a 0-day window (2 detections) — reads as a transient burn event at/near a facility rather than an ongoing source.
2095,83.211035,17.709130000000002,2026-07-23,2026-07-23,2,1,2.81,3.02,1.0,Viskha Dairy,industrial_works,592.54097913,0,Industrial Fire,Close to vishaka dairy (483m away) but only active 1 day(s) over a 0-day window (2 detections) — reads as a transient burn event at/near a facility rather than an ongoing source.
2095,83.211035,17.709130000000002,2026-07-23,2026-07-23,2,1,2.81,3.02,1.0,,industrial_area,612.18838146,0,Industrial Fire,Close to vishaka dairy (483m away) but only active 1 day(s) over a 0-day window (2 detections) — reads as a transient burn event at/near a facility rather than an ongoing source.
2095,83.211035,17.709130000000002,2026-07-23,2026-07-23,2,1,2.81,3.02,1.0,,industrial_works,4242.44758616,0,Industrial Fire,Close to vishaka dairy (483m away) but only active 1 day(s) over a 0-day window (2 detections) — reads as a transient burn event at/near a facility rather than an ongoing source.
2095,83.211035,17.709130000000002,2026-07-23,2026-07-23,2,1,2.81,3.02,1.0,,pipeline,3544.56836758,0,Industrial Fire,Close to vishaka dairy (483m away) but only active 1 day(s) over a 0-day window (2 detections) — reads as a transient burn event at/near a facility rather than an ongoing source.
2095,83.211035,17.709130000000002,2026-07-23,2026-07-23,2,1,2.81,3.02,1.0,,power_plant,2855.73656212,0,Industrial Fire,Close to vishaka dairy (483m away) but only active 1 day(s) over a 0-day window (2 detections) — reads as a transient burn event at/near a facility rather than an ongoing source.
2096,80.894535,6.722235,2026-07-24,2026-07-24,2,1,7.355,9.4,1.0,Mini Turbine Generator,power_plant,4675.55261686,0,Other/Unknown,"No nearby facility, moderate intensity (max FRP 9.4), short/low activity (1 active day(s) over 0 days, persistence score 1.00) — insufficient evidence to confidently classify."
2097,81.42966,6.81857,2026-07-24,2026-07-24,2,1,4.58,4.58,1.0,,,,0,Other/Unknown,"No nearby facility, moderate intensity (max FRP 4.6), short/low activity (1 active day(s) over 0 days, persistence score 1.00) — insufficient evidence to confidently classify."
2098,81.626165,6.96608,2026-07-24,2026-07-24,2,1,8.085,12.0,1.0,,power_plant,1895.90476997,0,Other/Unknown,1896m from an unnamed power_plant — plausibly related but not close enough to confidently attribute; distance alone is insufficient per project methodology. Needs Sentinel-2 land-cover context to resolve.
2099,81.07724999999999,6.975515,2026-07-24,2026-07-24,2,1,2.64,2.64,1.0,Gold Buds Tea Factory,industrial_works,1681.82861322,0,Other/Unknown,1682m from Gold Buds Tea Factory — plausibly related but not close enough to confidently attribute; distance alone is insufficient per project methodology. Needs Sentinel-2 land-cover context to resolve.
2100,81.336465,7.411004999999999,2026-07-24,2026-07-24,2,1,5.08,5.63,1.0,,,,0,Other/Unknown,"No nearby facility, moderate intensity (max FRP 5.6), short/low activity (1 active day(s) over 0 days, persistence score 1.00) — insufficient evidence to confidently classify."
2101,81.637565,7.618125,2026-07-24,2026-07-24,2,1,2.79,2.79,1.0,,pipeline,1948.45287003,0,Other/Unknown,1948m from an unnamed pipeline — plausibly related but not close enough to confidently attribute; distance alone is insufficient per project methodology. Needs Sentinel-2 land-cover context to resolve.
2102,81.220612,7.729652,2026-07-24,2026-07-24,5,1,7.396000000000001,11.1,1.0,,,,0,Wildfire / Natural Fire,"No industrial facility within 5km, high peak intensity (max FRP 11.1), short-lived (1 active day(s) over 0 days) — profile matches a natural/wild fire rather than a stable industrial source."
2103,80.539105,8.27116,2026-07-24,2026-07-24,2,1,8.97,10.89,1.0,,,,0,Wildfire / Natural Fire,"No industrial facility within 5km, high peak intensity (max FRP 10.9), short-lived (1 active day(s) over 0 days) — profile matches a natural/wild fire rather than a stable industrial source."
2104,80.37693,8.769400000000001,2026-07-24,2026-07-24,2,1,7.165,7.76,1.0,,,,0,Other/Unknown,"No nearby facility, moderate intensity (max FRP 7.8), short/low activity (1 active day(s) over 0 days, persistence score 1.00) — insufficient evidence to confidently classify."
2106,77.17239000000001,10.34955,2026-07-24,2026-07-24,2,1,3.16,3.36,1.0,,,,0,Other/Unknown,"No nearby facility, moderate intensity (max FRP 3.4), short/low activity (1 active day(s) over 0 days, persistence score 1.00) — insufficient evidence to confidently classify."
2107,79.22411,10.38881,2026-07-24,2026-07-24,2,1,4.1,4.1,1.0,,,,0,Other/Unknown,"No nearby facility, moderate intensity (max FRP 4.1), short/low activity (1 active day(s) over 0 days, persistence score 1.00) — insufficient evidence to confidently classify."
2108,79.614085,10.672165,2026-07-24,2026-07-24,2,1,4.435,5.43,1.0,,,,0,Other/Unknown,"No nearby facility, moderate intensity (max FRP 5.4), short/low activity (1 active day(s) over 0 days, persistence score 1.00) — insufficient evidence to confidently classify."
2109,78.797695,10.84681,2026-07-24,2026-07-24,2,1,2.75,2.75,1.0,,industrial_area,4603.2521341,0,Other/Unknown,"No nearby facility, moderate intensity (max FRP 2.8), short/low activity (1 active day(s) over 0 days, persistence score 1.00) — insufficient evidence to confidently classify."
2110,79.72779,11.391315,2026-07-24,2026-07-24,2,1,6.029999999999999,6.47,1.0,,,,0,Other/Unknown,"No nearby facility, moderate intensity (max FRP 6.5), short/low activity (1 active day(s) over 0 days, persistence score 1.00) — insufficient evidence to confidently classify."
2111,78.67052,18.306800000000003,2026-07-24,2026-07-24,2,1,5.07,7.06,1.0,,power_plant,260.27865442,0,Industrial Fire,Close to an unnamed power_plant (260m away) but only active 1 day(s) over a 0-day window (2 detections) — reads as a transient burn event at/near a facility rather than an ongoing source.
2113,73.80757,30.72828,2026-07-24,2026-07-24,2,1,3.105,3.5,1.0,,,,0,Other/Unknown,"No nearby facility, moderate intensity (max FRP 3.5), short/low activity (1 active day(s) over 0 days, persistence score 1.00) — insufficient evidence to confidently classify."
2114,75.53630000000001,30.85395,2026-07-24,2026-07-24,2,1,3.135,3.83,1.0,,,,0,Other/Unknown,"No nearby facility, moderate intensity (max FRP 3.8), short/low activity (1 active day(s) over 0 days, persistence score 1.00) — insufficient evidence to confidently classify."
2115,75.340265,31.312735,2026-07-24,2026-07-24,2,1,3.18,3.18,1.0,,,,0,Other/Unknown,"No nearby facility, moderate intensity (max FRP 3.2), short/low activity (1 active day(s) over 0 days, persistence score 1.00) — insufficient evidence to confidently classify."
2116,78.15788666666667,10.984663333333335,2026-07-24,2026-07-24,3,1,1.876666666666667,3.1,1.0,,,,0,Other/Unknown,"No nearby facility, moderate intensity (max FRP 3.1), short/low activity (1 active day(s) over 0 days, persistence score 1.00) — insufficient evidence to confidently classify."
2117,77.90225000000001,12.64973,2026-07-16,2026-07-16,2,1,0.62,0.62,1.0,,industrial_area,1939.06336454,0,Other/Unknown,1939m from an unnamed industrial_area — plausibly related but not close enough to confidently attribute; distance alone is insufficient per project methodology. Needs Sentinel-2 land-cover context to resolve.
2118,81.0589775,6.8171,2026-07-16,2026-07-16,4,1,1.3225000000000002,1.52,1.0,,,,0,Other/Unknown,"No nearby facility, moderate intensity (max FRP 1.5), short/low activity (1 active day(s) over 0 days, persistence score 1.00) — insufficient evidence to confidently classify."
2119,80.76347999999999,7.05531,2026-07-16,2026-07-16,2,1,1.76,1.76,1.0,,,,0,Other/Unknown,"No nearby facility, moderate intensity (max FRP 1.8), short/low activity (1 active day(s) over 0 days, persistence score 1.00) — insufficient evidence to confidently classify."
2120,77.30001727272729,9.221588636363636,2026-07-16,2026-07-16,22,1,7.586818181818182,24.73,1.0,,,,0,Wildfire / Natural Fire,"No industrial facility within 5km, high peak intensity (max FRP 24.7), short-lived (1 active day(s) over 0 days) — profile matches a natural/wild fire rather than a stable industrial source."
2122,79.13949000000001,14.07372,2026-07-17,2026-07-17,3,1,9.993333333333334,14.56,1.0,,,,0,Wildfire / Natural Fire,"No industrial facility within 5km, high peak intensity (max FRP 14.6), short-lived (1 active day(s) over 0 days) — profile matches a natural/wild fire rather than a stable industrial source."
2123,81.28182666666667,7.42583,2026-07-17,2026-07-17,3,1,14.123333333333337,20.21,1.0,,,,0,Wildfire / Natural Fire,"No industrial facility within 5km, high peak intensity (max FRP 20.2), short-lived (1 active day(s) over 0 days) — profile matches a natural/wild fire rather than a stable industrial source."
2124,77.540305,13.87141,2026-07-17,2026-07-17,2,1,3.625,3.79,1.0,Kollakunta Super Spiing Mills,industrial_area,1186.60278473,0,Industrial Fire,Close to Kollakunta Super Spiing Mills (1187m away) but only active 1 day(s) over a 0-day window (2 detections) — reads as a transient burn event at/near a facility rather than an ongoing source.
2124,77.540305,13.87141,2026-07-17,2026-07-17,2,1,3.625,3.79,1.0,,industrial_area,1838.6721582,0,Industrial Fire,Close to Kollakunta Super Spiing Mills (1187m away) but only active 1 day(s) over a 0-day window (2 detections) — reads as a transient burn event at/near a facility rather than an ongoing source.
2125,77.44052500000001,14.307855,2026-07-17,2026-07-17,2,1,4.07,4.07,1.0,,,,0,Other/Unknown,"No nearby facility, moderate intensity (max FRP 4.1), short/low activity (1 active day(s) over 0 days, persistence score 1.00) — insufficient evidence to confidently classify."
2126,77.218375,14.3405,2026-07-17,2026-07-17,2,1,4.609999999999999,5.26,1.0,,power_plant,3720.71980398,0,Other/Unknown,"No nearby facility, moderate intensity (max FRP 5.3), short/low activity (1 active day(s) over 0 days, persistence score 1.00) — insufficient evidence to confidently classify."
2127,68.86869,23.45933,2026-07-17,2026-07-17,2,1,3.22,3.22,1.0,,,,0,Other/Unknown,"No nearby facility, moderate intensity (max FRP 3.2), short/low activity (1 active day(s) over 0 days, persistence score 1.00) — insufficient evidence to confidently classify."
2128,70.789375,27.050525,2026-07-17,2026-07-17,2,1,6.275,6.5,1.0,,,,0,Other/Unknown,"No nearby facility, moderate intensity (max FRP 6.5), short/low activity (1 active day(s) over 0 days, persistence score 1.00) — insufficient evidence to confidently classify."
2129,70.62756666666667,27.44233,2026-07-17,2026-07-17,3,1,24.066666666666663,41.69,1.0,,,,0,Wildfire / Natural Fire,"No industrial facility within 5km, high peak intensity (max FRP 41.7), short-lived (1 active day(s) over 0 days) — profile matches a natural/wild fire rather than a stable industrial source."
2131,71.98194333333333,29.52112,2026-07-17,2026-07-17,3,1,4.23,7.49,1.0,,,,0,Other/Unknown,"No nearby facility, moderate intensity (max FRP 7.5), short/low activity (1 active day(s) over 0 days, persistence score 1.00) — insufficient evidence to confidently classify."
2132,72.31523666666665,29.656503333333333,2026-07-17,2026-07-17,3,1,3.796666666666667,4.5,1.0,,,,0,Other/Unknown,"No nearby facility, moderate intensity (max FRP 4.5), short/low activity (1 active day(s) over 0 days, persistence score 1.00) — insufficient evidence to confidently classify."
2135,72.4783675,29.8818725,2026-07-17,2026-07-17,4,1,4.365,4.81,1.0,,,,0,Other/Unknown,"No nearby facility, moderate intensity (max FRP 4.8), short/low activity (1 active day(s) over 0 days, persistence score 1.00) — insufficient evidence to confidently classify."
2136,72.75851,29.927955,2026-07-17,2026-07-17,2,1,4.115,4.88,1.0,,,,0,Other/Unknown,"No nearby facility, moderate intensity (max FRP 4.9), short/low activity (1 active day(s) over 0 days, persistence score 1.00) — insufficient evidence to confidently classify."
2137,72.413455,29.95156,2026-07-17,2026-07-17,2,1,3.71,3.71,1.0,,,,0,Other/Unknown,"No nearby facility, moderate intensity (max FRP 3.7), short/low activity (1 active day(s) over 0 days, persistence score 1.00) — insufficient evidence to confidently classify."
2138,71.80481499999999,29.98536,2026-07-17,2026-07-17,2,1,4.375,6.34,1.0,,,,0,Other/Unknown,"No nearby facility, moderate intensity (max FRP 6.3), short/low activity (1 active day(s) over 0 days, persistence score 1.00) — insufficient evidence to confidently classify."
2139,72.50595,29.98720333333333,2026-07-17,2026-07-17,3,1,15.910000000000002,20.47,1.0,,,,0,Wildfire / Natural Fire,"No industrial facility within 5km, high peak intensity (max FRP 20.5), short-lived (1 active day(s) over 0 days) — profile matches a natural/wild fire rather than a stable industrial source."
2140,73.85096,30.611780000000003,2026-07-17,2026-07-17,2,1,7.935,13.44,1.0,,,,0,Wildfire / Natural Fire,"No industrial facility within 5km, high peak intensity (max FRP 13.4), short-lived (1 active day(s) over 0 days) — profile matches a natural/wild fire rather than a stable industrial source."
2143,71.14287999999999,33.35488,2026-07-17,2026-07-17,2,1,1.05,1.05,1.0,,,,0,Other/Unknown,"No nearby facility, moderate intensity (max FRP 1.1), short/low activity (1 active day(s) over 0 days, persistence score 1.00) — insufficient evidence to confidently classify."
2144,80.77634,6.563235,2026-07-18,2026-07-18,2,1,4.154999999999999,5.6,1.0,Samanalaweva Hydroelectrical plant,power_plant,4234.86310637,0,Other/Unknown,"No nearby facility, moderate intensity (max FRP 5.6), short/low activity (1 active day(s) over 0 days, persistence score 1.00) — insufficient evidence to confidently classify."
2145,81.17507499999999,6.842090000000001,2026-07-18,2026-07-18,2,1,6.615,6.69,1.0,,,,0,Other/Unknown,"No nearby facility, moderate intensity (max FRP 6.7), short/low activity (1 active day(s) over 0 days, persistence score 1.00) — insufficient evidence to confidently classify."
2146,80.11403,9.02011,2026-07-18,2026-07-18,2,1,4.115,4.41,1.0,,,,0,Other/Unknown,"No nearby facility, moderate intensity (max FRP 4.4), short/low activity (1 active day(s) over 0 days, persistence score 1.00) — insufficient evidence to confidently classify."
2147,77.4343925,9.1019225,2026-07-18,2026-07-18,4,1,4.1000000000000005,4.78,1.0,,,,0,Other/Unknown,"No nearby facility, moderate intensity (max FRP 4.8), short/low activity (1 active day(s) over 0 days, persistence score 1.00) — insufficient evidence to confidently classify."
2148,77.64907666666666,9.50262,2026-07-18,2026-07-18,3,1,4.413333333333333,6.46,1.0,Rice Mill,industrial_area,1900.19383838,0,Other/Unknown,1851m from an unnamed industrial_works — plausibly related but not close enough to confidently attribute; distance alone is insufficient per project methodology. Needs Sentinel-2 land-cover context to resolve.
2148,77.64907666666666,9.50262,2026-07-18,2026-07-18,3,1,4.413333333333333,6.46,1.0,SRIVILLIPUTTUR BRICK KLINS,industrial_area,3924.9382207,0,Other/Unknown,1851m from an unnamed industrial_works — plausibly related but not close enough to confidently attribute; distance alone is insufficient per project methodology. Needs Sentinel-2 land-cover context to resolve.
2148,77.64907666666666,9.50262,2026-07-18,2026-07-18,3,1,4.413333333333333,6.46,1.0,கூட்டுறவு நூற்பாலை,industrial_area,3152.41686808,0,Other/Unknown,1851m from an unnamed industrial_works — plausibly related but not close enough to confidently attribute; distance alone is insufficient per project methodology. Needs Sentinel-2 land-cover context to resolve.
2148,77.64907666666666,9.50262,2026-07-18,2026-07-18,3,1,4.413333333333333,6.46,1.0,,industrial_works,1851.18120511,0,Other/Unknown,1851m from an unnamed industrial_works — plausibly related but not close enough to confidently attribute; distance alone is insufficient per project methodology. Needs Sentinel-2 land-cover context to resolve.
2149,77.87214,9.93842,2026-07-18,2026-07-18,2,1,5.85,5.85,1.0,,,,0,Other/Unknown,"No nearby facility, moderate intensity (max FRP 5.8), short/low activity (1 active day(s) over 0 days, persistence score 1.00) — insufficient evidence to confidently classify."
2150,72.04076333333335,29.696113333333333,2026-07-18,2026-07-18,3,1,13.516666666666667,18.29,1.0,,,,0,Wildfire / Natural Fire,"No industrial facility within 5km, high peak intensity (max FRP 18.3), short-lived (1 active day(s) over 0 days) — profile matches a natural/wild fire rather than a stable industrial source."
2151,71.98349,29.704835,2026-07-18,2026-07-18,2,1,4.88,4.88,1.0,,,,0,Other/Unknown,"No nearby facility, moderate intensity (max FRP 4.9), short/low activity (1 active day(s) over 0 days, persistence score 1.00) — insufficient evidence to confidently classify."
2152,72.44466,29.780515,2026-07-18,2026-07-18,2,1,20.185,35.11,1.0,,,,0,Wildfire / Natural Fire,"No industrial facility within 5km, high peak intensity (max FRP 35.1), short-lived (1 active day(s) over 0 days) — profile matches a natural/wild fire rather than a stable industrial source."
2153,72.35072500000001,29.85768,2026-07-18,2026-07-18,2,1,4.335,4.86,1.0,,,,0,Other/Unknown,"No nearby facility, moderate intensity (max FRP 4.9), short/low activity (1 active day(s) over 0 days, persistence score 1.00) — insufficient evidence to confidently classify."
2154,72.615215,29.87601,2026-07-18,2026-07-18,2,1,3.8,3.85,1.0,,,,0,Other/Unknown,"No nearby facility, moderate intensity (max FRP 3.9), short/low activity (1 active day(s) over 0 days, persistence score 1.00) — insufficient evidence to confidently classify."
2155,72.39423666666666,29.91920333333333,2026-07-18,2026-07-18,3,1,3.056666666666666,3.61,1.0,,,,0,Other/Unknown,"No nearby facility, moderate intensity (max FRP 3.6), short/low activity (1 active day(s) over 0 days, persistence score 1.00) — insufficient evidence to confidently classify."
2156,71.50119000000001,29.96932,2026-07-18,2026-07-18,2,1,6.09,6.09,1.0,,,,0,Other/Unknown,"No nearby facility, moderate intensity (max FRP 6.1), short/low activity (1 active day(s) over 0 days, persistence score 1.00) — insufficient evidence to confidently classify."
2157,71.51354,30.08242,2026-07-18,2026-07-18,2,1,2.72,2.78,1.0,,,,0,Other/Unknown,"No nearby facility, moderate intensity (max FRP 2.8), short/low activity (1 active day(s) over 0 days, persistence score 1.00) — insufficient evidence to confidently classify."
2158,73.27280999999999,30.16051,2026-07-18,2026-07-18,2,1,3.905,4.19,1.0,,,,0,Other/Unknown,"No nearby facility, moderate intensity (max FRP 4.2), short/low activity (1 active day(s) over 0 days, persistence score 1.00) — insufficient evidence to confidently classify."
2159,73.17475999999999,30.428265,2026-07-18,2026-07-18,2,1,1.83,1.83,1.0,,,,0,Other/Unknown,"No nearby facility, moderate intensity (max FRP 1.8), short/low activity (1 active day(s) over 0 days, persistence score 1.00) — insufficient evidence to confidently classify."
2160,72.769405,30.49557,2026-07-18,2026-07-18,2,1,2.495,2.96,1.0,,,,0,Other/Unknown,"No nearby facility, moderate intensity (max FRP 3.0), short/low activity (1 active day(s) over 0 days, persistence score 1.00) — insufficient evidence to confidently classify."
2161,72.896445,31.634435,2026-07-18,2026-07-18,2,1,6.725,7.89,1.0,,,,0,Other/Unknown,"No nearby facility, moderate intensity (max FRP 7.9), short/low activity (1 active day(s) over 0 days, persistence score 1.00) — insufficient evidence to confidently classify."
2162,73.16217499999999,31.98228,2026-07-18,2026-07-18,2,1,2.64,2.64,1.0,,,,0,Other/Unknown,"No nearby facility, moderate intensity (max FRP 2.6), short/low activity (1 active day(s) over 0 days, persistence score 1.00) — insufficient evidence to confidently classify."
2163,73.18436,32.018735,2026-07-18,2026-07-18,2,1,6.33,6.35,1.0,,,,0,Other/Unknown,"No nearby facility, moderate intensity (max FRP 6.3), short/low activity (1 active day(s) over 0 days, persistence score 1.00) — insufficient evidence to confidently classify."
2164,73.330665,32.1195,2026-07-18,2026-07-18,2,1,4.49,4.49,1.0,,,,0,Other/Unknown,"No nearby facility, moderate intensity (max FRP 4.5), short/low activity (1 active day(s) over 0 days, persistence score 1.00) — insufficient evidence to confidently classify."
2165,72.102575,35.288225,2026-07-18,2026-07-18,2,1,0.865,1.0,1.0,,,,0,Other/Unknown,"No nearby facility, moderate intensity (max FRP 1.0), short/low activity (1 active day(s) over 0 days, persistence score 1.00) — insufficient evidence to confidently classify."
2166,81.10239,6.415065,2026-07-19,2026-07-19,2,1,4.585,4.64,1.0,,,,0,Other/Unknown,"No nearby facility, moderate intensity (max FRP 4.6), short/low activity (1 active day(s) over 0 days, persistence score 1.00) — insufficient evidence to confidently classify."
2167,81.60361,7.60957,2026-07-19,2026-07-19,2,1,3.18,3.55,1.0,,pipeline,4418.87900465,0,Other/Unknown,"No nearby facility, moderate intensity (max FRP 3.5), short/low activity (1 active day(s) over 0 days, persistence score 1.00) — insufficient evidence to confidently classify."
2168,81.31653,7.643055,2026-07-19,2026-07-19,2,1,5.875,6.08,1.0,,,,0,Other/Unknown,"No nearby facility, moderate intensity (max FRP 6.1), short/low activity (1 active day(s) over 0 days, persistence score 1.00) — insufficient evidence to confidently classify."
2169,77.95609,8.742866666666666,2026-07-19,2026-07-19,3,1,11.48,11.48,1.0,,power_plant,2713.87003184,0,Other/Unknown,2714m from an unnamed power_plant — plausibly related but not close enough to confidently attribute; distance alone is insufficient per project methodology. Needs Sentinel-2 land-cover context to resolve.
2170,80.80324,8.82424,2026-07-19,2026-07-19,2,1,21.95,21.95,1.0,,,,0,Wildfire / Natural Fire,"No industrial facility within 5km, high peak intensity (max FRP 21.9), short-lived (1 active day(s) over 0 days) — profile matches a natural/wild fire rather than a stable industrial source."
2171,77.3226075,9.31849,2026-07-19,2026-07-19,4,1,6.522500000000001,7.68,1.0,,,,0,Other/Unknown,"No nearby facility, moderate intensity (max FRP 7.7), short/low activity (1 active day(s) over 0 days, persistence score 1.00) — insufficient evidence to confidently classify."
2172,73.12655,32.127005,2026-07-19,2026-07-19,2,1,4.675,4.68,1.0,,,,0,Other/Unknown,"No nearby facility, moderate intensity (max FRP 4.7), short/low activity (1 active day(s) over 0 days, persistence score 1.00) — insufficient evidence to confidently classify."
1146,80.522176,8.631549999999999,2026-08-31,2026-09-05,5,4,4.02,6.05,0.8,,,,5,Other/Unknown,"No nearby facility, moderate intensity (max FRP 6.0), short/low activity (4 active day(s) over 5 days, persistence score 0.80) — insufficient evidence to confidently classify."
1934,81.57572,6.794326666666667,2026-07-26,2026-07-30,3,3,4.096666666666667,4.87,0.75,,,,4,Other/Unknown,"No nearby facility, moderate intensity (max FRP 4.9), short/low activity (3 active day(s) over 4 days, persistence score 0.75) — insufficient evidence to confidently classify."
1938,81.65511285714287,7.220452857142858,2026-07-26,2026-07-30,7,3,5.7614285714285725,7.39,0.75,,industrial_area,4317.67155441,4,Other/Unknown,2493m from Hingurana Sugar Factory — plausibly related but not close enough to confidently attribute; distance alone is insufficient per project methodology. Needs Sentinel-2 land-cover context to resolve.
1979,78.28686666666667,9.97168,2026-07-27,2026-07-31,3,3,8.826666666666666,13.0,0.75,,industrial_area,3087.05200395,4,Other/Unknown,3087m from an unnamed industrial_area — plausibly related but not close enough to confidently attribute; distance alone is insufficient per project methodology. Needs Sentinel-2 land-cover context to resolve.
1938,81.65511285714287,7.220452857142858,2026-07-26,2026-07-30,7,3,5.7614285714285725,7.39,0.75,Hingurana Sugar Factory,industrial_works,2493.18101804,4,Other/Unknown,2493m from Hingurana Sugar Factory — plausibly related but not close enough to confidently attribute; distance alone is insufficient per project methodology. Needs Sentinel-2 land-cover context to resolve.
1936,81.75484636363636,7.159420909090911,2026-07-25,2026-07-31,11,4,6.334545454545454,19.18,0.6667,,,,6,Wildfire / Natural Fire,"No industrial facility within 5km, high peak intensity (max FRP 19.2), short-lived (4 active day(s) over 6 days) — profile matches a natural/wild fire rather than a stable industrial source."
1693,81.186775,6.608795000000001,2026-08-16,2026-08-19,2,2,3.43,5.18,0.6667,,,,3,Other/Unknown,"No nearby facility, moderate intensity (max FRP 5.2), short/low activity (2 active day(s) over 3 days, persistence score 0.67) — insufficient evidence to confidently classify."
1224,80.608055,7.8736875,2026-09-02,2026-09-05,4,2,6.609999999999999,10.48,0.6667,Dambulla CTB Depot,industrial_area,4780.7213458,3,Other/Unknown,"No nearby facility, moderate intensity (max FRP 10.5), short/low activity (2 active day(s) over 3 days, persistence score 0.67) — insufficient evidence to confidently classify."
1073,80.50494,8.6588625,2026-09-03,2026-09-06,4,2,8.9875,11.33,0.6667,,,,3,Wildfire / Natural Fire,"No industrial facility within 5km, high peak intensity (max FRP 11.3), short-lived (2 active day(s) over 3 days) — profile matches a natural/wild fire rather than a stable industrial source."
1163,82.59225,22.3231,2026-09-04,2026-09-07,2,2,1.99,2.42,0.6667,,,,3,Other/Unknown,"No nearby facility, moderate intensity (max FRP 2.4), short/low activity (2 active day(s) over 3 days, persistence score 0.67) — insufficient evidence to confidently classify."
1204,81.82236499999999,7.176945,2026-09-02,2026-09-05,2,2,3.935,5.01,0.6667,,industrial_area,4708.6367145,3,Other/Unknown,"No nearby facility, moderate intensity (max FRP 5.0), short/low activity (2 active day(s) over 3 days, persistence score 0.67) — insufficient evidence to confidently classify."
1138,80.41701,8.415945,2026-09-01,2026-09-04,2,2,3.205,4.37,0.6667,AgStar Grains (Pvt) Ltd,industrial_area,3982.40541906,3,Other/Unknown,"No nearby facility, moderate intensity (max FRP 4.4), short/low activity (2 active day(s) over 3 days, persistence score 0.67) — insufficient evidence to confidently classify."
1138,80.41701,8.415945,2026-09-01,2026-09-04,2,2,3.205,4.37,0.6667,,industrial_area,4178.12808383,3,Other/Unknown,"No nearby facility, moderate intensity (max FRP 4.4), short/low activity (2 active day(s) over 3 days, persistence score 0.67) — insufficient evidence to confidently classify."
1140,80.40190999999999,8.462663333333333,2026-09-01,2026-09-04,6,2,3.033333333333333,5.47,0.6667,,,,3,Other/Unknown,"No nearby facility, moderate intensity (max FRP 5.5), short/low activity (2 active day(s) over 3 days, persistence score 0.67) — insufficient evidence to confidently classify."
528,80.85079,8.595686666666667,2026-09-09,2026-09-12,3,2,4.633333333333334,4.99,0.6667,,,,3,Other/Unknown,"No nearby facility, moderate intensity (max FRP 5.0), short/low activity (2 active day(s) over 3 days, persistence score 0.67) — insufficient evidence to confidently classify."
2019,81.67927,7.5722575,2026-07-26,2026-07-29,4,2,4.6925,5.93,0.6667,,,,3,Other/Unknown,"No nearby facility, moderate intensity (max FRP 5.9), short/low activity (2 active day(s) over 3 days, persistence score 0.67) — insufficient evidence to confidently classify."
1143,80.69579333333333,8.617451666666666,2026-08-31,2026-09-06,6,4,6.278333333333333,7.65,0.6667,Kebitigollewa Bus Depot,industrial_area,3754.44928886,6,Other/Unknown,"No nearby facility, moderate intensity (max FRP 7.7), short/low activity (4 active day(s) over 6 days, persistence score 0.67) — insufficient evidence to confidently classify."
1469,80.69041,8.97152,2026-08-28,2026-08-31,2,2,6.955,7.29,0.6667,,,,3,Other/Unknown,"No nearby facility, moderate intensity (max FRP 7.3), short/low activity (2 active day(s) over 3 days, persistence score 0.67) — insufficient evidence to confidently classify."
534,80.44285,8.916556666666667,2026-09-06,2026-09-09,3,2,8.463333333333333,9.36,0.6667,,,,3,Wildfire / Natural Fire,"No industrial facility within 5km, high peak intensity (max FRP 9.4), short-lived (2 active day(s) over 3 days) — profile matches a natural/wild fire rather than a stable industrial source."
1068,80.16024666666668,8.390353333333335,2026-08-31,2026-09-03,6,2,30.743333333333336,62.8,0.6667,,,,3,Wildfire / Natural Fire,"No industrial facility within 5km, high peak intensity (max FRP 62.8), short-lived (2 active day(s) over 3 days) — profile matches a natural/wild fire rather than a stable industrial source."
1771,77.81554,9.42096,2026-08-14,2026-08-17,2,2,10.045,14.1,0.6667,,industrial_area,569.05147498,3,Industrial Fire,Close to an unnamed industrial_area (569m away) but only active 2 day(s) over a 3-day window (2 detections) — reads as a transient burn event at/near a facility rather than an ongoing source.
946,80.606868,8.068878,2026-09-07,2026-09-10,5,2,7.43,8.99,0.6667,Muslim Vidyalaya,industrial_works,3361.23105622,3,Other/Unknown,3361m from Muslim Vidyalaya — plausibly related but not close enough to confidently attribute; distance alone is insufficient per project methodology. Needs Sentinel-2 land-cover context to resolve.
2001,81.4156,7.465035,2026-07-25,2026-07-28,2,2,3.33,3.81,0.6667,,,,3,Other/Unknown,"No nearby facility, moderate intensity (max FRP 3.8), short/low activity (2 active day(s) over 3 days, persistence score 0.67) — insufficient evidence to confidently classify."
1418,81.09378666666667,6.4573350000000005,2026-08-30,2026-09-02,6,2,8.995,19.19,0.6667,,,,3,Wildfire / Natural Fire,"No industrial facility within 5km, high peak intensity (max FRP 19.2), short-lived (2 active day(s) over 3 days) — profile matches a natural/wild fire rather than a stable industrial source."
499,81.03147666666668,7.615323333333333,2026-09-09,2026-09-12,3,2,7.21,8.19,0.6667,,,,3,Wildfire / Natural Fire,"No industrial facility within 5km, high peak intensity (max FRP 8.2), short-lived (2 active day(s) over 3 days) — profile matches a natural/wild fire rather than a stable industrial source."
1867,71.57220333333333,29.476793333333333,2026-08-07,2026-08-10,3,2,8.903333333333334,12.38,0.6667,,,,3,Wildfire / Natural Fire,"No industrial facility within 5km, high peak intensity (max FRP 12.4), short-lived (2 active day(s) over 3 days) — profile matches a natural/wild fire rather than a stable industrial source."
2083,80.71976000000001,7.68784,2026-07-19,2026-07-22,2,2,2.135,2.75,0.6667,,,,3,Other/Unknown,"No nearby facility, moderate intensity (max FRP 2.8), short/low activity (2 active day(s) over 3 days, persistence score 0.67) — insufficient evidence to confidently classify."
1241,80.58144333333333,8.17147,2026-09-02,2026-09-05,3,2,5.873333333333334,9.25,0.6667,,,,3,Wildfire / Natural Fire,"No industrial facility within 5km, high peak intensity (max FRP 9.2), short-lived (2 active day(s) over 3 days) — profile matches a natural/wild fire rather than a stable industrial source."
514,76.66446230303029,15.177861151515152,2026-08-05,2026-09-11,165,23,2.0669696969696973,6.24,0.6216,Jindal Steel Works,industrial_works,686.13723695,37,Persistent Industrial Thermal Source,"Active on 23 distinct days across a 37-day observation window (165 total detections), only 686m from Jindal Steel Works — sustained repeat activity right at a known facility is strong evidence of an ongoing operational source (e.g. flare stack, furnace) rather than a one-off event."
514,76.66446230303029,15.177861151515152,2026-08-05,2026-09-11,165,23,2.0669696969696973,6.24,0.6216,Vijayanagar Toranagallu Power Station,power_plant,799.94151932,37,Persistent Industrial Thermal Source,"Active on 23 distinct days across a 37-day observation window (165 total detections), only 686m from Jindal Steel Works — sustained repeat activity right at a known facility is strong evidence of an ongoing operational source (e.g. flare stack, furnace) rather than a one-off event."
514,76.66446230303029,15.177861151515152,2026-08-05,2026-09-11,165,23,2.0669696969696973,6.24,0.6216,,industrial_area,2491.80622901,37,Persistent Industrial Thermal Source,"Active on 23 distinct days across a 37-day observation window (165 total detections), only 686m from Jindal Steel Works — sustained repeat activity right at a known facility is strong evidence of an ongoing operational source (e.g. flare stack, furnace) rather than a one-off event."
1890,71.880605,30.6617625,2026-08-06,2026-08-11,4,3,6.67,9.27,0.6,,,,5,Wildfire / Natural Fire,"No industrial facility within 5km, high peak intensity (max FRP 9.3), short-lived (3 active day(s) over 5 days) — profile matches a natural/wild fire rather than a stable industrial source."
1918,70.45035250000001,33.1724825,2026-08-02,2026-08-07,4,3,1.2975,1.97,0.6,,,,5,Other/Unknown,"No nearby facility, moderate intensity (max FRP 2.0), short/low activity (3 active day(s) over 5 days, persistence score 0.60) — insufficient evidence to confidently classify."
498,81.0460342857143,7.591331428571428,2026-09-07,2026-09-12,7,3,6.225714285714285,8.17,0.6,,,,5,Wildfire / Natural Fire,"No industrial facility within 5km, high peak intensity (max FRP 8.2), short-lived (3 active day(s) over 5 days) — profile matches a natural/wild fire rather than a stable industrial source."
576,68.58265096153846,25.38822711538461,2026-07-16,2026-09-11,52,34,1.771730769230769,4.62,0.5965,Kunnar LPG Plant & Oil Field,industrial_area,424.62972064,57,Persistent Industrial Thermal Source,"Active on 34 distinct days across a 57-day observation window (52 total detections), only 425m from Kunnar LPG Plant & Oil Field — sustained repeat activity right at a known facility is strong evidence of an ongoing operational source (e.g. flare stack, furnace) rather than a one-off event."
1642,76.86508833333335,29.45837416666667,2026-08-20,2026-08-27,12,4,7.335,14.92,0.5714,,,,7,Wildfire / Natural Fire,"No industrial facility within 5km, high peak intensity (max FRP 14.9), short-lived (4 active day(s) over 7 days) — profile matches a natural/wild fire rather than a stable industrial source."
696,80.32418400000002,8.256294,2026-09-05,2026-09-12,5,4,4.306,5.93,0.5714,,power_plant,3178.99764879,7,Other/Unknown,3179m from an unnamed power_plant — plausibly related but not close enough to confidently attribute; distance alone is insufficient per project methodology. Needs Sentinel-2 land-cover context to resolve.
587,69.7009234090909,28.42475295454545,2026-07-16,2026-09-11,44,31,2.041136363636364,7.26,0.5439,Guddu Thermal Power Station,power_plant,535.58698904,57,Persistent Industrial Thermal Source,"Active on 31 distinct days across a 57-day observation window (44 total detections), only 536m from Guddu Thermal Power Station — sustained repeat activity right at a known facility is strong evidence of an ongoing operational source (e.g. flare stack, furnace) rather than a one-off event."
587,69.7009234090909,28.42475295454545,2026-07-16,2026-09-11,44,31,2.041136363636364,7.26,0.5439,,power_plant,2925.70955226,57,Persistent Industrial Thermal Source,"Active on 31 distinct days across a 57-day observation window (44 total detections), only 536m from Guddu Thermal Power Station — sustained repeat activity right at a known facility is strong evidence of an ongoing operational source (e.g. flare stack, furnace) rather than a one-off event."
446,72.6416002484472,21.105162173913044,2026-07-16,2026-09-11,161,29,5.741801242236026,42.02,0.5088,,,,57,Other/Unknown,"Active on 29 distinct days across 57 days with no industrial facility within 5km — genuinely persistent, but cannot attribute cause without Sentinel-2 land-cover context. Candidates: recurring agricultural burning, an unmapped facility (OSM coverage is incomplete in places), or a natural persistent source (e.g. peat/coal seam fire). Flagged for team review as a priority case given how unusual sustained 29-day activity is."
1286,79.95625000000001,12.80874,2026-09-01,2026-09-05,2,2,3.85,4.06,0.5,Daimler India Commercial Vehicles,industrial_area,3424.31326061,4,Other/Unknown,3260m from an unnamed industrial_works — plausibly related but not close enough to confidently attribute; distance alone is insufficient per project methodology. Needs Sentinel-2 land-cover context to resolve.
1478,73.1166725,22.3882525,2026-08-27,2026-08-31,4,2,1.4275,2.6,0.5,Vadodara Power Plant,power_plant,2137.12540573,4,Industrial Fire,Close to an unnamed industrial_works (708m away) but only active 2 day(s) over a 4-day window (4 detections) — reads as a transient burn event at/near a facility rather than an ongoing source.
1478,73.1166725,22.3882525,2026-08-27,2026-08-31,4,2,1.4275,2.6,0.5,Krupa Multi Care,industrial_works,3886.4795614,4,Industrial Fire,Close to an unnamed industrial_works (708m away) but only active 2 day(s) over a 4-day window (4 detections) — reads as a transient burn event at/near a facility rather than an ongoing source.
1478,73.1166725,22.3882525,2026-08-27,2026-08-31,4,2,1.4275,2.6,0.5,Indu Nissan Oxo Chemical Industries Ltd.,industrial_area,3988.14833166,4,Industrial Fire,Close to an unnamed industrial_works (708m away) but only active 2 day(s) over a 4-day window (4 detections) — reads as a transient burn event at/near a facility rather than an ongoing source.
1478,73.1166725,22.3882525,2026-08-27,2026-08-31,4,2,1.4275,2.6,0.5,Gujarat State Fertilizers & Chemicals Ltd.,industrial_area,4041.58667008,4,Industrial Fire,Close to an unnamed industrial_works (708m away) but only active 2 day(s) over a 4-day window (4 detections) — reads as a transient burn event at/near a facility rather than an ongoing source.
1478,73.1166725,22.3882525,2026-08-27,2026-08-31,4,2,1.4275,2.6,0.5,Gujarat Refinery,industrial_works,1309.59091828,4,Industrial Fire,Close to an unnamed industrial_works (708m away) but only active 2 day(s) over a 4-day window (4 detections) — reads as a transient burn event at/near a facility rather than an ongoing source.
1478,73.1166725,22.3882525,2026-08-27,2026-08-31,4,2,1.4275,2.6,0.5,Gujarat Refinery,industrial_area,1012.68979887,4,Industrial Fire,Close to an unnamed industrial_works (708m away) but only active 2 day(s) over a 4-day window (4 detections) — reads as a transient burn event at/near a facility rather than an ongoing source.
1145,80.798425,8.623619999999999,2026-08-31,2026-09-04,2,2,5.779999999999999,6.63,0.5,,,,4,Other/Unknown,"No nearby facility, moderate intensity (max FRP 6.6), short/low activity (2 active day(s) over 4 days, persistence score 0.50) — insufficient evidence to confidently classify."
508,80.56993499999999,7.935997499999999,2026-09-05,2026-09-09,4,2,4.4,5.95,0.5,,,,4,Other/Unknown,"No nearby facility, moderate intensity (max FRP 6.0), short/low activity (2 active day(s) over 4 days, persistence score 0.50) — insufficient evidence to confidently classify."
1471,80.404623125,9.41784125,2026-08-24,2026-09-01,16,4,5.2475000000000005,12.45,0.5,,,,8,Wildfire / Natural Fire,"No industrial facility within 5km, high peak intensity (max FRP 12.4), short-lived (4 active day(s) over 8 days) — profile matches a natural/wild fire rather than a stable industrial source."
636,81.324432,6.716786000000001,2026-09-04,2026-09-10,5,3,6.08,8.54,0.5,,,,6,Wildfire / Natural Fire,"No industrial facility within 5km, high peak intensity (max FRP 8.5), short-lived (3 active day(s) over 6 days) — profile matches a natural/wild fire rather than a stable industrial source."
1660,81.79077666666666,7.088601666666666,2026-08-15,2026-08-19,6,2,3.706666666666667,5.84,0.5,,,,4,Other/Unknown,"No nearby facility, moderate intensity (max FRP 5.8), short/low activity (2 active day(s) over 4 days, persistence score 0.50) — insufficient evidence to confidently classify."
531,80.28513333333335,8.700863333333333,2026-09-05,2026-09-09,3,2,5.43,6.94,0.5,,,,4,Other/Unknown,"No nearby facility, moderate intensity (max FRP 6.9), short/low activity (2 active day(s) over 4 days, persistence score 0.50) — insufficient evidence to confidently classify."
1286,79.95625000000001,12.80874,2026-09-01,2026-09-05,2,2,3.85,4.06,0.5,Jayneks Thermoshield,industrial_works,3806.46031197,4,Other/Unknown,3260m from an unnamed industrial_works — plausibly related but not close enough to confidently attribute; distance alone is insufficient per project methodology. Needs Sentinel-2 land-cover context to resolve.
1286,79.95625000000001,12.80874,2026-09-01,2026-09-05,2,2,3.85,4.06,0.5,Motherson Sumi Wiring India Limited - Kuruvanmedu,industrial_works,3562.50615178,4,Other/Unknown,3260m from an unnamed industrial_works — plausibly related but not close enough to confidently attribute; distance alone is insufficient per project methodology. Needs Sentinel-2 land-cover context to resolve.
1286,79.95625000000001,12.80874,2026-09-01,2026-09-05,2,2,3.85,4.06,0.5,Renault Nissan,industrial_area,3360.21291208,4,Other/Unknown,3260m from an unnamed industrial_works — plausibly related but not close enough to confidently attribute; distance alone is insufficient per project methodology. Needs Sentinel-2 land-cover context to resolve.
410,81.02244800000001,7.565848,2026-09-08,2026-09-12,5,2,9.313999999999998,10.86,0.5,,,,4,Wildfire / Natural Fire,"No industrial facility within 5km, high peak intensity (max FRP 10.9), short-lived (2 active day(s) over 4 days) — profile matches a natural/wild fire rather than a stable industrial source."
1478,73.1166725,22.3882525,2026-08-27,2026-08-31,4,2,1.4275,2.6,0.5,,industrial_works,707.88261995,4,Industrial Fire,Close to an unnamed industrial_works (708m away) but only active 2 day(s) over a 4-day window (4 detections) — reads as a transient burn event at/near a facility rather than an ongoing source.
1209,81.8211,7.356913333333334,2026-08-30,2026-09-05,3,3,4.483333333333333,6.09,0.5,Nintavur Industrial Area,industrial_area,3406.82716051,6,Other/Unknown,1671m from Sammanthurai Rice Mills — plausibly related but not close enough to confidently attribute; distance alone is insufficient per project methodology. Needs Sentinel-2 land-cover context to resolve.
1209,81.8211,7.356913333333334,2026-08-30,2026-09-05,3,3,4.483333333333333,6.09,0.5,Orange Tea Factory,industrial_area,1723.26300044,6,Other/Unknown,1671m from Sammanthurai Rice Mills — plausibly related but not close enough to confidently attribute; distance alone is insufficient per project methodology. Needs Sentinel-2 land-cover context to resolve.
403,80.35266,8.430593333333332,2026-09-04,2026-09-08,3,2,6.546666666666667,6.95,0.5,,,,4,Other/Unknown,"No nearby facility, moderate intensity (max FRP 7.0), short/low activity (2 active day(s) over 4 days, persistence score 0.50) — insufficient evidence to confidently classify."
1209,81.8211,7.356913333333334,2026-08-30,2026-09-05,3,3,4.483333333333333,6.09,0.5,,industrial_works,4593.02683385,6,Other/Unknown,1671m from Sammanthurai Rice Mills — plausibly related but not close enough to confidently attribute; distance alone is insufficient per project methodology. Needs Sentinel-2 land-cover context to resolve.
1209,81.8211,7.356913333333334,2026-08-30,2026-09-05,3,3,4.483333333333333,6.09,0.5,,power_plant,1878.52536035,6,Other/Unknown,1671m from Sammanthurai Rice Mills — plausibly related but not close enough to confidently attribute; distance alone is insufficient per project methodology. Needs Sentinel-2 land-cover context to resolve.
1209,81.8211,7.356913333333334,2026-08-30,2026-09-05,3,3,4.483333333333333,6.09,0.5,Rice Mil,industrial_area,1813.17094705,6,Other/Unknown,1671m from Sammanthurai Rice Mills — plausibly related but not close enough to confidently attribute; distance alone is insufficient per project methodology. Needs Sentinel-2 land-cover context to resolve.
1222,81.4461525,7.86293,2026-09-01,2026-09-05,4,2,7.995000000000001,9.35,0.5,,,,4,Wildfire / Natural Fire,"No industrial facility within 5km, high peak intensity (max FRP 9.3), short-lived (2 active day(s) over 4 days) — profile matches a natural/wild fire rather than a stable industrial source."
1209,81.8211,7.356913333333334,2026-08-30,2026-09-05,3,3,4.483333333333333,6.09,0.5,Sammanthurai Rice Mills,industrial_works,1670.81649751,6,Other/Unknown,1671m from Sammanthurai Rice Mills — plausibly related but not close enough to confidently attribute; distance alone is insufficient per project methodology. Needs Sentinel-2 land-cover context to resolve.
1961,81.56697000000001,6.888763333333333,2026-07-26,2026-07-30,3,2,3.08,3.96,0.5,,,,4,Other/Unknown,"No nearby facility, moderate intensity (max FRP 4.0), short/low activity (2 active day(s) over 4 days, persistence score 0.50) — insufficient evidence to confidently classify."
1209,81.8211,7.356913333333334,2026-08-30,2026-09-05,3,3,4.483333333333333,6.09,0.5,,industrial_area,2528.2791535,6,Other/Unknown,1671m from Sammanthurai Rice Mills — plausibly related but not close enough to confidently attribute; distance alone is insufficient per project methodology. Needs Sentinel-2 land-cover context to resolve.
1220,81.557755,7.787789999999999,2026-09-01,2026-09-05,2,2,5.115,6.01,0.5,,power_plant,4481.82036706,4,Other/Unknown,2114m from Rice Mill — plausibly related but not close enough to confidently attribute; distance alone is insufficient per project methodology. Needs Sentinel-2 land-cover context to resolve.
1220,81.557755,7.787789999999999,2026-09-01,2026-09-05,2,2,5.115,6.01,0.5,Rice Mill,industrial_area,2114.19936331,4,Other/Unknown,2114m from Rice Mill — plausibly related but not close enough to confidently attribute; distance alone is insufficient per project methodology. Needs Sentinel-2 land-cover context to resolve.
1220,81.557755,7.787789999999999,2026-09-01,2026-09-05,2,2,5.115,6.01,0.5,Gopi Food Ceylon pvt ltd factory,industrial_area,3659.72788381,4,Other/Unknown,2114m from Rice Mill — plausibly related but not close enough to confidently attribute; distance alone is insufficient per project methodology. Needs Sentinel-2 land-cover context to resolve.
709,80.43193666666667,8.532233333333332,2026-09-04,2026-09-10,6,3,3.9066666666666654,6.58,0.5,,,,6,Other/Unknown,"No nearby facility, moderate intensity (max FRP 6.6), short/low activity (3 active day(s) over 6 days, persistence score 0.50) — insufficient evidence to confidently classify."
1959,79.39321333333334,23.99003,2026-07-24,2026-07-30,3,3,1.6866666666666663,3.32,0.5,,industrial_area,331.28998492,6,Industrial Fire,Close to an unnamed industrial_area (331m away) but only active 3 day(s) over a 6-day window (3 detections) — reads as a transient burn event at/near a facility rather than an ongoing source.
1478,73.1166725,22.3882525,2026-08-27,2026-08-31,4,2,1.4275,2.6,0.5,,industrial_area,851.92978073,4,Industrial Fire,Close to an unnamed industrial_works (708m away) but only active 2 day(s) over a 4-day window (4 detections) — reads as a transient burn event at/near a facility rather than an ongoing source.
1263,81.02015166666668,8.69198,2026-09-01,2026-09-05,6,2,15.081666666666663,34.68,0.5,,,,4,Wildfire / Natural Fire,"No industrial facility within 5km, high peak intensity (max FRP 34.7), short-lived (2 active day(s) over 4 days) — profile matches a natural/wild fire rather than a stable industrial source."
1286,79.95625000000001,12.80874,2026-09-01,2026-09-05,2,2,3.85,4.06,0.5,,industrial_works,3260.35033839,4,Other/Unknown,3260m from an unnamed industrial_works — plausibly related but not close enough to confidently attribute; distance alone is insufficient per project methodology. Needs Sentinel-2 land-cover context to resolve.
1286,79.95625000000001,12.80874,2026-09-01,2026-09-05,2,2,3.85,4.06,0.5,,power_plant,4112.62126806,4,Other/Unknown,3260m from an unnamed industrial_works — plausibly related but not close enough to confidently attribute; distance alone is insufficient per project methodology. Needs Sentinel-2 land-cover context to resolve.
1478,73.1166725,22.3882525,2026-08-27,2026-08-31,4,2,1.4275,2.6,0.5,,power_plant,3187.09862063,4,Industrial Fire,Close to an unnamed industrial_works (708m away) but only active 2 day(s) over a 4-day window (4 detections) — reads as a transient burn event at/near a facility rather than an ongoing source.
1195,81.01360444444444,6.187248888888889,2026-09-01,2026-09-05,9,2,6.802222222222222,18.42,0.5,,,,4,Wildfire / Natural Fire,"No industrial facility within 5km, high peak intensity (max FRP 18.4), short-lived (2 active day(s) over 4 days) — profile matches a natural/wild fire rather than a stable industrial source."
1785,81.135075,6.3739,2026-08-11,2026-08-15,2,2,3.625,4.36,0.5,,,,4,Other/Unknown,"No nearby facility, moderate intensity (max FRP 4.4), short/low activity (2 active day(s) over 4 days, persistence score 0.50) — insufficient evidence to confidently classify."
1247,80.628545,8.401340000000001,2026-09-01,2026-09-05,2,2,6.085,8.98,0.5,,power_plant,3932.60552597,4,Other/Unknown,"No nearby facility, moderate intensity (max FRP 9.0), short/low activity (2 active day(s) over 4 days, persistence score 0.50) — insufficient evidence to confidently classify."
1770,80.46617499999999,8.68702,2026-08-10,2026-08-14,2,2,5.4,6.47,0.5,,,,4,Other/Unknown,"No nearby facility, moderate intensity (max FRP 6.5), short/low activity (2 active day(s) over 4 days, persistence score 0.50) — insufficient evidence to confidently classify."
501,81.07893333333334,7.718076666666666,2026-09-05,2026-09-09,3,2,3.4599999999999995,4.54,0.5,Hemantha Rice mill,industrial_area,1174.48811613,4,Industrial Fire,Close to Hemantha Rice mill (1174m away) but only active 2 day(s) over a 4-day window (3 detections) — reads as a transient burn event at/near a facility rather than an ongoing source.
2000,81.80137666666667,7.265976666666667,2026-07-25,2026-07-29,3,2,3.61,5.32,0.5,,,,4,Other/Unknown,"No nearby facility, moderate intensity (max FRP 5.3), short/low activity (2 active day(s) over 4 days, persistence score 0.50) — insufficient evidence to confidently classify."
1951,81.4567111111111,7.662575555555555,2026-07-25,2026-07-31,9,3,5.1288888888888895,9.56,0.5,,,,6,Wildfire / Natural Fire,"No industrial facility within 5km, high peak intensity (max FRP 9.6), short-lived (3 active day(s) over 6 days) — profile matches a natural/wild fire rather than a stable industrial source."
2045,81.52175,7.72936,2026-07-24,2026-07-28,2,2,3.3600000000000003,3.56,0.5,,power_plant,4066.63677343,4,Other/Unknown,"No nearby facility, moderate intensity (max FRP 3.6), short/low activity (2 active day(s) over 4 days, persistence score 0.50) — insufficient evidence to confidently classify."
632,80.94352714285715,6.361764285714286,2026-09-05,2026-09-11,7,3,6.468571428571429,9.15,0.5,,power_plant,3119.9425675,6,Other/Unknown,3120m from an unnamed power_plant — plausibly related but not close enough to confidently attribute; distance alone is insufficient per project methodology. Needs Sentinel-2 land-cover context to resolve.
1030,80.49868714285715,8.470824285714286,2026-09-04,2026-09-12,7,4,3.468571428571429,6.97,0.5,industrial ground area,industrial_area,3365.15939757,8,Other/Unknown,3129m from open areas — plausibly related but not close enough to confidently attribute; distance alone is insufficient per project methodology. Needs Sentinel-2 land-cover context to resolve.
1030,80.49868714285715,8.470824285714286,2026-09-04,2026-09-12,7,4,3.468571428571429,6.97,0.5,open areas,industrial_area,3129.42695315,8,Other/Unknown,3129m from open areas — plausibly related but not close enough to confidently attribute; distance alone is insufficient per project methodology. Needs Sentinel-2 land-cover context to resolve.
1321,81.717825,7.370875,2026-09-02,2026-09-06,2,2,4.45,5.74,0.5,,,,4,Other/Unknown,"No nearby facility, moderate intensity (max FRP 5.7), short/low activity (2 active day(s) over 4 days, persistence score 0.50) — insufficient evidence to confidently classify."
1969,81.72412000000001,7.607553333333333,2026-07-27,2026-07-31,3,2,3.713333333333333,4.04,0.5,Industrial Building,industrial_area,1516.69988819,4,Other/Unknown,1517m from Industrial Building — plausibly related but not close enough to confidently attribute; distance alone is insufficient per project methodology. Needs Sentinel-2 land-cover context to resolve.
1706,80.89942428571428,8.828278571428573,2026-08-14,2026-08-20,7,3,5.891428571428572,11.63,0.5,,,,6,Wildfire / Natural Fire,"No industrial facility within 5km, high peak intensity (max FRP 11.6), short-lived (3 active day(s) over 6 days) — profile matches a natural/wild fire rather than a stable industrial source."
1707,78.836865,10.205675,2026-08-16,2026-08-20,2,2,7.84,11.72,0.5,,,,4,Wildfire / Natural Fire,"No industrial facility within 5km, high peak intensity (max FRP 11.7), short-lived (2 active day(s) over 4 days) — profile matches a natural/wild fire rather than a stable industrial source."
632,80.94352714285715,6.361764285714286,2026-09-05,2026-09-11,7,3,6.468571428571429,9.15,0.5,Engineering & Laboratory Services (Pvt) Ltd,industrial_area,4360.61331128,6,Other/Unknown,3120m from an unnamed power_plant — plausibly related but not close enough to confidently attribute; distance alone is insufficient per project methodology. Needs Sentinel-2 land-cover context to resolve.
1776,72.56888000000001,30.01446,2026-08-14,2026-08-18,2,2,2.745,3.24,0.5,,,,4,Other/Unknown,"No nearby facility, moderate intensity (max FRP 3.2), short/low activity (2 active day(s) over 4 days, persistence score 0.50) — insufficient evidence to confidently classify."
689,80.35059333333334,8.041849999999998,2026-09-06,2026-09-10,3,2,6.59,7.63,0.5,,,,4,Other/Unknown,"No nearby facility, moderate intensity (max FRP 7.6), short/low activity (2 active day(s) over 4 days, persistence score 0.50) — insufficient evidence to confidently classify."
945,80.09870333333333,8.057866666666666,2026-09-04,2026-09-10,6,3,5.13,7.27,0.5,,,,6,Other/Unknown,"No nearby facility, moderate intensity (max FRP 7.3), short/low activity (3 active day(s) over 6 days, persistence score 0.50) — insufficient evidence to confidently classify."
546,71.61639764705882,32.88870794117648,2026-07-16,2026-09-10,34,27,2.973823529411765,5.63,0.4821,,,,56,Other/Unknown,"Active on 27 distinct days across 56 days with no industrial facility within 5km — genuinely persistent, but cannot attribute cause without Sentinel-2 land-cover context. Candidates: recurring agricultural burning, an unmapped facility (OSM coverage is incomplete in places), or a natural persistent source (e.g. peat/coal seam fire). Flagged for team review as a priority case given how unusual sustained 27-day activity is."
563,68.68603785714285,35.967591428571424,2026-07-28,2026-09-10,28,21,1.311785714285714,2.57,0.4773,,,,44,Other/Unknown,"Active on 21 distinct days across 44 days with no industrial facility within 5km — genuinely persistent, but cannot attribute cause without Sentinel-2 land-cover context. Candidates: recurring agricultural burning, an unmapped facility (OSM coverage is incomplete in places), or a natural persistent source (e.g. peat/coal seam fire). Flagged for team review as a priority case given how unusual sustained 21-day activity is."
1207,81.83120117647059,7.3082658823529405,2026-08-19,2026-09-07,17,9,4.87,10.23,0.4737,,power_plant,4858.72344045,19,Other/Unknown,2785m from an unnamed industrial_area — plausibly related but not close enough to confidently attribute; distance alone is insufficient per project methodology. Needs Sentinel-2 land-cover context to resolve.
1207,81.83120117647059,7.3082658823529405,2026-08-19,2026-09-07,17,9,4.87,10.23,0.4737,Hairu Naval Craf Rngineering Pvt Lim,industrial_works,3855.10217754,19,Other/Unknown,2785m from an unnamed industrial_area — plausibly related but not close enough to confidently attribute; distance alone is insufficient per project methodology. Needs Sentinel-2 land-cover context to resolve.
1207,81.83120117647059,7.3082658823529405,2026-08-19,2026-09-07,17,9,4.87,10.23,0.4737,,industrial_works,4100.63279353,19,Other/Unknown,2785m from an unnamed industrial_area — plausibly related but not close enough to confidently attribute; distance alone is insufficient per project methodology. Needs Sentinel-2 land-cover context to resolve.
1207,81.83120117647059,7.3082658823529405,2026-08-19,2026-09-07,17,9,4.87,10.23,0.4737,,industrial_area,2785.04331662,19,Other/Unknown,2785m from an unnamed industrial_area — plausibly related but not close enough to confidently attribute; distance alone is insufficient per project methodology. Needs Sentinel-2 land-cover context to resolve.
1207,81.83120117647059,7.3082658823529405,2026-08-19,2026-09-07,17,9,4.87,10.23,0.4737,Nintavur Industrial Area,industrial_area,4038.65808205,19,Other/Unknown,2785m from an unnamed industrial_area — plausibly related but not close enough to confidently attribute; distance alone is insufficient per project methodology. Needs Sentinel-2 land-cover context to resolve.
1427,81.76560333333333,7.317487777777777,2026-08-20,2026-09-02,9,6,6.461111111111112,12.39,0.4615,,,,13,Wildfire / Natural Fire,"No industrial facility within 5km, high peak intensity (max FRP 12.4), short-lived (6 active day(s) over 13 days) — profile matches a natural/wild fire rather than a stable industrial source."
388,80.10538000000001,7.954475454545453,2026-08-31,2026-09-11,11,5,4.261818181818183,6.49,0.4545,,,,11,Other/Unknown,"No nearby facility, moderate intensity (max FRP 6.5), short/low activity (5 active day(s) over 11 days, persistence score 0.45) — insufficient evidence to confidently classify."
1454,81.81142,7.331670000000001,2026-08-22,2026-08-31,7,4,5.357142857142857,9.07,0.4444,Nintavur Industrial Area,industrial_area,4113.66281588,9,Other/Unknown,2281m from an unnamed industrial_area — plausibly related but not close enough to confidently attribute; distance alone is insufficient per project methodology. Needs Sentinel-2 land-cover context to resolve.
1454,81.81142,7.331670000000001,2026-08-22,2026-08-31,7,4,5.357142857142857,9.07,0.4444,,industrial_area,2280.54908821,9,Other/Unknown,2281m from an unnamed industrial_area — plausibly related but not close enough to confidently attribute; distance alone is insufficient per project methodology. Needs Sentinel-2 land-cover context to resolve.
1454,81.81142,7.331670000000001,2026-08-22,2026-08-31,7,4,5.357142857142857,9.07,0.4444,Sammanthurai Rice Mills,industrial_works,4280.47424348,9,Other/Unknown,2281m from an unnamed industrial_area — plausibly related but not close enough to confidently attribute; distance alone is insufficient per project methodology. Needs Sentinel-2 land-cover context to resolve.
1454,81.81142,7.331670000000001,2026-08-22,2026-08-31,7,4,5.357142857142857,9.07,0.4444,Rice Mil,industrial_area,4784.51835906,9,Other/Unknown,2281m from an unnamed industrial_area — plausibly related but not close enough to confidently attribute; distance alone is insufficient per project methodology. Needs Sentinel-2 land-cover context to resolve.
1454,81.81142,7.331670000000001,2026-08-22,2026-08-31,7,4,5.357142857142857,9.07,0.4444,Orange Tea Factory,industrial_area,4674.91733997,9,Other/Unknown,2281m from an unnamed industrial_area — plausibly related but not close enough to confidently attribute; distance alone is insufficient per project methodology. Needs Sentinel-2 land-cover context to resolve.
1454,81.81142,7.331670000000001,2026-08-22,2026-08-31,7,4,5.357142857142857,9.07,0.4444,,power_plant,3348.78752588,9,Other/Unknown,2281m from an unnamed industrial_area — plausibly related but not close enough to confidently attribute; distance alone is insufficient per project methodology. Needs Sentinel-2 land-cover context to resolve.
966,86.40174276595744,23.762649574468085,2026-07-22,2026-09-11,94,22,2.3791489361702127,9.11,0.4314,,,,51,Other/Unknown,"Active on 22 distinct days across 51 days with no industrial facility within 5km — genuinely persistent, but cannot attribute cause without Sentinel-2 land-cover context. Candidates: recurring agricultural burning, an unmapped facility (OSM coverage is incomplete in places), or a natural persistent source (e.g. peat/coal seam fire). Flagged for team review as a priority case given how unusual sustained 22-day activity is."
973,76.38048863636362,15.168896818181816,2026-08-14,2026-09-11,22,12,2.0013636363636365,5.97,0.4286,Danapuram BMM Captive Power Plant 1,power_plant,446.86869219,28,Persistent Industrial Thermal Source,"Active on 12 distinct days across a 28-day observation window (22 total detections), only 447m from Danapuram BMM Captive Power Plant 1 — sustained repeat activity right at a known facility is strong evidence of an ongoing operational source (e.g. flare stack, furnace) rather than a one-off event."
862,81.00805066666666,8.635996666666669,2026-09-04,2026-09-11,15,3,4.878666666666667,5.65,0.4286,,,,7,Other/Unknown,"No nearby facility, moderate intensity (max FRP 5.7), short/low activity (3 active day(s) over 7 days, persistence score 0.43) — insufficient evidence to confidently classify."
973,76.38048863636362,15.168896818181816,2026-08-14,2026-09-11,22,12,2.0013636363636365,5.97,0.4286,Bharat Mines & Minerals Ispat Limited,industrial_area,586.84940104,28,Persistent Industrial Thermal Source,"Active on 12 distinct days across a 28-day observation window (22 total detections), only 447m from Danapuram BMM Captive Power Plant 1 — sustained repeat activity right at a known facility is strong evidence of an ongoing operational source (e.g. flare stack, furnace) rather than a one-off event."
973,76.38048863636362,15.168896818181816,2026-08-14,2026-09-11,22,12,2.0013636363636365,5.97,0.4286,Danapuram,industrial_area,3165.27915918,28,Persistent Industrial Thermal Source,"Active on 12 distinct days across a 28-day observation window (22 total detections), only 447m from Danapuram BMM Captive Power Plant 1 — sustained repeat activity right at a known facility is strong evidence of an ongoing operational source (e.g. flare stack, furnace) rather than a one-off event."
1947,81.2698,7.555856666666667,2026-07-23,2026-07-30,3,3,4.076666666666667,7.79,0.4286,,,,7,Other/Unknown,"No nearby facility, moderate intensity (max FRP 7.8), short/low activity (3 active day(s) over 7 days, persistence score 0.43) — insufficient evidence to confidently classify."
973,76.38048863636362,15.168896818181816,2026-08-14,2026-09-11,22,12,2.0013636363636365,5.97,0.4286,Danapuram BMM Captive Power Plant 2,power_plant,1285.83810196,28,Persistent Industrial Thermal Source,"Active on 12 distinct days across a 28-day observation window (22 total detections), only 447m from Danapuram BMM Captive Power Plant 1 — sustained repeat activity right at a known facility is strong evidence of an ongoing operational source (e.g. flare stack, furnace) rather than a one-off event."
1965,81.77681875,7.16589125,2026-07-24,2026-07-31,8,3,6.30625,13.12,0.4286,,,,7,Wildfire / Natural Fire,"No industrial facility within 5km, high peak intensity (max FRP 13.1), short-lived (3 active day(s) over 7 days) — profile matches a natural/wild fire rather than a stable industrial source."
1079,94.8304176,35.9909884,2026-07-20,2026-09-03,25,19,0.9468,1.79,0.4222,宏扬水泥,industrial_area,225.78577191,45,Persistent Industrial Thermal Source,"Active on 19 distinct days across a 45-day observation window (25 total detections), only 226m from 宏扬水泥 — sustained repeat activity right at a known facility is strong evidence of an ongoing operational source (e.g. flare stack, furnace) rather than a one-off event."
1079,94.8304176,35.9909884,2026-07-20,2026-09-03,25,19,0.9468,1.79,0.4222,,industrial_area,859.5897329,45,Persistent Industrial Thermal Source,"Active on 19 distinct days across a 45-day observation window (25 total detections), only 226m from 宏扬水泥 — sustained repeat activity right at a known facility is strong evidence of an ongoing operational source (e.g. flare stack, furnace) rather than a one-off event."
1111,72.1913288235294,25.942789411764707,2026-07-20,2026-09-03,34,19,4.497647058823529,21.83,0.4222,,industrial_area,3274.90942071,45,Other/Unknown,3026m from an unnamed power_plant — plausibly related but not close enough to confidently attribute; distance alone is insufficient per project methodology. Needs Sentinel-2 land-cover context to resolve.
1111,72.1913288235294,25.942789411764707,2026-07-20,2026-09-03,34,19,4.497647058823529,21.83,0.4222,,power_plant,3026.02984198,45,Other/Unknown,3026m from an unnamed power_plant — plausibly related but not close enough to confidently attribute; distance alone is insufficient per project methodology. Needs Sentinel-2 land-cover context to resolve.
553,71.1864696,33.2963116,2026-07-24,2026-09-11,25,20,1.1788,3.45,0.4082,,,,49,Other/Unknown,"Active on 20 distinct days across 49 days with no industrial facility within 5km — genuinely persistent, but cannot attribute cause without Sentinel-2 land-cover context. Candidates: recurring agricultural burning, an unmapped facility (OSM coverage is incomplete in places), or a natural persistent source (e.g. peat/coal seam fire). Flagged for team review as a priority case given how unusual sustained 20-day activity is."
714,80.363146,8.582374000000002,2026-09-05,2026-09-10,5,2,4.018000000000001,4.48,0.4,,,,5,Other/Unknown,"No nearby facility, moderate intensity (max FRP 4.5), short/low activity (2 active day(s) over 5 days, persistence score 0.40) — insufficient evidence to confidently classify."
1223,80.621055,7.87726,2026-08-31,2026-09-05,2,2,3.08,3.3,0.4,Dambulla CTB Depot,industrial_area,3539.3905959,5,Other/Unknown,"No nearby facility, moderate intensity (max FRP 3.3), short/low activity (2 active day(s) over 5 days, persistence score 0.40) — insufficient evidence to confidently classify."
1055,81.51983,6.745609999999999,2026-08-24,2026-09-03,4,4,3.23,4.18,0.4,,,,10,Other/Unknown,"No nearby facility, moderate intensity (max FRP 4.2), short/low activity (4 active day(s) over 10 days, persistence score 0.40) — insufficient evidence to confidently classify."
2061,78.088235,8.879805000000001,2026-07-24,2026-07-29,2,2,4.565,7.14,0.4,Vinfast Auto,industrial_area,3157.18412242,5,Other/Unknown,2278m from an unnamed industrial_area — plausibly related but not close enough to confidently attribute; distance alone is insufficient per project methodology. Needs Sentinel-2 land-cover context to resolve.
682,81.18630666666667,7.938953333333333,2026-09-05,2026-09-10,3,2,2.9800000000000004,3.45,0.4,,,,5,Other/Unknown,"No nearby facility, moderate intensity (max FRP 3.5), short/low activity (2 active day(s) over 5 days, persistence score 0.40) — insufficient evidence to confidently classify."
677,81.06500666666666,7.797293333333333,2026-09-05,2026-09-10,3,2,4.1433333333333335,4.39,0.4,,,,5,Other/Unknown,"No nearby facility, moderate intensity (max FRP 4.4), short/low activity (2 active day(s) over 5 days, persistence score 0.40) — insufficient evidence to confidently classify."
1385,76.35604666666667,31.36766666666667,2026-09-02,2026-09-07,3,2,1.3233333333333337,2.46,0.4,,,,5,Other/Unknown,"No nearby facility, moderate intensity (max FRP 2.5), short/low activity (2 active day(s) over 5 days, persistence score 0.40) — insufficient evidence to confidently classify."
1330,80.5990575,8.5177425,2026-09-01,2026-09-06,4,2,11.4875,18.88,0.4,,,,5,Wildfire / Natural Fire,"No industrial facility within 5km, high peak intensity (max FRP 18.9), short-lived (2 active day(s) over 5 days) — profile matches a natural/wild fire rather than a stable industrial source."
2061,78.088235,8.879805000000001,2026-07-24,2026-07-29,2,2,4.565,7.14,0.4,Arasadi,power_plant,2721.92220161,5,Other/Unknown,2278m from an unnamed industrial_area — plausibly related but not close enough to confidently attribute; distance alone is insufficient per project methodology. Needs Sentinel-2 land-cover context to resolve.
1233,81.4259,8.01831,2026-08-31,2026-09-05,4,2,3.7425,5.04,0.4,Children community sentre,industrial_area,2117.54519583,5,Other/Unknown,2118m from Children community sentre — plausibly related but not close enough to confidently attribute; distance alone is insufficient per project methodology. Needs Sentinel-2 land-cover context to resolve.
1233,81.4259,8.01831,2026-08-31,2026-09-05,4,2,3.7425,5.04,0.4,Milk kalaking centre,industrial_area,3697.95817842,5,Other/Unknown,2118m from Children community sentre — plausibly related but not close enough to confidently attribute; distance alone is insufficient per project methodology. Needs Sentinel-2 land-cover context to resolve.
1233,81.4259,8.01831,2026-08-31,2026-09-05,4,2,3.7425,5.04,0.4,Mill cullating sentre,industrial_area,2152.37653397,5,Other/Unknown,2118m from Children community sentre — plausibly related but not close enough to confidently attribute; distance alone is insufficient per project methodology. Needs Sentinel-2 land-cover context to resolve.
1233,81.4259,8.01831,2026-08-31,2026-09-05,4,2,3.7425,5.04,0.4,Rice Mill,industrial_area,3450.23934376,5,Other/Unknown,2118m from Children community sentre — plausibly related but not close enough to confidently attribute; distance alone is insufficient per project methodology. Needs Sentinel-2 land-cover context to resolve.
1614,81.85614,7.30822,2026-08-20,2026-08-25,2,2,4.405,6.5,0.4,construction Area,industrial_area,4212.83246964,5,Other/Unknown,2152m from an unnamed industrial_area — plausibly related but not close enough to confidently attribute; distance alone is insufficient per project methodology. Needs Sentinel-2 land-cover context to resolve.
2061,78.088235,8.879805000000001,2026-07-24,2026-07-29,2,2,4.565,7.14,0.4,,industrial_area,2278.1982656,5,Other/Unknown,2278m from an unnamed industrial_area — plausibly related but not close enough to confidently attribute; distance alone is insufficient per project methodology. Needs Sentinel-2 land-cover context to resolve.
1373,81.1156675,8.4645425,2026-09-02,2026-09-07,4,2,7.867500000000001,11.4,0.4,,,,5,Wildfire / Natural Fire,"No industrial facility within 5km, high peak intensity (max FRP 11.4), short-lived (2 active day(s) over 5 days) — profile matches a natural/wild fire rather than a stable industrial source."
1319,81.40527,6.85072,2026-09-01,2026-09-06,2,2,4.83,6.24,0.4,,,,5,Other/Unknown,"No nearby facility, moderate intensity (max FRP 6.2), short/low activity (2 active day(s) over 5 days, persistence score 0.40) — insufficient evidence to confidently classify."
1950,81.568355,7.659415,2026-07-25,2026-07-30,2,2,2.345,3.07,0.4,,,,5,Other/Unknown,"No nearby facility, moderate intensity (max FRP 3.1), short/low activity (2 active day(s) over 5 days, persistence score 0.40) — insufficient evidence to confidently classify."
1315,81.08742000000001,6.412075,2026-09-01,2026-09-06,2,2,10.99,21.13,0.4,,,,5,Wildfire / Natural Fire,"No industrial facility within 5km, high peak intensity (max FRP 21.1), short-lived (2 active day(s) over 5 days) — profile matches a natural/wild fire rather than a stable industrial source."
1614,81.85614,7.30822,2026-08-20,2026-08-25,2,2,4.405,6.5,0.4,Den Fish Fectory,industrial_area,4062.65020005,5,Other/Unknown,2152m from an unnamed industrial_area — plausibly related but not close enough to confidently attribute; distance alone is insufficient per project methodology. Needs Sentinel-2 land-cover context to resolve.
1614,81.85614,7.30822,2026-08-20,2026-08-25,2,2,4.405,6.5,0.4,Fish Harbor Work Place,industrial_area,3938.0711005,5,Other/Unknown,2152m from an unnamed industrial_area — plausibly related but not close enough to confidently attribute; distance alone is insufficient per project methodology. Needs Sentinel-2 land-cover context to resolve.
1614,81.85614,7.30822,2026-08-20,2026-08-25,2,2,4.405,6.5,0.4,Hairu Naval Craf Rngineering Pvt Lim,industrial_works,3215.0775713,5,Other/Unknown,2152m from an unnamed industrial_area — plausibly related but not close enough to confidently attribute; distance alone is insufficient per project methodology. Needs Sentinel-2 land-cover context to resolve.
1684,78.31481000000001,9.576526666666668,2026-08-14,2026-08-19,3,2,6.956666666666667,10.51,0.4,,power_plant,3356.86787016,5,Industrial Fire,Close to Narikudi (754m away) but only active 2 day(s) over a 5-day window (3 detections) — reads as a transient burn event at/near a facility rather than an ongoing source.
1614,81.85614,7.30822,2026-08-20,2026-08-25,2,2,4.405,6.5,0.4,Nintavur Industrial Area,industrial_area,3744.50096742,5,Other/Unknown,2152m from an unnamed industrial_area — plausibly related but not close enough to confidently attribute; distance alone is insufficient per project methodology. Needs Sentinel-2 land-cover context to resolve.
1702,81.75859,7.34083,2026-08-15,2026-08-20,2,2,3.33,3.59,0.4,,industrial_area,4625.47011125,5,Other/Unknown,"No nearby facility, moderate intensity (max FRP 3.6), short/low activity (2 active day(s) over 5 days, persistence score 0.40) — insufficient evidence to confidently classify."
1700,81.502285,6.8263300000000005,2026-08-15,2026-08-20,2,2,12.9,20.84,0.4,,,,5,Wildfire / Natural Fire,"No industrial facility within 5km, high peak intensity (max FRP 20.8), short-lived (2 active day(s) over 5 days) — profile matches a natural/wild fire rather than a stable industrial source."
1614,81.85614,7.30822,2026-08-20,2026-08-25,2,2,4.405,6.5,0.4,,industrial_area,2151.80641872,5,Other/Unknown,2152m from an unnamed industrial_area — plausibly related but not close enough to confidently attribute; distance alone is insufficient per project methodology. Needs Sentinel-2 land-cover context to resolve.
1614,81.85614,7.30822,2026-08-20,2026-08-25,2,2,4.405,6.5,0.4,,industrial_works,2995.0668489,5,Other/Unknown,2152m from an unnamed industrial_area — plausibly related but not close enough to confidently attribute; distance alone is insufficient per project methodology. Needs Sentinel-2 land-cover context to resolve.
1614,81.85614,7.30822,2026-08-20,2026-08-25,2,2,4.405,6.5,0.4,,power_plant,3838.38365656,5,Other/Unknown,2152m from an unnamed industrial_area — plausibly related but not close enough to confidently attribute; distance alone is insufficient per project methodology. Needs Sentinel-2 land-cover context to resolve.
1684,78.31481000000001,9.576526666666668,2026-08-14,2026-08-19,3,2,6.956666666666667,10.51,0.4,,pipeline,3851.24912863,5,Industrial Fire,Close to Narikudi (754m away) but only active 2 day(s) over a 5-day window (3 detections) — reads as a transient burn event at/near a facility rather than an ongoing source.
1629,77.952108,10.051118,2026-08-21,2026-08-26,5,2,6.056,10.17,0.4,,,,5,Wildfire / Natural Fire,"No industrial facility within 5km, high peak intensity (max FRP 10.2), short-lived (2 active day(s) over 5 days) — profile matches a natural/wild fire rather than a stable industrial source."
1932,81.41414,6.756655,2026-07-25,2026-07-30,2,2,3.845,5.75,0.4,,,,5,Other/Unknown,"No nearby facility, moderate intensity (max FRP 5.8), short/low activity (2 active day(s) over 5 days, persistence score 0.40) — insufficient evidence to confidently classify."
1933,81.43459666666668,6.788906666666667,2026-07-25,2026-07-30,3,2,3.3266666666666667,5.21,0.4,,,,5,Other/Unknown,"No nearby facility, moderate intensity (max FRP 5.2), short/low activity (2 active day(s) over 5 days, persistence score 0.40) — insufficient evidence to confidently classify."
1232,80.37839249999999,7.9981475,2026-08-31,2026-09-05,4,2,6.365,6.58,0.4,,power_plant,1940.53954301,5,Other/Unknown,1941m from an unnamed power_plant — plausibly related but not close enough to confidently attribute; distance alone is insufficient per project methodology. Needs Sentinel-2 land-cover context to resolve.
691,80.15340666666667,8.12054,2026-09-05,2026-09-10,3,2,4.016666666666667,4.77,0.4,Giribawa Divisional Secretariat Office,industrial_area,4856.08740491,5,Other/Unknown,"No nearby facility, moderate intensity (max FRP 4.8), short/low activity (2 active day(s) over 5 days, persistence score 0.40) — insufficient evidence to confidently classify."
710,80.84838666666667,8.540513333333331,2026-09-05,2026-09-10,3,2,5.55,5.93,0.4,,,,5,Other/Unknown,"No nearby facility, moderate intensity (max FRP 5.9), short/low activity (2 active day(s) over 5 days, persistence score 0.40) — insufficient evidence to confidently classify."
2061,78.088235,8.879805000000001,2026-07-24,2026-07-29,2,2,4.565,7.14,0.4,Thoothukudi IBTPL power station,power_plant,3762.34958182,5,Other/Unknown,2278m from an unnamed industrial_area — plausibly related but not close enough to confidently attribute; distance alone is insufficient per project methodology. Needs Sentinel-2 land-cover context to resolve.
1599,73.602165,30.63443,2026-08-19,2026-08-24,2,2,1.795,2.33,0.4,,,,5,Other/Unknown,"No nearby facility, moderate intensity (max FRP 2.3), short/low activity (2 active day(s) over 5 days, persistence score 0.40) — insufficient evidence to confidently classify."
1908,78.86865,9.62413,2026-07-31,2026-08-05,2,2,3.405,3.43,0.4,,,,5,Other/Unknown,"No nearby facility, moderate intensity (max FRP 3.4), short/low activity (2 active day(s) over 5 days, persistence score 0.40) — insufficient evidence to confidently classify."
2061,78.088235,8.879805000000001,2026-07-24,2026-07-29,2,2,4.565,7.14,0.4,,power_plant,3798.42421638,5,Other/Unknown,2278m from an unnamed industrial_area — plausibly related but not close enough to confidently attribute; distance alone is insufficient per project methodology. Needs Sentinel-2 land-cover context to resolve.
834,81.19021333333333,7.958756666666666,2026-09-06,2026-09-11,3,2,5.48,5.49,0.4,,,,5,Other/Unknown,"No nearby facility, moderate intensity (max FRP 5.5), short/low activity (2 active day(s) over 5 days, persistence score 0.40) — insufficient evidence to confidently classify."
949,80.80066727272725,8.468764545454546,2026-09-05,2026-09-10,11,2,5.829090909090909,10.92,0.4,,,,5,Wildfire / Natural Fire,"No industrial facility within 5km, high peak intensity (max FRP 10.9), short-lived (2 active day(s) over 5 days) — profile matches a natural/wild fire rather than a stable industrial source."
1270,80.742625,8.8570075,2026-08-31,2026-09-05,4,2,10.2625,16.02,0.4,,,,5,Wildfire / Natural Fire,"No industrial facility within 5km, high peak intensity (max FRP 16.0), short-lived (2 active day(s) over 5 days) — profile matches a natural/wild fire rather than a stable industrial source."
1276,80.450265,9.04118,2026-08-31,2026-09-05,2,2,12.6,19.68,0.4,,,,5,Wildfire / Natural Fire,"No industrial facility within 5km, high peak intensity (max FRP 19.7), short-lived (2 active day(s) over 5 days) — profile matches a natural/wild fire rather than a stable industrial source."
1684,78.31481000000001,9.576526666666668,2026-08-14,2026-08-19,3,2,6.956666666666667,10.51,0.4,Narikudi,power_plant,754.02538237,5,Industrial Fire,Close to Narikudi (754m away) but only active 2 day(s) over a 5-day window (3 detections) — reads as a transient burn event at/near a facility rather than an ongoing source.
2061,78.088235,8.879805000000001,2026-07-24,2026-07-29,2,2,4.565,7.14,0.4,Thoothukudi IBPGL,power_plant,2711.84432885,5,Other/Unknown,2278m from an unnamed industrial_area — plausibly related but not close enough to confidently attribute; distance alone is insufficient per project methodology. Needs Sentinel-2 land-cover context to resolve.
985,80.178612,8.510328,2026-09-06,2026-09-11,5,2,10.297999999999998,23.97,0.4,,,,5,Wildfire / Natural Fire,"No industrial facility within 5km, high peak intensity (max FRP 24.0), short-lived (2 active day(s) over 5 days) — profile matches a natural/wild fire rather than a stable industrial source."
506,86.32946304347824,23.803754130434783,2026-07-25,2026-09-11,46,19,2.431739130434783,6.95,0.3958,,,,48,Other/Unknown,"Active on 19 distinct days across 48 days with no industrial facility within 5km — genuinely persistent, but cannot attribute cause without Sentinel-2 land-cover context. Candidates: recurring agricultural burning, an unmapped facility (OSM coverage is incomplete in places), or a natural persistent source (e.g. peat/coal seam fire). Flagged for team review as a priority case given how unusual sustained 19-day activity is."
1047,80.4380511111111,9.396584444444445,2026-08-30,2026-09-12,9,5,6.862222222222223,11.04,0.3846,,,,13,Wildfire / Natural Fire,"No industrial facility within 5km, high peak intensity (max FRP 11.0), short-lived (5 active day(s) over 13 days) — profile matches a natural/wild fire rather than a stable industrial source."
1174,80.79437545454545,17.957041818181818,2026-08-04,2026-09-07,22,13,2.2877272727272726,6.47,0.3824,,power_plant,3442.65488062,34,Other/Unknown,3443m from an unnamed power_plant — plausibly related but not close enough to confidently attribute; distance alone is insufficient per project methodology. Needs Sentinel-2 land-cover context to resolve.
1174,80.79437545454545,17.957041818181818,2026-08-04,2026-09-07,22,13,2.2877272727272726,6.47,0.3824,"TGSRTC  Bus Depot , Manuguru",industrial_area,3484.85035272,34,Other/Unknown,3443m from an unnamed power_plant — plausibly related but not close enough to confidently attribute; distance alone is insufficient per project methodology. Needs Sentinel-2 land-cover context to resolve.
993,87.2990325,22.3650975,2026-07-25,2026-09-11,40,18,2.10525,7.65,0.375,,,,48,Other/Unknown,"Active on 18 distinct days across 48 days with no industrial facility within 5km — genuinely persistent, but cannot attribute cause without Sentinel-2 land-cover context. Candidates: recurring agricultural burning, an unmapped facility (OSM coverage is incomplete in places), or a natural persistent source (e.g. peat/coal seam fire). Flagged for team review as a priority case given how unusual sustained 18-day activity is."
680,81.01294555555555,8.30475777777778,2026-09-01,2026-09-09,9,3,9.205555555555556,14.97,0.375,,industrial_area,3904.99739462,8,Other/Unknown,"No nearby facility, moderate intensity (max FRP 15.0), short/low activity (3 active day(s) over 8 days, persistence score 0.38) — insufficient evidence to confidently classify."
1107,76.86529428571428,15.071091428571425,2026-08-21,2026-09-06,7,6,1.532857142857143,2.19,0.375,,industrial_area,211.46960762,16,Industrial Fire,Close to an unnamed industrial_area (211m away) but only active 6 day(s) over a 16-day window (7 detections) — reads as a transient burn event at/near a facility rather than an ongoing source.
1422,81.55823,6.796226666666667,2026-08-25,2026-09-02,3,3,5.609999999999999,9.54,0.375,,,,8,Wildfire / Natural Fire,"No industrial facility within 5km, high peak intensity (max FRP 9.5), short-lived (3 active day(s) over 8 days) — profile matches a natural/wild fire rather than a stable industrial source."
1029,80.45870000000001,8.4731025,2026-09-04,2026-09-12,4,3,5.02,6.49,0.375,,,,8,Other/Unknown,"No nearby facility, moderate intensity (max FRP 6.5), short/low activity (3 active day(s) over 8 days, persistence score 0.38) — insufficient evidence to confidently classify."
947,81.341208,8.148376,2026-09-03,2026-09-11,5,3,10.684,14.37,0.375,,,,8,Wildfire / Natural Fire,"No industrial facility within 5km, high peak intensity (max FRP 14.4), short-lived (3 active day(s) over 8 days) — profile matches a natural/wild fire rather than a stable industrial source."
911,86.44753097560975,23.71409536585366,2026-08-02,2026-09-11,41,15,2.494634146341464,8.89,0.375,,,,40,Other/Unknown,"Active on 15 distinct days across 40 days with no industrial facility within 5km — genuinely persistent, but cannot attribute cause without Sentinel-2 land-cover context. Candidates: recurring agricultural burning, an unmapped facility (OSM coverage is incomplete in places), or a natural persistent source (e.g. peat/coal seam fire). Flagged for team review as a priority case given how unusual sustained 15-day activity is."
1922,78.182044,8.758838,2026-07-19,2026-08-07,15,7,4.22,17.24,0.3684,,industrial_works,839.41341225,19,Persistent Industrial Thermal Source,"Active on 7 distinct days across a 19-day observation window (15 total detections), only 803m from Tuticorin Thermal Power Station — sustained repeat activity right at a known facility is strong evidence of an ongoing operational source (e.g. flare stack, furnace) rather than a one-off event."
1922,78.182044,8.758838,2026-07-19,2026-08-07,15,7,4.22,17.24,0.3684,SEPC,power_plant,2724.05309442,19,Persistent Industrial Thermal Source,"Active on 7 distinct days across a 19-day observation window (15 total detections), only 803m from Tuticorin Thermal Power Station — sustained repeat activity right at a known facility is strong evidence of an ongoing operational source (e.g. flare stack, furnace) rather than a one-off event."
1922,78.182044,8.758838,2026-07-19,2026-08-07,15,7,4.22,17.24,0.3684,,power_plant,1192.18001427,19,Persistent Industrial Thermal Source,"Active on 7 distinct days across a 19-day observation window (15 total detections), only 803m from Tuticorin Thermal Power Station — sustained repeat activity right at a known facility is strong evidence of an ongoing operational source (e.g. flare stack, furnace) rather than a one-off event."
1922,78.182044,8.758838,2026-07-19,2026-08-07,15,7,4.22,17.24,0.3684,NTPL Thermal Power Station,power_plant,1482.65528318,19,Persistent Industrial Thermal Source,"Active on 7 distinct days across a 19-day observation window (15 total detections), only 803m from Tuticorin Thermal Power Station — sustained repeat activity right at a known facility is strong evidence of an ongoing operational source (e.g. flare stack, furnace) rather than a one-off event."
1922,78.182044,8.758838,2026-07-19,2026-08-07,15,7,4.22,17.24,0.3684,Tuticorin Thermal Power Station,power_plant,803.35441521,19,Persistent Industrial Thermal Source,"Active on 7 distinct days across a 19-day observation window (15 total detections), only 803m from Tuticorin Thermal Power Station — sustained repeat activity right at a known facility is strong evidence of an ongoing operational source (e.g. flare stack, furnace) rather than a one-off event."
1922,78.182044,8.758838,2026-07-19,2026-08-07,15,7,4.22,17.24,0.3684,,industrial_area,3441.89503133,19,Persistent Industrial Thermal Source,"Active on 7 distinct days across a 19-day observation window (15 total detections), only 803m from Tuticorin Thermal Power Station — sustained repeat activity right at a known facility is strong evidence of an ongoing operational source (e.g. flare stack, furnace) rather than a one-off event."
912,86.43362342857144,23.737719142857145,2026-07-21,2026-09-11,35,19,3.083142857142857,8.6,0.3654,,,,52,Other/Unknown,"Active on 19 distinct days across 52 days with no industrial facility within 5km — genuinely persistent, but cannot attribute cause without Sentinel-2 land-cover context. Candidates: recurring agricultural burning, an unmapped facility (OSM coverage is incomplete in places), or a natural persistent source (e.g. peat/coal seam fire). Flagged for team review as a priority case given how unusual sustained 19-day activity is."
705,80.76313181818183,8.47499,2026-08-31,2026-09-11,11,4,4.851818181818182,7.93,0.3636,,,,11,Other/Unknown,"No nearby facility, moderate intensity (max FRP 7.9), short/low activity (4 active day(s) over 11 days, persistence score 0.36) — insufficient evidence to confidently classify."
1108,77.10119541666667,15.176520833333337,2026-07-22,2026-09-07,24,17,1.3241666666666667,4.86,0.3617,,power_plant,2559.91419523,47,Persistent Industrial Thermal Source,"Active on 17 distinct days across a 47-day observation window (24 total detections), only 718m from an unnamed industrial_area — sustained repeat activity right at a known facility is strong evidence of an ongoing operational source (e.g. flare stack, furnace) rather than a one-off event."
1108,77.10119541666667,15.176520833333337,2026-07-22,2026-09-07,24,17,1.3241666666666667,4.86,0.3617,,industrial_area,717.79573193,47,Persistent Industrial Thermal Source,"Active on 17 distinct days across a 47-day observation window (24 total detections), only 718m from an unnamed industrial_area — sustained repeat activity right at a known facility is strong evidence of an ongoing operational source (e.g. flare stack, furnace) rather than a one-off event."
1443,80.37697666666666,9.428017777777775,2026-08-19,2026-09-02,9,5,6.153333333333334,10.97,0.3571,,,,14,Wildfire / Natural Fire,"No industrial facility within 5km, high peak intensity (max FRP 11.0), short-lived (5 active day(s) over 14 days) — profile matches a natural/wild fire rather than a stable industrial source."
1259,80.83328833333333,8.605233333333333,2026-08-24,2026-09-07,6,5,16.448333333333334,26.33,0.3571,,,,14,Wildfire / Natural Fire,"No industrial facility within 5km, high peak intensity (max FRP 26.3), short-lived (5 active day(s) over 14 days) — profile matches a natural/wild fire rather than a stable industrial source."
903,87.27950533333333,22.377572222222224,2026-07-25,2026-09-11,45,17,2.8871111111111114,7.49,0.3542,,,,48,Other/Unknown,"Active on 17 distinct days across 48 days with no industrial facility within 5km — genuinely persistent, but cannot attribute cause without Sentinel-2 land-cover context. Candidates: recurring agricultural burning, an unmapped facility (OSM coverage is incomplete in places), or a natural persistent source (e.g. peat/coal seam fire). Flagged for team review as a priority case given how unusual sustained 17-day activity is."
467,70.73518275862068,32.29156827586207,2026-07-16,2026-09-08,29,19,2.222068965517242,3.53,0.3519,,,,54,Other/Unknown,"Active on 19 distinct days across 54 days with no industrial facility within 5km — genuinely persistent, but cannot attribute cause without Sentinel-2 land-cover context. Candidates: recurring agricultural burning, an unmapped facility (OSM coverage is incomplete in places), or a natural persistent source (e.g. peat/coal seam fire). Flagged for team review as a priority case given how unusual sustained 19-day activity is."
1983,86.351645,24.1173,2026-07-25,2026-07-31,2,2,1.51,1.73,0.3333,,,,6,Other/Unknown,"No nearby facility, moderate intensity (max FRP 1.7), short/low activity (2 active day(s) over 6 days, persistence score 0.33) — insufficient evidence to confidently classify."
1009,81.667405,7.428155,2026-09-06,2026-09-12,2,2,7.725,10.61,0.3333,,,,6,Wildfire / Natural Fire,"No industrial facility within 5km, high peak intensity (max FRP 10.6), short-lived (2 active day(s) over 6 days) — profile matches a natural/wild fire rather than a stable industrial source."
2091,72.13517,29.58001,2026-07-17,2026-07-23,2,2,2.705,3.03,0.3333,,,,6,Other/Unknown,"No nearby facility, moderate intensity (max FRP 3.0), short/low activity (2 active day(s) over 6 days, persistence score 0.33) — insufficient evidence to confidently classify."
992,72.66878999999999,21.164833,2026-09-02,2026-09-11,10,3,6.666000000000001,10.53,0.3333,,,,9,Wildfire / Natural Fire,"No industrial facility within 5km, high peak intensity (max FRP 10.5), short-lived (3 active day(s) over 9 days) — profile matches a natural/wild fire rather than a stable industrial source."
1699,81.46815333333333,6.7886500000000005,2026-08-14,2026-08-20,3,2,4.81,7.08,0.3333,,,,6,Other/Unknown,"No nearby facility, moderate intensity (max FRP 7.1), short/low activity (2 active day(s) over 6 days, persistence score 0.33) — insufficient evidence to confidently classify."
1949,81.5766,7.651448,2026-07-24,2026-07-30,5,2,3.1860000000000004,4.79,0.3333,,,,6,Other/Unknown,"No nearby facility, moderate intensity (max FRP 4.8), short/low activity (2 active day(s) over 6 days, persistence score 0.33) — insufficient evidence to confidently classify."
401,86.08753583333333,23.68309041666667,2026-07-16,2026-09-11,96,19,2.2628125,7.74,0.3333,,,,57,Other/Unknown,"Active on 19 distinct days across 57 days with no industrial facility within 5km — genuinely persistent, but cannot attribute cause without Sentinel-2 land-cover context. Candidates: recurring agricultural burning, an unmapped facility (OSM coverage is incomplete in places), or a natural persistent source (e.g. peat/coal seam fire). Flagged for team review as a priority case given how unusual sustained 19-day activity is."
1362,80.77858,8.0794675,2026-08-23,2026-09-07,8,5,8.46875,18.56,0.3333,,,,15,Wildfire / Natural Fire,"No industrial facility within 5km, high peak intensity (max FRP 18.6), short-lived (5 active day(s) over 15 days) — profile matches a natural/wild fire rather than a stable industrial source."
604,73.03659551282051,18.68591666666666,2026-07-16,2026-09-11,78,19,2.663205128205128,8.87,0.3333,,,,57,Other/Unknown,"Active on 19 distinct days across 57 days with no industrial facility within 5km — genuinely persistent, but cannot attribute cause without Sentinel-2 land-cover context. Candidates: recurring agricultural burning, an unmapped facility (OSM coverage is incomplete in places), or a natural persistent source (e.g. peat/coal seam fire). Flagged for team review as a priority case given how unusual sustained 19-day activity is."
1939,81.24064666666668,7.230176666666666,2026-07-24,2026-07-30,3,2,3.18,3.37,0.3333,,pipeline,4144.19116192,6,Other/Unknown,"No nearby facility, moderate intensity (max FRP 3.4), short/low activity (2 active day(s) over 6 days, persistence score 0.33) — insufficient evidence to confidently classify."
2112,73.81226333333333,30.50696333333333,2026-07-18,2026-07-24,3,2,3.44,5.81,0.3333,,,,6,Other/Unknown,"No nearby facility, moderate intensity (max FRP 5.8), short/low activity (2 active day(s) over 6 days, persistence score 0.33) — insufficient evidence to confidently classify."
1433,81.39504,7.439675,2026-08-24,2026-08-30,2,2,3.27,4.3,0.3333,,,,6,Other/Unknown,"No nearby facility, moderate intensity (max FRP 4.3), short/low activity (2 active day(s) over 6 days, persistence score 0.33) — insufficient evidence to confidently classify."
743,80.63208333333334,9.20656,2026-09-04,2026-09-10,3,2,3.09,3.51,0.3333,,,,6,Other/Unknown,"No nearby facility, moderate intensity (max FRP 3.5), short/low activity (2 active day(s) over 6 days, persistence score 0.33) — insufficient evidence to confidently classify."
826,80.83930000000001,7.62126,2026-09-05,2026-09-11,4,2,3.0649999999999995,4.5,0.3333,,,,6,Other/Unknown,"No nearby facility, moderate intensity (max FRP 4.5), short/low activity (2 active day(s) over 6 days, persistence score 0.33) — insufficient evidence to confidently classify."
1439,81.37480142857143,7.811591428571428,2026-08-21,2026-08-30,7,3,8.561428571428573,13.76,0.3333,,,,9,Wildfire / Natural Fire,"No industrial facility within 5km, high peak intensity (max FRP 13.8), short-lived (3 active day(s) over 9 days) — profile matches a natural/wild fire rather than a stable industrial source."
1791,81.69438666666667,7.250053333333334,2026-08-09,2026-08-15,3,2,6.833333333333333,13.0,0.3333,Hingurana Sugar Factory,industrial_works,3456.81804806,6,Other/Unknown,3457m from Hingurana Sugar Factory — plausibly related but not close enough to confidently attribute; distance alone is insufficient per project methodology. Needs Sentinel-2 land-cover context to resolve.
1440,81.48126615384614,7.871110769230768,2026-08-12,2026-08-30,13,6,6.809230769230769,17.08,0.3333,,,,18,Wildfire / Natural Fire,"No industrial facility within 5km, high peak intensity (max FRP 17.1), short-lived (6 active day(s) over 18 days) — profile matches a natural/wild fire rather than a stable industrial source."
1026,80.151685,8.2621425,2026-09-06,2026-09-12,4,2,5.9475,10.91,0.3333,,,,6,Wildfire / Natural Fire,"No industrial facility within 5km, high peak intensity (max FRP 10.9), short-lived (2 active day(s) over 6 days) — profile matches a natural/wild fire rather than a stable industrial source."
1038,80.6779,8.628924999999999,2026-09-06,2026-09-12,2,2,8.34,8.73,0.3333,Kebitigollewa Bus Depot,industrial_area,1725.6625716,6,Other/Unknown,1726m from Kebitigollewa Bus Depot — plausibly related but not close enough to confidently attribute; distance alone is insufficient per project methodology. Needs Sentinel-2 land-cover context to resolve.
829,81.20877333333334,7.820720000000001,2026-09-05,2026-09-11,3,2,2.86,2.92,0.3333,,,,6,Other/Unknown,"No nearby facility, moderate intensity (max FRP 2.9), short/low activity (2 active day(s) over 6 days, persistence score 0.33) — insufficient evidence to confidently classify."
2105,78.32926499999999,9.52437,2026-07-18,2026-07-24,2,2,7.654999999999999,8.54,0.3333,,pipeline,3118.63132828,6,Other/Unknown,3119m from an unnamed pipeline — plausibly related but not close enough to confidently attribute; distance alone is insufficient per project methodology. Needs Sentinel-2 land-cover context to resolve.
1582,79.189495,9.99396,2026-08-27,2026-09-02,2,2,3.295,4.89,0.3333,,,,6,Other/Unknown,"No nearby facility, moderate intensity (max FRP 4.9), short/low activity (2 active day(s) over 6 days, persistence score 0.33) — insufficient evidence to confidently classify."
2066,72.17638666666666,29.670686666666665,2026-07-23,2026-07-29,3,2,5.823333333333333,6.2,0.3333,,,,6,Other/Unknown,"No nearby facility, moderate intensity (max FRP 6.2), short/low activity (2 active day(s) over 6 days, persistence score 0.33) — insufficient evidence to confidently classify."
660,80.8085947826087,8.12091086956522,2026-08-28,2026-09-09,23,4,7.458260869565217,38.76,0.3333,,,,12,Wildfire / Natural Fire,"No industrial facility within 5km, high peak intensity (max FRP 38.8), short-lived (4 active day(s) over 12 days) — profile matches a natural/wild fire rather than a stable industrial source."
1378,79.6351825,14.95473,2026-09-01,2026-09-07,4,2,6.71,7.63,0.3333,,,,6,Other/Unknown,"No nearby facility, moderate intensity (max FRP 7.6), short/low activity (2 active day(s) over 6 days, persistence score 0.33) — insufficient evidence to confidently classify."
1779,72.07595,30.60194,2026-08-08,2026-08-14,2,2,2.935,3.22,0.3333,,,,6,Other/Unknown,"No nearby facility, moderate intensity (max FRP 3.2), short/low activity (2 active day(s) over 6 days, persistence score 0.33) — insufficient evidence to confidently classify."
1003,81.385145,6.70495,2026-09-06,2026-09-12,2,2,9.64,11.19,0.3333,,,,6,Wildfire / Natural Fire,"No industrial facility within 5km, high peak intensity (max FRP 11.2), short-lived (2 active day(s) over 6 days) — profile matches a natural/wild fire rather than a stable industrial source."
1799,71.5910125,33.272935000000004,2026-08-09,2026-08-15,4,2,2.015,5.23,0.3333,,,,6,Other/Unknown,"No nearby facility, moderate intensity (max FRP 5.2), short/low activity (2 active day(s) over 6 days, persistence score 0.33) — insufficient evidence to confidently classify."
1377,79.33058750000001,13.8601775,2026-09-01,2026-09-07,4,2,4.5925,4.74,0.3333,,,,6,Other/Unknown,"No nearby facility, moderate intensity (max FRP 4.7), short/low activity (2 active day(s) over 6 days, persistence score 0.33) — insufficient evidence to confidently classify."
1972,81.53031999999999,7.70798,2026-07-25,2026-07-31,2,2,1.195,1.37,0.3333,,power_plant,4827.64452004,6,Other/Unknown,"No nearby facility, moderate intensity (max FRP 1.4), short/low activity (2 active day(s) over 6 days, persistence score 0.33) — insufficient evidence to confidently classify."
439,85.25782887096776,20.79388112903225,2026-07-30,2026-09-11,62,14,3.432741935483871,11.19,0.3256,,power_plant,3793.41554377,43,Persistent Industrial Thermal Source,"Active on 14 distinct days across a 43-day observation window (62 total detections), only 1178m from Tata Steel Meramandali — sustained repeat activity right at a known facility is strong evidence of an ongoing operational source (e.g. flare stack, furnace) rather than a one-off event."
439,85.25782887096776,20.79388112903225,2026-07-30,2026-09-11,62,14,3.432741935483871,11.19,0.3256,Tata Steel Meramandali,industrial_area,1177.5241088,43,Persistent Industrial Thermal Source,"Active on 14 distinct days across a 43-day observation window (62 total detections), only 1178m from Tata Steel Meramandali — sustained repeat activity right at a known facility is strong evidence of an ongoing operational source (e.g. flare stack, furnace) rather than a one-off event."
439,85.25782887096776,20.79388112903225,2026-07-30,2026-09-11,62,14,3.432741935483871,11.19,0.3256,,industrial_area,3861.57081467,43,Persistent Industrial Thermal Source,"Active on 14 distinct days across a 43-day observation window (62 total detections), only 1178m from Tata Steel Meramandali — sustained repeat activity right at a known facility is strong evidence of an ongoing operational source (e.g. flare stack, furnace) rather than a one-off event."
439,85.25782887096776,20.79388112903225,2026-07-30,2026-09-11,62,14,3.432741935483871,11.19,0.3256,Meramandali Power Station,power_plant,1479.26054119,43,Persistent Industrial Thermal Source,"Active on 14 distinct days across a 43-day observation window (62 total detections), only 1178m from Tata Steel Meramandali — sustained repeat activity right at a known facility is strong evidence of an ongoing operational source (e.g. flare stack, furnace) rather than a one-off event."
516,83.20292135135135,17.608539729729728,2026-07-18,2026-09-09,37,17,2.531621621621622,6.72,0.3208,Visakapatnam Steel Plant,industrial_area,1489.17229679,53,Persistent Industrial Thermal Source,"Active on 17 distinct days across a 53-day observation window (37 total detections), only 240m from an unnamed industrial_works — sustained repeat activity right at a known facility is strong evidence of an ongoing operational source (e.g. flare stack, furnace) rather than a one-off event."
516,83.20292135135135,17.608539729729728,2026-07-18,2026-09-09,37,17,2.531621621621622,6.72,0.3208,,power_plant,869.78396774,53,Persistent Industrial Thermal Source,"Active on 17 distinct days across a 53-day observation window (37 total detections), only 240m from an unnamed industrial_works — sustained repeat activity right at a known facility is strong evidence of an ongoing operational source (e.g. flare stack, furnace) rather than a one-off event."
516,83.20292135135135,17.608539729729728,2026-07-18,2026-09-09,37,17,2.531621621621622,6.72,0.3208,,industrial_works,239.90438641,53,Persistent Industrial Thermal Source,"Active on 17 distinct days across a 53-day observation window (37 total detections), only 240m from an unnamed industrial_works — sustained repeat activity right at a known facility is strong evidence of an ongoing operational source (e.g. flare stack, furnace) rather than a one-off event."
1564,81.47915666666664,7.903254,2026-08-11,2026-09-02,15,7,4.95,9.23,0.3182,,power_plant,4336.27743676,22,Other/Unknown,"No nearby facility, moderate intensity (max FRP 9.2), short/low activity (7 active day(s) over 22 days, persistence score 0.32) — insufficient evidence to confidently classify."
1094,86.38888843750001,23.77810125,2026-07-22,2026-09-04,32,14,2.5709375,5.89,0.3182,,,,44,Other/Unknown,"Active on 14 distinct days across 44 days with no industrial facility within 5km — genuinely persistent, but cannot attribute cause without Sentinel-2 land-cover context. Candidates: recurring agricultural burning, an unmapped facility (OSM coverage is incomplete in places), or a natural persistent source (e.g. peat/coal seam fire). Flagged for team review as a priority case given how unusual sustained 14-day activity is."
977,81.79316857142858,7.294799999999999,2026-08-20,2026-09-11,14,7,5.063571428571428,11.09,0.3182,,,,22,Other/Unknown,"Active on 7 distinct days across 22 days with no industrial facility within 5km — genuinely persistent, but cannot attribute cause without Sentinel-2 land-cover context. Candidates: recurring agricultural burning, an unmapped facility (OSM coverage is incomplete in places), or a natural persistent source (e.g. peat/coal seam fire). Flagged for team review as a priority case given how unusual sustained 7-day activity is."
1229,81.30953333333333,7.944069333333334,2026-08-20,2026-09-05,15,5,15.835333333333333,80.22,0.3125,,,,16,Wildfire / Natural Fire,"No industrial facility within 5km, high peak intensity (max FRP 80.2), short-lived (5 active day(s) over 16 days) — profile matches a natural/wild fire rather than a stable industrial source."
994,86.39603777777778,23.68027077777778,2026-07-26,2026-09-12,90,15,2.667,9.1,0.3125,,,,48,Other/Unknown,"Active on 15 distinct days across 48 days with no industrial facility within 5km — genuinely persistent, but cannot attribute cause without Sentinel-2 land-cover context. Candidates: recurring agricultural burning, an unmapped facility (OSM coverage is incomplete in places), or a natural persistent source (e.g. peat/coal seam fire). Flagged for team review as a priority case given how unusual sustained 15-day activity is."
995,87.11104599999999,23.692517818181816,2026-07-28,2026-09-11,55,14,1.5707272727272727,4.15,0.3111,,,,45,Other/Unknown,"Active on 14 distinct days across 45 days with no industrial facility within 5km — genuinely persistent, but cannot attribute cause without Sentinel-2 land-cover context. Candidates: recurring agricultural burning, an unmapped facility (OSM coverage is incomplete in places), or a natural persistent source (e.g. peat/coal seam fire). Flagged for team review as a priority case given how unusual sustained 14-day activity is."
965,83.84308456521738,21.74930554347826,2026-07-30,2026-09-10,92,13,4.272065217391304,13.65,0.3095,,,,42,Other/Unknown,"Active on 13 distinct days across 42 days with no industrial facility within 5km — genuinely persistent, but cannot attribute cause without Sentinel-2 land-cover context. Candidates: recurring agricultural burning, an unmapped facility (OSM coverage is incomplete in places), or a natural persistent source (e.g. peat/coal seam fire). Flagged for team review as a priority case given how unusual sustained 13-day activity is."
1872,70.804385,30.976315000000003,2026-07-28,2026-08-10,4,4,7.755,8.22,0.3077,,,,13,Wildfire / Natural Fire,"No industrial facility within 5km, high peak intensity (max FRP 8.2), short-lived (4 active day(s) over 13 days) — profile matches a natural/wild fire rather than a stable industrial source."
1130,80.625725,8.021758333333333,2026-08-24,2026-09-06,6,4,6.485,11.54,0.3077,,,,13,Wildfire / Natural Fire,"No industrial facility within 5km, high peak intensity (max FRP 11.5), short-lived (4 active day(s) over 13 days) — profile matches a natural/wild fire rather than a stable industrial source."
879,72.56294789473685,32.57527210526315,2026-07-23,2026-09-10,19,15,2.6589473684210527,4.27,0.3061,,,,49,Other/Unknown,"Active on 15 distinct days across 49 days with no industrial facility within 5km — genuinely persistent, but cannot attribute cause without Sentinel-2 land-cover context. Candidates: recurring agricultural burning, an unmapped facility (OSM coverage is incomplete in places), or a natural persistent source (e.g. peat/coal seam fire). Flagged for team review as a priority case given how unusual sustained 15-day activity is."
485,86.20634395833333,23.777608125,2026-07-27,2026-09-11,48,14,1.82875,9.1,0.3043,,,,46,Other/Unknown,"Active on 14 distinct days across 46 days with no industrial facility within 5km — genuinely persistent, but cannot attribute cause without Sentinel-2 land-cover context. Candidates: recurring agricultural burning, an unmapped facility (OSM coverage is incomplete in places), or a natural persistent source (e.g. peat/coal seam fire). Flagged for team review as a priority case given how unusual sustained 14-day activity is."
601,76.76368777777778,15.226107222222222,2026-08-09,2026-09-11,18,10,1.413888888888889,8.29,0.303,ACC,industrial_area,2072.71910214,33,Persistent Industrial Thermal Source,"Active on 10 distinct days across a 33-day observation window (18 total detections), only 168m from Shatavahana Kudatini Steels — sustained repeat activity right at a known facility is strong evidence of an ongoing operational source (e.g. flare stack, furnace) rather than a one-off event."
601,76.76368777777778,15.226107222222222,2026-08-09,2026-09-11,18,10,1.413888888888889,8.29,0.303,Shatavahana Kudatini Steels,industrial_area,167.68162098,33,Persistent Industrial Thermal Source,"Active on 10 distinct days across a 33-day observation window (18 total detections), only 168m from Shatavahana Kudatini Steels — sustained repeat activity right at a known facility is strong evidence of an ongoing operational source (e.g. flare stack, furnace) rather than a one-off event."
542,76.8584823809524,29.475481904761903,2026-07-29,2026-09-10,21,13,2.282857142857143,5.5,0.3023,,,,43,Other/Unknown,"Active on 13 distinct days across 43 days with no industrial facility within 5km — genuinely persistent, but cannot attribute cause without Sentinel-2 land-cover context. Candidates: recurring agricultural burning, an unmapped facility (OSM coverage is incomplete in places), or a natural persistent source (e.g. peat/coal seam fire). Flagged for team review as a priority case given how unusual sustained 13-day activity is."
1299,76.78566,15.173726666666669,2026-08-26,2026-09-05,3,3,1.3966666666666667,2.58,0.3,Scan Ispat Pvt Ltd.,industrial_area,790.10773275,10,Industrial Fire,Close to Rayen Steels Pvt Ltd. (123m away) but only active 3 day(s) over a 10-day window (3 detections) — reads as a transient burn event at/near a facility rather than an ongoing source.
465,84.99066339622642,20.86521867924528,2026-07-30,2026-09-08,53,12,2.6535849056603777,8.19,0.3,Angul Steel Power Plant,power_plant,2988.55282292,40,Persistent Industrial Thermal Source,"Active on 12 distinct days across a 40-day observation window (53 total detections), only 1179m from Angul Steel Plant — sustained repeat activity right at a known facility is strong evidence of an ongoing operational source (e.g. flare stack, furnace) rather than a one-off event."
465,84.99066339622642,20.86521867924528,2026-07-30,2026-09-08,53,12,2.6535849056603777,8.19,0.3,,industrial_area,3665.97034,40,Persistent Industrial Thermal Source,"Active on 12 distinct days across a 40-day observation window (53 total detections), only 1179m from Angul Steel Plant — sustained repeat activity right at a known facility is strong evidence of an ongoing operational source (e.g. flare stack, furnace) rather than a one-off event."
1299,76.78566,15.173726666666669,2026-08-26,2026-09-05,3,3,1.3966666666666667,2.58,0.3,,industrial_area,2187.03400956,10,Industrial Fire,Close to Rayen Steels Pvt Ltd. (123m away) but only active 3 day(s) over a 10-day window (3 detections) — reads as a transient burn event at/near a facility rather than an ongoing source.
1191,76.22063000000001,15.301023333333331,2026-08-26,2026-09-05,3,3,0.6433333333333333,0.72,0.3,,industrial_area,254.42799683,10,Industrial Fire,Close to an unnamed industrial_area (254m away) but only active 3 day(s) over a 10-day window (3 detections) — reads as a transient burn event at/near a facility rather than an ongoing source.
735,80.420844,8.918052,2026-08-31,2026-09-10,5,3,10.658,28.96,0.3,,,,10,Wildfire / Natural Fire,"No industrial facility within 5km, high peak intensity (max FRP 29.0), short-lived (3 active day(s) over 10 days) — profile matches a natural/wild fire rather than a stable industrial source."
1995,71.60172999999999,32.827506666666665,2026-07-23,2026-08-02,3,3,1.7233333333333334,2.45,0.3,,,,10,Other/Unknown,"No nearby facility, moderate intensity (max FRP 2.5), short/low activity (3 active day(s) over 10 days, persistence score 0.30) — insufficient evidence to confidently classify."
1299,76.78566,15.173726666666669,2026-08-26,2026-09-05,3,3,1.3966666666666667,2.58,0.3,Rayen Steels Pvt Ltd.,industrial_area,123.00787447,10,Industrial Fire,Close to Rayen Steels Pvt Ltd. (123m away) but only active 3 day(s) over a 10-day window (3 detections) — reads as a transient burn event at/near a facility rather than an ongoing source.
1299,76.78566,15.173726666666669,2026-08-26,2026-09-05,3,3,1.3966666666666667,2.58,0.3,Agarwal Sponge Iron,industrial_area,449.15085752,10,Industrial Fire,Close to Rayen Steels Pvt Ltd. (123m away) but only active 3 day(s) over a 10-day window (3 detections) — reads as a transient burn event at/near a facility rather than an ongoing source.
1299,76.78566,15.173726666666669,2026-08-26,2026-09-05,3,3,1.3966666666666667,2.58,0.3,Hothur Ispat Pvt Ltd,industrial_area,1342.99550458,10,Industrial Fire,Close to Rayen Steels Pvt Ltd. (123m away) but only active 3 day(s) over a 10-day window (3 detections) — reads as a transient burn event at/near a facility rather than an ongoing source.
465,84.99066339622642,20.86521867924528,2026-07-30,2026-09-08,53,12,2.6535849056603777,8.19,0.3,Angul Steel Plant,industrial_area,1178.56037589,40,Persistent Industrial Thermal Source,"Active on 12 distinct days across a 40-day observation window (53 total detections), only 1179m from Angul Steel Plant — sustained repeat activity right at a known facility is strong evidence of an ongoing operational source (e.g. flare stack, furnace) rather than a one-off event."
1299,76.78566,15.173726666666669,2026-08-26,2026-09-05,3,3,1.3966666666666667,2.58,0.3,ACC,industrial_area,4797.05839778,10,Industrial Fire,Close to Rayen Steels Pvt Ltd. (123m away) but only active 3 day(s) over a 10-day window (3 detections) — reads as a transient burn event at/near a facility rather than an ongoing source.
801,76.28444631578947,15.334448947368422,2026-07-25,2026-09-10,19,14,1.0594736842105263,1.69,0.2979,Ginigera Cement Works,industrial_area,3009.4244283,47,Persistent Industrial Thermal Source,"Active on 14 distinct days across a 47-day observation window (19 total detections), only 269m from an unnamed industrial_area — sustained repeat activity right at a known facility is strong evidence of an ongoing operational source (e.g. flare stack, furnace) rather than a one-off event."
801,76.28444631578947,15.334448947368422,2026-07-25,2026-09-10,19,14,1.0594736842105263,1.69,0.2979,Hospet Steels,industrial_area,3285.99655121,47,Persistent Industrial Thermal Source,"Active on 14 distinct days across a 47-day observation window (19 total detections), only 269m from an unnamed industrial_area — sustained repeat activity right at a known facility is strong evidence of an ongoing operational source (e.g. flare stack, furnace) rather than a one-off event."
801,76.28444631578947,15.334448947368422,2026-07-25,2026-09-10,19,14,1.0594736842105263,1.69,0.2979,,power_plant,4375.14474719,47,Persistent Industrial Thermal Source,"Active on 14 distinct days across a 47-day observation window (19 total detections), only 269m from an unnamed industrial_area — sustained repeat activity right at a known facility is strong evidence of an ongoing operational source (e.g. flare stack, furnace) rather than a one-off event."
801,76.28444631578947,15.334448947368422,2026-07-25,2026-09-10,19,14,1.0594736842105263,1.69,0.2979,,industrial_area,268.75697725,47,Persistent Industrial Thermal Source,"Active on 14 distinct days across a 47-day observation window (19 total detections), only 269m from an unnamed industrial_area — sustained repeat activity right at a known facility is strong evidence of an ongoing operational source (e.g. flare stack, furnace) rather than a one-off event."
924,76.69263999999998,15.17319875,2026-08-05,2026-09-11,16,11,1.5143749999999998,3.3,0.2973,Jindal Steel Works,industrial_works,2671.57563412,37,Other/Unknown,2533m from Jindal SAW — plausibly related but not close enough to confidently attribute; distance alone is insufficient per project methodology. Needs Sentinel-2 land-cover context to resolve.
924,76.69263999999998,15.17319875,2026-08-05,2026-09-11,16,11,1.5143749999999998,3.3,0.2973,Jindal SAW,industrial_area,2533.35328041,37,Other/Unknown,2533m from Jindal SAW — plausibly related but not close enough to confidently attribute; distance alone is insufficient per project methodology. Needs Sentinel-2 land-cover context to resolve.
924,76.69263999999998,15.17319875,2026-08-05,2026-09-11,16,11,1.5143749999999998,3.3,0.2973,Vijayanagar Toranagallu Power Station,power_plant,3279.24805599,37,Other/Unknown,2533m from Jindal SAW — plausibly related but not close enough to confidently attribute; distance alone is insufficient per project methodology. Needs Sentinel-2 land-cover context to resolve.
924,76.69263999999998,15.17319875,2026-08-05,2026-09-11,16,11,1.5143749999999998,3.3,0.2973,Minera Steel and Power Pvt Limited,industrial_area,3485.23017054,37,Other/Unknown,2533m from Jindal SAW — plausibly related but not close enough to confidently attribute; distance alone is insufficient per project methodology. Needs Sentinel-2 land-cover context to resolve.
924,76.69263999999998,15.17319875,2026-08-05,2026-09-11,16,11,1.5143749999999998,3.3,0.2973,,industrial_area,2678.36307926,37,Other/Unknown,2533m from Jindal SAW — plausibly related but not close enough to confidently attribute; distance alone is insufficient per project methodology. Needs Sentinel-2 land-cover context to resolve.
924,76.69263999999998,15.17319875,2026-08-05,2026-09-11,16,11,1.5143749999999998,3.3,0.2973,Metallurgical Products India Pvt Ltd,industrial_area,4254.56303501,37,Other/Unknown,2533m from Jindal SAW — plausibly related but not close enough to confidently attribute; distance alone is insufficient per project methodology. Needs Sentinel-2 land-cover context to resolve.
1093,86.36629,23.77645314285714,2026-07-22,2026-09-04,35,13,1.9525714285714288,4.47,0.2955,,,,44,Other/Unknown,"Active on 13 distinct days across 44 days with no industrial facility within 5km — genuinely persistent, but cannot attribute cause without Sentinel-2 land-cover context. Candidates: recurring agricultural burning, an unmapped facility (OSM coverage is incomplete in places), or a natural persistent source (e.g. peat/coal seam fire). Flagged for team review as a priority case given how unusual sustained 13-day activity is."
922,78.01515388888888,15.02326333333333,2026-07-22,2026-09-11,18,15,1.5027777777777778,2.54,0.2941,,power_plant,1049.71450175,51,Persistent Industrial Thermal Source,"Active on 15 distinct days across a 51-day observation window (18 total detections), only 428m from Ultratech Cement Limited — sustained repeat activity right at a known facility is strong evidence of an ongoing operational source (e.g. flare stack, furnace) rather than a one-off event."
922,78.01515388888888,15.02326333333333,2026-07-22,2026-09-11,18,15,1.5027777777777778,2.54,0.2941,Ultratech Cement Limited,industrial_area,427.72430138,51,Persistent Industrial Thermal Source,"Active on 15 distinct days across a 51-day observation window (18 total detections), only 428m from Ultratech Cement Limited — sustained repeat activity right at a known facility is strong evidence of an ongoing operational source (e.g. flare stack, furnace) rather than a one-off event."
464,77.22855166666666,28.3449,2026-08-22,2026-09-08,6,5,1.02,1.97,0.2941,,industrial_area,3081.44705693,17,Other/Unknown,3081m from an unnamed industrial_area — plausibly related but not close enough to confidently attribute; distance alone is insufficient per project methodology. Needs Sentinel-2 land-cover context to resolve.
464,77.22855166666666,28.3449,2026-08-22,2026-09-08,6,5,1.02,1.97,0.2941,Pali Stone Crusher Zone II,industrial_area,4938.43838564,17,Other/Unknown,3081m from an unnamed industrial_area — plausibly related but not close enough to confidently attribute; distance alone is insufficient per project methodology. Needs Sentinel-2 land-cover context to resolve.
1413,81.31842999999999,7.436265,2026-08-15,2026-09-01,6,5,4.94,9.5,0.2941,,,,17,Wildfire / Natural Fire,"No industrial facility within 5km, high peak intensity (max FRP 9.5), short-lived (5 active day(s) over 17 days) — profile matches a natural/wild fire rather than a stable industrial source."
1399,77.92045272727272,11.812275,2026-07-24,2026-09-07,22,13,1.7986363636363634,2.88,0.2889,JSW Steel Plant,industrial_area,346.41445561,45,Persistent Industrial Thermal Source,"Active on 13 distinct days across a 45-day observation window (22 total detections), only 346m from JSW Steel Plant — sustained repeat activity right at a known facility is strong evidence of an ongoing operational source (e.g. flare stack, furnace) rather than a one-off event."
1399,77.92045272727272,11.812275,2026-07-24,2026-09-07,22,13,1.7986363636363634,2.88,0.2889,,industrial_area,2058.74411617,45,Persistent Industrial Thermal Source,"Active on 13 distinct days across a 45-day observation window (22 total detections), only 346m from JSW Steel Plant — sustained repeat activity right at a known facility is strong evidence of an ongoing operational source (e.g. flare stack, furnace) rather than a one-off event."
478,86.20234170212765,22.79060085106384,2026-07-18,2026-09-08,47,15,1.869148936170213,8.03,0.2885,,,,52,Other/Unknown,"Active on 15 distinct days across 52 days with no industrial facility within 5km — genuinely persistent, but cannot attribute cause without Sentinel-2 land-cover context. Candidates: recurring agricultural burning, an unmapped facility (OSM coverage is incomplete in places), or a natural persistent source (e.g. peat/coal seam fire). Flagged for team review as a priority case given how unusual sustained 15-day activity is."
1674,77.86064727272728,8.90108090909091,2026-08-12,2026-08-19,11,2,8.835454545454546,15.94,0.2857,,power_plant,2453.20987031,7,Other/Unknown,2453m from an unnamed power_plant — plausibly related but not close enough to confidently attribute; distance alone is insufficient per project methodology. Needs Sentinel-2 land-cover context to resolve.
1493,81.1376,7.293776666666666,2026-08-25,2026-09-01,3,2,5.890000000000001,7.17,0.2857,,,,7,Other/Unknown,"No nearby facility, moderate intensity (max FRP 7.2), short/low activity (2 active day(s) over 7 days, persistence score 0.29) — insufficient evidence to confidently classify."
807,81.018985,6.428935,2026-09-04,2026-09-11,4,2,5.265,5.43,0.2857,,,,7,Other/Unknown,"No nearby facility, moderate intensity (max FRP 5.4), short/low activity (2 active day(s) over 7 days, persistence score 0.29) — insufficient evidence to confidently classify."
409,81.018358,6.390245999999999,2026-09-01,2026-09-08,5,2,4.946,5.79,0.2857,,,,7,Other/Unknown,"No nearby facility, moderate intensity (max FRP 5.8), short/low activity (2 active day(s) over 7 days, persistence score 0.29) — insufficient evidence to confidently classify."
1679,77.75813400000001,9.034,2026-08-12,2026-08-19,5,2,9.142,11.65,0.2857,,,,7,Wildfire / Natural Fire,"No industrial facility within 5km, high peak intensity (max FRP 11.7), short-lived (2 active day(s) over 7 days) — profile matches a natural/wild fire rather than a stable industrial source."
1375,80.71581,9.26633,2026-08-31,2026-09-07,2,2,7.0600000000000005,7.59,0.2857,,,,7,Other/Unknown,"No nearby facility, moderate intensity (max FRP 7.6), short/low activity (2 active day(s) over 7 days, persistence score 0.29) — insufficient evidence to confidently classify."
928,71.42592333333333,19.27872,2026-09-04,2026-09-11,3,2,2.1,2.82,0.2857,,,,7,Other/Unknown,"No nearby facility, moderate intensity (max FRP 2.8), short/low activity (2 active day(s) over 7 days, persistence score 0.29) — insufficient evidence to confidently classify."
1975,81.5381375,7.759195,2026-07-24,2026-07-31,4,2,3.6325,4.83,0.2857,,,,7,Other/Unknown,"No nearby facility, moderate intensity (max FRP 4.8), short/low activity (2 active day(s) over 7 days, persistence score 0.29) — insufficient evidence to confidently classify."
1011,81.08111666666667,7.615736666666667,2026-09-05,2026-09-12,3,2,6.536666666666666,9.58,0.2857,,,,7,Wildfire / Natural Fire,"No industrial facility within 5km, high peak intensity (max FRP 9.6), short-lived (2 active day(s) over 7 days) — profile matches a natural/wild fire rather than a stable industrial source."
1581,80.87344,8.772314999999999,2026-08-26,2026-09-02,2,2,4.895,6.12,0.2857,,,,7,Other/Unknown,"No nearby facility, moderate intensity (max FRP 6.1), short/low activity (2 active day(s) over 7 days, persistence score 0.29) — insufficient evidence to confidently classify."
1035,80.83936,8.56856,2026-09-05,2026-09-12,2,2,3.785,4.76,0.2857,,,,7,Other/Unknown,"No nearby facility, moderate intensity (max FRP 4.8), short/low activity (2 active day(s) over 7 days, persistence score 0.29) — insufficient evidence to confidently classify."
732,80.70785666666666,8.87036,2026-09-03,2026-09-10,3,2,3.4966666666666666,3.94,0.2857,,,,7,Other/Unknown,"No nearby facility, moderate intensity (max FRP 3.9), short/low activity (2 active day(s) over 7 days, persistence score 0.29) — insufficient evidence to confidently classify."
1017,80.610536,7.962294,2026-09-05,2026-09-12,5,2,3.904,5.26,0.2857,,,,7,Other/Unknown,"No nearby facility, moderate intensity (max FRP 5.3), short/low activity (2 active day(s) over 7 days, persistence score 0.29) — insufficient evidence to confidently classify."
1999,81.263196,7.230098,2026-07-18,2026-07-25,5,2,4.052,4.39,0.2857,,,,7,Other/Unknown,"No nearby facility, moderate intensity (max FRP 4.4), short/low activity (2 active day(s) over 7 days, persistence score 0.29) — insufficient evidence to confidently classify."
914,85.85343,23.756420833333333,2026-08-01,2026-09-12,24,12,2.2883333333333336,7.5,0.2857,,,,42,Other/Unknown,"Active on 12 distinct days across 42 days with no industrial facility within 5km — genuinely persistent, but cannot attribute cause without Sentinel-2 land-cover context. Candidates: recurring agricultural burning, an unmapped facility (OSM coverage is incomplete in places), or a natural persistent source (e.g. peat/coal seam fire). Flagged for team review as a priority case given how unusual sustained 12-day activity is."
1842,90.724455,29.302485,2026-08-02,2026-08-09,2,2,3.325,3.78,0.2857,,,,7,Other/Unknown,"No nearby facility, moderate intensity (max FRP 3.8), short/low activity (2 active day(s) over 7 days, persistence score 0.29) — insufficient evidence to confidently classify."
917,85.55267947368421,23.78747684210526,2026-07-28,2026-09-12,19,13,1.8689473684210525,5.5,0.2826,,,,46,Other/Unknown,"Active on 13 distinct days across 46 days with no industrial facility within 5km — genuinely persistent, but cannot attribute cause without Sentinel-2 land-cover context. Candidates: recurring agricultural burning, an unmapped facility (OSM coverage is incomplete in places), or a natural persistent source (e.g. peat/coal seam fire). Flagged for team review as a priority case given how unusual sustained 13-day activity is."
782,95.27226857142855,27.321946666666665,2026-07-23,2026-09-11,21,14,1.5723809523809524,4.34,0.28,,industrial_area,2273.06499272,50,Other/Unknown,2273m from an unnamed industrial_area — plausibly related but not close enough to confidently attribute; distance alone is insufficient per project methodology. Needs Sentinel-2 land-cover context to resolve.
459,81.53083923076923,6.782499230769231,2026-08-14,2026-09-08,13,7,3.5499999999999994,7.82,0.28,,,,25,Other/Unknown,"Active on 7 distinct days across 25 days with no industrial facility within 5km — genuinely persistent, but cannot attribute cause without Sentinel-2 land-cover context. Candidates: recurring agricultural burning, an unmapped facility (OSM coverage is incomplete in places), or a natural persistent source (e.g. peat/coal seam fire). Flagged for team review as a priority case given how unusual sustained 7-day activity is."
909,85.36896999999999,23.695299500000004,2026-07-30,2026-09-11,20,12,1.7559999999999998,3.98,0.2791,,,,43,Other/Unknown,"Active on 12 distinct days across 43 days with no industrial facility within 5km — genuinely persistent, but cannot attribute cause without Sentinel-2 land-cover context. Candidates: recurring agricultural burning, an unmapped facility (OSM coverage is incomplete in places), or a natural persistent source (e.g. peat/coal seam fire). Flagged for team review as a priority case given how unusual sustained 12-day activity is."
996,86.35196636363638,23.79615818181818,2026-07-26,2026-09-11,33,13,1.9803030303030305,5.19,0.2766,,,,47,Other/Unknown,"Active on 13 distinct days across 47 days with no industrial facility within 5km — genuinely persistent, but cannot attribute cause without Sentinel-2 land-cover context. Candidates: recurring agricultural burning, an unmapped facility (OSM coverage is incomplete in places), or a natural persistent source (e.g. peat/coal seam fire). Flagged for team review as a priority case given how unusual sustained 13-day activity is."
620,76.92636894736843,31.25587210526316,2026-07-28,2026-09-10,19,12,0.8505263157894737,2.04,0.2727,,,,44,Other/Unknown,"Active on 12 distinct days across 44 days with no industrial facility within 5km — genuinely persistent, but cannot attribute cause without Sentinel-2 land-cover context. Candidates: recurring agricultural burning, an unmapped facility (OSM coverage is incomplete in places), or a natural persistent source (e.g. peat/coal seam fire). Flagged for team review as a priority case given how unusual sustained 12-day activity is."
1033,80.67238833333333,8.52154,2026-09-01,2026-09-12,6,3,4.971666666666667,8.72,0.2727,,,,11,Wildfire / Natural Fire,"No industrial facility within 5km, high peak intensity (max FRP 8.7), short-lived (3 active day(s) over 11 days) — profile matches a natural/wild fire rather than a stable industrial source."
1958,80.30175000000001,36.932993333333336,2026-07-19,2026-07-30,3,3,1.7966666666666666,2.17,0.2727,,,,11,Other/Unknown,"No nearby facility, moderate intensity (max FRP 2.2), short/low activity (3 active day(s) over 11 days, persistence score 0.27) — insufficient evidence to confidently classify."
901,87.01701740740744,22.363606666666666,2026-07-18,2026-09-11,27,15,1.5851851851851853,4.8,0.2727,,,,55,Other/Unknown,"Active on 15 distinct days across 55 days with no industrial facility within 5km — genuinely persistent, but cannot attribute cause without Sentinel-2 land-cover context. Candidates: recurring agricultural burning, an unmapped facility (OSM coverage is incomplete in places), or a natural persistent source (e.g. peat/coal seam fire). Flagged for team review as a priority case given how unusual sustained 15-day activity is."
554,71.54949428571429,33.546168571428574,2026-07-27,2026-09-09,14,12,1.4664285714285712,3.2,0.2727,,,,44,Other/Unknown,"Active on 12 distinct days across 44 days with no industrial facility within 5km — genuinely persistent, but cannot attribute cause without Sentinel-2 land-cover context. Candidates: recurring agricultural burning, an unmapped facility (OSM coverage is incomplete in places), or a natural persistent source (e.g. peat/coal seam fire). Flagged for team review as a priority case given how unusual sustained 12-day activity is."
1250,80.56290249999999,8.42228,2026-08-25,2026-09-05,4,3,5.765000000000001,10.47,0.2727,,,,11,Wildfire / Natural Fire,"No industrial facility within 5km, high peak intensity (max FRP 10.5), short-lived (3 active day(s) over 11 days) — profile matches a natural/wild fire rather than a stable industrial source."
481,87.23884314285712,23.55788314285714,2026-07-25,2026-09-11,35,13,3.230571428571429,6.46,0.2708,,,,48,Other/Unknown,"Active on 13 distinct days across 48 days with no industrial facility within 5km — genuinely persistent, but cannot attribute cause without Sentinel-2 land-cover context. Candidates: recurring agricultural burning, an unmapped facility (OSM coverage is incomplete in places), or a natural persistent source (e.g. peat/coal seam fire). Flagged for team review as a priority case given how unusual sustained 13-day activity is."
1856,91.1505422222222,29.37624444444444,2026-07-18,2026-08-13,9,7,1.1255555555555554,2.03,0.2692,,,,26,Other/Unknown,"Active on 7 distinct days across 26 days with no industrial facility within 5km — genuinely persistent, but cannot attribute cause without Sentinel-2 land-cover context. Candidates: recurring agricultural burning, an unmapped facility (OSM coverage is incomplete in places), or a natural persistent source (e.g. peat/coal seam fire). Flagged for team review as a priority case given how unusual sustained 7-day activity is."
442,85.17469836879431,20.967173617021277,2026-07-18,2026-09-08,141,14,2.47709219858156,9.11,0.2692,,industrial_area,3778.037973,52,Other/Unknown,"No nearby facility, moderate intensity (max FRP 9.1), short/low activity (14 active day(s) over 52 days, persistence score 0.27) — insufficient evidence to confidently classify."
1891,87.3707025,25.0348625,2026-07-27,2026-08-11,4,4,2.0675000000000003,3.41,0.2667,,,,15,Other/Unknown,"No nearby facility, moderate intensity (max FRP 3.4), short/low activity (4 active day(s) over 15 days, persistence score 0.27) — insufficient evidence to confidently classify."
477,72.95038333333333,20.35503833333333,2026-08-24,2026-09-08,6,4,1.61,2.13,0.2667,,,,15,Other/Unknown,"No nearby facility, moderate intensity (max FRP 2.1), short/low activity (4 active day(s) over 15 days, persistence score 0.27) — insufficient evidence to confidently classify."
510,79.47857869565219,26.64245434782609,2026-07-22,2026-09-09,23,13,1.7886956521739128,4.48,0.2653,,industrial_area,1223.90133676,49,Persistent Industrial Thermal Source,"Active on 13 distinct days across a 49-day observation window (23 total detections), only 1224m from an unnamed industrial_area — sustained repeat activity right at a known facility is strong evidence of an ongoing operational source (e.g. flare stack, furnace) rather than a one-off event."
510,79.47857869565219,26.64245434782609,2026-07-22,2026-09-09,23,13,1.7886956521739128,4.48,0.2653,NTPC Auriya Solar Photovoltaic Park,power_plant,4327.36369029,49,Persistent Industrial Thermal Source,"Active on 13 distinct days across a 49-day observation window (23 total detections), only 1224m from an unnamed industrial_area — sustained repeat activity right at a known facility is strong evidence of an ongoing operational source (e.g. flare stack, furnace) rather than a one-off event."
640,81.59348233333334,6.983926333333332,2026-07-31,2026-09-11,30,11,5.481333333333334,13.38,0.2619,,,,42,Other/Unknown,"Active on 11 distinct days across 42 days with no industrial facility within 5km — genuinely persistent, but cannot attribute cause without Sentinel-2 land-cover context. Candidates: recurring agricultural burning, an unmapped facility (OSM coverage is incomplete in places), or a natural persistent source (e.g. peat/coal seam fire). Flagged for team review as a priority case given how unusual sustained 11-day activity is."
849,74.0963125,26.25851875,2026-08-18,2026-09-10,8,6,1.03,1.6,0.2609,,,,23,Other/Unknown,"No nearby facility, moderate intensity (max FRP 1.6), short/low activity (6 active day(s) over 23 days, persistence score 0.26) — insufficient evidence to confidently classify."
443,86.00943649122807,20.96832403508772,2026-07-18,2026-09-10,57,14,2.6026315789473684,8.78,0.2593,,industrial_area,3551.66775688,54,Persistent Industrial Thermal Source,"Active on 14 distinct days across a 54-day observation window (57 total detections), only 303m from TATA Steel — sustained repeat activity right at a known facility is strong evidence of an ongoing operational source (e.g. flare stack, furnace) rather than a one-off event."
443,86.00943649122807,20.96832403508772,2026-07-18,2026-09-10,57,14,2.6026315789473684,8.78,0.2593,TATA Steel,industrial_area,303.47712353,54,Persistent Industrial Thermal Source,"Active on 14 distinct days across a 54-day observation window (57 total detections), only 303m from TATA Steel — sustained repeat activity right at a known facility is strong evidence of an ongoing operational source (e.g. flare stack, furnace) rather than a one-off event."
443,86.00943649122807,20.96832403508772,2026-07-18,2026-09-10,57,14,2.6026315789473684,8.78,0.2593,Kalinganagar Tata Steel Power Station,power_plant,1166.67145508,54,Persistent Industrial Thermal Source,"Active on 14 distinct days across a 54-day observation window (57 total detections), only 303m from TATA Steel — sustained repeat activity right at a known facility is strong evidence of an ongoing operational source (e.g. flare stack, furnace) rather than a one-off event."
1712,87.388745,25.036553750000003,2026-07-27,2026-08-23,8,7,1.3425,3.04,0.2593,,,,27,Other/Unknown,"Active on 7 distinct days across 27 days with no industrial facility within 5km — genuinely persistent, but cannot attribute cause without Sentinel-2 land-cover context. Candidates: recurring agricultural burning, an unmapped facility (OSM coverage is incomplete in places), or a natural persistent source (e.g. peat/coal seam fire). Flagged for team review as a priority case given how unusual sustained 7-day activity is."
443,86.00943649122807,20.96832403508772,2026-07-18,2026-09-10,57,14,2.6026315789473684,8.78,0.2593,Duburi Steel Power Plant,power_plant,4255.23863435,54,Persistent Industrial Thermal Source,"Active on 14 distinct days across a 54-day observation window (57 total detections), only 303m from TATA Steel — sustained repeat activity right at a known facility is strong evidence of an ongoing operational source (e.g. flare stack, furnace) rather than a one-off event."
443,86.00943649122807,20.96832403508772,2026-07-18,2026-09-10,57,14,2.6026315789473684,8.78,0.2593,,power_plant,1325.52938035,54,Persistent Industrial Thermal Source,"Active on 14 distinct days across a 54-day observation window (57 total detections), only 303m from TATA Steel — sustained repeat activity right at a known facility is strong evidence of an ongoing operational source (e.g. flare stack, furnace) rather than a one-off event."
469,72.09805250000001,33.80139,2026-08-27,2026-09-08,4,3,1.1075,1.52,0.25,,,,12,Other/Unknown,"No nearby facility, moderate intensity (max FRP 1.5), short/low activity (3 active day(s) over 12 days, persistence score 0.25) — insufficient evidence to confidently classify."
1430,81.76216,7.358219999999999,2026-08-22,2026-08-30,2,2,4.825,5.19,0.25,,industrial_area,4281.21726725,8,Other/Unknown,"No nearby facility, moderate intensity (max FRP 5.2), short/low activity (2 active day(s) over 8 days, persistence score 0.25) — insufficient evidence to confidently classify."
761,83.89060714285714,21.80104714285714,2026-08-25,2026-09-10,7,4,2.705714285714285,5.38,0.25,,,,16,Other/Unknown,"No nearby facility, moderate intensity (max FRP 5.4), short/low activity (4 active day(s) over 16 days, persistence score 0.25) — insufficient evidence to confidently classify."
1297,74.16299454545455,32.08703181818181,2026-08-04,2026-09-05,11,8,1.8963636363636365,4.19,0.25,,,,32,Other/Unknown,"Active on 8 distinct days across 32 days with no industrial facility within 5km — genuinely persistent, but cannot attribute cause without Sentinel-2 land-cover context. Candidates: recurring agricultural burning, an unmapped facility (OSM coverage is incomplete in places), or a natural persistent source (e.g. peat/coal seam fire). Flagged for team review as a priority case given how unusual sustained 8-day activity is."
483,87.15608576923077,23.663671538461536,2026-07-25,2026-09-11,26,12,1.921153846153846,6.77,0.25,,,,48,Other/Unknown,"Active on 12 distinct days across 48 days with no industrial facility within 5km — genuinely persistent, but cannot attribute cause without Sentinel-2 land-cover context. Candidates: recurring agricultural burning, an unmapped facility (OSM coverage is incomplete in places), or a natural persistent source (e.g. peat/coal seam fire). Flagged for team review as a priority case given how unusual sustained 12-day activity is."
1155,80.4936,9.453155,2026-08-27,2026-09-04,2,2,7.705,9.87,0.25,,,,8,Wildfire / Natural Fire,"No industrial facility within 5km, high peak intensity (max FRP 9.9), short-lived (2 active day(s) over 8 days) — profile matches a natural/wild fire rather than a stable industrial source."
1495,81.77800500000001,7.39129,2026-08-24,2026-09-01,2,2,6.69,7.48,0.25,,power_plant,4441.70531182,8,Other/Unknown,2466m from an unnamed industrial_area — plausibly related but not close enough to confidently attribute; distance alone is insufficient per project methodology. Needs Sentinel-2 land-cover context to resolve.
1495,81.77800500000001,7.39129,2026-08-24,2026-09-01,2,2,6.69,7.48,0.25,,industrial_area,2465.6926259,8,Other/Unknown,2466m from an unnamed industrial_area — plausibly related but not close enough to confidently attribute; distance alone is insufficient per project methodology. Needs Sentinel-2 land-cover context to resolve.
1567,80.67101666666667,8.350389999999999,2026-08-25,2026-09-02,3,2,6.853333333333333,10.6,0.25,,,,8,Wildfire / Natural Fire,"No industrial facility within 5km, high peak intensity (max FRP 10.6), short-lived (2 active day(s) over 8 days) — profile matches a natural/wild fire rather than a stable industrial source."
1495,81.77800500000001,7.39129,2026-08-24,2026-09-01,2,2,6.69,7.48,0.25,Sammanthurai Rice Mills,industrial_works,4608.53674925,8,Other/Unknown,2466m from an unnamed industrial_area — plausibly related but not close enough to confidently attribute; distance alone is insufficient per project methodology. Needs Sentinel-2 land-cover context to resolve.
1208,81.78723,7.32558875,2026-08-20,2026-09-05,8,4,6.119999999999999,9.32,0.25,,industrial_area,2902.96420338,16,Other/Unknown,2903m from an unnamed industrial_area — plausibly related but not close enough to confidently attribute; distance alone is insufficient per project methodology. Needs Sentinel-2 land-cover context to resolve.
716,80.66758,8.599816666666667,2026-09-02,2026-09-10,3,2,3.963333333333333,4.42,0.25,Kebitigollewa Bus Depot,industrial_area,4975.68558252,8,Other/Unknown,"No nearby facility, moderate intensity (max FRP 4.4), short/low activity (2 active day(s) over 8 days, persistence score 0.25) — insufficient evidence to confidently classify."
711,80.76513666666666,8.556913333333334,2026-09-02,2026-09-10,3,2,4.1,4.72,0.25,,,,8,Other/Unknown,"No nearby facility, moderate intensity (max FRP 4.7), short/low activity (2 active day(s) over 8 days, persistence score 0.25) — insufficient evidence to confidently classify."
1873,91.92398875,29.26291,2026-07-20,2026-08-13,8,6,1.9025,4.27,0.25,,power_plant,2434.28802055,24,Industrial Fire,Close to an unnamed industrial_area (301m away) but only active 6 day(s) over a 24-day window (8 detections) — reads as a transient burn event at/near a facility rather than an ongoing source.
1873,91.92398875,29.26291,2026-07-20,2026-08-13,8,6,1.9025,4.27,0.25,,industrial_area,301.12046824,24,Industrial Fire,Close to an unnamed industrial_area (301m away) but only active 6 day(s) over a 24-day window (8 detections) — reads as a transient burn event at/near a facility rather than an ongoing source.
1404,80.44656,9.4120925,2026-08-20,2026-09-01,4,3,3.0275,4.4,0.25,,,,12,Other/Unknown,"No nearby facility, moderate intensity (max FRP 4.4), short/low activity (3 active day(s) over 12 days, persistence score 0.25) — insufficient evidence to confidently classify."
1024,81.08803,8.22329,2026-09-04,2026-09-12,3,2,8.389999999999999,11.16,0.25,,,,8,Wildfire / Natural Fire,"No industrial facility within 5km, high peak intensity (max FRP 11.2), short-lived (2 active day(s) over 8 days) — profile matches a natural/wild fire rather than a stable industrial source."
1043,80.83050333333334,8.980993333333332,2026-09-04,2026-09-12,3,2,7.483333333333334,10.65,0.25,,,,8,Wildfire / Natural Fire,"No industrial facility within 5km, high peak intensity (max FRP 10.7), short-lived (2 active day(s) over 8 days) — profile matches a natural/wild fire rather than a stable industrial source."
1272,80.6905425,8.9249025,2026-08-24,2026-09-05,4,3,7.8125,9.06,0.25,,,,12,Wildfire / Natural Fire,"No industrial facility within 5km, high peak intensity (max FRP 9.1), short-lived (3 active day(s) over 12 days) — profile matches a natural/wild fire rather than a stable industrial source."
1208,81.78723,7.32558875,2026-08-20,2026-09-05,8,4,6.119999999999999,9.32,0.25,,power_plant,4380.2679273,16,Other/Unknown,2903m from an unnamed industrial_area — plausibly related but not close enough to confidently attribute; distance alone is insufficient per project methodology. Needs Sentinel-2 land-cover context to resolve.
1701,81.758826875,7.19254125,2026-07-19,2026-08-20,16,8,4.783125,7.74,0.25,,,,32,Other/Unknown,"Active on 8 distinct days across 32 days with no industrial facility within 5km — genuinely persistent, but cannot attribute cause without Sentinel-2 land-cover context. Candidates: recurring agricultural burning, an unmapped facility (OSM coverage is incomplete in places), or a natural persistent source (e.g. peat/coal seam fire). Flagged for team review as a priority case given how unusual sustained 8-day activity is."
1333,80.65069222222223,8.63058111111111,2026-08-13,2026-09-06,9,6,6.528888888888889,11.03,0.25,Kebitigollewa Bus Depot,industrial_area,3054.5123498,24,Other/Unknown,3055m from Kebitigollewa Bus Depot — plausibly related but not close enough to confidently attribute; distance alone is insufficient per project methodology. Needs Sentinel-2 land-cover context to resolve.
1430,81.76216,7.358219999999999,2026-08-22,2026-08-30,2,2,4.825,5.19,0.25,,power_plant,4700.67563816,8,Other/Unknown,"No nearby facility, moderate intensity (max FRP 5.2), short/low activity (2 active day(s) over 8 days, persistence score 0.25) — insufficient evidence to confidently classify."
1085,85.43807370370371,23.64860444444444,2026-07-26,2026-09-05,27,10,1.9040740740740745,5.48,0.2439,,,,41,Other/Unknown,"Active on 10 distinct days across 41 days with no industrial facility within 5km — genuinely persistent, but cannot attribute cause without Sentinel-2 land-cover context. Candidates: recurring agricultural burning, an unmapped facility (OSM coverage is incomplete in places), or a natural persistent source (e.g. peat/coal seam fire). Flagged for team review as a priority case given how unusual sustained 10-day activity is."
524,80.8247887096774,8.488215161290324,2026-07-19,2026-09-12,31,13,8.28967741935484,16.97,0.2364,,,,55,Other/Unknown,"Active on 13 distinct days across 55 days with no industrial facility within 5km — genuinely persistent, but cannot attribute cause without Sentinel-2 land-cover context. Candidates: recurring agricultural burning, an unmapped facility (OSM coverage is incomplete in places), or a natural persistent source (e.g. peat/coal seam fire). Flagged for team review as a priority case given how unusual sustained 13-day activity is."
976,81.66854363636364,6.887182727272727,2026-08-25,2026-09-11,11,4,11.602727272727272,19.23,0.2353,,,,17,Wildfire / Natural Fire,"No industrial facility within 5km, high peak intensity (max FRP 19.2), short-lived (4 active day(s) over 17 days) — profile matches a natural/wild fire rather than a stable industrial source."
1757,88.34975125,29.22467,2026-07-28,2026-08-23,8,6,1.49125,2.99,0.2308,,,,26,Other/Unknown,"No nearby facility, moderate intensity (max FRP 3.0), short/low activity (6 active day(s) over 26 days, persistence score 0.23) — insufficient evidence to confidently classify."
471,86.04720564102564,20.951868461538464,2026-07-18,2026-09-08,39,12,2.103076923076923,4.92,0.2308,,industrial_area,529.39183246,52,Persistent Industrial Thermal Source,"Active on 12 distinct days across a 52-day observation window (39 total detections), only 529m from an unnamed industrial_area — sustained repeat activity right at a known facility is strong evidence of an ongoing operational source (e.g. flare stack, furnace) rather than a one-off event."
471,86.04720564102564,20.951868461538464,2026-07-18,2026-09-08,39,12,2.103076923076923,4.92,0.2308,TATA Steel,industrial_area,4435.89060663,52,Persistent Industrial Thermal Source,"Active on 12 distinct days across a 52-day observation window (39 total detections), only 529m from an unnamed industrial_area — sustained repeat activity right at a known facility is strong evidence of an ongoing operational source (e.g. flare stack, furnace) rather than a one-off event."
471,86.04720564102564,20.951868461538464,2026-07-18,2026-09-08,39,12,2.103076923076923,4.92,0.2308,K.J. ISPAT LTD,industrial_area,1325.5699795,52,Persistent Industrial Thermal Source,"Active on 12 distinct days across a 52-day observation window (39 total detections), only 529m from an unnamed industrial_area — sustained repeat activity right at a known facility is strong evidence of an ongoing operational source (e.g. flare stack, furnace) rather than a one-off event."
471,86.04720564102564,20.951868461538464,2026-07-18,2026-09-08,39,12,2.103076923076923,4.92,0.2308,VISA STEEL LTD,industrial_area,1379.20385164,52,Persistent Industrial Thermal Source,"Active on 12 distinct days across a 52-day observation window (39 total detections), only 529m from an unnamed industrial_area — sustained repeat activity right at a known facility is strong evidence of an ongoing operational source (e.g. flare stack, furnace) rather than a one-off event."
471,86.04720564102564,20.951868461538464,2026-07-18,2026-09-08,39,12,2.103076923076923,4.92,0.2308,,power_plant,1314.15162436,52,Persistent Industrial Thermal Source,"Active on 12 distinct days across a 52-day observation window (39 total detections), only 529m from an unnamed industrial_area — sustained repeat activity right at a known facility is strong evidence of an ongoing operational source (e.g. flare stack, furnace) rather than a one-off event."
1656,71.29134222222223,33.24854333333334,2026-08-15,2026-08-28,9,3,3.061111111111112,5.99,0.2308,,,,13,Other/Unknown,"No nearby facility, moderate intensity (max FRP 6.0), short/low activity (3 active day(s) over 13 days, persistence score 0.23) — insufficient evidence to confidently classify."
1898,82.627352,24.165168,2026-07-30,2026-08-12,5,3,1.378,1.82,0.2308,,,,13,Other/Unknown,"No nearby facility, moderate intensity (max FRP 1.8), short/low activity (3 active day(s) over 13 days, persistence score 0.23) — insufficient evidence to confidently classify."
1627,80.67638000000001,9.00968,2026-08-14,2026-08-27,6,3,5.428333333333334,9.77,0.2308,,,,13,Wildfire / Natural Fire,"No industrial facility within 5km, high peak intensity (max FRP 9.8), short-lived (3 active day(s) over 13 days) — profile matches a natural/wild fire rather than a stable industrial source."
471,86.04720564102564,20.951868461538464,2026-07-18,2026-09-08,39,12,2.103076923076923,4.92,0.2308,Duburi Steel Power Plant,power_plant,1053.04866045,52,Persistent Industrial Thermal Source,"Active on 12 distinct days across a 52-day observation window (39 total detections), only 529m from an unnamed industrial_area — sustained repeat activity right at a known facility is strong evidence of an ongoing operational source (e.g. flare stack, furnace) rather than a one-off event."
472,68.8787575,26.0943675,2026-07-26,2026-09-08,12,10,1.3416666666666668,3.51,0.2273,,,,44,Other/Unknown,"Active on 10 distinct days across 44 days with no industrial facility within 5km — genuinely persistent, but cannot attribute cause without Sentinel-2 land-cover context. Candidates: recurring agricultural burning, an unmapped facility (OSM coverage is incomplete in places), or a natural persistent source (e.g. peat/coal seam fire). Flagged for team review as a priority case given how unusual sustained 10-day activity is."
618,71.45977500000001,20.91012375,2026-07-18,2026-09-09,16,12,1.531875,2.89,0.2264,,,,53,Other/Unknown,"Active on 12 distinct days across 53 days with no industrial facility within 5km — genuinely persistent, but cannot attribute cause without Sentinel-2 land-cover context. Candidates: recurring agricultural burning, an unmapped facility (OSM coverage is incomplete in places), or a natural persistent source (e.g. peat/coal seam fire). Flagged for team review as a priority case given how unusual sustained 12-day activity is."
607,74.65329,31.12954,2026-08-31,2026-09-09,3,2,3.37,4.79,0.2222,,,,9,Other/Unknown,"No nearby facility, moderate intensity (max FRP 4.8), short/low activity (2 active day(s) over 9 days, persistence score 0.22) — insufficient evidence to confidently classify."
953,80.73086833333333,8.56702,2026-09-01,2026-09-10,6,2,6.806666666666668,7.73,0.2222,,,,9,Other/Unknown,"No nearby facility, moderate intensity (max FRP 7.7), short/low activity (2 active day(s) over 9 days, persistence score 0.22) — insufficient evidence to confidently classify."
2030,81.41638333333334,7.06379,2026-07-17,2026-07-26,3,2,1.2266666666666666,1.66,0.2222,,,,9,Other/Unknown,"No nearby facility, moderate intensity (max FRP 1.7), short/low activity (2 active day(s) over 9 days, persistence score 0.22) — insufficient evidence to confidently classify."
1858,81.60853,21.298145,2026-07-31,2026-08-09,2,2,0.785,1.09,0.2222,,power_plant,1593.99203294,9,Industrial Fire,Close to an unnamed industrial_area (701m away) but only active 2 day(s) over a 9-day window (2 detections) — reads as a transient burn event at/near a facility rather than an ongoing source.
1858,81.60853,21.298145,2026-07-31,2026-08-09,2,2,0.785,1.09,0.2222,,industrial_area,701.49129785,9,Industrial Fire,Close to an unnamed industrial_area (701m away) but only active 2 day(s) over a 9-day window (2 detections) — reads as a transient burn event at/near a facility rather than an ongoing source.
1083,86.78939500000001,23.61430916666667,2026-07-31,2026-09-05,12,8,1.6483333333333332,3.56,0.2222,,,,36,Other/Unknown,"Active on 8 distinct days across 36 days with no industrial facility within 5km — genuinely persistent, but cannot attribute cause without Sentinel-2 land-cover context. Candidates: recurring agricultural burning, an unmapped facility (OSM coverage is incomplete in places), or a natural persistent source (e.g. peat/coal seam fire). Flagged for team review as a priority case given how unusual sustained 8-day activity is."
1045,80.67759666666666,9.206173333333332,2026-09-03,2026-09-12,3,2,5.796666666666667,6.36,0.2222,,,,9,Other/Unknown,"No nearby facility, moderate intensity (max FRP 6.4), short/low activity (2 active day(s) over 9 days, persistence score 0.22) — insufficient evidence to confidently classify."
1784,68.63126625,28.60943625,2026-07-27,2026-08-14,8,4,2.895,10.01,0.2222,Uch Gas Field,industrial_area,82.1977397,18,Industrial Fire,Close to Uch Gas Field (82m away) but only active 4 day(s) over a 18-day window (8 detections) — reads as a transient burn event at/near a facility rather than an ongoing source.
1921,88.904,29.269195,2026-07-29,2026-08-07,2,2,4.195,4.42,0.2222,,,,9,Other/Unknown,"No nearby facility, moderate intensity (max FRP 4.4), short/low activity (2 active day(s) over 9 days, persistence score 0.22) — insufficient evidence to confidently classify."
1858,81.60853,21.298145,2026-07-31,2026-08-09,2,2,0.785,1.09,0.2222,Raipur Diesel Locomotive Shed,industrial_area,4921.11197388,9,Industrial Fire,Close to an unnamed industrial_area (701m away) but only active 2 day(s) over a 9-day window (2 detections) — reads as a transient burn event at/near a facility rather than an ongoing source.
1034,80.82508166666666,8.529991666666666,2026-08-25,2026-09-12,6,4,5.646666666666667,10.43,0.2222,,,,18,Wildfire / Natural Fire,"No industrial facility within 5km, high peak intensity (max FRP 10.4), short-lived (4 active day(s) over 18 days) — profile matches a natural/wild fire rather than a stable industrial source."
937,81.35311666666666,6.341288333333334,2026-09-01,2026-09-10,6,2,4.12,7.75,0.2222,,,,9,Other/Unknown,"No nearby facility, moderate intensity (max FRP 7.8), short/low activity (2 active day(s) over 9 days, persistence score 0.22) — insufficient evidence to confidently classify."
713,80.48877333333333,8.56836,2026-09-01,2026-09-10,3,2,4.546666666666667,4.61,0.2222,,,,9,Other/Unknown,"No nearby facility, moderate intensity (max FRP 4.6), short/low activity (2 active day(s) over 9 days, persistence score 0.22) — insufficient evidence to confidently classify."
381,81.53486,6.715442857142856,2026-08-30,2026-09-08,7,2,5.25,5.84,0.2222,,,,9,Other/Unknown,"No nearby facility, moderate intensity (max FRP 5.8), short/low activity (2 active day(s) over 9 days, persistence score 0.22) — insufficient evidence to confidently classify."
1105,71.93854625,33.40678625,2026-08-02,2026-09-03,8,7,1.4874999999999998,2.65,0.2188,,,,32,Other/Unknown,"Active on 7 distinct days across 32 days with no industrial facility within 5km — genuinely persistent, but cannot attribute cause without Sentinel-2 land-cover context. Candidates: recurring agricultural burning, an unmapped facility (OSM coverage is incomplete in places), or a natural persistent source (e.g. peat/coal seam fire). Flagged for team review as a priority case given how unusual sustained 7-day activity is."
1484,79.10072428571428,11.18208857142857,2026-07-30,2026-08-31,7,7,1.1314285714285717,2.34,0.2188,,industrial_area,872.63465035,32,Persistent Industrial Thermal Source,"Active on 7 distinct days across a 32-day observation window (7 total detections), only 631m from an unnamed power_plant — sustained repeat activity right at a known facility is strong evidence of an ongoing operational source (e.g. flare stack, furnace) rather than a one-off event."
1484,79.10072428571428,11.18208857142857,2026-07-30,2026-08-31,7,7,1.1314285714285717,2.34,0.2188,,power_plant,631.16403246,32,Persistent Industrial Thermal Source,"Active on 7 distinct days across a 32-day observation window (7 total detections), only 631m from an unnamed power_plant — sustained repeat activity right at a known facility is strong evidence of an ongoing operational source (e.g. flare stack, furnace) rather than a one-off event."
1202,81.50955666666667,6.764087777777778,2026-08-15,2026-09-07,9,5,9.697777777777778,24.6,0.2174,,,,23,Wildfire / Natural Fire,"No industrial facility within 5km, high peak intensity (max FRP 24.6), short-lived (5 active day(s) over 23 days) — profile matches a natural/wild fire rather than a stable industrial source."
1096,86.86078823529412,24.116312352941176,2026-07-28,2026-09-03,17,8,1.666470588235294,3.12,0.2162,,,,37,Other/Unknown,"Active on 8 distinct days across 37 days with no industrial facility within 5km — genuinely persistent, but cannot attribute cause without Sentinel-2 land-cover context. Candidates: recurring agricultural burning, an unmapped facility (OSM coverage is incomplete in places), or a natural persistent source (e.g. peat/coal seam fire). Flagged for team review as a priority case given how unusual sustained 8-day activity is."
1710,85.57168181818182,23.781744545454544,2026-07-16,2026-08-22,11,8,2.0027272727272725,2.93,0.2162,,,,37,Other/Unknown,"Active on 8 distinct days across 37 days with no industrial facility within 5km — genuinely persistent, but cannot attribute cause without Sentinel-2 land-cover context. Candidates: recurring agricultural burning, an unmapped facility (OSM coverage is incomplete in places), or a natural persistent source (e.g. peat/coal seam fire). Flagged for team review as a priority case given how unusual sustained 8-day activity is."
800,69.69881209302326,22.93312093023256,2026-07-17,2026-09-11,43,12,2.572325581395349,7.62,0.2143,MBM Godham,industrial_works,4914.37791555,56,Persistent Industrial Thermal Source,"Active on 12 distinct days across a 56-day observation window (43 total detections), only 428m from an unnamed power_plant — sustained repeat activity right at a known facility is strong evidence of an ongoing operational source (e.g. flare stack, furnace) rather than a one-off event."
1723,85.00902285714285,23.719942857142858,2026-07-25,2026-08-22,7,6,0.9828571428571428,2.16,0.2143,,,,28,Other/Unknown,"No nearby facility, moderate intensity (max FRP 2.2), short/low activity (6 active day(s) over 28 days, persistence score 0.21) — insufficient evidence to confidently classify."
800,69.69881209302326,22.93312093023256,2026-07-17,2026-09-11,43,12,2.572325581395349,7.62,0.2143,,power_plant,428.06564762,56,Persistent Industrial Thermal Source,"Active on 12 distinct days across a 56-day observation window (43 total detections), only 428m from an unnamed power_plant — sustained repeat activity right at a known facility is strong evidence of an ongoing operational source (e.g. flare stack, furnace) rather than a one-off event."
900,87.38887199999999,22.245769000000003,2026-07-31,2026-09-11,10,9,1.648,3.07,0.2143,,,,42,Other/Unknown,"Active on 9 distinct days across 42 days with no industrial facility within 5km — genuinely persistent, but cannot attribute cause without Sentinel-2 land-cover context. Candidates: recurring agricultural burning, an unmapped facility (OSM coverage is incomplete in places), or a natural persistent source (e.g. peat/coal seam fire). Flagged for team review as a priority case given how unusual sustained 9-day activity is."
475,83.34954423076923,21.921067307692308,2026-07-26,2026-09-11,26,10,2.459230769230769,9.06,0.2128,,,,47,Other/Unknown,"Active on 10 distinct days across 47 days with no industrial facility within 5km — genuinely persistent, but cannot attribute cause without Sentinel-2 land-cover context. Candidates: recurring agricultural burning, an unmapped facility (OSM coverage is incomplete in places), or a natural persistent source (e.g. peat/coal seam fire). Flagged for team review as a priority case given how unusual sustained 10-day activity is."
579,82.30221647058823,22.358511764705884,2026-07-24,2026-09-09,34,10,3.4702941176470588,10.02,0.2128,,,,47,Other/Unknown,"Active on 10 distinct days across 47 days with no industrial facility within 5km — genuinely persistent, but cannot attribute cause without Sentinel-2 land-cover context. Candidates: recurring agricultural burning, an unmapped facility (OSM coverage is incomplete in places), or a natural persistent source (e.g. peat/coal seam fire). Flagged for team review as a priority case given how unusual sustained 10-day activity is."
1907,78.58608,9.495162,2026-07-17,2026-08-05,5,4,7.898000000000001,12.5,0.2105,Pambur,power_plant,4900.27875567,19,Other/Unknown,"No nearby facility, moderate intensity (max FRP 12.5), short/low activity (4 active day(s) over 19 days, persistence score 0.21) — insufficient evidence to confidently classify."
1172,85.89706374999999,22.576552083333336,2026-07-31,2026-09-07,24,8,2.0145833333333334,4.4,0.2105,,,,38,Other/Unknown,"Active on 8 distinct days across 38 days with no industrial facility within 5km — genuinely persistent, but cannot attribute cause without Sentinel-2 land-cover context. Candidates: recurring agricultural burning, an unmapped facility (OSM coverage is incomplete in places), or a natural persistent source (e.g. peat/coal seam fire). Flagged for team review as a priority case given how unusual sustained 8-day activity is."
873,81.38915833333336,21.186082666666668,2026-07-30,2026-09-11,30,9,2.0950000000000006,5.07,0.2093,Bhilai 500 MW Expansion Power Project,power_plant,3659.17007373,43,Persistent Industrial Thermal Source,"Active on 9 distinct days across a 43-day observation window (30 total detections), only 194m from an unnamed industrial_works — sustained repeat activity right at a known facility is strong evidence of an ongoing operational source (e.g. flare stack, furnace) rather than a one-off event."
873,81.38915833333336,21.186082666666668,2026-07-30,2026-09-11,30,9,2.0950000000000006,5.07,0.2093,,industrial_area,4491.99379741,43,Persistent Industrial Thermal Source,"Active on 9 distinct days across a 43-day observation window (30 total detections), only 194m from an unnamed industrial_works — sustained repeat activity right at a known facility is strong evidence of an ongoing operational source (e.g. flare stack, furnace) rather than a one-off event."
873,81.38915833333336,21.186082666666668,2026-07-30,2026-09-11,30,9,2.0950000000000006,5.07,0.2093,,industrial_works,194.0385146,43,Persistent Industrial Thermal Source,"Active on 9 distinct days across a 43-day observation window (30 total detections), only 194m from an unnamed industrial_works — sustained repeat activity right at a known facility is strong evidence of an ongoing operational source (e.g. flare stack, furnace) rather than a one-off event."
873,81.38915833333336,21.186082666666668,2026-07-30,2026-09-11,30,9,2.0950000000000006,5.07,0.2093,,power_plant,1044.63751379,43,Persistent Industrial Thermal Source,"Active on 9 distinct days across a 43-day observation window (30 total detections), only 194m from an unnamed industrial_works — sustained repeat activity right at a known facility is strong evidence of an ongoing operational source (e.g. flare stack, furnace) rather than a one-off event."
873,81.38915833333336,21.186082666666668,2026-07-30,2026-09-11,30,9,2.0950000000000006,5.07,0.2093,Bhilai Steel Plant,industrial_area,265.59837036,43,Persistent Industrial Thermal Source,"Active on 9 distinct days across a 43-day observation window (30 total detections), only 194m from an unnamed industrial_works — sustained repeat activity right at a known facility is strong evidence of an ongoing operational source (e.g. flare stack, furnace) rather than a one-off event."
873,81.38915833333336,21.186082666666668,2026-07-30,2026-09-11,30,9,2.0950000000000006,5.07,0.2093,Bhilai Jaypee Cement Ltd.,industrial_area,2823.04420794,43,Persistent Industrial Thermal Source,"Active on 9 distinct days across a 43-day observation window (30 total detections), only 194m from an unnamed industrial_works — sustained repeat activity right at a known facility is strong evidence of an ongoing operational source (e.g. flare stack, furnace) rather than a one-off event."
875,82.33974588235296,23.165806470588237,2026-07-25,2026-09-11,17,10,2.0958823529411768,6.1,0.2083,,,,48,Other/Unknown,"Active on 10 distinct days across 48 days with no industrial facility within 5km — genuinely persistent, but cannot attribute cause without Sentinel-2 land-cover context. Candidates: recurring agricultural burning, an unmapped facility (OSM coverage is incomplete in places), or a natural persistent source (e.g. peat/coal seam fire). Flagged for team review as a priority case given how unusual sustained 10-day activity is."
1409,95.34518666666666,27.222305,2026-08-05,2026-08-29,6,5,1.5683333333333334,3.23,0.2083,,industrial_area,4774.90668913,24,Other/Unknown,"No nearby facility, moderate intensity (max FRP 3.2), short/low activity (5 active day(s) over 24 days, persistence score 0.21) — insufficient evidence to confidently classify."
1409,95.34518666666666,27.222305,2026-08-05,2026-08-29,6,5,1.5683333333333334,3.23,0.2083,Namrup Thermal Power Station,power_plant,4980.70201671,24,Other/Unknown,"No nearby facility, moderate intensity (max FRP 3.2), short/low activity (5 active day(s) over 24 days, persistence score 0.21) — insufficient evidence to confidently classify."
480,95.33427133333332,27.378158666666664,2026-07-23,2026-09-09,15,10,1.6026666666666665,3.02,0.2083,,industrial_area,403.83263668,48,Persistent Industrial Thermal Source,"Active on 10 distinct days across a 48-day observation window (15 total detections), only 404m from an unnamed industrial_area — sustained repeat activity right at a known facility is strong evidence of an ongoing operational source (e.g. flare stack, furnace) rather than a one-off event."
1409,95.34518666666666,27.222305,2026-08-05,2026-08-29,6,5,1.5683333333333334,3.23,0.2083,A. P. L. Methanol plant,industrial_works,4662.3543145,24,Other/Unknown,"No nearby facility, moderate intensity (max FRP 3.2), short/low activity (5 active day(s) over 24 days, persistence score 0.21) — insufficient evidence to confidently classify."
1185,77.4208225,10.616385833333332,2026-07-16,2026-09-07,12,11,0.5716666666666668,0.78,0.2075,,industrial_area,1520.68247429,53,Other/Unknown,1521m from an unnamed industrial_area — plausibly related but not close enough to confidently attribute; distance alone is insufficient per project methodology. Needs Sentinel-2 land-cover context to resolve.
1414,76.89011,29.459198333333333,2026-08-02,2026-08-31,6,6,2.52,4.63,0.2069,,,,29,Other/Unknown,"No nearby facility, moderate intensity (max FRP 4.6), short/low activity (6 active day(s) over 29 days, persistence score 0.21) — insufficient evidence to confidently classify."
643,76.56499714285714,13.898198571428573,2026-08-11,2026-09-09,7,6,0.6114285714285713,1.25,0.2069,,industrial_area,203.87769457,29,Industrial Fire,Close to an unnamed industrial_area (204m away) but only active 6 day(s) over a 29-day window (7 detections) — reads as a transient burn event at/near a facility rather than an ongoing source.
1165,84.57246099999999,23.82466800000001,2026-07-22,2026-09-04,30,9,2.682000000000001,8.57,0.2045,,,,44,Other/Unknown,"Active on 9 distinct days across 44 days with no industrial facility within 5km — genuinely persistent, but cannot attribute cause without Sentinel-2 land-cover context. Candidates: recurring agricultural burning, an unmapped facility (OSM coverage is incomplete in places), or a natural persistent source (e.g. peat/coal seam fire). Flagged for team review as a priority case given how unusual sustained 9-day activity is."
894,72.71205846153848,33.68838076923077,2026-07-18,2026-09-10,13,11,1.93,3.42,0.2037,,,,54,Other/Unknown,"Active on 11 distinct days across 54 days with no industrial facility within 5km — genuinely persistent, but cannot attribute cause without Sentinel-2 land-cover context. Candidates: recurring agricultural burning, an unmapped facility (OSM coverage is incomplete in places), or a natural persistent source (e.g. peat/coal seam fire). Flagged for team review as a priority case given how unusual sustained 11-day activity is."
585,73.5156175,26.87580583333333,2026-07-18,2026-09-10,24,11,1.4308333333333334,3.92,0.2037,Dhundhiyari,industrial_works,4527.90389806,54,Other/Unknown,"No nearby facility, moderate intensity (max FRP 3.9), short/low activity (11 active day(s) over 54 days, persistence score 0.20) — insufficient evidence to confidently classify."
1117,81.537615,6.737545,2026-08-25,2026-09-04,2,2,5.275,6.56,0.2,,,,10,Other/Unknown,"No nearby facility, moderate intensity (max FRP 6.6), short/low activity (2 active day(s) over 10 days, persistence score 0.20) — insufficient evidence to confidently classify."
1423,81.61354,6.96465,2026-08-20,2026-08-30,2,2,21.095,35.28,0.2,,power_plant,2501.82068238,10,Other/Unknown,2502m from an unnamed power_plant — plausibly related but not close enough to confidently attribute; distance alone is insufficient per project methodology. Needs Sentinel-2 land-cover context to resolve.
1592,81.193915,7.301204999999999,2026-08-14,2026-08-24,2,2,7.12,9.89,0.2,,,,10,Wildfire / Natural Fire,"No industrial facility within 5km, high peak intensity (max FRP 9.9), short-lived (2 active day(s) over 10 days) — profile matches a natural/wild fire rather than a stable industrial source."
1595,80.46526333333334,8.567236666666666,2026-08-14,2026-08-24,3,2,5.796666666666667,9.45,0.2,,,,10,Wildfire / Natural Fire,"No industrial facility within 5km, high peak intensity (max FRP 9.4), short-lived (2 active day(s) over 10 days) — profile matches a natural/wild fire rather than a stable industrial source."
1442,77.96300000000001,8.930296666666667,2026-08-20,2026-08-30,3,2,4.763333333333333,8.49,0.2,,,,10,Wildfire / Natural Fire,"No industrial facility within 5km, high peak intensity (max FRP 8.5), short-lived (2 active day(s) over 10 days) — profile matches a natural/wild fire rather than a stable industrial source."
468,84.98235666666666,20.88669666666667,2026-07-30,2026-09-08,18,8,1.9805555555555552,6.25,0.2,Angul Steel Plant,industrial_area,1353.49641817,40,Persistent Industrial Thermal Source,"Active on 8 distinct days across a 40-day observation window (18 total detections), only 1137m from an unnamed industrial_area — sustained repeat activity right at a known facility is strong evidence of an ongoing operational source (e.g. flare stack, furnace) rather than a one-off event."
1074,78.08377333333334,8.866023333333333,2026-08-24,2026-09-03,3,2,2.4066666666666667,3.33,0.2,Arasadi,power_plant,3198.8475347,10,Other/Unknown,1560m from Vinfast Auto — plausibly related but not close enough to confidently attribute; distance alone is insufficient per project methodology. Needs Sentinel-2 land-cover context to resolve.
1912,78.12199,8.866969999999998,2026-07-26,2026-08-05,2,2,1.225,2.03,0.2,,power_plant,4823.4524466,10,Industrial Fire,Close to Thoothukudi IBPGL (1471m away) but only active 2 day(s) over a 10-day window (2 detections) — reads as a transient burn event at/near a facility rather than an ongoing source.
1074,78.08377333333334,8.866023333333333,2026-08-24,2026-09-03,3,2,2.4066666666666667,3.33,0.2,Thoothukudi IBPGL,power_plant,2736.56580261,10,Other/Unknown,1560m from Vinfast Auto — plausibly related but not close enough to confidently attribute; distance alone is insufficient per project methodology. Needs Sentinel-2 land-cover context to resolve.
1912,78.12199,8.866969999999998,2026-07-26,2026-08-05,2,2,1.225,2.03,0.2,,industrial_area,1696.47549468,10,Industrial Fire,Close to Thoothukudi IBPGL (1471m away) but only active 2 day(s) over a 10-day window (2 detections) — reads as a transient burn event at/near a facility rather than an ongoing source.
1912,78.12199,8.866969999999998,2026-07-26,2026-08-05,2,2,1.225,2.03,0.2,Vinfast Auto,industrial_area,4808.83821,10,Industrial Fire,Close to Thoothukudi IBPGL (1471m away) but only active 2 day(s) over a 10-day window (2 detections) — reads as a transient burn event at/near a facility rather than an ongoing source.
1912,78.12199,8.866969999999998,2026-07-26,2026-08-05,2,2,1.225,2.03,0.2,Thoothukudi IBPGL,power_plant,1470.63830271,10,Industrial Fire,Close to Thoothukudi IBPGL (1471m away) but only active 2 day(s) over a 10-day window (2 detections) — reads as a transient burn event at/near a facility rather than an ongoing source.
1074,78.08377333333334,8.866023333333333,2026-08-24,2026-09-03,3,2,2.4066666666666667,3.33,0.2,Thoothukudi IBTPL power station,power_plant,3856.22883491,10,Other/Unknown,1560m from Vinfast Auto — plausibly related but not close enough to confidently attribute; distance alone is insufficient per project methodology. Needs Sentinel-2 land-cover context to resolve.
1572,80.65751499999999,8.434335,2026-08-23,2026-09-02,2,2,7.854999999999999,10.95,0.2,,,,10,Wildfire / Natural Fire,"No industrial facility within 5km, high peak intensity (max FRP 10.9), short-lived (2 active day(s) over 10 days) — profile matches a natural/wild fire rather than a stable industrial source."
468,84.98235666666666,20.88669666666667,2026-07-30,2026-09-08,18,8,1.9805555555555552,6.25,0.2,Angul Monnet Power Company Limited,industrial_area,4314.3551861,40,Persistent Industrial Thermal Source,"Active on 8 distinct days across a 40-day observation window (18 total detections), only 1137m from an unnamed industrial_area — sustained repeat activity right at a known facility is strong evidence of an ongoing operational source (e.g. flare stack, furnace) rather than a one-off event."
1004,81.61900499999999,7.01526,2026-09-02,2026-09-12,2,2,5.6,6.13,0.2,,,,10,Other/Unknown,"No nearby facility, moderate intensity (max FRP 6.1), short/low activity (2 active day(s) over 10 days, persistence score 0.20) — insufficient evidence to confidently classify."
1074,78.08377333333334,8.866023333333333,2026-08-24,2026-09-03,3,2,2.4066666666666667,3.33,0.2,Vinfast Auto,industrial_area,1560.23063324,10,Other/Unknown,1560m from Vinfast Auto — plausibly related but not close enough to confidently attribute; distance alone is insufficient per project methodology. Needs Sentinel-2 land-cover context to resolve.
1074,78.08377333333334,8.866023333333333,2026-08-24,2026-09-03,3,2,2.4066666666666667,3.33,0.2,,industrial_area,2474.63835153,10,Other/Unknown,1560m from Vinfast Auto — plausibly related but not close enough to confidently attribute; distance alone is insufficient per project methodology. Needs Sentinel-2 land-cover context to resolve.
1074,78.08377333333334,8.866023333333333,2026-08-24,2026-09-03,3,2,2.4066666666666667,3.33,0.2,,power_plant,2240.91970199,10,Other/Unknown,1560m from Vinfast Auto — plausibly related but not close enough to confidently attribute; distance alone is insufficient per project methodology. Needs Sentinel-2 land-cover context to resolve.
1277,80.47113,9.07849,2026-08-26,2026-09-05,2,2,2.75,3.71,0.2,,,,10,Other/Unknown,"No nearby facility, moderate intensity (max FRP 3.7), short/low activity (2 active day(s) over 10 days, persistence score 0.20) — insufficient evidence to confidently classify."
1694,80.92344833333333,7.5722466666666675,2026-08-09,2026-08-19,6,2,2.135,4.36,0.2,,,,10,Other/Unknown,"No nearby facility, moderate intensity (max FRP 4.4), short/low activity (2 active day(s) over 10 days, persistence score 0.20) — insufficient evidence to confidently classify."
1280,78.88601333333334,9.390756666666666,2026-08-26,2026-09-05,3,2,5.37,6.1,0.2,,power_plant,2980.11816694,10,Other/Unknown,2980m from an unnamed power_plant — plausibly related but not close enough to confidently attribute; distance alone is insufficient per project methodology. Needs Sentinel-2 land-cover context to resolve.
1850,80.20578,9.76036,2026-07-30,2026-08-09,2,2,3.34,3.86,0.2,,industrial_area,3399.92158608,10,Other/Unknown,3400m from an unnamed industrial_area — plausibly related but not close enough to confidently attribute; distance alone is insufficient per project methodology. Needs Sentinel-2 land-cover context to resolve.
1600,73.20439428571429,30.893457142857137,2026-08-09,2026-08-24,7,3,4.425714285714286,9.8,0.2,,,,15,Wildfire / Natural Fire,"No industrial facility within 5km, high peak intensity (max FRP 9.8), short-lived (3 active day(s) over 15 days) — profile matches a natural/wild fire rather than a stable industrial source."
699,81.05432,8.35805,2026-08-31,2026-09-10,3,2,4.1866666666666665,6.7,0.2,,industrial_area,4615.55258443,10,Other/Unknown,"No nearby facility, moderate intensity (max FRP 6.7), short/low activity (2 active day(s) over 10 days, persistence score 0.20) — insufficient evidence to confidently classify."
1825,90.90103,29.659702222222226,2026-07-18,2026-08-17,9,6,1.1244444444444446,1.62,0.2,,industrial_area,433.19214531,30,Industrial Fire,Close to an unnamed industrial_area (433m away) but only active 6 day(s) over a 30-day window (9 detections) — reads as a transient burn event at/near a facility rather than an ongoing source.
1491,81.743695,7.323135,2026-08-22,2026-09-01,2,2,4.4,6.03,0.2,,,,10,Other/Unknown,"No nearby facility, moderate intensity (max FRP 6.0), short/low activity (2 active day(s) over 10 days, persistence score 0.20) — insufficient evidence to confidently classify."
1676,77.70784,8.908305,2026-08-09,2026-08-19,2,2,1.945,2.39,0.2,Kayanathar,power_plant,4076.23662977,10,Industrial Fire,Close to Shezhilanallur (1248m away) but only active 2 day(s) over a 10-day window (2 detections) — reads as a transient burn event at/near a facility rather than an ongoing source.
1676,77.70784,8.908305,2026-08-09,2026-08-19,2,2,1.945,2.39,0.2,Shezhilanallur,power_plant,1248.38215764,10,Industrial Fire,Close to Shezhilanallur (1248m away) but only active 2 day(s) over a 10-day window (2 detections) — reads as a transient burn event at/near a facility rather than an ongoing source.
952,80.860822,8.560597999999999,2026-08-31,2026-09-10,5,2,6.754,7.19,0.2,,,,10,Other/Unknown,"No nearby facility, moderate intensity (max FRP 7.2), short/low activity (2 active day(s) over 10 days, persistence score 0.20) — insufficient evidence to confidently classify."
1676,77.70784,8.908305,2026-08-09,2026-08-19,2,2,1.945,2.39,0.2,,power_plant,1647.45643177,10,Industrial Fire,Close to Shezhilanallur (1248m away) but only active 2 day(s) over a 10-day window (2 detections) — reads as a transient burn event at/near a facility rather than an ongoing source.
1501,81.414185,8.13944,2026-08-22,2026-09-01,2,2,5.045,5.38,0.2,Ice factory,industrial_area,2170.66100251,10,Other/Unknown,2171m from Ice factory — plausibly related but not close enough to confidently attribute; distance alone is insufficient per project methodology. Needs Sentinel-2 land-cover context to resolve.
468,84.98235666666666,20.88669666666667,2026-07-30,2026-09-08,18,8,1.9805555555555552,6.25,0.2,,industrial_area,1136.97467032,40,Persistent Industrial Thermal Source,"Active on 8 distinct days across a 40-day observation window (18 total detections), only 1137m from an unnamed industrial_area — sustained repeat activity right at a known facility is strong evidence of an ongoing operational source (e.g. flare stack, furnace) rather than a one-off event."
468,84.98235666666666,20.88669666666667,2026-07-30,2026-09-08,18,8,1.9805555555555552,6.25,0.2,Angul Steel Power Plant,power_plant,1201.77192533,40,Persistent Industrial Thermal Source,"Active on 8 distinct days across a 40-day observation window (18 total detections), only 1137m from an unnamed industrial_area — sustained repeat activity right at a known facility is strong evidence of an ongoing operational source (e.g. flare stack, furnace) rather than a one-off event."
1607,81.169506,6.821213,2026-08-15,2026-08-25,10,2,2.335,4.76,0.2,,,,10,Other/Unknown,"No nearby facility, moderate intensity (max FRP 4.8), short/low activity (2 active day(s) over 10 days, persistence score 0.20) — insufficient evidence to confidently classify."
2038,68.05603500000001,24.3384,2026-07-17,2026-07-27,2,2,3.83,4.31,0.2,,,,10,Other/Unknown,"No nearby facility, moderate intensity (max FRP 4.3), short/low activity (2 active day(s) over 10 days, persistence score 0.20) — insufficient evidence to confidently classify."
1359,79.75729,16.545975,2026-08-27,2026-09-06,2,2,2.18,3.09,0.2,,,,10,Other/Unknown,"No nearby facility, moderate intensity (max FRP 3.1), short/low activity (2 active day(s) over 10 days, persistence score 0.20) — insufficient evidence to confidently classify."
1190,78.05273,14.873486666666665,2026-08-25,2026-09-04,3,2,1.9633333333333336,2.49,0.2,Arjas Steel Plant,industrial_area,811.00175059,10,Industrial Fire,Close to Arjas Steel Plant (811m away) but only active 2 day(s) over a 10-day window (3 detections) — reads as a transient burn event at/near a facility rather than an ongoing source.
898,85.29475421052632,20.75986210526316,2026-08-01,2026-09-11,19,8,2.1426315789473684,6.35,0.1951,,,,41,Other/Unknown,"Active on 8 distinct days across 41 days with no industrial facility within 5km — genuinely persistent, but cannot attribute cause without Sentinel-2 land-cover context. Candidates: recurring agricultural burning, an unmapped facility (OSM coverage is incomplete in places), or a natural persistent source (e.g. peat/coal seam fire). Flagged for team review as a priority case given how unusual sustained 8-day activity is."
448,82.56521176470588,22.31913352941176,2026-07-29,2026-09-08,17,8,1.6788235294117646,3.61,0.1951,,,,41,Other/Unknown,"Active on 8 distinct days across 41 days with no industrial facility within 5km — genuinely persistent, but cannot attribute cause without Sentinel-2 land-cover context. Candidates: recurring agricultural burning, an unmapped facility (OSM coverage is incomplete in places), or a natural persistent source (e.g. peat/coal seam fire). Flagged for team review as a priority case given how unusual sustained 8-day activity is."
1307,86.08900846153847,22.80574846153846,2026-07-31,2026-09-05,13,7,1.2815384615384615,2.5,0.1944,,,,36,Other/Unknown,"Active on 7 distinct days across 36 days with no industrial facility within 5km — genuinely persistent, but cannot attribute cause without Sentinel-2 land-cover context. Candidates: recurring agricultural burning, an unmapped facility (OSM coverage is incomplete in places), or a natural persistent source (e.g. peat/coal seam fire). Flagged for team review as a priority case given how unusual sustained 7-day activity is."
1308,86.06225099999999,22.873388,2026-07-31,2026-09-05,10,7,1.549,2.83,0.1944,,,,36,Other/Unknown,"Active on 7 distinct days across 36 days with no industrial facility within 5km — genuinely persistent, but cannot attribute cause without Sentinel-2 land-cover context. Candidates: recurring agricultural burning, an unmapped facility (OSM coverage is incomplete in places), or a natural persistent source (e.g. peat/coal seam fire). Flagged for team review as a priority case given how unusual sustained 7-day activity is."
1477,91.60541,29.786905,2026-08-01,2026-09-01,6,6,1.0816666666666668,1.44,0.1935,,industrial_area,2280.1959718,31,Other/Unknown,2280m from an unnamed industrial_area — plausibly related but not close enough to confidently attribute; distance alone is insufficient per project methodology. Needs Sentinel-2 land-cover context to resolve.
1916,81.19619833333334,7.531439166666666,2026-07-16,2026-08-06,12,4,8.001666666666667,19.12,0.1905,,,,21,Wildfire / Natural Fire,"No industrial facility within 5km, high peak intensity (max FRP 19.1), short-lived (4 active day(s) over 21 days) — profile matches a natural/wild fire rather than a stable industrial source."
424,77.96971999999998,8.606217142857144,2026-08-19,2026-09-09,7,4,3.674285714285714,4.86,0.1905,,,,21,Other/Unknown,"No nearby facility, moderate intensity (max FRP 4.9), short/low activity (4 active day(s) over 21 days, persistence score 0.19) — insufficient evidence to confidently classify."
794,74.607767,24.763516,2026-08-04,2026-09-10,10,7,1.408,2.49,0.1892,,industrial_area,4243.73056139,37,Persistent Industrial Thermal Source,"Active on 7 distinct days across a 37-day observation window (10 total detections), only 116m from TPP Aditya Cement Works UltraTech Cement Works — sustained repeat activity right at a known facility is strong evidence of an ongoing operational source (e.g. flare stack, furnace) rather than a one-off event."
794,74.607767,24.763516,2026-08-04,2026-09-10,10,7,1.408,2.49,0.1892,,power_plant,4709.55181375,37,Persistent Industrial Thermal Source,"Active on 7 distinct days across a 37-day observation window (10 total detections), only 116m from TPP Aditya Cement Works UltraTech Cement Works — sustained repeat activity right at a known facility is strong evidence of an ongoing operational source (e.g. flare stack, furnace) rather than a one-off event."
794,74.607767,24.763516,2026-08-04,2026-09-10,10,7,1.408,2.49,0.1892,ADITYA CEMENT WORKS,power_plant,417.72064529,37,Persistent Industrial Thermal Source,"Active on 7 distinct days across a 37-day observation window (10 total detections), only 116m from TPP Aditya Cement Works UltraTech Cement Works — sustained repeat activity right at a known facility is strong evidence of an ongoing operational source (e.g. flare stack, furnace) rather than a one-off event."
794,74.607767,24.763516,2026-08-04,2026-09-10,10,7,1.408,2.49,0.1892,TPP Aditya Cement Works UltraTech Cement Works,industrial_area,116.28382357,37,Persistent Industrial Thermal Source,"Active on 7 distinct days across a 37-day observation window (10 total detections), only 116m from TPP Aditya Cement Works UltraTech Cement Works — sustained repeat activity right at a known facility is strong evidence of an ongoing operational source (e.g. flare stack, furnace) rather than a one-off event."
622,72.9241490909091,32.721126363636365,2026-07-18,2026-09-09,11,10,1.0763636363636364,3.4,0.1887,,,,53,Other/Unknown,"Active on 10 distinct days across 53 days with no industrial facility within 5km — genuinely persistent, but cannot attribute cause without Sentinel-2 land-cover context. Candidates: recurring agricultural burning, an unmapped facility (OSM coverage is incomplete in places), or a natural persistent source (e.g. peat/coal seam fire). Flagged for team review as a priority case given how unusual sustained 10-day activity is."
1092,86.417435,23.75175125,2026-08-02,2026-09-03,8,6,2.2825,3.62,0.1875,,,,32,Other/Unknown,"No nearby facility, moderate intensity (max FRP 3.6), short/low activity (6 active day(s) over 32 days, persistence score 0.19) — insufficient evidence to confidently classify."
1464,80.51679666666666,8.610526666666667,2026-08-15,2026-08-31,3,3,5.916666666666667,6.41,0.1875,,,,16,Other/Unknown,"No nearby facility, moderate intensity (max FRP 6.4), short/low activity (3 active day(s) over 16 days, persistence score 0.19) — insufficient evidence to confidently classify."
647,81.38410888888887,7.936976666666666,2026-08-27,2026-09-12,9,3,3.174444444444445,4.3,0.1875,,,,16,Other/Unknown,"No nearby facility, moderate intensity (max FRP 4.3), short/low activity (3 active day(s) over 16 days, persistence score 0.19) — insufficient evidence to confidently classify."
596,76.71102,15.13745375,2026-08-08,2026-09-09,8,6,0.79125,1.38,0.1875,Jindal SAW,industrial_area,2501.02059889,32,Industrial Fire,Close to Metallurgical Products India Pvt Ltd (209m away) but only active 6 day(s) over a 32-day window (8 detections) — reads as a transient burn event at/near a facility rather than an ongoing source.
596,76.71102,15.13745375,2026-08-08,2026-09-09,8,6,0.79125,1.38,0.1875,Metallurgical Products India Pvt Ltd,industrial_area,208.9704764,32,Industrial Fire,Close to Metallurgical Products India Pvt Ltd (209m away) but only active 6 day(s) over a 32-day window (8 detections) — reads as a transient burn event at/near a facility rather than an ongoing source.
596,76.71102,15.13745375,2026-08-08,2026-09-09,8,6,0.79125,1.38,0.1875,Minera Steel and Power Pvt Limited,industrial_area,1512.87823296,32,Industrial Fire,Close to Metallurgical Products India Pvt Ltd (209m away) but only active 6 day(s) over a 32-day window (8 detections) — reads as a transient burn event at/near a facility rather than an ongoing source.
970,96.97841384615384,30.068534615384618,2026-07-25,2026-09-11,13,9,1.1676923076923076,1.71,0.1875,,,,48,Other/Unknown,"Active on 9 distinct days across 48 days with no industrial facility within 5km — genuinely persistent, but cannot attribute cause without Sentinel-2 land-cover context. Candidates: recurring agricultural burning, an unmapped facility (OSM coverage is incomplete in places), or a natural persistent source (e.g. peat/coal seam fire). Flagged for team review as a priority case given how unusual sustained 9-day activity is."
596,76.71102,15.13745375,2026-08-08,2026-09-09,8,6,0.79125,1.38,0.1875,,industrial_area,3411.69458542,32,Industrial Fire,Close to Metallurgical Products India Pvt Ltd (209m away) but only active 6 day(s) over a 32-day window (8 detections) — reads as a transient burn event at/near a facility rather than an ongoing source.
1886,81.30387999999999,7.463126,2026-07-26,2026-08-11,5,3,3.684,6.74,0.1875,,,,16,Other/Unknown,"No nearby facility, moderate intensity (max FRP 6.7), short/low activity (3 active day(s) over 16 days, persistence score 0.19) — insufficient evidence to confidently classify."
602,73.98886625,15.658853125,2026-07-25,2026-09-11,16,9,0.984375,1.8,0.1875,,,,48,Other/Unknown,"Active on 9 distinct days across 48 days with no industrial facility within 5km — genuinely persistent, but cannot attribute cause without Sentinel-2 land-cover context. Candidates: recurring agricultural burning, an unmapped facility (OSM coverage is incomplete in places), or a natural persistent source (e.g. peat/coal seam fire). Flagged for team review as a priority case given how unusual sustained 9-day activity is."
624,71.91584499999999,33.904047500000004,2026-08-24,2026-09-09,4,3,2.2425,3.14,0.1875,,,,16,Other/Unknown,"No nearby facility, moderate intensity (max FRP 3.1), short/low activity (3 active day(s) over 16 days, persistence score 0.19) — insufficient evidence to confidently classify."
1604,91.14076666666666,29.68198166666667,2026-08-09,2026-08-25,6,3,5.734999999999999,14.14,0.1875,,industrial_area,4209.70254982,16,Other/Unknown,"No nearby facility, moderate intensity (max FRP 14.1), short/low activity (3 active day(s) over 16 days, persistence score 0.19) — insufficient evidence to confidently classify."
877,77.2257925,28.37234833333333,2026-07-29,2026-09-10,12,8,1.5058333333333334,3.11,0.186,,industrial_area,774.01119783,43,Persistent Industrial Thermal Source,"Active on 8 distinct days across a 43-day observation window (12 total detections), only 774m from an unnamed industrial_area — sustained repeat activity right at a known facility is strong evidence of an ongoing operational source (e.g. flare stack, furnace) rather than a one-off event."
1302,85.134702,20.979613333333337,2026-07-26,2026-09-07,15,8,2.246,8.26,0.186,,industrial_area,4686.49370586,43,Other/Unknown,"No nearby facility, moderate intensity (max FRP 8.3), short/low activity (8 active day(s) over 43 days, persistence score 0.19) — insufficient evidence to confidently classify."
877,77.2257925,28.37234833333333,2026-07-29,2026-09-10,12,8,1.5058333333333334,3.11,0.186,Pali Stone Crusher Zone I,industrial_area,2900.64254341,43,Persistent Industrial Thermal Source,"Active on 8 distinct days across a 43-day observation window (12 total detections), only 774m from an unnamed industrial_area — sustained repeat activity right at a known facility is strong evidence of an ongoing operational source (e.g. flare stack, furnace) rather than a one-off event."
877,77.2257925,28.37234833333333,2026-07-29,2026-09-10,12,8,1.5058333333333334,3.11,0.186,Pali Stone Crusher Zone II,industrial_area,1888.25638928,43,Persistent Industrial Thermal Source,"Active on 8 distinct days across a 43-day observation window (12 total detections), only 774m from an unnamed industrial_area — sustained repeat activity right at a known facility is strong evidence of an ongoing operational source (e.g. flare stack, furnace) rather than a one-off event."
621,70.10801062499999,22.928619375,2026-07-18,2026-09-10,16,10,4.48875,7.09,0.1852,Tuna-Tekra Container Terminal,industrial_area,1112.99817763,54,Persistent Industrial Thermal Source,"Active on 10 distinct days across a 54-day observation window (16 total detections), only 1113m from Tuna-Tekra Container Terminal — sustained repeat activity right at a known facility is strong evidence of an ongoing operational source (e.g. flare stack, furnace) rather than a one-off event."
402,74.94999073170732,29.9101143902439,2026-07-16,2026-09-08,41,10,10.298536585365854,28.69,0.1852,,,,54,Other/Unknown,"Active on 10 distinct days across 54 days with no industrial facility within 5km — genuinely persistent, but cannot attribute cause without Sentinel-2 land-cover context. Candidates: recurring agricultural burning, an unmapped facility (OSM coverage is incomplete in places), or a natural persistent source (e.g. peat/coal seam fire). Flagged for team review as a priority case given how unusual sustained 10-day activity is."
919,82.711645,24.201793125,2026-07-25,2026-09-12,16,9,1.985625,5.51,0.1837,,,,49,Other/Unknown,"Active on 9 distinct days across 49 days with no industrial facility within 5km — genuinely persistent, but cannot attribute cause without Sentinel-2 land-cover context. Candidates: recurring agricultural burning, an unmapped facility (OSM coverage is incomplete in places), or a natural persistent source (e.g. peat/coal seam fire). Flagged for team review as a priority case given how unusual sustained 9-day activity is."
1906,77.59673,9.119546666666666,2026-07-25,2026-08-05,3,2,7.099999999999999,11.22,0.1818,,,,11,Wildfire / Natural Fire,"No industrial facility within 5km, high peak intensity (max FRP 11.2), short-lived (2 active day(s) over 11 days) — profile matches a natural/wild fire rather than a stable industrial source."
980,79.99556600000001,8.138148000000001,2026-08-31,2026-09-11,5,2,3.960000000000001,4.32,0.1818,,,,11,Other/Unknown,"No nearby facility, moderate intensity (max FRP 4.3), short/low activity (2 active day(s) over 11 days, persistence score 0.18) — insufficient evidence to confidently classify."
1937,81.73390636363636,7.183501818181819,2026-07-19,2026-07-30,11,2,5.572727272727272,9.83,0.1818,,,,11,Wildfire / Natural Fire,"No industrial facility within 5km, high peak intensity (max FRP 9.8), short-lived (2 active day(s) over 11 days) — profile matches a natural/wild fire rather than a stable industrial source."
1843,81.67229666666667,7.46493,2026-07-29,2026-08-09,3,2,2.76,3.28,0.1818,,,,11,Other/Unknown,"No nearby facility, moderate intensity (max FRP 3.3), short/low activity (2 active day(s) over 11 days, persistence score 0.18) — insufficient evidence to confidently classify."
1432,81.2381,7.37948,2026-08-19,2026-08-30,2,2,3.91,4.71,0.1818,,,,11,Other/Unknown,"No nearby facility, moderate intensity (max FRP 4.7), short/low activity (2 active day(s) over 11 days, persistence score 0.18) — insufficient evidence to confidently classify."
1508,80.33758,8.435115,2026-08-21,2026-09-01,2,2,9.03,14.02,0.1818,,,,11,Wildfire / Natural Fire,"No industrial facility within 5km, high peak intensity (max FRP 14.0), short-lived (2 active day(s) over 11 days) — profile matches a natural/wild fire rather than a stable industrial source."
627,71.39721333333334,20.868296666666662,2026-08-29,2026-09-09,3,2,1.3266666666666669,2.52,0.1818,,,,11,Other/Unknown,"No nearby facility, moderate intensity (max FRP 2.5), short/low activity (2 active day(s) over 11 days, persistence score 0.18) — insufficient evidence to confidently classify."
1914,81.36949,7.44816,2026-07-26,2026-08-06,2,2,3.875,7.37,0.1818,,,,11,Other/Unknown,"No nearby facility, moderate intensity (max FRP 7.4), short/low activity (2 active day(s) over 11 days, persistence score 0.18) — insufficient evidence to confidently classify."
1954,81.276155,7.9234675,2026-07-19,2026-07-30,4,2,4.325,6.13,0.1818,,,,11,Other/Unknown,"No nearby facility, moderate intensity (max FRP 6.1), short/low activity (2 active day(s) over 11 days, persistence score 0.18) — insufficient evidence to confidently classify."
938,81.05850444444445,6.566176666666666,2026-08-30,2026-09-10,9,2,10.193333333333332,39.3,0.1818,,,,11,Wildfire / Natural Fire,"No industrial facility within 5km, high peak intensity (max FRP 39.3), short-lived (2 active day(s) over 11 days) — profile matches a natural/wild fire rather than a stable industrial source."
1762,78.7382075,9.3992075,2026-08-12,2026-08-23,4,2,6.39,12.13,0.1818,,,,11,Wildfire / Natural Fire,"No industrial facility within 5km, high peak intensity (max FRP 12.1), short-lived (2 active day(s) over 11 days) — profile matches a natural/wild fire rather than a stable industrial source."
1131,80.30922000000001,8.02031,2026-08-24,2026-09-04,2,2,4.565,6.13,0.1818,,industrial_area,2664.82698209,11,Other/Unknown,2665m from an unnamed industrial_area — plausibly related but not close enough to confidently attribute; distance alone is insufficient per project methodology. Needs Sentinel-2 land-cover context to resolve.
1131,80.30922000000001,8.02031,2026-08-24,2026-09-04,2,2,4.565,6.13,0.1818,,industrial_works,2668.33938668,11,Other/Unknown,2665m from an unnamed industrial_area — plausibly related but not close enough to confidently attribute; distance alone is insufficient per project methodology. Needs Sentinel-2 land-cover context to resolve.
1461,81.088515,8.41982,2026-08-20,2026-08-31,2,2,3.44,3.98,0.1818,,,,11,Other/Unknown,"No nearby facility, moderate intensity (max FRP 4.0), short/low activity (2 active day(s) over 11 days, persistence score 0.18) — insufficient evidence to confidently classify."
1198,81.12954500000001,6.59439,2026-08-25,2026-09-05,2,2,5.0600000000000005,6.74,0.1818,,,,11,Other/Unknown,"No nearby facility, moderate intensity (max FRP 6.7), short/low activity (2 active day(s) over 11 days, persistence score 0.18) — insufficient evidence to confidently classify."
1037,80.851745,8.60933,2026-09-01,2026-09-12,2,2,8.125,11.2,0.1818,,,,11,Wildfire / Natural Fire,"No industrial facility within 5km, high peak intensity (max FRP 11.2), short-lived (2 active day(s) over 11 days) — profile matches a natural/wild fire rather than a stable industrial source."
1953,81.373235,7.85531,2026-07-19,2026-07-30,2,2,8.084999999999999,10.86,0.1818,,,,11,Wildfire / Natural Fire,"No industrial facility within 5km, high peak intensity (max FRP 10.9), short-lived (2 active day(s) over 11 days) — profile matches a natural/wild fire rather than a stable industrial source."
1007,81.44697333333333,7.095706666666668,2026-09-01,2026-09-12,3,2,8.44,12.36,0.1818,,,,11,Wildfire / Natural Fire,"No industrial facility within 5km, high peak intensity (max FRP 12.4), short-lived (2 active day(s) over 11 days) — profile matches a natural/wild fire rather than a stable industrial source."
1411,95.42305,27.469435,2026-08-18,2026-08-29,2,2,1.46,1.89,0.1818,,industrial_area,4339.84019368,11,Industrial Fire,Close to an unnamed power_plant (166m away) but only active 2 day(s) over a 11-day window (2 detections) — reads as a transient burn event at/near a facility rather than an ongoing source.
1411,95.42305,27.469435,2026-08-18,2026-08-29,2,2,1.46,1.89,0.1818,,power_plant,165.53462017,11,Industrial Fire,Close to an unnamed power_plant (166m away) but only active 2 day(s) over a 11-day window (2 detections) — reads as a transient burn event at/near a facility rather than an ongoing source.
1644,80.94822166666667,7.310300000000001,2026-08-16,2026-08-27,6,2,2.84,5.54,0.1818,,,,11,Other/Unknown,"No nearby facility, moderate intensity (max FRP 5.5), short/low activity (2 active day(s) over 11 days, persistence score 0.18) — insufficient evidence to confidently classify."
1090,86.42328294117648,23.717777647058824,2026-08-02,2026-09-04,17,6,1.3347058823529412,2.1,0.1818,,,,33,Other/Unknown,"No nearby facility, moderate intensity (max FRP 2.1), short/low activity (6 active day(s) over 33 days, persistence score 0.18) — insufficient evidence to confidently classify."
2064,78.32844999999999,9.800453333333332,2026-07-18,2026-07-29,3,2,26.05333333333333,56.82,0.1818,,,,11,Wildfire / Natural Fire,"No industrial facility within 5km, high peak intensity (max FRP 56.8), short-lived (2 active day(s) over 11 days) — profile matches a natural/wild fire rather than a stable industrial source."
586,76.13114894736842,27.66854210526316,2026-07-22,2026-09-10,19,9,1.0884210526315787,2.32,0.18,,power_plant,1045.09019315,50,Persistent Industrial Thermal Source,"Active on 9 distinct days across a 50-day observation window (19 total detections), only 247m from an unnamed industrial_area — sustained repeat activity right at a known facility is strong evidence of an ongoing operational source (e.g. flare stack, furnace) rather than a one-off event."
586,76.13114894736842,27.66854210526316,2026-07-22,2026-09-10,19,9,1.0884210526315787,2.32,0.18,,industrial_area,247.2514929,50,Persistent Industrial Thermal Source,"Active on 9 distinct days across a 50-day observation window (19 total detections), only 247m from an unnamed industrial_area — sustained repeat activity right at a known facility is strong evidence of an ongoing operational source (e.g. flare stack, furnace) rather than a one-off event."
1345,81.68069818181819,21.374987272727267,2026-07-30,2026-09-07,11,7,1.7336363636363636,3.46,0.1795,,industrial_area,125.811493,39,Persistent Industrial Thermal Source,"Active on 7 distinct days across a 39-day observation window (11 total detections), only 126m from an unnamed industrial_area — sustained repeat activity right at a known facility is strong evidence of an ongoing operational source (e.g. flare stack, furnace) rather than a one-off event."
1345,81.68069818181819,21.374987272727267,2026-07-30,2026-09-07,11,7,1.7336363636363636,3.46,0.1795,Jayaswal Neco,industrial_area,2630.95744564,39,Persistent Industrial Thermal Source,"Active on 7 distinct days across a 39-day observation window (11 total detections), only 126m from an unnamed industrial_area — sustained repeat activity right at a known facility is strong evidence of an ongoing operational source (e.g. flare stack, furnace) rather than a one-off event."
1060,81.11062833333334,7.374429166666666,2026-07-26,2026-09-03,12,7,3.346666666666667,5.88,0.1795,,power_plant,1232.89313679,39,Persistent Industrial Thermal Source,"Active on 7 distinct days across a 39-day observation window (12 total detections), only 1233m from an unnamed power_plant — sustained repeat activity right at a known facility is strong evidence of an ongoing operational source (e.g. flare stack, furnace) rather than a one-off event."
574,73.00220916666667,24.68977583333333,2026-07-16,2026-09-10,12,10,1.1250000000000002,2.05,0.1786,,industrial_area,259.8293566,56,Persistent Industrial Thermal Source,"Active on 10 distinct days across a 56-day observation window (12 total detections), only 260m from an unnamed industrial_area — sustained repeat activity right at a known facility is strong evidence of an ongoing operational source (e.g. flare stack, furnace) rather than a one-off event."
998,81.22464913793102,6.708177586206896,2026-07-17,2026-09-11,58,10,20.247241379310346,110.89,0.1786,,,,56,Other/Unknown,"Active on 10 distinct days across 56 days with no industrial facility within 5km — genuinely persistent, but cannot attribute cause without Sentinel-2 land-cover context. Candidates: recurring agricultural burning, an unmapped facility (OSM coverage is incomplete in places), or a natural persistent source (e.g. peat/coal seam fire). Flagged for team review as a priority case given how unusual sustained 10-day activity is."
574,73.00220916666667,24.68977583333333,2026-07-16,2026-09-10,12,10,1.1250000000000002,2.05,0.1786,,power_plant,1449.96991078,56,Persistent Industrial Thermal Source,"Active on 10 distinct days across a 56-day observation window (12 total detections), only 260m from an unnamed industrial_area — sustained repeat activity right at a known facility is strong evidence of an ongoing operational source (e.g. flare stack, furnace) rather than a one-off event."
899,88.12353666666667,22.05581,2026-07-17,2026-09-11,21,10,2.2890476190476186,4.92,0.1786,,,,56,Other/Unknown,"Active on 10 distinct days across 56 days with no industrial facility within 5km — genuinely persistent, but cannot attribute cause without Sentinel-2 land-cover context. Candidates: recurring agricultural burning, an unmapped facility (OSM coverage is incomplete in places), or a natural persistent source (e.g. peat/coal seam fire). Flagged for team review as a priority case given how unusual sustained 10-day activity is."
904,69.03933714285714,22.416507857142857,2026-07-28,2026-09-11,14,8,2.5285714285714285,5.64,0.1778,Mithapur Solar Power Plant,power_plant,4900.08149701,45,Persistent Industrial Thermal Source,"Active on 8 distinct days across a 45-day observation window (14 total detections), only 71m from an unnamed industrial_area — sustained repeat activity right at a known facility is strong evidence of an ongoing operational source (e.g. flare stack, furnace) rather than a one-off event."
473,78.9691057142857,21.33630785714286,2026-07-25,2026-09-08,14,8,1.5414285714285718,2.74,0.1778,Saoner-I,industrial_area,4688.58868263,45,Other/Unknown,"No nearby facility, moderate intensity (max FRP 2.7), short/low activity (8 active day(s) over 45 days, persistence score 0.18) — insufficient evidence to confidently classify."
473,78.9691057142857,21.33630785714286,2026-07-25,2026-09-08,14,8,1.5414285714285718,2.74,0.1778,,industrial_area,4487.48671544,45,Other/Unknown,"No nearby facility, moderate intensity (max FRP 2.7), short/low activity (8 active day(s) over 45 days, persistence score 0.18) — insufficient evidence to confidently classify."
904,69.03933714285714,22.416507857142857,2026-07-28,2026-09-11,14,8,2.5285714285714285,5.64,0.1778,,power_plant,4177.15957354,45,Persistent Industrial Thermal Source,"Active on 8 distinct days across a 45-day observation window (14 total detections), only 71m from an unnamed industrial_area — sustained repeat activity right at a known facility is strong evidence of an ongoing operational source (e.g. flare stack, furnace) rather than a one-off event."
904,69.03933714285714,22.416507857142857,2026-07-28,2026-09-11,14,8,2.5285714285714285,5.64,0.1778,,industrial_area,71.13360501,45,Persistent Industrial Thermal Source,"Active on 8 distinct days across a 45-day observation window (14 total detections), only 71m from an unnamed industrial_area — sustained repeat activity right at a known facility is strong evidence of an ongoing operational source (e.g. flare stack, furnace) rather than a one-off event."
904,69.03933714285714,22.416507857142857,2026-07-28,2026-09-11,14,8,2.5285714285714285,5.64,0.1778,TATA Chemicals,industrial_area,2743.05334475,45,Persistent Industrial Thermal Source,"Active on 8 distinct days across a 45-day observation window (14 total detections), only 71m from an unnamed industrial_area — sustained repeat activity right at a known facility is strong evidence of an ongoing operational source (e.g. flare stack, furnace) rather than a one-off event."
1601,80.972015,7.639953333333332,2026-08-08,2026-08-25,6,3,5.905,11.88,0.1765,,,,17,Wildfire / Natural Fire,"No industrial facility within 5km, high peak intensity (max FRP 11.9), short-lived (3 active day(s) over 17 days) — profile matches a natural/wild fire rather than a stable industrial source."
1866,78.036085,10.00696,2026-07-24,2026-08-10,4,3,8.45,19.23,0.1765,,industrial_area,4885.08273964,17,Other/Unknown,"No nearby facility, moderate intensity (max FRP 19.2), short/low activity (3 active day(s) over 17 days, persistence score 0.18) — insufficient evidence to confidently classify."
638,70.25985874999999,23.26235375,2026-08-08,2026-09-11,8,6,1.0699999999999998,1.92,0.1765,,industrial_area,513.46318068,34,Industrial Fire,Close to an unnamed industrial_area (513m away) but only active 6 day(s) over a 34-day window (8 detections) — reads as a transient burn event at/near a facility rather than an ongoing source.
880,72.776166,32.71667,2026-08-24,2026-09-10,5,3,1.0,1.21,0.1765,,,,17,Other/Unknown,"No nearby facility, moderate intensity (max FRP 1.2), short/low activity (3 active day(s) over 17 days, persistence score 0.18) — insufficient evidence to confidently classify."
1875,77.49917666666666,9.20788,2026-07-24,2026-08-10,3,3,1.43,1.67,0.1765,,,,17,Other/Unknown,"No nearby facility, moderate intensity (max FRP 1.7), short/low activity (3 active day(s) over 17 days, persistence score 0.18) — insufficient evidence to confidently classify."
1267,80.39341999999999,8.801404999999999,2026-08-19,2026-09-05,4,3,6.2225,10.19,0.1765,,,,17,Wildfire / Natural Fire,"No industrial facility within 5km, high peak intensity (max FRP 10.2), short-lived (3 active day(s) over 17 days) — profile matches a natural/wild fire rather than a stable industrial source."
1089,85.28936571428572,23.69663,2026-07-25,2026-09-03,7,7,1.2457142857142856,2.21,0.175,,,,40,Other/Unknown,"Active on 7 distinct days across 40 days with no industrial facility within 5km — genuinely persistent, but cannot attribute cause without Sentinel-2 land-cover context. Candidates: recurring agricultural burning, an unmapped facility (OSM coverage is incomplete in places), or a natural persistent source (e.g. peat/coal seam fire). Flagged for team review as a priority case given how unusual sustained 7-day activity is."
721,80.84707,8.672754285714287,2026-08-20,2026-09-12,7,4,9.501428571428573,22.92,0.1739,,,,23,Wildfire / Natural Fire,"No industrial facility within 5km, high peak intensity (max FRP 22.9), short-lived (4 active day(s) over 23 days) — profile matches a natural/wild fire rather than a stable industrial source."
1787,81.77843142857144,7.134454285714286,2026-07-25,2026-08-17,7,4,7.037142857142858,12.3,0.1739,,,,23,Wildfire / Natural Fire,"No industrial facility within 5km, high peak intensity (max FRP 12.3), short-lived (4 active day(s) over 23 days) — profile matches a natural/wild fire rather than a stable industrial source."
703,80.87782,8.449476,2026-08-18,2026-09-10,5,4,7.178,8.25,0.1739,,,,23,Wildfire / Natural Fire,"No industrial facility within 5km, high peak intensity (max FRP 8.2), short-lived (4 active day(s) over 23 days) — profile matches a natural/wild fire rather than a stable industrial source."
617,73.71214866666668,19.935773333333334,2026-07-27,2026-09-11,15,8,1.6486666666666665,3.98,0.1739,,,,46,Other/Unknown,"Active on 8 distinct days across 46 days with no industrial facility within 5km — genuinely persistent, but cannot attribute cause without Sentinel-2 land-cover context. Candidates: recurring agricultural burning, an unmapped facility (OSM coverage is incomplete in places), or a natural persistent source (e.g. peat/coal seam fire). Flagged for team review as a priority case given how unusual sustained 8-day activity is."
400,82.16768838709679,19.09888580645161,2026-07-18,2026-09-08,31,9,2.1935483870967745,7.63,0.1731,NMDC I&S Plant Nagarnar,industrial_works,1094.84155003,52,Persistent Industrial Thermal Source,"Active on 9 distinct days across a 52-day observation window (31 total detections), only 825m from Nagarnar Steel Plant — sustained repeat activity right at a known facility is strong evidence of an ongoing operational source (e.g. flare stack, furnace) rather than a one-off event."
400,82.16768838709679,19.09888580645161,2026-07-18,2026-09-08,31,9,2.1935483870967745,7.63,0.1731,Nagarnar Steel Plant,industrial_area,825.2449475,52,Persistent Industrial Thermal Source,"Active on 9 distinct days across a 52-day observation window (31 total detections), only 825m from Nagarnar Steel Plant — sustained repeat activity right at a known facility is strong evidence of an ongoing operational source (e.g. flare stack, furnace) rather than a one-off event."
972,71.35396777777777,19.369994444444448,2026-08-13,2026-09-11,9,5,3.5477777777777777,5.9,0.1724,,,,29,Other/Unknown,"No nearby facility, moderate intensity (max FRP 5.9), short/low activity (5 active day(s) over 29 days, persistence score 0.17) — insufficient evidence to confidently classify."
1881,81.441312,6.771046,2026-07-30,2026-08-11,5,2,14.138,34.27,0.1667,,,,12,Wildfire / Natural Fire,"No industrial facility within 5km, high peak intensity (max FRP 34.3), short-lived (2 active day(s) over 12 days) — profile matches a natural/wild fire rather than a stable industrial source."
1351,83.90050500000001,21.82581,2026-08-25,2026-09-06,2,2,1.37,2.21,0.1667,,,,12,Other/Unknown,"No nearby facility, moderate intensity (max FRP 2.2), short/low activity (2 active day(s) over 12 days, persistence score 0.17) — insufficient evidence to confidently classify."
1844,81.3452,7.93381,2026-07-28,2026-08-09,2,2,2.235,3.25,0.1667,,,,12,Other/Unknown,"No nearby facility, moderate intensity (max FRP 3.2), short/low activity (2 active day(s) over 12 days, persistence score 0.17) — insufficient evidence to confidently classify."
708,80.710244,8.528756,2026-08-25,2026-09-12,5,3,5.281999999999999,6.42,0.1667,,,,18,Other/Unknown,"No nearby facility, moderate intensity (max FRP 6.4), short/low activity (3 active day(s) over 18 days, persistence score 0.17) — insufficient evidence to confidently classify."
1860,80.55285,8.590535,2026-07-29,2026-08-10,2,2,5.795,7.15,0.1667,,,,12,Other/Unknown,"No nearby facility, moderate intensity (max FRP 7.2), short/low activity (2 active day(s) over 12 days, persistence score 0.17) — insufficient evidence to confidently classify."
1456,80.90110666666668,7.52544,2026-08-19,2026-08-31,3,2,5.526666666666666,8.58,0.1667,,,,12,Wildfire / Natural Fire,"No industrial facility within 5km, high peak intensity (max FRP 8.6), short-lived (2 active day(s) over 12 days) — profile matches a natural/wild fire rather than a stable industrial source."
1466,80.74561,8.670449999999999,2026-08-19,2026-08-31,2,2,6.445,6.91,0.1667,,,,12,Other/Unknown,"No nearby facility, moderate intensity (max FRP 6.9), short/low activity (2 active day(s) over 12 days, persistence score 0.17) — insufficient evidence to confidently classify."
809,80.8733625,6.55101,2026-08-30,2026-09-11,4,2,8.28,11.61,0.1667,,,,12,Wildfire / Natural Fire,"No industrial facility within 5km, high peak intensity (max FRP 11.6), short-lived (2 active day(s) over 12 days) — profile matches a natural/wild fire rather than a stable industrial source."
1883,81.6177275,6.9090775,2026-07-30,2026-08-11,4,2,3.4525,3.99,0.1667,,power_plant,4675.19559343,12,Other/Unknown,"No nearby facility, moderate intensity (max FRP 4.0), short/low activity (2 active day(s) over 12 days, persistence score 0.17) — insufficient evidence to confidently classify."
507,85.303976,23.83957,2026-08-27,2026-09-08,5,2,0.6819999999999999,1.02,0.1667,,,,12,Other/Unknown,"No nearby facility, moderate intensity (max FRP 1.0), short/low activity (2 active day(s) over 12 days, persistence score 0.17) — insufficient evidence to confidently classify."
905,87.0836318181818,23.56228909090909,2026-07-31,2026-09-11,11,7,1.8127272727272727,4.17,0.1667,,,,42,Other/Unknown,"Active on 7 distinct days across 42 days with no industrial facility within 5km — genuinely persistent, but cannot attribute cause without Sentinel-2 land-cover context. Candidates: recurring agricultural burning, an unmapped facility (OSM coverage is incomplete in places), or a natural persistent source (e.g. peat/coal seam fire). Flagged for team review as a priority case given how unusual sustained 7-day activity is."
969,95.40263428571429,27.60610285714286,2026-08-12,2026-09-11,7,5,1.7042857142857142,3.89,0.1667,,,,30,Other/Unknown,"No nearby facility, moderate intensity (max FRP 3.9), short/low activity (5 active day(s) over 30 days, persistence score 0.17) — insufficient evidence to confidently classify."
1760,81.16211,7.42077,2026-08-11,2026-08-23,2,2,3.18,3.34,0.1667,,,,12,Other/Unknown,"No nearby facility, moderate intensity (max FRP 3.3), short/low activity (2 active day(s) over 12 days, persistence score 0.17) — insufficient evidence to confidently classify."
1054,81.09013666666668,6.439546666666668,2026-08-22,2026-09-03,3,2,7.256666666666667,8.35,0.1667,,,,12,Wildfire / Natural Fire,"No industrial facility within 5km, high peak intensity (max FRP 8.3), short-lived (2 active day(s) over 12 days) — profile matches a natural/wild fire rather than a stable industrial source."
1058,81.21247928571428,7.32911,2026-07-29,2026-09-03,14,6,5.265000000000001,10.19,0.1667,,,,36,Wildfire / Natural Fire,"No industrial facility within 5km, high peak intensity (max FRP 10.2), short-lived (6 active day(s) over 36 days) — profile matches a natural/wild fire rather than a stable industrial source."
1091,85.28758333333333,23.711056666666668,2026-08-16,2026-09-03,3,3,0.6466666666666666,0.8,0.1667,,,,18,Other/Unknown,"No nearby facility, moderate intensity (max FRP 0.8), short/low activity (3 active day(s) over 18 days, persistence score 0.17) — insufficient evidence to confidently classify."
1605,81.19409090909092,6.628964545454545,2026-08-07,2026-08-25,11,3,5.741818181818183,22.55,0.1667,,,,18,Wildfire / Natural Fire,"No industrial facility within 5km, high peak intensity (max FRP 22.6), short-lived (3 active day(s) over 18 days) — profile matches a natural/wild fire rather than a stable industrial source."
1634,73.94314666666666,18.956826666666668,2026-08-08,2026-08-26,3,3,1.2933333333333332,2.23,0.1667,,,,18,Other/Unknown,"No nearby facility, moderate intensity (max FRP 2.2), short/low activity (3 active day(s) over 18 days, persistence score 0.17) — insufficient evidence to confidently classify."
1929,81.80548625,6.822005,2026-07-27,2026-08-08,8,2,10.2775,17.16,0.1667,,pipeline,539.51576135,12,Industrial Fire,Close to an unnamed pipeline (540m away) but only active 2 day(s) over a 12-day window (8 detections) — reads as a transient burn event at/near a facility rather than an ongoing source.
1239,80.5527575,8.12509,2026-08-19,2026-09-06,4,3,2.835,5.23,0.1667,,,,18,Other/Unknown,"No nearby facility, moderate intensity (max FRP 5.2), short/low activity (3 active day(s) over 18 days, persistence score 0.17) — insufficient evidence to confidently classify."
1258,80.77707,8.569524999999999,2026-08-24,2026-09-05,2,2,7.145,7.86,0.1667,,,,12,Other/Unknown,"No nearby facility, moderate intensity (max FRP 7.9), short/low activity (2 active day(s) over 12 days, persistence score 0.17) — insufficient evidence to confidently classify."
997,72.24088928571429,18.57752571428572,2026-07-24,2026-09-11,14,8,3.1028571428571423,7.72,0.1633,,,,49,Other/Unknown,"Active on 8 distinct days across 49 days with no industrial facility within 5km — genuinely persistent, but cannot attribute cause without Sentinel-2 land-cover context. Candidates: recurring agricultural burning, an unmapped facility (OSM coverage is incomplete in places), or a natural persistent source (e.g. peat/coal seam fire). Flagged for team review as a priority case given how unusual sustained 8-day activity is."
783,95.47633,27.46142,2026-07-23,2026-09-10,10,8,1.4899999999999998,3.71,0.1633,,industrial_area,4043.14919677,49,Other/Unknown,"No nearby facility, moderate intensity (max FRP 3.7), short/low activity (8 active day(s) over 49 days, persistence score 0.16) — insufficient evidence to confidently classify."
1169,85.22224200000001,21.925207,2026-07-26,2026-09-07,10,7,2.027,2.86,0.1628,,,,43,Other/Unknown,"Active on 7 distinct days across 43 days with no industrial facility within 5km — genuinely persistent, but cannot attribute cause without Sentinel-2 land-cover context. Candidates: recurring agricultural burning, an unmapped facility (OSM coverage is incomplete in places), or a natural persistent source (e.g. peat/coal seam fire). Flagged for team review as a priority case given how unusual sustained 7-day activity is."
1182,83.35774352941178,22.035327647058825,2026-07-26,2026-09-07,17,7,1.162941176470588,2.52,0.1628,,,,43,Other/Unknown,"Active on 7 distinct days across 43 days with no industrial facility within 5km — genuinely persistent, but cannot attribute cause without Sentinel-2 land-cover context. Candidates: recurring agricultural burning, an unmapped facility (OSM coverage is incomplete in places), or a natural persistent source (e.g. peat/coal seam fire). Flagged for team review as a priority case given how unusual sustained 7-day activity is."
1189,79.61960857142856,13.710498571428571,2026-07-24,2026-09-05,7,7,1.6957142857142855,3.03,0.1628,,industrial_area,1375.90070219,43,Persistent Industrial Thermal Source,"Active on 7 distinct days across a 43-day observation window (7 total detections), only 1376m from an unnamed industrial_area — sustained repeat activity right at a known facility is strong evidence of an ongoing operational source (e.g. flare stack, furnace) rather than a one-off event."
458,80.65400875,17.4636375,2026-08-02,2026-09-08,8,6,1.59625,2.91,0.1622,,,,37,Other/Unknown,"No nearby facility, moderate intensity (max FRP 2.9), short/low activity (6 active day(s) over 37 days, persistence score 0.16) — insufficient evidence to confidently classify."
1745,85.50530166666668,23.744575,2026-07-16,2026-08-22,6,6,0.875,2.01,0.1622,,,,37,Other/Unknown,"No nearby facility, moderate intensity (max FRP 2.0), short/low activity (6 active day(s) over 37 days, persistence score 0.16) — insufficient evidence to confidently classify."
1122,81.24323,7.445335833333334,2026-07-29,2026-09-04,12,6,6.826666666666667,11.29,0.1622,,,,37,Wildfire / Natural Fire,"No industrial facility within 5km, high peak intensity (max FRP 11.3), short-lived (6 active day(s) over 37 days) — profile matches a natural/wild fire rather than a stable industrial source."
639,70.48803166666666,23.31567833333333,2026-08-09,2026-09-09,6,5,1.3150000000000002,1.43,0.1613,,industrial_area,218.79774257,31,Industrial Fire,Close to an unnamed industrial_area (219m away) but only active 5 day(s) over a 31-day window (6 detections) — reads as a transient burn event at/near a facility rather than an ongoing source.
1164,85.49693500000001,23.82354666666666,2026-07-16,2026-09-04,12,8,2.2416666666666667,6.34,0.16,,,,50,Other/Unknown,"Active on 8 distinct days across 50 days with no industrial facility within 5km — genuinely persistent, but cannot attribute cause without Sentinel-2 land-cover context. Candidates: recurring agricultural burning, an unmapped facility (OSM coverage is incomplete in places), or a natural persistent source (e.g. peat/coal seam fire). Flagged for team review as a priority case given how unusual sustained 8-day activity is."
1695,82.70383142857143,24.1401,2026-07-25,2026-08-19,7,4,1.1371428571428572,2.52,0.16,,,,25,Other/Unknown,"No nearby facility, moderate intensity (max FRP 2.5), short/low activity (4 active day(s) over 25 days, persistence score 0.16) — insufficient evidence to confidently classify."
824,80.96735666666666,7.604681666666667,2026-08-17,2026-09-11,6,4,5.925000000000001,10.24,0.16,,,,25,Wildfire / Natural Fire,"No industrial facility within 5km, high peak intensity (max FRP 10.2), short-lived (4 active day(s) over 25 days) — profile matches a natural/wild fire rather than a stable industrial source."
1354,82.65308428571429,24.18026642857143,2026-07-25,2026-09-07,14,7,1.2685714285714285,2.53,0.1591,,,,44,Other/Unknown,"Active on 7 distinct days across 44 days with no industrial facility within 5km — genuinely persistent, but cannot attribute cause without Sentinel-2 land-cover context. Candidates: recurring agricultural burning, an unmapped facility (OSM coverage is incomplete in places), or a natural persistent source (e.g. peat/coal seam fire). Flagged for team review as a priority case given how unusual sustained 7-day activity is."
444,85.03927549999997,21.0775665,2026-07-26,2026-09-08,20,7,1.8215,4.05,0.1591,Talcher Super Thermal Powerstation,power_plant,4082.05771384,44,Other/Unknown,3221m from an unnamed power_plant — plausibly related but not close enough to confidently attribute; distance alone is insufficient per project methodology. Needs Sentinel-2 land-cover context to resolve.
1170,82.67023153846154,22.00463,2026-07-25,2026-09-07,13,7,1.4853846153846155,2.21,0.1591,,,,44,Other/Unknown,"Active on 7 distinct days across 44 days with no industrial facility within 5km — genuinely persistent, but cannot attribute cause without Sentinel-2 land-cover context. Candidates: recurring agricultural burning, an unmapped facility (OSM coverage is incomplete in places), or a natural persistent source (e.g. peat/coal seam fire). Flagged for team review as a priority case given how unusual sustained 7-day activity is."
474,84.03937933333333,21.67920733333333,2026-07-26,2026-09-08,15,7,2.723333333333333,7.89,0.1591,,,,44,Other/Unknown,"Active on 7 distinct days across 44 days with no industrial facility within 5km — genuinely persistent, but cannot attribute cause without Sentinel-2 land-cover context. Candidates: recurring agricultural burning, an unmapped facility (OSM coverage is incomplete in places), or a natural persistent source (e.g. peat/coal seam fire). Flagged for team review as a priority case given how unusual sustained 7-day activity is."
444,85.03927549999997,21.0775665,2026-07-26,2026-09-08,20,7,1.8215,4.05,0.1591,,power_plant,3221.10715991,44,Other/Unknown,3221m from an unnamed power_plant — plausibly related but not close enough to confidently attribute; distance alone is insufficient per project methodology. Needs Sentinel-2 land-cover context to resolve.
1059,81.775475,7.36881,2026-08-15,2026-09-03,4,3,4.0175,5.08,0.1579,,power_plant,3327.81176401,19,Other/Unknown,3328m from an unnamed power_plant — plausibly related but not close enough to confidently attribute; distance alone is insufficient per project methodology. Needs Sentinel-2 land-cover context to resolve.
1407,68.29304,24.961223333333333,2026-08-10,2026-08-29,3,3,4.5,7.01,0.1579,,,,19,Other/Unknown,"No nearby facility, moderate intensity (max FRP 7.0), short/low activity (3 active day(s) over 19 days, persistence score 0.16) — insufficient evidence to confidently classify."
1059,81.775475,7.36881,2026-08-15,2026-09-03,4,3,4.0175,5.08,0.1579,Sammanthurai Rice Mills,industrial_works,4262.80835384,19,Other/Unknown,3328m from an unnamed power_plant — plausibly related but not close enough to confidently attribute; distance alone is insufficient per project methodology. Needs Sentinel-2 land-cover context to resolve.
1059,81.775475,7.36881,2026-08-15,2026-09-03,4,3,4.0175,5.08,0.1579,,industrial_area,3483.45507846,19,Other/Unknown,3328m from an unnamed power_plant — plausibly related but not close enough to confidently attribute; distance alone is insufficient per project methodology. Needs Sentinel-2 land-cover context to resolve.
1589,88.01188285714285,29.084424285714288,2026-07-21,2026-08-28,7,6,2.2485714285714287,4.66,0.1579,,,,38,Other/Unknown,"No nearby facility, moderate intensity (max FRP 4.7), short/low activity (6 active day(s) over 38 days, persistence score 0.16) — insufficient evidence to confidently classify."
941,81.54876416666666,7.392013333333334,2026-08-22,2026-09-10,12,3,5.246666666666667,8.59,0.1579,,,,19,Wildfire / Natural Fire,"No industrial facility within 5km, high peak intensity (max FRP 8.6), short-lived (3 active day(s) over 19 days) — profile matches a natural/wild fire rather than a stable industrial source."
664,81.389934,6.746075,2026-07-21,2026-09-10,10,8,4.614,9.27,0.1569,,,,51,Other/Unknown,"Active on 8 distinct days across 51 days with no industrial facility within 5km — genuinely persistent, but cannot attribute cause without Sentinel-2 land-cover context. Candidates: recurring agricultural burning, an unmapped facility (OSM coverage is incomplete in places), or a natural persistent source (e.g. peat/coal seam fire). Flagged for team review as a priority case given how unusual sustained 8-day activity is."
1175,79.53822615384615,18.71846384615385,2026-07-24,2026-09-07,13,7,1.3476923076923075,2.11,0.1556,,,,45,Other/Unknown,"Active on 7 distinct days across 45 days with no industrial facility within 5km — genuinely persistent, but cannot attribute cause without Sentinel-2 land-cover context. Candidates: recurring agricultural burning, an unmapped facility (OSM coverage is incomplete in places), or a natural persistent source (e.g. peat/coal seam fire). Flagged for team review as a priority case given how unusual sustained 7-day activity is."
1808,87.3634025,23.4847325,2026-07-21,2026-08-16,4,4,2.515,3.31,0.1538,,,,26,Other/Unknown,"No nearby facility, moderate intensity (max FRP 3.3), short/low activity (4 active day(s) over 26 days, persistence score 0.15) — insufficient evidence to confidently classify."
1393,79.23822,19.821435,2026-08-25,2026-09-07,2,2,0.8049999999999999,0.86,0.1538,,,,13,Other/Unknown,"No nearby facility, moderate intensity (max FRP 0.9), short/low activity (2 active day(s) over 13 days, persistence score 0.15) — insufficient evidence to confidently classify."
1498,81.25237,7.755079999999999,2026-08-19,2026-09-01,3,2,7.446666666666665,10.62,0.1538,,,,13,Wildfire / Natural Fire,"No industrial facility within 5km, high peak intensity (max FRP 10.6), short-lived (2 active day(s) over 13 days) — profile matches a natural/wild fire rather than a stable industrial source."
1507,80.18777499999999,8.41471,2026-08-19,2026-09-01,2,2,4.575,4.82,0.1538,,,,13,Other/Unknown,"No nearby facility, moderate intensity (max FRP 4.8), short/low activity (2 active day(s) over 13 days, persistence score 0.15) — insufficient evidence to confidently classify."
786,74.37528200000001,31.614856000000003,2026-08-15,2026-09-10,5,4,1.002,1.47,0.1538,,,,26,Other/Unknown,"No nearby facility, moderate intensity (max FRP 1.5), short/low activity (4 active day(s) over 26 days, persistence score 0.15) — insufficient evidence to confidently classify."
1904,78.820645,9.47303,2026-07-31,2026-08-13,2,2,3.17,4.56,0.1538,,,,13,Other/Unknown,"No nearby facility, moderate intensity (max FRP 4.6), short/low activity (2 active day(s) over 13 days, persistence score 0.15) — insufficient evidence to confidently classify."
1475,78.25911,14.471945000000002,2026-08-18,2026-08-31,4,2,4.9925,5.87,0.1538,Pulivendula,power_plant,2424.30503728,13,Industrial Fire,Close to an unnamed industrial_area (993m away) but only active 2 day(s) over a 13-day window (4 detections) — reads as a transient burn event at/near a facility rather than an ongoing source.
1475,78.25911,14.471945000000002,2026-08-18,2026-08-31,4,2,4.9925,5.87,0.1538,,industrial_area,992.98109536,13,Industrial Fire,Close to an unnamed industrial_area (993m away) but only active 2 day(s) over a 13-day window (4 detections) — reads as a transient burn event at/near a facility rather than an ongoing source.
1448,72.28866,31.58256,2026-08-17,2026-08-30,2,2,2.575,3.03,0.1538,,,,13,Other/Unknown,"No nearby facility, moderate intensity (max FRP 3.0), short/low activity (2 active day(s) over 13 days, persistence score 0.15) — insufficient evidence to confidently classify."
1585,79.08828000000001,11.176362,2026-07-31,2026-09-02,5,5,1.078,2.63,0.1515,,power_plant,2107.75159201,33,Industrial Fire,Close to an unnamed industrial_area (783m away) but only active 5 day(s) over a 33-day window (5 detections) — reads as a transient burn event at/near a facility rather than an ongoing source.
1585,79.08828000000001,11.176362,2026-07-31,2026-09-02,5,5,1.078,2.63,0.1515,,industrial_area,782.6958006,33,Industrial Fire,Close to an unnamed industrial_area (783m away) but only active 5 day(s) over a 33-day window (5 detections) — reads as a transient burn event at/near a facility rather than an ongoing source.
1789,81.79207666666666,7.216543333333333,2026-07-26,2026-08-15,3,3,3.703333333333333,8.29,0.15,Farzan Construction & Agriculture,industrial_area,4534.28359503,20,Other/Unknown,"No nearby facility, moderate intensity (max FRP 8.3), short/low activity (3 active day(s) over 20 days, persistence score 0.15) — insufficient evidence to confidently classify."
789,74.25878,18.8042025,2026-08-21,2026-09-10,4,3,0.8125,0.97,0.15,,,,20,Other/Unknown,"No nearby facility, moderate intensity (max FRP 1.0), short/low activity (3 active day(s) over 20 days, persistence score 0.15) — insufficient evidence to confidently classify."
1123,81.10510125,7.524093125,2026-08-15,2026-09-04,16,3,10.096875,61.88,0.15,,,,20,Wildfire / Natural Fire,"No industrial facility within 5km, high peak intensity (max FRP 61.9), short-lived (3 active day(s) over 20 days) — profile matches a natural/wild fire rather than a stable industrial source."
921,80.1017275,13.392475,2026-07-26,2026-09-11,8,7,1.585,4.03,0.1489,TCPL,power_plant,1577.17463501,47,Persistent Industrial Thermal Source,"Active on 7 distinct days across a 47-day observation window (8 total detections), only 921m from an unnamed industrial_area — sustained repeat activity right at a known facility is strong evidence of an ongoing operational source (e.g. flare stack, furnace) rather than a one-off event."
921,80.1017275,13.392475,2026-07-26,2026-09-11,8,7,1.585,4.03,0.1489,Gummidipoondi Suryadev Power Plant,power_plant,1207.05098962,47,Persistent Industrial Thermal Source,"Active on 7 distinct days across a 47-day observation window (8 total detections), only 921m from an unnamed industrial_area — sustained repeat activity right at a known facility is strong evidence of an ongoing operational source (e.g. flare stack, furnace) rather than a one-off event."
921,80.1017275,13.392475,2026-07-26,2026-09-11,8,7,1.585,4.03,0.1489,Chennai OPG Power Plant,power_plant,4922.51274035,47,Persistent Industrial Thermal Source,"Active on 7 distinct days across a 47-day observation window (8 total detections), only 921m from an unnamed industrial_area — sustained repeat activity right at a known facility is strong evidence of an ongoing operational source (e.g. flare stack, furnace) rather than a one-off event."
921,80.1017275,13.392475,2026-07-26,2026-09-11,8,7,1.585,4.03,0.1489,,power_plant,2798.58337903,47,Persistent Industrial Thermal Source,"Active on 7 distinct days across a 47-day observation window (8 total detections), only 921m from an unnamed industrial_area — sustained repeat activity right at a known facility is strong evidence of an ongoing operational source (e.g. flare stack, furnace) rather than a one-off event."
921,80.1017275,13.392475,2026-07-26,2026-09-11,8,7,1.585,4.03,0.1489,,industrial_works,1331.73821853,47,Persistent Industrial Thermal Source,"Active on 7 distinct days across a 47-day observation window (8 total detections), only 921m from an unnamed industrial_area — sustained repeat activity right at a known facility is strong evidence of an ongoing operational source (e.g. flare stack, furnace) rather than a one-off event."
921,80.1017275,13.392475,2026-07-26,2026-09-11,8,7,1.585,4.03,0.1489,,industrial_area,920.78920808,47,Persistent Industrial Thermal Source,"Active on 7 distinct days across a 47-day observation window (8 total detections), only 921m from an unnamed industrial_area — sustained repeat activity right at a known facility is strong evidence of an ongoing operational source (e.g. flare stack, furnace) rather than a one-off event."
921,80.1017275,13.392475,2026-07-26,2026-09-11,8,7,1.585,4.03,0.1489,SIPCOT Gummidipundi,industrial_area,2435.90458111,47,Persistent Industrial Thermal Source,"Active on 7 distinct days across a 47-day observation window (8 total detections), only 921m from an unnamed industrial_area — sustained repeat activity right at a known facility is strong evidence of an ongoing operational source (e.g. flare stack, furnace) rather than a one-off event."
634,69.86351166666667,22.33792055555556,2026-07-18,2026-09-10,18,8,2.26,3.38,0.1481,,pipeline,216.34435596,54,Persistent Industrial Thermal Source,"Active on 8 distinct days across a 54-day observation window (18 total detections), only 216m from an unnamed pipeline — sustained repeat activity right at a known facility is strong evidence of an ongoing operational source (e.g. flare stack, furnace) rather than a one-off event."
634,69.86351166666667,22.33792055555556,2026-07-18,2026-09-10,18,8,2.26,3.38,0.1481,,industrial_works,2628.03577719,54,Persistent Industrial Thermal Source,"Active on 8 distinct days across a 54-day observation window (18 total detections), only 216m from an unnamed pipeline — sustained repeat activity right at a known facility is strong evidence of an ongoing operational source (e.g. flare stack, furnace) rather than a one-off event."
634,69.86351166666667,22.33792055555556,2026-07-18,2026-09-10,18,8,2.26,3.38,0.1481,,industrial_area,581.55402811,54,Persistent Industrial Thermal Source,"Active on 8 distinct days across a 54-day observation window (18 total detections), only 216m from an unnamed pipeline — sustained repeat activity right at a known facility is strong evidence of an ongoing operational source (e.g. flare stack, furnace) rather than a one-off event."
634,69.86351166666667,22.33792055555556,2026-07-18,2026-09-10,18,8,2.26,3.38,0.1481,Reliance Refinery,industrial_area,340.40458608,54,Persistent Industrial Thermal Source,"Active on 8 distinct days across a 54-day observation window (18 total detections), only 216m from an unnamed pipeline — sustained repeat activity right at a known facility is strong evidence of an ongoing operational source (e.g. flare stack, furnace) rather than a one-off event."
634,69.86351166666667,22.33792055555556,2026-07-18,2026-09-10,18,8,2.26,3.38,0.1481,Reliance industries,industrial_works,2654.4315186,54,Persistent Industrial Thermal Source,"Active on 8 distinct days across a 54-day observation window (18 total detections), only 216m from an unnamed pipeline — sustained repeat activity right at a known facility is strong evidence of an ongoing operational source (e.g. flare stack, furnace) rather than a one-off event."
634,69.86351166666667,22.33792055555556,2026-07-18,2026-09-10,18,8,2.26,3.38,0.1481,,power_plant,1200.79137963,54,Persistent Industrial Thermal Source,"Active on 8 distinct days across a 54-day observation window (18 total detections), only 216m from an unnamed pipeline — sustained repeat activity right at a known facility is strong evidence of an ongoing operational source (e.g. flare stack, furnace) rather than a one-off event."
1750,81.6019075,6.9363075,2026-07-26,2026-08-22,4,4,1.6350000000000002,3.69,0.1481,,power_plant,3457.61813308,27,Other/Unknown,3458m from an unnamed power_plant — plausibly related but not close enough to confidently attribute; distance alone is insufficient per project methodology. Needs Sentinel-2 land-cover context to resolve.
848,80.80112285714286,8.35759142857143,2026-08-09,2026-09-12,7,5,8.345714285714285,11.15,0.1471,,,,34,Wildfire / Natural Fire,"No industrial facility within 5km, high peak intensity (max FRP 11.2), short-lived (5 active day(s) over 34 days) — profile matches a natural/wild fire rather than a stable industrial source."
1147,80.85934,8.696325555555555,2026-07-19,2026-09-05,9,7,5.871111111111111,8.54,0.1458,,,,48,Other/Unknown,"Active on 7 distinct days across 48 days with no industrial facility within 5km — genuinely persistent, but cannot attribute cause without Sentinel-2 land-cover context. Candidates: recurring agricultural burning, an unmapped facility (OSM coverage is incomplete in places), or a natural persistent source (e.g. peat/coal seam fire). Flagged for team review as a priority case given how unusual sustained 7-day activity is."
1086,84.99783181818181,23.66760181818182,2026-08-07,2026-09-04,11,4,1.569090909090909,2.91,0.1429,,,,28,Other/Unknown,"No nearby facility, moderate intensity (max FRP 2.9), short/low activity (4 active day(s) over 28 days, persistence score 0.14) — insufficient evidence to confidently classify."
1064,81.395455,7.924315,2026-08-20,2026-09-03,2,2,5.4,7.19,0.1429,,,,14,Other/Unknown,"No nearby facility, moderate intensity (max FRP 7.2), short/low activity (2 active day(s) over 14 days, persistence score 0.14) — insufficient evidence to confidently classify."
1515,80.38951333333334,8.919826666666667,2026-08-18,2026-09-01,3,2,6.576666666666667,11.59,0.1429,,,,14,Wildfire / Natural Fire,"No industrial facility within 5km, high peak intensity (max FRP 11.6), short-lived (2 active day(s) over 14 days) — profile matches a natural/wild fire rather than a stable industrial source."
1171,80.28417999999999,13.16070857142857,2026-08-15,2026-09-05,7,3,3.662857142857143,11.5,0.1429,,industrial_works,1058.82874785,21,Industrial Fire,Close to an unnamed industrial_area (668m away) but only active 3 day(s) over a 21-day window (7 detections) — reads as a transient burn event at/near a facility rather than an ongoing source.
1171,80.28417999999999,13.16070857142857,2026-08-15,2026-09-05,7,3,3.662857142857143,11.5,0.1429,,industrial_area,667.70064557,21,Industrial Fire,Close to an unnamed industrial_area (668m away) but only active 3 day(s) over a 21-day window (7 detections) — reads as a transient burn event at/near a facility rather than an ongoing source.
1171,80.28417999999999,13.16070857142857,2026-08-15,2026-09-05,7,3,3.662857142857143,11.5,0.1429,Tondiarpet Diesel Loco Shed,industrial_area,3054.88760786,21,Industrial Fire,Close to an unnamed industrial_area (668m away) but only active 3 day(s) over a 21-day window (7 detections) — reads as a transient burn event at/near a facility rather than an ongoing source.
1171,80.28417999999999,13.16070857142857,2026-08-15,2026-09-05,7,3,3.662857142857143,11.5,0.1429,Tondiarpet-II MTC Depot,industrial_area,3013.52395517,21,Industrial Fire,Close to an unnamed industrial_area (668m away) but only active 3 day(s) over a 21-day window (7 detections) — reads as a transient burn event at/near a facility rather than an ongoing source.
1171,80.28417999999999,13.16070857142857,2026-08-15,2026-09-05,7,3,3.662857142857143,11.5,0.1429,Thiruvottiyur MTC Depot,industrial_area,2550.88359885,21,Industrial Fire,Close to an unnamed industrial_area (668m away) but only active 3 day(s) over a 21-day window (7 detections) — reads as a transient burn event at/near a facility rather than an ongoing source.
1171,80.28417999999999,13.16070857142857,2026-08-15,2026-09-05,7,3,3.662857142857143,11.5,0.1429,STP Container Terminal,industrial_area,2617.99741671,21,Industrial Fire,Close to an unnamed industrial_area (668m away) but only active 3 day(s) over a 21-day window (7 detections) — reads as a transient burn event at/near a facility rather than an ongoing source.
1171,80.28417999999999,13.16070857142857,2026-08-15,2026-09-05,7,3,3.662857142857143,11.5,0.1429,Sri Lakshmi Agro,industrial_area,2406.51706071,21,Industrial Fire,Close to an unnamed industrial_area (668m away) but only active 3 day(s) over a 21-day window (7 detections) — reads as a transient burn event at/near a facility rather than an ongoing source.
1171,80.28417999999999,13.16070857142857,2026-08-15,2026-09-05,7,3,3.662857142857143,11.5,0.1429,Royal Enfield Motors,industrial_area,2905.23309349,21,Industrial Fire,Close to an unnamed industrial_area (668m away) but only active 3 day(s) over a 21-day window (7 detections) — reads as a transient burn event at/near a facility rather than an ongoing source.
1171,80.28417999999999,13.16070857142857,2026-08-15,2026-09-05,7,3,3.662857142857143,11.5,0.1429,MRF Tyres,industrial_area,3257.68957032,21,Industrial Fire,Close to an unnamed industrial_area (668m away) but only active 3 day(s) over a 21-day window (7 detections) — reads as a transient burn event at/near a facility rather than an ongoing source.
1171,80.28417999999999,13.16070857142857,2026-08-15,2026-09-05,7,3,3.662857142857143,11.5,0.1429,Manali Petro Chemicals,industrial_area,1611.66615353,21,Industrial Fire,Close to an unnamed industrial_area (668m away) but only active 3 day(s) over a 21-day window (7 detections) — reads as a transient burn event at/near a facility rather than an ongoing source.
1171,80.28417999999999,13.16070857142857,2026-08-15,2026-09-05,7,3,3.662857142857143,11.5,0.1429,Manali Fertilizers Limited - MFL,industrial_area,2151.06818219,21,Industrial Fire,Close to an unnamed industrial_area (668m away) but only active 3 day(s) over a 21-day window (7 detections) — reads as a transient burn event at/near a facility rather than an ongoing source.
1171,80.28417999999999,13.16070857142857,2026-08-15,2026-09-05,7,3,3.662857142857143,11.5,0.1429,Korukkupet Goods Shed,industrial_area,4847.21059606,21,Industrial Fire,Close to an unnamed industrial_area (668m away) but only active 3 day(s) over a 21-day window (7 detections) — reads as a transient burn event at/near a facility rather than an ongoing source.
1171,80.28417999999999,13.16070857142857,2026-08-15,2026-09-05,7,3,3.662857142857143,11.5,0.1429,ITC Packaging,industrial_area,3354.89771927,21,Industrial Fire,Close to an unnamed industrial_area (668m away) but only active 3 day(s) over a 21-day window (7 detections) — reads as a transient burn event at/near a facility rather than an ongoing source.
1284,77.0646042857143,10.929604285714287,2026-07-25,2026-09-05,7,6,1.1871428571428573,3.75,0.1429,,industrial_area,1969.84860381,42,Other/Unknown,1970m from an unnamed industrial_area — plausibly related but not close enough to confidently attribute; distance alone is insufficient per project methodology. Needs Sentinel-2 land-cover context to resolve.
1171,80.28417999999999,13.16070857142857,2026-08-15,2026-09-05,7,3,3.662857142857143,11.5,0.1429,Indian Oil Corporation,industrial_area,2093.89979802,21,Industrial Fire,Close to an unnamed industrial_area (668m away) but only active 3 day(s) over a 21-day window (7 detections) — reads as a transient burn event at/near a facility rather than an ongoing source.
1171,80.28417999999999,13.16070857142857,2026-08-15,2026-09-05,7,3,3.662857142857143,11.5,0.1429,Indian Oil,industrial_area,4312.98871538,21,Industrial Fire,Close to an unnamed industrial_area (668m away) but only active 3 day(s) over a 21-day window (7 detections) — reads as a transient burn event at/near a facility rather than an ongoing source.
971,91.23528181818185,25.54239727272727,2026-07-24,2026-09-11,11,7,0.8236363636363635,1.51,0.1429,,,,49,Other/Unknown,"Active on 7 distinct days across 49 days with no industrial facility within 5km — genuinely persistent, but cannot attribute cause without Sentinel-2 land-cover context. Candidates: recurring agricultural burning, an unmapped facility (OSM coverage is incomplete in places), or a natural persistent source (e.g. peat/coal seam fire). Flagged for team review as a priority case given how unusual sustained 7-day activity is."
1171,80.28417999999999,13.16070857142857,2026-08-15,2026-09-05,7,3,3.662857142857143,11.5,0.1429,Hindustan Petroleum,industrial_area,4195.46635907,21,Industrial Fire,Close to an unnamed industrial_area (668m away) but only active 3 day(s) over a 21-day window (7 detections) — reads as a transient burn event at/near a facility rather than an ongoing source.
1171,80.28417999999999,13.16070857142857,2026-08-15,2026-09-05,7,3,3.662857142857143,11.5,0.1429,CPCL Refinery,industrial_area,1528.0159396,21,Industrial Fire,Close to an unnamed industrial_area (668m away) but only active 3 day(s) over a 21-day window (7 detections) — reads as a transient burn event at/near a facility rather than an ongoing source.
1171,80.28417999999999,13.16070857142857,2026-08-15,2026-09-05,7,3,3.662857142857143,11.5,0.1429,CPCL Manali Refinery Captive Power Station,power_plant,778.28584492,21,Industrial Fire,Close to an unnamed industrial_area (668m away) but only active 3 day(s) over a 21-day window (7 detections) — reads as a transient burn event at/near a facility rather than an ongoing source.
1171,80.28417999999999,13.16070857142857,2026-08-15,2026-09-05,7,3,3.662857142857143,11.5,0.1429,Container Corporation of India - CONCOR,industrial_area,1518.32803375,21,Industrial Fire,Close to an unnamed industrial_area (668m away) but only active 3 day(s) over a 21-day window (7 detections) — reads as a transient burn event at/near a facility rather than an ongoing source.
1171,80.28417999999999,13.16070857142857,2026-08-15,2026-09-05,7,3,3.662857142857143,11.5,0.1429,Carborundum Universal,industrial_area,2877.33550972,21,Industrial Fire,Close to an unnamed industrial_area (668m away) but only active 3 day(s) over a 21-day window (7 detections) — reads as a transient burn event at/near a facility rather than an ongoing source.
1171,80.28417999999999,13.16070857142857,2026-08-15,2026-09-05,7,3,3.662857142857143,11.5,0.1429,Bharath Petroleum,industrial_area,3862.56922116,21,Industrial Fire,Close to an unnamed industrial_area (668m away) but only active 3 day(s) over a 21-day window (7 detections) — reads as a transient burn event at/near a facility rather than an ongoing source.
1171,80.28417999999999,13.16070857142857,2026-08-15,2026-09-05,7,3,3.662857142857143,11.5,0.1429,Ananda Industries,industrial_area,2570.27317663,21,Industrial Fire,Close to an unnamed industrial_area (668m away) but only active 3 day(s) over a 21-day window (7 detections) — reads as a transient burn event at/near a facility rather than an ongoing source.
1254,80.63772,8.552415,2026-08-22,2026-09-05,2,2,1.455,2.2,0.1429,,,,14,Other/Unknown,"No nearby facility, moderate intensity (max FRP 2.2), short/low activity (2 active day(s) over 14 days, persistence score 0.14) — insufficient evidence to confidently classify."
983,80.527482,8.42047,2026-08-14,2026-09-11,10,4,6.151,13.78,0.1429,industrial ground area,industrial_area,3415.25705103,28,Other/Unknown,3415m from industrial ground area — plausibly related but not close enough to confidently attribute; distance alone is insufficient per project methodology. Needs Sentinel-2 land-cover context to resolve.
983,80.527482,8.42047,2026-08-14,2026-09-11,10,4,6.151,13.78,0.1429,open areas,industrial_area,3430.96046486,28,Other/Unknown,3415m from industrial ground area — plausibly related but not close enough to confidently attribute; distance alone is insufficient per project methodology. Needs Sentinel-2 land-cover context to resolve.
1168,82.03966166666667,21.802043333333334,2026-07-26,2026-09-06,6,6,1.336666666666667,2.18,0.1429,,,,42,Other/Unknown,"No nearby facility, moderate intensity (max FRP 2.2), short/low activity (6 active day(s) over 42 days, persistence score 0.14) — insufficient evidence to confidently classify."
1720,72.59044499999999,29.988385,2026-08-07,2026-08-21,2,2,3.975,4.97,0.1429,,,,14,Other/Unknown,"No nearby facility, moderate intensity (max FRP 5.0), short/low activity (2 active day(s) over 14 days, persistence score 0.14) — insufficient evidence to confidently classify."
1160,72.16640000000001,31.321135,2026-08-21,2026-09-04,2,2,2.955,3.46,0.1429,,,,14,Other/Unknown,"No nearby facility, moderate intensity (max FRP 3.5), short/low activity (2 active day(s) over 14 days, persistence score 0.14) — insufficient evidence to confidently classify."
910,73.092315,24.8203075,2026-07-16,2026-09-10,12,8,0.8591666666666665,1.45,0.1429,,power_plant,697.80390695,56,Persistent Industrial Thermal Source,"Active on 8 distinct days across a 56-day observation window (12 total detections), only 384m from Binani Cement — sustained repeat activity right at a known facility is strong evidence of an ongoing operational source (e.g. flare stack, furnace) rather than a one-off event."
1765,91.119105,29.703065,2026-07-24,2026-08-14,4,3,5.335,6.41,0.1429,,,,21,Other/Unknown,"No nearby facility, moderate intensity (max FRP 6.4), short/low activity (3 active day(s) over 21 days, persistence score 0.14) — insufficient evidence to confidently classify."
1453,81.74624666666666,6.75132,2026-08-10,2026-08-31,3,3,6.683333333333333,10.85,0.1429,,,,21,Wildfire / Natural Fire,"No industrial facility within 5km, high peak intensity (max FRP 10.8), short-lived (3 active day(s) over 21 days) — profile matches a natural/wild fire rather than a stable industrial source."
910,73.092315,24.8203075,2026-07-16,2026-09-10,12,8,0.8591666666666665,1.45,0.1429,,industrial_area,2303.87812734,56,Persistent Industrial Thermal Source,"Active on 8 distinct days across a 56-day observation window (12 total detections), only 384m from Binani Cement — sustained repeat activity right at a known facility is strong evidence of an ongoing operational source (e.g. flare stack, furnace) rather than a one-off event."
1926,72.0661225,30.62687,2026-07-18,2026-08-08,4,3,3.4075,4.51,0.1429,,,,21,Other/Unknown,"No nearby facility, moderate intensity (max FRP 4.5), short/low activity (3 active day(s) over 21 days, persistence score 0.14) — insufficient evidence to confidently classify."
1337,80.78199000000001,8.997595,2026-08-23,2026-09-06,2,2,8.05,9.1,0.1429,,,,14,Wildfire / Natural Fire,"No industrial facility within 5km, high peak intensity (max FRP 9.1), short-lived (2 active day(s) over 14 days) — profile matches a natural/wild fire rather than a stable industrial source."
1434,81.34212500000001,7.455215000000001,2026-08-16,2026-08-30,2,2,4.83,4.99,0.1429,,,,14,Other/Unknown,"No nearby facility, moderate intensity (max FRP 5.0), short/low activity (2 active day(s) over 14 days, persistence score 0.14) — insufficient evidence to confidently classify."
910,73.092315,24.8203075,2026-07-16,2026-09-10,12,8,0.8591666666666665,1.45,0.1429,Binani Cement,industrial_area,384.22443569,56,Persistent Industrial Thermal Source,"Active on 8 distinct days across a 56-day observation window (12 total detections), only 384m from Binani Cement — sustained repeat activity right at a known facility is strong evidence of an ongoing operational source (e.g. flare stack, furnace) rather than a one-off event."
1095,86.234555,23.79451,2026-08-06,2026-09-03,4,4,1.8325,3.42,0.1429,,,,28,Other/Unknown,"No nearby facility, moderate intensity (max FRP 3.4), short/low activity (4 active day(s) over 28 days, persistence score 0.14) — insufficient evidence to confidently classify."
1180,83.55388714285714,21.878884285714285,2026-07-26,2026-09-07,7,6,1.482857142857143,2.45,0.1395,,,,43,Other/Unknown,"No nearby facility, moderate intensity (max FRP 2.5), short/low activity (6 active day(s) over 43 days, persistence score 0.14) — insufficient evidence to confidently classify."
575,74.63383777777779,24.933532222222222,2026-07-29,2026-09-10,9,6,1.3066666666666666,2.26,0.1395,Birla Cement,industrial_area,387.47892288,43,Industrial Fire,Close to Birla Cement (387m away) but only active 6 day(s) over a 43-day window (9 detections) — reads as a transient burn event at/near a facility rather than an ongoing source.
575,74.63383777777779,24.933532222222222,2026-07-29,2026-09-10,9,6,1.3066666666666666,2.26,0.1395,Chanderia Smelter Power Plant,power_plant,4834.99236084,43,Industrial Fire,Close to Birla Cement (387m away) but only active 6 day(s) over a 43-day window (9 detections) — reads as a transient burn event at/near a facility rather than an ongoing source.
575,74.63383777777779,24.933532222222222,2026-07-29,2026-09-10,9,6,1.3066666666666666,2.26,0.1395,,power_plant,1460.92435673,43,Industrial Fire,Close to Birla Cement (387m away) but only active 6 day(s) over a 43-day window (9 detections) — reads as a transient burn event at/near a facility rather than an ongoing source.
575,74.63383777777779,24.933532222222222,2026-07-29,2026-09-10,9,6,1.3066666666666666,2.26,0.1395,,industrial_area,761.58630912,43,Industrial Fire,Close to Birla Cement (387m away) but only active 6 day(s) over a 43-day window (9 detections) — reads as a transient burn event at/near a facility rather than an ongoing source.
857,73.83891374999999,27.28782,2026-07-29,2026-09-10,8,6,1.4187500000000002,2.22,0.1395,,,,43,Other/Unknown,"No nearby facility, moderate intensity (max FRP 2.2), short/low activity (6 active day(s) over 43 days, persistence score 0.14) — insufficient evidence to confidently classify."
1410,95.087572,27.377140000000004,2026-07-24,2026-08-29,5,5,1.5399999999999998,2.62,0.1389,,industrial_area,501.53352355,36,Industrial Fire,Close to an unnamed industrial_area (502m away) but only active 5 day(s) over a 36-day window (5 detections) — reads as a transient burn event at/near a facility rather than an ongoing source.
1309,85.50720285714286,23.656121428571424,2026-07-31,2026-09-05,7,5,1.052857142857143,1.28,0.1389,,,,36,Other/Unknown,"No nearby facility, moderate intensity (max FRP 1.3), short/low activity (5 active day(s) over 36 days, persistence score 0.14) — insufficient evidence to confidently classify."
1181,83.75346666666667,22.01553333333333,2026-08-09,2026-09-07,6,4,1.038333333333333,1.24,0.1379,,,,29,Other/Unknown,"No nearby facility, moderate intensity (max FRP 1.2), short/low activity (4 active day(s) over 29 days, persistence score 0.14) — insufficient evidence to confidently classify."
1150,80.57284857142858,8.804482857142856,2026-08-14,2026-09-05,7,3,4.681428571428572,6.13,0.1364,,power_plant,4307.21205957,22,Other/Unknown,"No nearby facility, moderate intensity (max FRP 6.1), short/low activity (3 active day(s) over 22 days, persistence score 0.14) — insufficient evidence to confidently classify."
1257,80.58614600000001,8.571228,2026-08-14,2026-09-05,5,3,4.646,6.1,0.1364,,,,22,Other/Unknown,"No nearby facility, moderate intensity (max FRP 6.1), short/low activity (3 active day(s) over 22 days, persistence score 0.14) — insufficient evidence to confidently classify."
533,77.78941499999999,8.883555000000001,2026-08-18,2026-09-09,4,3,2.705,3.0,0.1364,,power_plant,1092.19644155,22,Industrial Fire,Close to an unnamed power_plant (1092m away) but only active 3 day(s) over a 22-day window (4 detections) — reads as a transient burn event at/near a facility rather than an ongoing source.
447,84.867155625,22.211254375,2026-07-26,2026-09-08,16,6,2.01,4.08,0.1364,,,,44,Other/Unknown,"No nearby facility, moderate intensity (max FRP 4.1), short/low activity (6 active day(s) over 44 days, persistence score 0.14) — insufficient evidence to confidently classify."
1036,80.379745,8.57417,2026-08-28,2026-09-12,2,2,5.85,7.75,0.1333,,,,15,Other/Unknown,"No nearby facility, moderate intensity (max FRP 7.8), short/low activity (2 active day(s) over 15 days, persistence score 0.13) — insufficient evidence to confidently classify."
496,81.36305666666667,7.546936666666667,2026-08-25,2026-09-09,3,2,3.143333333333333,3.4,0.1333,,,,15,Other/Unknown,"No nearby facility, moderate intensity (max FRP 3.4), short/low activity (2 active day(s) over 15 days, persistence score 0.13) — insufficient evidence to confidently classify."
1048,68.07376333333333,24.836635,2026-08-28,2026-09-12,6,2,6.925,13.07,0.1333,,,,15,Wildfire / Natural Fire,"No industrial facility within 5km, high peak intensity (max FRP 13.1), short-lived (2 active day(s) over 15 days) — profile matches a natural/wild fire rather than a stable industrial source."
844,77.63803250000001,8.3042625,2026-08-27,2026-09-11,4,2,3.925,6.52,0.1333,,industrial_area,2771.25069111,15,Other/Unknown,2771m from an unnamed industrial_area — plausibly related but not close enough to confidently attribute; distance alone is insufficient per project methodology. Needs Sentinel-2 land-cover context to resolve.
787,71.310655,33.26875,2026-08-26,2026-09-10,4,2,1.7075,2.72,0.1333,,,,15,Other/Unknown,"No nearby facility, moderate intensity (max FRP 2.7), short/low activity (2 active day(s) over 15 days, persistence score 0.13) — insufficient evidence to confidently classify."
1861,77.872765,8.6645,2026-07-26,2026-08-10,2,2,5.4,6.53,0.1333,,,,15,Other/Unknown,"No nearby facility, moderate intensity (max FRP 6.5), short/low activity (2 active day(s) over 15 days, persistence score 0.13) — insufficient evidence to confidently classify."
1188,77.61853285714287,12.745641428571428,2026-07-16,2026-09-07,7,7,0.8585714285714285,2.67,0.1321,Gee Emm Industries,industrial_area,3502.49351114,53,Persistent Industrial Thermal Source,"Active on 7 distinct days across a 53-day observation window (7 total detections), only 1201m from an unnamed industrial_area — sustained repeat activity right at a known facility is strong evidence of an ongoing operational source (e.g. flare stack, furnace) rather than a one-off event."
1188,77.61853285714287,12.745641428571428,2026-07-16,2026-09-07,7,7,0.8585714285714285,2.67,0.1321,Eco Plywoods (P) Ltd,industrial_area,3582.18058853,53,Persistent Industrial Thermal Source,"Active on 7 distinct days across a 53-day observation window (7 total detections), only 1201m from an unnamed industrial_area — sustained repeat activity right at a known facility is strong evidence of an ongoing operational source (e.g. flare stack, furnace) rather than a one-off event."
1188,77.61853285714287,12.745641428571428,2026-07-16,2026-09-07,7,7,0.8585714285714285,2.67,0.1321,Suthern Bakeries Pvt Ltd,industrial_area,3711.45815974,53,Persistent Industrial Thermal Source,"Active on 7 distinct days across a 53-day observation window (7 total detections), only 1201m from an unnamed industrial_area — sustained repeat activity right at a known facility is strong evidence of an ongoing operational source (e.g. flare stack, furnace) rather than a one-off event."
1188,77.61853285714287,12.745641428571428,2026-07-16,2026-09-07,7,7,0.8585714285714285,2.67,0.1321,Muktha Die Casting Pvt Ltd,industrial_area,4323.25319548,53,Persistent Industrial Thermal Source,"Active on 7 distinct days across a 53-day observation window (7 total detections), only 1201m from an unnamed industrial_area — sustained repeat activity right at a known facility is strong evidence of an ongoing operational source (e.g. flare stack, furnace) rather than a one-off event."
1188,77.61853285714287,12.745641428571428,2026-07-16,2026-09-07,7,7,0.8585714285714285,2.67,0.1321,Modi Exports,industrial_area,3689.1486992,53,Persistent Industrial Thermal Source,"Active on 7 distinct days across a 53-day observation window (7 total detections), only 1201m from an unnamed industrial_area — sustained repeat activity right at a known facility is strong evidence of an ongoing operational source (e.g. flare stack, furnace) rather than a one-off event."
1188,77.61853285714287,12.745641428571428,2026-07-16,2026-09-07,7,7,0.8585714285714285,2.67,0.1321,Tata Advanced Materials,industrial_works,4139.93788875,53,Persistent Industrial Thermal Source,"Active on 7 distinct days across a 53-day observation window (7 total detections), only 1201m from an unnamed industrial_area — sustained repeat activity right at a known facility is strong evidence of an ongoing operational source (e.g. flare stack, furnace) rather than a one-off event."
1188,77.61853285714287,12.745641428571428,2026-07-16,2026-09-07,7,7,0.8585714285714285,2.67,0.1321,Micro Plastics,industrial_area,3341.55874943,53,Persistent Industrial Thermal Source,"Active on 7 distinct days across a 53-day observation window (7 total detections), only 1201m from an unnamed industrial_area — sustained repeat activity right at a known facility is strong evidence of an ongoing operational source (e.g. flare stack, furnace) rather than a one-off event."
1188,77.61853285714287,12.745641428571428,2026-07-16,2026-09-07,7,7,0.8585714285714285,2.67,0.1321,Megatechs Cold Forgings Pvt Ltd,industrial_area,3428.82899939,53,Persistent Industrial Thermal Source,"Active on 7 distinct days across a 53-day observation window (7 total detections), only 1201m from an unnamed industrial_area — sustained repeat activity right at a known facility is strong evidence of an ongoing operational source (e.g. flare stack, furnace) rather than a one-off event."
1188,77.61853285714287,12.745641428571428,2026-07-16,2026-09-07,7,7,0.8585714285714285,2.67,0.1321,Tejaswi Engineering Works,industrial_area,3478.60673986,53,Persistent Industrial Thermal Source,"Active on 7 distinct days across a 53-day observation window (7 total detections), only 1201m from an unnamed industrial_area — sustained repeat activity right at a known facility is strong evidence of an ongoing operational source (e.g. flare stack, furnace) rather than a one-off event."
1188,77.61853285714287,12.745641428571428,2026-07-16,2026-09-07,7,7,0.8585714285714285,2.67,0.1321,Thirumala Print Pack(P) Ltd,industrial_area,4058.24079549,53,Persistent Industrial Thermal Source,"Active on 7 distinct days across a 53-day observation window (7 total detections), only 1201m from an unnamed industrial_area — sustained repeat activity right at a known facility is strong evidence of an ongoing operational source (e.g. flare stack, furnace) rather than a one-off event."
1188,77.61853285714287,12.745641428571428,2026-07-16,2026-09-07,7,7,0.8585714285714285,2.67,0.1321,Thunga Enterprises,industrial_area,3703.51867407,53,Persistent Industrial Thermal Source,"Active on 7 distinct days across a 53-day observation window (7 total detections), only 1201m from an unnamed industrial_area — sustained repeat activity right at a known facility is strong evidence of an ongoing operational source (e.g. flare stack, furnace) rather than a one-off event."
1188,77.61853285714287,12.745641428571428,2026-07-16,2026-09-07,7,7,0.8585714285714285,2.67,0.1321,Tulsi Granites,industrial_area,3883.75325209,53,Persistent Industrial Thermal Source,"Active on 7 distinct days across a 53-day observation window (7 total detections), only 1201m from an unnamed industrial_area — sustained repeat activity right at a known facility is strong evidence of an ongoing operational source (e.g. flare stack, furnace) rather than a one-off event."
1188,77.61853285714287,12.745641428571428,2026-07-16,2026-09-07,7,7,0.8585714285714285,2.67,0.1321,Mathru Granites,industrial_area,3309.70652108,53,Persistent Industrial Thermal Source,"Active on 7 distinct days across a 53-day observation window (7 total detections), only 1201m from an unnamed industrial_area — sustained repeat activity right at a known facility is strong evidence of an ongoing operational source (e.g. flare stack, furnace) rather than a one-off event."
1188,77.61853285714287,12.745641428571428,2026-07-16,2026-09-07,7,7,0.8585714285714285,2.67,0.1321,Shivalik Exports,industrial_area,3653.6908941,53,Persistent Industrial Thermal Source,"Active on 7 distinct days across a 53-day observation window (7 total detections), only 1201m from an unnamed industrial_area — sustained repeat activity right at a known facility is strong evidence of an ongoing operational source (e.g. flare stack, furnace) rather than a one-off event."
1188,77.61853285714287,12.745641428571428,2026-07-16,2026-09-07,7,7,0.8585714285714285,2.67,0.1321,Vidya Herbs,industrial_area,3603.46464258,53,Persistent Industrial Thermal Source,"Active on 7 distinct days across a 53-day observation window (7 total detections), only 1201m from an unnamed industrial_area — sustained repeat activity right at a known facility is strong evidence of an ongoing operational source (e.g. flare stack, furnace) rather than a one-off event."
1188,77.61853285714287,12.745641428571428,2026-07-16,2026-09-07,7,7,0.8585714285714285,2.67,0.1321,Master Food Products,industrial_area,3696.37323341,53,Persistent Industrial Thermal Source,"Active on 7 distinct days across a 53-day observation window (7 total detections), only 1201m from an unnamed industrial_area — sustained repeat activity right at a known facility is strong evidence of an ongoing operational source (e.g. flare stack, furnace) rather than a one-off event."
1188,77.61853285714287,12.745641428571428,2026-07-16,2026-09-07,7,7,0.8585714285714285,2.67,0.1321,Ecoplast,industrial_area,3627.43614818,53,Persistent Industrial Thermal Source,"Active on 7 distinct days across a 53-day observation window (7 total detections), only 1201m from an unnamed industrial_area — sustained repeat activity right at a known facility is strong evidence of an ongoing operational source (e.g. flare stack, furnace) rather than a one-off event."
1188,77.61853285714287,12.745641428571428,2026-07-16,2026-09-07,7,7,0.8585714285714285,2.67,0.1321,Emerald India Granites,industrial_area,3776.31125937,53,Persistent Industrial Thermal Source,"Active on 7 distinct days across a 53-day observation window (7 total detections), only 1201m from an unnamed industrial_area — sustained repeat activity right at a known facility is strong evidence of an ongoing operational source (e.g. flare stack, furnace) rather than a one-off event."
1188,77.61853285714287,12.745641428571428,2026-07-16,2026-09-07,7,7,0.8585714285714285,2.67,0.1321,Excel Energies & Technologies Pvt.L,industrial_area,3754.87862624,53,Persistent Industrial Thermal Source,"Active on 7 distinct days across a 53-day observation window (7 total detections), only 1201m from an unnamed industrial_area — sustained repeat activity right at a known facility is strong evidence of an ongoing operational source (e.g. flare stack, furnace) rather than a one-off event."
1188,77.61853285714287,12.745641428571428,2026-07-16,2026-09-07,7,7,0.8585714285714285,2.67,0.1321,Ganeshchandra Print-N-Pack P Ltd,industrial_area,3801.97048182,53,Persistent Industrial Thermal Source,"Active on 7 distinct days across a 53-day observation window (7 total detections), only 1201m from an unnamed industrial_area — sustained repeat activity right at a known facility is strong evidence of an ongoing operational source (e.g. flare stack, furnace) rather than a one-off event."
1188,77.61853285714287,12.745641428571428,2026-07-16,2026-09-07,7,7,0.8585714285714285,2.67,0.1321,Vohra Tea & Packaging Pvt Ltd,industrial_area,3792.80150324,53,Persistent Industrial Thermal Source,"Active on 7 distinct days across a 53-day observation window (7 total detections), only 1201m from an unnamed industrial_area — sustained repeat activity right at a known facility is strong evidence of an ongoing operational source (e.g. flare stack, furnace) rather than a one-off event."
1188,77.61853285714287,12.745641428571428,2026-07-16,2026-09-07,7,7,0.8585714285714285,2.67,0.1321,Maruthi Ads,industrial_area,3807.84855082,53,Persistent Industrial Thermal Source,"Active on 7 distinct days across a 53-day observation window (7 total detections), only 1201m from an unnamed industrial_area — sustained repeat activity right at a known facility is strong evidence of an ongoing operational source (e.g. flare stack, furnace) rather than a one-off event."
1188,77.61853285714287,12.745641428571428,2026-07-16,2026-09-07,7,7,0.8585714285714285,2.67,0.1321,Manjunatha Engineering Industries,industrial_area,4370.15902205,53,Persistent Industrial Thermal Source,"Active on 7 distinct days across a 53-day observation window (7 total detections), only 1201m from an unnamed industrial_area — sustained repeat activity right at a known facility is strong evidence of an ongoing operational source (e.g. flare stack, furnace) rather than a one-off event."
1188,77.61853285714287,12.745641428571428,2026-07-16,2026-09-07,7,7,0.8585714285714285,2.67,0.1321,Manivilas Food Products,industrial_area,3791.26248746,53,Persistent Industrial Thermal Source,"Active on 7 distinct days across a 53-day observation window (7 total detections), only 1201m from an unnamed industrial_area — sustained repeat activity right at a known facility is strong evidence of an ongoing operational source (e.g. flare stack, furnace) rather than a one-off event."
1188,77.61853285714287,12.745641428571428,2026-07-16,2026-09-07,7,7,0.8585714285714285,2.67,0.1321,Yellamma Concrete Blocks,industrial_area,4311.90041482,53,Persistent Industrial Thermal Source,"Active on 7 distinct days across a 53-day observation window (7 total detections), only 1201m from an unnamed industrial_area — sustained repeat activity right at a known facility is strong evidence of an ongoing operational source (e.g. flare stack, furnace) rather than a one-off event."
1188,77.61853285714287,12.745641428571428,2026-07-16,2026-09-07,7,7,0.8585714285714285,2.67,0.1321,Gayathri Granites P Ltd,industrial_area,4368.99411864,53,Persistent Industrial Thermal Source,"Active on 7 distinct days across a 53-day observation window (7 total detections), only 1201m from an unnamed industrial_area — sustained repeat activity right at a known facility is strong evidence of an ongoing operational source (e.g. flare stack, furnace) rather than a one-off event."
1188,77.61853285714287,12.745641428571428,2026-07-16,2026-09-07,7,7,0.8585714285714285,2.67,0.1321,Mallik Engineering,industrial_area,3729.05644948,53,Persistent Industrial Thermal Source,"Active on 7 distinct days across a 53-day observation window (7 total detections), only 1201m from an unnamed industrial_area — sustained repeat activity right at a known facility is strong evidence of an ongoing operational source (e.g. flare stack, furnace) rather than a one-off event."
1188,77.61853285714287,12.745641428571428,2026-07-16,2026-09-07,7,7,0.8585714285714285,2.67,0.1321,Silicon Granites,industrial_area,3729.62248949,53,Persistent Industrial Thermal Source,"Active on 7 distinct days across a 53-day observation window (7 total detections), only 1201m from an unnamed industrial_area — sustained repeat activity right at a known facility is strong evidence of an ongoing operational source (e.g. flare stack, furnace) rather than a one-off event."
1188,77.61853285714287,12.745641428571428,2026-07-16,2026-09-07,7,7,0.8585714285714285,2.67,0.1321,Magod Laser Machining Pvt Ltd,industrial_area,3895.57628162,53,Persistent Industrial Thermal Source,"Active on 7 distinct days across a 53-day observation window (7 total detections), only 1201m from an unnamed industrial_area — sustained repeat activity right at a known facility is strong evidence of an ongoing operational source (e.g. flare stack, furnace) rather than a one-off event."
1000,80.00378454545455,11.268336363636363,2026-07-20,2026-09-11,11,7,2.2418181818181817,3.58,0.1321,,,,53,Other/Unknown,"Active on 7 distinct days across 53 days with no industrial facility within 5km — genuinely persistent, but cannot attribute cause without Sentinel-2 land-cover context. Candidates: recurring agricultural burning, an unmapped facility (OSM coverage is incomplete in places), or a natural persistent source (e.g. peat/coal seam fire). Flagged for team review as a priority case given how unusual sustained 7-day activity is."
1188,77.61853285714287,12.745641428571428,2026-07-16,2026-09-07,7,7,0.8585714285714285,2.67,0.1321,Lapp Kabel India Pvt Ltd,industrial_works,3480.08370483,53,Persistent Industrial Thermal Source,"Active on 7 distinct days across a 53-day observation window (7 total detections), only 1201m from an unnamed industrial_area — sustained repeat activity right at a known facility is strong evidence of an ongoing operational source (e.g. flare stack, furnace) rather than a one-off event."
1188,77.61853285714287,12.745641428571428,2026-07-16,2026-09-07,7,7,0.8585714285714285,2.67,0.1321,KSIIDC,industrial_area,3320.93302665,53,Persistent Industrial Thermal Source,"Active on 7 distinct days across a 53-day observation window (7 total detections), only 1201m from an unnamed industrial_area — sustained repeat activity right at a known facility is strong evidence of an ongoing operational source (e.g. flare stack, furnace) rather than a one-off event."
1188,77.61853285714287,12.745641428571428,2026-07-16,2026-09-07,7,7,0.8585714285714285,2.67,0.1321,Krishna Granites,industrial_area,3772.09696301,53,Persistent Industrial Thermal Source,"Active on 7 distinct days across a 53-day observation window (7 total detections), only 1201m from an unnamed industrial_area — sustained repeat activity right at a known facility is strong evidence of an ongoing operational source (e.g. flare stack, furnace) rather than a one-off event."
1188,77.61853285714287,12.745641428571428,2026-07-16,2026-09-07,7,7,0.8585714285714285,2.67,0.1321,Sindhoor Exporters,industrial_area,3781.45793882,53,Persistent Industrial Thermal Source,"Active on 7 distinct days across a 53-day observation window (7 total detections), only 1201m from an unnamed industrial_area — sustained repeat activity right at a known facility is strong evidence of an ongoing operational source (e.g. flare stack, furnace) rather than a one-off event."
1188,77.61853285714287,12.745641428571428,2026-07-16,2026-09-07,7,7,0.8585714285714285,2.67,0.1321,Kirloskar Toyota,industrial_works,3937.89982433,53,Persistent Industrial Thermal Source,"Active on 7 distinct days across a 53-day observation window (7 total detections), only 1201m from an unnamed industrial_area — sustained repeat activity right at a known facility is strong evidence of an ongoing operational source (e.g. flare stack, furnace) rather than a one-off event."
1188,77.61853285714287,12.745641428571428,2026-07-16,2026-09-07,7,7,0.8585714285714285,2.67,0.1321,Sree Harsha Concrete Blocks,industrial_area,3787.57352477,53,Persistent Industrial Thermal Source,"Active on 7 distinct days across a 53-day observation window (7 total detections), only 1201m from an unnamed industrial_area — sustained repeat activity right at a known facility is strong evidence of an ongoing operational source (e.g. flare stack, furnace) rather than a one-off event."
1188,77.61853285714287,12.745641428571428,2026-07-16,2026-09-07,7,7,0.8585714285714285,2.67,0.1321,Kaveri Industries,industrial_area,4275.16361519,53,Persistent Industrial Thermal Source,"Active on 7 distinct days across a 53-day observation window (7 total detections), only 1201m from an unnamed industrial_area — sustained repeat activity right at a known facility is strong evidence of an ongoing operational source (e.g. flare stack, furnace) rather than a one-off event."
1188,77.61853285714287,12.745641428571428,2026-07-16,2026-09-07,7,7,0.8585714285714285,2.67,0.1321,Zircast Limited,industrial_area,4260.5691023,53,Persistent Industrial Thermal Source,"Active on 7 distinct days across a 53-day observation window (7 total detections), only 1201m from an unnamed industrial_area — sustained repeat activity right at a known facility is strong evidence of an ongoing operational source (e.g. flare stack, furnace) rather than a one-off event."
1188,77.61853285714287,12.745641428571428,2026-07-16,2026-09-07,7,7,0.8585714285714285,2.67,0.1321,Karnataka Polymers,industrial_area,4265.08665822,53,Persistent Industrial Thermal Source,"Active on 7 distinct days across a 53-day observation window (7 total detections), only 1201m from an unnamed industrial_area — sustained repeat activity right at a known facility is strong evidence of an ongoing operational source (e.g. flare stack, furnace) rather than a one-off event."
1188,77.61853285714287,12.745641428571428,2026-07-16,2026-09-07,7,7,0.8585714285714285,2.67,0.1321,Kanunga Extrusion P Ltd,industrial_area,3546.44473612,53,Persistent Industrial Thermal Source,"Active on 7 distinct days across a 53-day observation window (7 total detections), only 1201m from an unnamed industrial_area — sustained repeat activity right at a known facility is strong evidence of an ongoing operational source (e.g. flare stack, furnace) rather than a one-off event."
1188,77.61853285714287,12.745641428571428,2026-07-16,2026-09-07,7,7,0.8585714285714285,2.67,0.1321,Kamalam Handlooms Pvt Ltd,industrial_area,4299.75571393,53,Persistent Industrial Thermal Source,"Active on 7 distinct days across a 53-day observation window (7 total detections), only 1201m from an unnamed industrial_area — sustained repeat activity right at a known facility is strong evidence of an ongoing operational source (e.g. flare stack, furnace) rather than a one-off event."
1188,77.61853285714287,12.745641428571428,2026-07-16,2026-09-07,7,7,0.8585714285714285,2.67,0.1321,K M Granites India Pvt Ltd,industrial_area,3740.98579149,53,Persistent Industrial Thermal Source,"Active on 7 distinct days across a 53-day observation window (7 total detections), only 1201m from an unnamed industrial_area — sustained repeat activity right at a known facility is strong evidence of an ongoing operational source (e.g. flare stack, furnace) rather than a one-off event."
1188,77.61853285714287,12.745641428571428,2026-07-16,2026-09-07,7,7,0.8585714285714285,2.67,0.1321,Jupitor Technologies Pvt Ltd,industrial_area,3387.75771638,53,Persistent Industrial Thermal Source,"Active on 7 distinct days across a 53-day observation window (7 total detections), only 1201m from an unnamed industrial_area — sustained repeat activity right at a known facility is strong evidence of an ongoing operational source (e.g. flare stack, furnace) rather than a one-off event."
1188,77.61853285714287,12.745641428571428,2026-07-16,2026-09-07,7,7,0.8585714285714285,2.67,0.1321,Sri Maruthi Granites,industrial_area,4256.57565478,53,Persistent Industrial Thermal Source,"Active on 7 distinct days across a 53-day observation window (7 total detections), only 1201m from an unnamed industrial_area — sustained repeat activity right at a known facility is strong evidence of an ongoing operational source (e.g. flare stack, furnace) rather than a one-off event."
571,74.63466399999999,24.661626666666667,2026-07-18,2026-09-09,15,7,1.4680000000000002,2.08,0.1321,Vibrant Polymers LLP,industrial_area,2338.20613907,53,Persistent Industrial Thermal Source,"Active on 7 distinct days across a 53-day observation window (15 total detections), only 524m from Wonder Cement Power Station — sustained repeat activity right at a known facility is strong evidence of an ongoing operational source (e.g. flare stack, furnace) rather than a one-off event."
1188,77.61853285714287,12.745641428571428,2026-07-16,2026-09-07,7,7,0.8585714285714285,2.67,0.1321,Shakthi Interiors Inc.,industrial_area,4461.39638077,53,Persistent Industrial Thermal Source,"Active on 7 distinct days across a 53-day observation window (7 total detections), only 1201m from an unnamed industrial_area — sustained repeat activity right at a known facility is strong evidence of an ongoing operational source (e.g. flare stack, furnace) rather than a one-off event."
571,74.63466399999999,24.661626666666667,2026-07-18,2026-09-09,15,7,1.4680000000000002,2.08,0.1321,Wonder Cement Power Station,power_plant,524.42696337,53,Persistent Industrial Thermal Source,"Active on 7 distinct days across a 53-day observation window (15 total detections), only 524m from Wonder Cement Power Station — sustained repeat activity right at a known facility is strong evidence of an ongoing operational source (e.g. flare stack, furnace) rather than a one-off event."
1188,77.61853285714287,12.745641428571428,2026-07-16,2026-09-07,7,7,0.8585714285714285,2.67,0.1321,J J Engineering,industrial_area,3375.91845874,53,Persistent Industrial Thermal Source,"Active on 7 distinct days across a 53-day observation window (7 total detections), only 1201m from an unnamed industrial_area — sustained repeat activity right at a known facility is strong evidence of an ongoing operational source (e.g. flare stack, furnace) rather than a one-off event."
1188,77.61853285714287,12.745641428571428,2026-07-16,2026-09-07,7,7,0.8585714285714285,2.67,0.1321,Omega Enterprises,industrial_area,3790.76026545,53,Persistent Industrial Thermal Source,"Active on 7 distinct days across a 53-day observation window (7 total detections), only 1201m from an unnamed industrial_area — sustained repeat activity right at a known facility is strong evidence of an ongoing operational source (e.g. flare stack, furnace) rather than a one-off event."
1188,77.61853285714287,12.745641428571428,2026-07-16,2026-09-07,7,7,0.8585714285714285,2.67,0.1321,Nalini Fabrication,industrial_area,3266.62014644,53,Persistent Industrial Thermal Source,"Active on 7 distinct days across a 53-day observation window (7 total detections), only 1201m from an unnamed industrial_area — sustained repeat activity right at a known facility is strong evidence of an ongoing operational source (e.g. flare stack, furnace) rather than a one-off event."
1188,77.61853285714287,12.745641428571428,2026-07-16,2026-09-07,7,7,0.8585714285714285,2.67,0.1321,Intermed Labs Pvt.Ltd,industrial_works,3663.45213694,53,Persistent Industrial Thermal Source,"Active on 7 distinct days across a 53-day observation window (7 total detections), only 1201m from an unnamed industrial_area — sustained repeat activity right at a known facility is strong evidence of an ongoing operational source (e.g. flare stack, furnace) rather than a one-off event."
1188,77.61853285714287,12.745641428571428,2026-07-16,2026-09-07,7,7,0.8585714285714285,2.67,0.1321,Hareetha Pharmaceuticals,industrial_area,3577.66740147,53,Persistent Industrial Thermal Source,"Active on 7 distinct days across a 53-day observation window (7 total detections), only 1201m from an unnamed industrial_area — sustained repeat activity right at a known facility is strong evidence of an ongoing operational source (e.g. flare stack, furnace) rather than a one-off event."
571,74.63466399999999,24.661626666666667,2026-07-18,2026-09-09,15,7,1.4680000000000002,2.08,0.1321,,pipeline,3316.99237839,53,Persistent Industrial Thermal Source,"Active on 7 distinct days across a 53-day observation window (15 total detections), only 524m from Wonder Cement Power Station — sustained repeat activity right at a known facility is strong evidence of an ongoing operational source (e.g. flare stack, furnace) rather than a one-off event."
571,74.63466399999999,24.661626666666667,2026-07-18,2026-09-09,15,7,1.4680000000000002,2.08,0.1321,,power_plant,953.99970281,53,Persistent Industrial Thermal Source,"Active on 7 distinct days across a 53-day observation window (15 total detections), only 524m from Wonder Cement Power Station — sustained repeat activity right at a known facility is strong evidence of an ongoing operational source (e.g. flare stack, furnace) rather than a one-off event."
1188,77.61853285714287,12.745641428571428,2026-07-16,2026-09-07,7,7,0.8585714285714285,2.67,0.1321,N M Granites,industrial_area,3944.32473648,53,Persistent Industrial Thermal Source,"Active on 7 distinct days across a 53-day observation window (7 total detections), only 1201m from an unnamed industrial_area — sustained repeat activity right at a known facility is strong evidence of an ongoing operational source (e.g. flare stack, furnace) rather than a one-off event."
1188,77.61853285714287,12.745641428571428,2026-07-16,2026-09-07,7,7,0.8585714285714285,2.67,0.1321,Girija Enterprises,industrial_area,3551.5439749,53,Persistent Industrial Thermal Source,"Active on 7 distinct days across a 53-day observation window (7 total detections), only 1201m from an unnamed industrial_area — sustained repeat activity right at a known facility is strong evidence of an ongoing operational source (e.g. flare stack, furnace) rather than a one-off event."
1188,77.61853285714287,12.745641428571428,2026-07-16,2026-09-07,7,7,0.8585714285714285,2.67,0.1321,Murugan Industries,industrial_works,3315.90498206,53,Persistent Industrial Thermal Source,"Active on 7 distinct days across a 53-day observation window (7 total detections), only 1201m from an unnamed industrial_area — sustained repeat activity right at a known facility is strong evidence of an ongoing operational source (e.g. flare stack, furnace) rather than a one-off event."
1188,77.61853285714287,12.745641428571428,2026-07-16,2026-09-07,7,7,0.8585714285714285,2.67,0.1321,Muralidhar Goyal,industrial_area,4282.71544658,53,Persistent Industrial Thermal Source,"Active on 7 distinct days across a 53-day observation window (7 total detections), only 1201m from an unnamed industrial_area — sustained repeat activity right at a known facility is strong evidence of an ongoing operational source (e.g. flare stack, furnace) rather than a one-off event."
1188,77.61853285714287,12.745641428571428,2026-07-16,2026-09-07,7,7,0.8585714285714285,2.67,0.1321,Muniyappa,industrial_works,3446.93437036,53,Persistent Industrial Thermal Source,"Active on 7 distinct days across a 53-day observation window (7 total detections), only 1201m from an unnamed industrial_area — sustained repeat activity right at a known facility is strong evidence of an ongoing operational source (e.g. flare stack, furnace) rather than a one-off event."
1188,77.61853285714287,12.745641428571428,2026-07-16,2026-09-07,7,7,0.8585714285714285,2.67,0.1321,Sudarshan Chempro Private Limited,industrial_area,3782.99748957,53,Persistent Industrial Thermal Source,"Active on 7 distinct days across a 53-day observation window (7 total detections), only 1201m from an unnamed industrial_area — sustained repeat activity right at a known facility is strong evidence of an ongoing operational source (e.g. flare stack, furnace) rather than a one-off event."
1188,77.61853285714287,12.745641428571428,2026-07-16,2026-09-07,7,7,0.8585714285714285,2.67,0.1321,Sumukha Engineernig,industrial_area,3405.42414839,53,Persistent Industrial Thermal Source,"Active on 7 distinct days across a 53-day observation window (7 total detections), only 1201m from an unnamed industrial_area — sustained repeat activity right at a known facility is strong evidence of an ongoing operational source (e.g. flare stack, furnace) rather than a one-off event."
1188,77.61853285714287,12.745641428571428,2026-07-16,2026-09-07,7,7,0.8585714285714285,2.67,0.1321,Sunshine Works Pvt. Limited,industrial_area,3813.43815705,53,Persistent Industrial Thermal Source,"Active on 7 distinct days across a 53-day observation window (7 total detections), only 1201m from an unnamed industrial_area — sustained repeat activity right at a known facility is strong evidence of an ongoing operational source (e.g. flare stack, furnace) rather than a one-off event."
1188,77.61853285714287,12.745641428571428,2026-07-16,2026-09-07,7,7,0.8585714285714285,2.67,0.1321,Suretex Prophylactics(I)Ltd,industrial_works,3988.8943524,53,Persistent Industrial Thermal Source,"Active on 7 distinct days across a 53-day observation window (7 total detections), only 1201m from an unnamed industrial_area — sustained repeat activity right at a known facility is strong evidence of an ongoing operational source (e.g. flare stack, furnace) rather than a one-off event."
1188,77.61853285714287,12.745641428571428,2026-07-16,2026-09-07,7,7,0.8585714285714285,2.67,0.1321,Gci Exports Pvt Ltd,industrial_area,4002.45088833,53,Persistent Industrial Thermal Source,"Active on 7 distinct days across a 53-day observation window (7 total detections), only 1201m from an unnamed industrial_area — sustained repeat activity right at a known facility is strong evidence of an ongoing operational source (e.g. flare stack, furnace) rather than a one-off event."
1188,77.61853285714287,12.745641428571428,2026-07-16,2026-09-07,7,7,0.8585714285714285,2.67,0.1321,Rathna Food Products,industrial_area,4156.15704711,53,Persistent Industrial Thermal Source,"Active on 7 distinct days across a 53-day observation window (7 total detections), only 1201m from an unnamed industrial_area — sustained repeat activity right at a known facility is strong evidence of an ongoing operational source (e.g. flare stack, furnace) rather than a one-off event."
1188,77.61853285714287,12.745641428571428,2026-07-16,2026-09-07,7,7,0.8585714285714285,2.67,0.1321,Power Engineers & Earth Movers,industrial_area,3595.14594448,53,Persistent Industrial Thermal Source,"Active on 7 distinct days across a 53-day observation window (7 total detections), only 1201m from an unnamed industrial_area — sustained repeat activity right at a known facility is strong evidence of an ongoing operational source (e.g. flare stack, furnace) rather than a one-off event."
1188,77.61853285714287,12.745641428571428,2026-07-16,2026-09-07,7,7,0.8585714285714285,2.67,0.1321,Revanasiddehswara Education Trust,industrial_area,4333.20763955,53,Persistent Industrial Thermal Source,"Active on 7 distinct days across a 53-day observation window (7 total detections), only 1201m from an unnamed industrial_area — sustained repeat activity right at a known facility is strong evidence of an ongoing operational source (e.g. flare stack, furnace) rather than a one-off event."
1188,77.61853285714287,12.745641428571428,2026-07-16,2026-09-07,7,7,0.8585714285714285,2.67,0.1321,P S Paints & Coatings (India),industrial_area,3678.36550264,53,Persistent Industrial Thermal Source,"Active on 7 distinct days across a 53-day observation window (7 total detections), only 1201m from an unnamed industrial_area — sustained repeat activity right at a known facility is strong evidence of an ongoing operational source (e.g. flare stack, furnace) rather than a one-off event."
1188,77.61853285714287,12.745641428571428,2026-07-16,2026-09-07,7,7,0.8585714285714285,2.67,0.1321,Rks Agro-Tech Limited,industrial_area,4118.39564962,53,Persistent Industrial Thermal Source,"Active on 7 distinct days across a 53-day observation window (7 total detections), only 1201m from an unnamed industrial_area — sustained repeat activity right at a known facility is strong evidence of an ongoing operational source (e.g. flare stack, furnace) rather than a one-off event."
1188,77.61853285714287,12.745641428571428,2026-07-16,2026-09-07,7,7,0.8585714285714285,2.67,0.1321,,industrial_works,3165.3404447,53,Persistent Industrial Thermal Source,"Active on 7 distinct days across a 53-day observation window (7 total detections), only 1201m from an unnamed industrial_area — sustained repeat activity right at a known facility is strong evidence of an ongoing operational source (e.g. flare stack, furnace) rather than a one-off event."
1188,77.61853285714287,12.745641428571428,2026-07-16,2026-09-07,7,7,0.8585714285714285,2.67,0.1321,P M Industries Limited,industrial_area,4208.20618375,53,Persistent Industrial Thermal Source,"Active on 7 distinct days across a 53-day observation window (7 total detections), only 1201m from an unnamed industrial_area — sustained repeat activity right at a known facility is strong evidence of an ongoing operational source (e.g. flare stack, furnace) rather than a one-off event."
1188,77.61853285714287,12.745641428571428,2026-07-16,2026-09-07,7,7,0.8585714285714285,2.67,0.1321,Otis Elevator Company (India) Ltd,industrial_works,3978.38754703,53,Persistent Industrial Thermal Source,"Active on 7 distinct days across a 53-day observation window (7 total detections), only 1201m from an unnamed industrial_area — sustained repeat activity right at a known facility is strong evidence of an ongoing operational source (e.g. flare stack, furnace) rather than a one-off event."
1188,77.61853285714287,12.745641428571428,2026-07-16,2026-09-07,7,7,0.8585714285714285,2.67,0.1321,S R Packaging,industrial_area,4344.20347872,53,Persistent Industrial Thermal Source,"Active on 7 distinct days across a 53-day observation window (7 total detections), only 1201m from an unnamed industrial_area — sustained repeat activity right at a known facility is strong evidence of an ongoing operational source (e.g. flare stack, furnace) rather than a one-off event."
1188,77.61853285714287,12.745641428571428,2026-07-16,2026-09-07,7,7,0.8585714285714285,2.67,0.1321,Sai Packaging,industrial_area,3730.55864726,53,Persistent Industrial Thermal Source,"Active on 7 distinct days across a 53-day observation window (7 total detections), only 1201m from an unnamed industrial_area — sustained repeat activity right at a known facility is strong evidence of an ongoing operational source (e.g. flare stack, furnace) rather than a one-off event."
1188,77.61853285714287,12.745641428571428,2026-07-16,2026-09-07,7,7,0.8585714285714285,2.67,0.1321,Divya Granite Export,industrial_area,3646.87687712,53,Persistent Industrial Thermal Source,"Active on 7 distinct days across a 53-day observation window (7 total detections), only 1201m from an unnamed industrial_area — sustained repeat activity right at a known facility is strong evidence of an ongoing operational source (e.g. flare stack, furnace) rather than a one-off event."
1188,77.61853285714287,12.745641428571428,2026-07-16,2026-09-07,7,7,0.8585714285714285,2.67,0.1321,Jigani Industrial Estate,industrial_area,3960.06908632,53,Persistent Industrial Thermal Source,"Active on 7 distinct days across a 53-day observation window (7 total detections), only 1201m from an unnamed industrial_area — sustained repeat activity right at a known facility is strong evidence of an ongoing operational source (e.g. flare stack, furnace) rather than a one-off event."
1188,77.61853285714287,12.745641428571428,2026-07-16,2026-09-07,7,7,0.8585714285714285,2.67,0.1321,Jain Granites,industrial_area,3583.35207141,53,Persistent Industrial Thermal Source,"Active on 7 distinct days across a 53-day observation window (7 total detections), only 1201m from an unnamed industrial_area — sustained repeat activity right at a known facility is strong evidence of an ongoing operational source (e.g. flare stack, furnace) rather than a one-off event."
1188,77.61853285714287,12.745641428571428,2026-07-16,2026-09-07,7,7,0.8585714285714285,2.67,0.1321,Sri Rama Industries,industrial_area,4382.04771379,53,Persistent Industrial Thermal Source,"Active on 7 distinct days across a 53-day observation window (7 total detections), only 1201m from an unnamed industrial_area — sustained repeat activity right at a known facility is strong evidence of an ongoing operational source (e.g. flare stack, furnace) rather than a one-off event."
1188,77.61853285714287,12.745641428571428,2026-07-16,2026-09-07,7,7,0.8585714285714285,2.67,0.1321,Jai Granimarmo,industrial_area,3617.72158586,53,Persistent Industrial Thermal Source,"Active on 7 distinct days across a 53-day observation window (7 total detections), only 1201m from an unnamed industrial_area — sustained repeat activity right at a known facility is strong evidence of an ongoing operational source (e.g. flare stack, furnace) rather than a one-off event."
1188,77.61853285714287,12.745641428571428,2026-07-16,2026-09-07,7,7,0.8585714285714285,2.67,0.1321,Subham Rocks (India),industrial_area,3749.95853003,53,Persistent Industrial Thermal Source,"Active on 7 distinct days across a 53-day observation window (7 total detections), only 1201m from an unnamed industrial_area — sustained repeat activity right at a known facility is strong evidence of an ongoing operational source (e.g. flare stack, furnace) rather than a one-off event."
1188,77.61853285714287,12.745641428571428,2026-07-16,2026-09-07,7,7,0.8585714285714285,2.67,0.1321,,industrial_area,1201.33398681,53,Persistent Industrial Thermal Source,"Active on 7 distinct days across a 53-day observation window (7 total detections), only 1201m from an unnamed industrial_area — sustained repeat activity right at a known facility is strong evidence of an ongoing operational source (e.g. flare stack, furnace) rather than a one-off event."
1188,77.61853285714287,12.745641428571428,2026-07-16,2026-09-07,7,7,0.8585714285714285,2.67,0.1321,Basant Betons,industrial_area,3943.24389079,53,Persistent Industrial Thermal Source,"Active on 7 distinct days across a 53-day observation window (7 total detections), only 1201m from an unnamed industrial_area — sustained repeat activity right at a known facility is strong evidence of an ongoing operational source (e.g. flare stack, furnace) rather than a one-off event."
1188,77.61853285714287,12.745641428571428,2026-07-16,2026-09-07,7,7,0.8585714285714285,2.67,0.1321,Bangalore Metropolitian Transport,industrial_area,4288.9007697,53,Persistent Industrial Thermal Source,"Active on 7 distinct days across a 53-day observation window (7 total detections), only 1201m from an unnamed industrial_area — sustained repeat activity right at a known facility is strong evidence of an ongoing operational source (e.g. flare stack, furnace) rather than a one-off event."
1188,77.61853285714287,12.745641428571428,2026-07-16,2026-09-07,7,7,0.8585714285714285,2.67,0.1321,Bangalore Industries,industrial_area,4301.99579533,53,Persistent Industrial Thermal Source,"Active on 7 distinct days across a 53-day observation window (7 total detections), only 1201m from an unnamed industrial_area — sustained repeat activity right at a known facility is strong evidence of an ongoing operational source (e.g. flare stack, furnace) rather than a one-off event."
1188,77.61853285714287,12.745641428571428,2026-07-16,2026-09-07,7,7,0.8585714285714285,2.67,0.1321,Bharamara Polymers (P)Ltd,industrial_area,4032.85484802,53,Persistent Industrial Thermal Source,"Active on 7 distinct days across a 53-day observation window (7 total detections), only 1201m from an unnamed industrial_area — sustained repeat activity right at a known facility is strong evidence of an ongoing operational source (e.g. flare stack, furnace) rather than a one-off event."
1188,77.61853285714287,12.745641428571428,2026-07-16,2026-09-07,7,7,0.8585714285714285,2.67,0.1321,Blowmocan Packaging (P) Ltd,industrial_area,3845.29742355,53,Persistent Industrial Thermal Source,"Active on 7 distinct days across a 53-day observation window (7 total detections), only 1201m from an unnamed industrial_area — sustained repeat activity right at a known facility is strong evidence of an ongoing operational source (e.g. flare stack, furnace) rather than a one-off event."
1188,77.61853285714287,12.745641428571428,2026-07-16,2026-09-07,7,7,0.8585714285714285,2.67,0.1321,Bhavyam Industries,industrial_area,4277.82814341,53,Persistent Industrial Thermal Source,"Active on 7 distinct days across a 53-day observation window (7 total detections), only 1201m from an unnamed industrial_area — sustained repeat activity right at a known facility is strong evidence of an ongoing operational source (e.g. flare stack, furnace) rather than a one-off event."
1188,77.61853285714287,12.745641428571428,2026-07-16,2026-09-07,7,7,0.8585714285714285,2.67,0.1321,Bidadi to SKPL Tapoff Natural Gas Pipeline,pipeline,3581.90979301,53,Persistent Industrial Thermal Source,"Active on 7 distinct days across a 53-day observation window (7 total detections), only 1201m from an unnamed industrial_area — sustained repeat activity right at a known facility is strong evidence of an ongoing operational source (e.g. flare stack, furnace) rather than a one-off event."
1188,77.61853285714287,12.745641428571428,2026-07-16,2026-09-07,7,7,0.8585714285714285,2.67,0.1321,R K Hitech Enterprises,industrial_area,4437.13601769,53,Persistent Industrial Thermal Source,"Active on 7 distinct days across a 53-day observation window (7 total detections), only 1201m from an unnamed industrial_area — sustained repeat activity right at a known facility is strong evidence of an ongoing operational source (e.g. flare stack, furnace) rather than a one-off event."
1188,77.61853285714287,12.745641428571428,2026-07-16,2026-09-07,7,7,0.8585714285714285,2.67,0.1321,Promag Engineering Services,industrial_area,3526.15324355,53,Persistent Industrial Thermal Source,"Active on 7 distinct days across a 53-day observation window (7 total detections), only 1201m from an unnamed industrial_area — sustained repeat activity right at a known facility is strong evidence of an ongoing operational source (e.g. flare stack, furnace) rather than a one-off event."
1188,77.61853285714287,12.745641428571428,2026-07-16,2026-09-07,7,7,0.8585714285714285,2.67,0.1321,Bangalore Floorings,industrial_area,4047.24665186,53,Persistent Industrial Thermal Source,"Active on 7 distinct days across a 53-day observation window (7 total detections), only 1201m from an unnamed industrial_area — sustained repeat activity right at a known facility is strong evidence of an ongoing operational source (e.g. flare stack, furnace) rather than a one-off event."
1188,77.61853285714287,12.745641428571428,2026-07-16,2026-09-07,7,7,0.8585714285714285,2.67,0.1321,Aron Universal Limited,industrial_area,4231.50582827,53,Persistent Industrial Thermal Source,"Active on 7 distinct days across a 53-day observation window (7 total detections), only 1201m from an unnamed industrial_area — sustained repeat activity right at a known facility is strong evidence of an ongoing operational source (e.g. flare stack, furnace) rather than a one-off event."
1188,77.61853285714287,12.745641428571428,2026-07-16,2026-09-07,7,7,0.8585714285714285,2.67,0.1321,Arasu Brick Industries,industrial_area,4146.74595329,53,Persistent Industrial Thermal Source,"Active on 7 distinct days across a 53-day observation window (7 total detections), only 1201m from an unnamed industrial_area — sustained repeat activity right at a known facility is strong evidence of an ongoing operational source (e.g. flare stack, furnace) rather than a one-off event."
1188,77.61853285714287,12.745641428571428,2026-07-16,2026-09-07,7,7,0.8585714285714285,2.67,0.1321,BMTC Depot 27 (Jigani),industrial_area,4264.44553887,53,Persistent Industrial Thermal Source,"Active on 7 distinct days across a 53-day observation window (7 total detections), only 1201m from an unnamed industrial_area — sustained repeat activity right at a known facility is strong evidence of an ongoing operational source (e.g. flare stack, furnace) rather than a one-off event."
1188,77.61853285714287,12.745641428571428,2026-07-16,2026-09-07,7,7,0.8585714285714285,2.67,0.1321,Ace Forge Pvt Ltd,industrial_area,3994.68610451,53,Persistent Industrial Thermal Source,"Active on 7 distinct days across a 53-day observation window (7 total detections), only 1201m from an unnamed industrial_area — sustained repeat activity right at a known facility is strong evidence of an ongoing operational source (e.g. flare stack, furnace) rather than a one-off event."
1188,77.61853285714287,12.745641428571428,2026-07-16,2026-09-07,7,7,0.8585714285714285,2.67,0.1321,A K N Enterprises,industrial_area,4389.67828733,53,Persistent Industrial Thermal Source,"Active on 7 distinct days across a 53-day observation window (7 total detections), only 1201m from an unnamed industrial_area — sustained repeat activity right at a known facility is strong evidence of an ongoing operational source (e.g. flare stack, furnace) rather than a one-off event."
1188,77.61853285714287,12.745641428571428,2026-07-16,2026-09-07,7,7,0.8585714285714285,2.67,0.1321,Century Blocks,industrial_area,3360.58319803,53,Persistent Industrial Thermal Source,"Active on 7 distinct days across a 53-day observation window (7 total detections), only 1201m from an unnamed industrial_area — sustained repeat activity right at a known facility is strong evidence of an ongoing operational source (e.g. flare stack, furnace) rather than a one-off event."
1188,77.61853285714287,12.745641428571428,2026-07-16,2026-09-07,7,7,0.8585714285714285,2.67,0.1321,Radha Stones Pvt Ltd,industrial_area,3861.78056539,53,Persistent Industrial Thermal Source,"Active on 7 distinct days across a 53-day observation window (7 total detections), only 1201m from an unnamed industrial_area — sustained repeat activity right at a known facility is strong evidence of an ongoing operational source (e.g. flare stack, furnace) rather than a one-off event."
1188,77.61853285714287,12.745641428571428,2026-07-16,2026-09-07,7,7,0.8585714285714285,2.67,0.1321,Rajarajeshwari Plastics,industrial_area,3716.52736662,53,Persistent Industrial Thermal Source,"Active on 7 distinct days across a 53-day observation window (7 total detections), only 1201m from an unnamed industrial_area — sustained repeat activity right at a known facility is strong evidence of an ongoing operational source (e.g. flare stack, furnace) rather than a one-off event."
1188,77.61853285714287,12.745641428571428,2026-07-16,2026-09-07,7,7,0.8585714285714285,2.67,0.1321,Rakshit Packaging Industries,industrial_area,3763.88913205,53,Persistent Industrial Thermal Source,"Active on 7 distinct days across a 53-day observation window (7 total detections), only 1201m from an unnamed industrial_area — sustained repeat activity right at a known facility is strong evidence of an ongoing operational source (e.g. flare stack, furnace) rather than a one-off event."
1188,77.61853285714287,12.745641428571428,2026-07-16,2026-09-07,7,7,0.8585714285714285,2.67,0.1321,Rashi Granite Export India Pvt Ltd,industrial_area,3646.99964862,53,Persistent Industrial Thermal Source,"Active on 7 distinct days across a 53-day observation window (7 total detections), only 1201m from an unnamed industrial_area — sustained repeat activity right at a known facility is strong evidence of an ongoing operational source (e.g. flare stack, furnace) rather than a one-off event."
1558,81.19453666666666,7.337676666666667,2026-08-10,2026-09-02,3,3,4.676666666666667,7.25,0.1304,,,,23,Other/Unknown,"No nearby facility, moderate intensity (max FRP 7.2), short/low activity (3 active day(s) over 23 days, persistence score 0.13) — insufficient evidence to confidently classify."
445,79.22399444444446,21.243495555555555,2026-07-31,2026-09-08,9,5,0.89,1.42,0.1282,,industrial_area,2336.72769891,39,Other/Unknown,2337m from an unnamed industrial_area — plausibly related but not close enough to confidently attribute; distance alone is insufficient per project methodology. Needs Sentinel-2 land-cover context to resolve.
449,82.60488500000001,22.330471666666664,2026-07-31,2026-09-08,6,5,1.633333333333333,2.64,0.1282,,,,39,Other/Unknown,"No nearby facility, moderate intensity (max FRP 2.6), short/low activity (5 active day(s) over 39 days, persistence score 0.13) — insufficient evidence to confidently classify."
1555,81.81494142857142,7.208369999999999,2026-07-25,2026-09-02,7,5,3.371428571428571,4.08,0.1282,Farzan Construction & Agriculture,industrial_area,2572.52507149,39,Other/Unknown,2573m from Farzan Construction & Agriculture — plausibly related but not close enough to confidently attribute; distance alone is insufficient per project methodology. Needs Sentinel-2 land-cover context to resolve.
1555,81.81494142857142,7.208369999999999,2026-07-25,2026-09-02,7,5,3.371428571428571,4.08,0.1282,,industrial_area,4120.60474076,39,Other/Unknown,2573m from Farzan Construction & Agriculture — plausibly related but not close enough to confidently attribute; distance alone is insufficient per project methodology. Needs Sentinel-2 land-cover context to resolve.
523,76.929284,28.743966,2026-07-23,2026-09-08,10,6,1.228,1.91,0.1277,Barahi Main Power Station,power_plant,3490.68415332,47,Other/Unknown,3487m from Mini Power Stataion — plausibly related but not close enough to confidently attribute; distance alone is insufficient per project methodology. Needs Sentinel-2 land-cover context to resolve.
523,76.929284,28.743966,2026-07-23,2026-09-08,10,6,1.228,1.91,0.1277,,industrial_area,4001.76308028,47,Other/Unknown,3487m from Mini Power Stataion — plausibly related but not close enough to confidently attribute; distance alone is insufficient per project methodology. Needs Sentinel-2 land-cover context to resolve.
667,81.53686777777779,6.861412222222223,2026-07-26,2026-09-11,9,6,2.8166666666666664,5.85,0.1277,,,,47,Other/Unknown,"No nearby facility, moderate intensity (max FRP 5.8), short/low activity (6 active day(s) over 47 days, persistence score 0.13) — insufficient evidence to confidently classify."
523,76.929284,28.743966,2026-07-23,2026-09-08,10,6,1.228,1.91,0.1277,Ramdas Bhatta,industrial_works,4142.29904799,47,Other/Unknown,3487m from Mini Power Stataion — plausibly related but not close enough to confidently attribute; distance alone is insufficient per project methodology. Needs Sentinel-2 land-cover context to resolve.
523,76.929284,28.743966,2026-07-23,2026-09-08,10,6,1.228,1.91,0.1277,,industrial_works,4630.48598019,47,Other/Unknown,3487m from Mini Power Stataion — plausibly related but not close enough to confidently attribute; distance alone is insufficient per project methodology. Needs Sentinel-2 land-cover context to resolve.
523,76.929284,28.743966,2026-07-23,2026-09-08,10,6,1.228,1.91,0.1277,Mini Power Stataion,power_plant,3487.4499769,47,Other/Unknown,3487m from Mini Power Stataion — plausibly related but not close enough to confidently attribute; distance alone is insufficient per project methodology. Needs Sentinel-2 land-cover context to resolve.
913,85.009412,23.73813,2026-07-25,2026-09-11,10,6,1.149,1.92,0.125,,,,48,Other/Unknown,"No nearby facility, moderate intensity (max FRP 1.9), short/low activity (6 active day(s) over 48 days, persistence score 0.12) — insufficient evidence to confidently classify."
1893,87.2458,26.322115,2026-07-27,2026-08-12,2,2,2.105,2.36,0.125,,,,16,Other/Unknown,"No nearby facility, moderate intensity (max FRP 2.4), short/low activity (2 active day(s) over 16 days, persistence score 0.12) — insufficient evidence to confidently classify."
1521,80.31811333333333,9.642853333333331,2026-08-09,2026-09-02,6,3,8.008333333333331,11.93,0.125,,,,24,Wildfire / Natural Fire,"No industrial facility within 5km, high peak intensity (max FRP 11.9), short-lived (3 active day(s) over 24 days) — profile matches a natural/wild fire rather than a stable industrial source."
493,81.84768333333334,7.318033333333333,2026-08-24,2026-09-09,3,2,2.1766666666666667,2.89,0.125,,power_plant,2992.236383,16,Other/Unknown,1849m from an unnamed industrial_area — plausibly related but not close enough to confidently attribute; distance alone is insufficient per project methodology. Needs Sentinel-2 land-cover context to resolve.
1275,80.76392,8.95465,2026-08-20,2026-09-05,2,2,3.195,4.13,0.125,,,,16,Other/Unknown,"No nearby facility, moderate intensity (max FRP 4.1), short/low activity (2 active day(s) over 16 days, persistence score 0.12) — insufficient evidence to confidently classify."
493,81.84768333333334,7.318033333333333,2026-08-24,2026-09-09,3,2,2.1766666666666667,2.89,0.125,,industrial_works,2149.26375252,16,Other/Unknown,1849m from an unnamed industrial_area — plausibly related but not close enough to confidently attribute; distance alone is insufficient per project methodology. Needs Sentinel-2 land-cover context to resolve.
493,81.84768333333334,7.318033333333333,2026-08-24,2026-09-09,3,2,2.1766666666666667,2.89,0.125,,industrial_area,1848.77720191,16,Other/Unknown,1849m from an unnamed industrial_area — plausibly related but not close enough to confidently attribute; distance alone is insufficient per project methodology. Needs Sentinel-2 land-cover context to resolve.
493,81.84768333333334,7.318033333333333,2026-08-24,2026-09-09,3,2,2.1766666666666667,2.89,0.125,Nintavur Industrial Area,industrial_area,2535.62051246,16,Other/Unknown,1849m from an unnamed industrial_area — plausibly related but not close enough to confidently attribute; distance alone is insufficient per project methodology. Needs Sentinel-2 land-cover context to resolve.
493,81.84768333333334,7.318033333333333,2026-08-24,2026-09-09,3,2,2.1766666666666667,2.89,0.125,Hairu Naval Craf Rngineering Pvt Lim,industrial_works,4267.30357482,16,Other/Unknown,1849m from an unnamed industrial_area — plausibly related but not close enough to confidently attribute; distance alone is insufficient per project methodology. Needs Sentinel-2 land-cover context to resolve.
1467,80.757295,8.680705,2026-08-15,2026-08-31,2,2,7.455,9.82,0.125,,,,16,Wildfire / Natural Fire,"No industrial facility within 5km, high peak intensity (max FRP 9.8), short-lived (2 active day(s) over 16 days) — profile matches a natural/wild fire rather than a stable industrial source."
1630,80.11778666666667,14.259786666666663,2026-08-10,2026-08-26,3,2,7.653333333333333,9.65,0.125,,industrial_area,2722.43417771,16,Industrial Fire,Close to NCT - Navayuga Container Terminal (520m away) but only active 2 day(s) over a 16-day window (3 detections) — reads as a transient burn event at/near a facility rather than an ongoing source.
1196,80.868255,6.217355,2026-08-20,2026-09-05,2,2,2.37,2.55,0.125,,,,16,Other/Unknown,"No nearby facility, moderate intensity (max FRP 2.5), short/low activity (2 active day(s) over 16 days, persistence score 0.12) — insufficient evidence to confidently classify."
1630,80.11778666666667,14.259786666666663,2026-08-10,2026-08-26,3,2,7.653333333333333,9.65,0.125,NCT - Navayuga Container Terminal,industrial_area,520.42905728,16,Industrial Fire,Close to NCT - Navayuga Container Terminal (520m away) but only active 2 day(s) over a 16-day window (3 detections) — reads as a transient burn event at/near a facility rather than an ongoing source.
1630,80.11778666666667,14.259786666666663,2026-08-10,2026-08-26,3,2,7.653333333333333,9.65,0.125,Krishnapatnam Port,industrial_area,978.50910418,16,Industrial Fire,Close to NCT - Navayuga Container Terminal (520m away) but only active 2 day(s) over a 16-day window (3 detections) — reads as a transient burn event at/near a facility rather than an ongoing source.
1603,72.871785,33.849825,2026-08-08,2026-08-24,2,2,1.205,1.4,0.125,,,,16,Other/Unknown,"No nearby facility, moderate intensity (max FRP 1.4), short/low activity (2 active day(s) over 16 days, persistence score 0.12) — insufficient evidence to confidently classify."
1777,71.48740000000001,30.067365,2026-07-29,2026-08-14,2,2,3.24,3.32,0.125,,,,16,Other/Unknown,"No nearby facility, moderate intensity (max FRP 3.3), short/low activity (2 active day(s) over 16 days, persistence score 0.12) — insufficient evidence to confidently classify."
1846,80.35949,8.672025,2026-07-24,2026-08-09,2,2,2.96,3.28,0.125,,,,16,Other/Unknown,"No nearby facility, moderate intensity (max FRP 3.3), short/low activity (2 active day(s) over 16 days, persistence score 0.12) — insufficient evidence to confidently classify."
1366,81.58478,6.764410000000001,2026-08-22,2026-09-07,3,2,6.36,7.77,0.125,,,,16,Other/Unknown,"No nearby facility, moderate intensity (max FRP 7.8), short/low activity (2 active day(s) over 16 days, persistence score 0.12) — insufficient evidence to confidently classify."
1142,80.90863,8.566463333333333,2026-08-19,2026-09-04,6,2,8.286666666666667,10.95,0.125,,,,16,Wildfire / Natural Fire,"No industrial facility within 5km, high peak intensity (max FRP 10.9), short-lived (2 active day(s) over 16 days) — profile matches a natural/wild fire rather than a stable industrial source."
637,69.99335666666667,23.055940000000003,2026-08-24,2026-09-09,3,2,0.6233333333333334,0.63,0.125,,industrial_area,3103.40170409,16,Other/Unknown,3103m from an unnamed industrial_area — plausibly related but not close enough to confidently attribute; distance alone is insufficient per project methodology. Needs Sentinel-2 land-cover context to resolve.
1357,78.522875,14.60568,2026-08-21,2026-09-06,2,2,1.285,1.9,0.125,,industrial_area,93.86015193,16,Industrial Fire,Close to an unnamed industrial_area (94m away) but only active 2 day(s) over a 16-day window (2 detections) — reads as a transient burn event at/near a facility rather than an ongoing source.
881,75.77570714285716,29.12673142857144,2026-07-24,2026-09-11,7,6,2.84,4.7,0.1224,,industrial_area,151.12485561,49,Industrial Fire,Close to an unnamed industrial_area (151m away) but only active 6 day(s) over a 49-day window (7 detections) — reads as a transient burn event at/near a facility rather than an ongoing source.
881,75.77570714285716,29.12673142857144,2026-07-24,2026-09-11,7,6,2.84,4.7,0.1224,,power_plant,1078.02788276,49,Industrial Fire,Close to an unnamed industrial_area (151m away) but only active 6 day(s) over a 49-day window (7 detections) — reads as a transient burn event at/near a facility rather than an ongoing source.
881,75.77570714285716,29.12673142857144,2026-07-24,2026-09-11,7,6,2.84,4.7,0.1224,,industrial_works,1162.58751865,49,Industrial Fire,Close to an unnamed industrial_area (151m away) but only active 6 day(s) over a 49-day window (7 detections) — reads as a transient burn event at/near a facility rather than an ongoing source.
1082,85.67470000000002,23.608989999999995,2026-08-09,2026-09-03,3,3,1.2933333333333332,2.14,0.12,,,,25,Other/Unknown,"No nearby facility, moderate intensity (max FRP 2.1), short/low activity (3 active day(s) over 25 days, persistence score 0.12) — insufficient evidence to confidently classify."
1080,83.19976666666666,26.759173333333337,2026-08-11,2026-09-05,3,3,1.7433333333333334,2.97,0.12,,,,25,Other/Unknown,"No nearby facility, moderate intensity (max FRP 3.0), short/low activity (3 active day(s) over 25 days, persistence score 0.12) — insufficient evidence to confidently classify."
1301,77.17968666666667,17.14003,2026-07-25,2026-09-05,6,5,1.0066666666666666,1.68,0.119,,industrial_area,757.41111872,42,Industrial Fire,Close to an unnamed industrial_area (757m away) but only active 5 day(s) over a 42-day window (6 detections) — reads as a transient burn event at/near a facility rather than an ongoing source.
1301,77.17968666666667,17.14003,2026-07-25,2026-09-05,6,5,1.0066666666666666,1.68,0.119,,power_plant,890.37846005,42,Industrial Fire,Close to an unnamed industrial_area (757m away) but only active 5 day(s) over a 42-day window (6 detections) — reads as a transient burn event at/near a facility rather than an ongoing source.
1879,95.355215,28.063715,2026-07-25,2026-08-11,2,2,5.605,6.99,0.1176,,,,17,Other/Unknown,"No nearby facility, moderate intensity (max FRP 7.0), short/low activity (2 active day(s) over 17 days, persistence score 0.12) — insufficient evidence to confidently classify."
1298,74.17711499999999,32.1043875,2026-07-16,2026-09-05,8,6,2.345,4.06,0.1176,,,,51,Other/Unknown,"No nearby facility, moderate intensity (max FRP 4.1), short/low activity (6 active day(s) over 51 days, persistence score 0.12) — insufficient evidence to confidently classify."
1061,81.65593,7.523809999999999,2026-07-31,2026-09-03,4,4,4.305,5.04,0.1176,,,,34,Other/Unknown,"No nearby facility, moderate intensity (max FRP 5.0), short/low activity (4 active day(s) over 34 days, persistence score 0.12) — insufficient evidence to confidently classify."
1862,80.89978,8.849235,2026-07-24,2026-08-10,2,2,6.005000000000001,6.11,0.1176,,,,17,Other/Unknown,"No nearby facility, moderate intensity (max FRP 6.1), short/low activity (2 active day(s) over 17 days, persistence score 0.12) — insufficient evidence to confidently classify."
1303,86.027132,21.00016,2026-08-02,2026-09-05,5,4,1.416,3.58,0.1176,Kalinganagar Tata Steel Power Station,power_plant,4058.20425406,34,Industrial Fire,Close to an unnamed industrial_area (778m away) but only active 4 day(s) over a 34-day window (5 detections) — reads as a transient burn event at/near a facility rather than an ongoing source.
1803,81.51142,7.742825000000001,2026-07-30,2026-08-16,6,2,5.81,9.85,0.1176,,power_plant,3967.86017734,17,Other/Unknown,"No nearby facility, moderate intensity (max FRP 9.8), short/low activity (2 active day(s) over 17 days, persistence score 0.12) — insufficient evidence to confidently classify."
1303,86.027132,21.00016,2026-08-02,2026-09-05,5,4,1.416,3.58,0.1176,,industrial_area,778.23157382,34,Industrial Fire,Close to an unnamed industrial_area (778m away) but only active 4 day(s) over a 34-day window (5 detections) — reads as a transient burn event at/near a facility rather than an ongoing source.
1303,86.027132,21.00016,2026-08-02,2026-09-05,5,4,1.416,3.58,0.1176,,power_plant,2651.25538282,34,Industrial Fire,Close to an unnamed industrial_area (778m away) but only active 4 day(s) over a 34-day window (5 detections) — reads as a transient burn event at/near a facility rather than an ongoing source.
1864,78.52049,9.536105,2026-07-24,2026-08-10,2,2,5.035,7.58,0.1176,,,,17,Other/Unknown,"No nearby facility, moderate intensity (max FRP 7.6), short/low activity (2 active day(s) over 17 days, persistence score 0.12) — insufficient evidence to confidently classify."
1303,86.027132,21.00016,2026-08-02,2026-09-05,5,4,1.416,3.58,0.1176,TATA Steel,industrial_area,3694.95326175,34,Industrial Fire,Close to an unnamed industrial_area (778m away) but only active 4 day(s) over a 34-day window (5 detections) — reads as a transient burn event at/near a facility rather than an ongoing source.
1088,85.324905,23.6750775,2026-08-01,2026-09-04,4,4,1.185,2.29,0.1176,,,,34,Other/Unknown,"No nearby facility, moderate intensity (max FRP 2.3), short/low activity (4 active day(s) over 34 days, persistence score 0.12) — insufficient evidence to confidently classify."
1303,86.027132,21.00016,2026-08-02,2026-09-05,5,4,1.416,3.58,0.1176,Duburi Steel Power Plant,power_plant,4916.21701281,34,Industrial Fire,Close to an unnamed industrial_area (778m away) but only active 4 day(s) over a 34-day window (5 detections) — reads as a transient burn event at/near a facility rather than an ongoing source.
1132,81.31533333333333,8.174023333333333,2026-08-18,2026-09-04,3,2,12.123333333333331,14.58,0.1176,,,,17,Wildfire / Natural Fire,"No industrial facility within 5km, high peak intensity (max FRP 14.6), short-lived (2 active day(s) over 17 days) — profile matches a natural/wild fire rather than a stable industrial source."
1994,88.21268,22.873335,2026-07-16,2026-08-02,2,2,2.055,2.5,0.1176,,,,17,Other/Unknown,"No nearby facility, moderate intensity (max FRP 2.5), short/low activity (2 active day(s) over 17 days, persistence score 0.12) — insufficient evidence to confidently classify."
810,81.52083666666667,6.878603333333334,2026-08-25,2026-09-11,6,2,5.7,6.91,0.1176,,,,17,Other/Unknown,"No nearby facility, moderate intensity (max FRP 6.9), short/low activity (2 active day(s) over 17 days, persistence score 0.12) — insufficient evidence to confidently classify."
1783,71.1248775,32.0389,2026-07-28,2026-08-14,4,2,3.805,4.63,0.1176,,,,17,Other/Unknown,"No nearby facility, moderate intensity (max FRP 4.6), short/low activity (2 active day(s) over 17 days, persistence score 0.12) — insufficient evidence to confidently classify."
1253,80.66050000000001,8.50151,2026-08-10,2026-09-05,3,3,2.75,4.53,0.1154,,,,26,Other/Unknown,"No nearby facility, moderate intensity (max FRP 4.5), short/low activity (3 active day(s) over 26 days, persistence score 0.12) — insufficient evidence to confidently classify."
916,86.34438800000001,23.78295,2026-08-16,2026-09-11,5,3,1.65,2.08,0.1154,,,,26,Other/Unknown,"No nearby facility, moderate intensity (max FRP 2.1), short/low activity (3 active day(s) over 26 days, persistence score 0.12) — insufficient evidence to confidently classify."
1594,81.59219333333333,7.688680000000001,2026-07-29,2026-08-24,3,3,6.093333333333334,8.33,0.1154,,,,26,Wildfire / Natural Fire,"No industrial facility within 5km, high peak intensity (max FRP 8.3), short-lived (3 active day(s) over 26 days) — profile matches a natural/wild fire rather than a stable industrial source."
929,71.298935,19.52849833333333,2026-08-14,2026-09-10,6,3,2.1016666666666666,2.78,0.1111,,,,27,Other/Unknown,"No nearby facility, moderate intensity (max FRP 2.8), short/low activity (3 active day(s) over 27 days, persistence score 0.11) — insufficient evidence to confidently classify."
1216,81.14719666666666,7.694398333333333,2026-08-09,2026-09-05,6,3,4.381666666666667,6.9,0.1111,,,,27,Other/Unknown,"No nearby facility, moderate intensity (max FRP 6.9), short/low activity (3 active day(s) over 27 days, persistence score 0.11) — insufficient evidence to confidently classify."
629,90.96209428571429,29.55450571428571,2026-08-14,2026-09-10,7,3,2.125714285714286,2.72,0.1111,,industrial_area,188.70153721,27,Industrial Fire,Close to an unnamed industrial_area (189m away) but only active 3 day(s) over a 27-day window (7 detections) — reads as a transient burn event at/near a facility rather than an ongoing source.
918,74.85346437499999,12.9836525,2026-08-13,2026-09-09,16,3,10.32875,19.31,0.1111,,,,27,Wildfire / Natural Fire,"No industrial facility within 5km, high peak intensity (max FRP 19.3), short-lived (3 active day(s) over 27 days) — profile matches a natural/wild fire rather than a stable industrial source."
1318,81.5213942857143,6.809602857142857,2026-07-23,2026-09-06,7,5,3.982857142857143,6.31,0.1111,,,,45,Other/Unknown,"No nearby facility, moderate intensity (max FRP 6.3), short/low activity (5 active day(s) over 45 days, persistence score 0.11) — insufficient evidence to confidently classify."
431,72.84452666666668,29.82388333333333,2026-08-21,2026-09-08,3,2,2.06,2.06,0.1111,,,,18,Other/Unknown,"No nearby facility, moderate intensity (max FRP 2.1), short/low activity (2 active day(s) over 18 days, persistence score 0.11) — insufficient evidence to confidently classify."
1797,69.546265,27.801435,2026-07-28,2026-08-15,2,2,7.24,8.16,0.1111,,,,18,Wildfire / Natural Fire,"No industrial facility within 5km, high peak intensity (max FRP 8.2), short-lived (2 active day(s) over 18 days) — profile matches a natural/wild fire rather than a stable industrial source."
1087,86.93609333333332,23.668456666666668,2026-08-07,2026-09-03,3,3,1.096666666666667,2.06,0.1111,,,,27,Other/Unknown,"No nearby facility, moderate intensity (max FRP 2.1), short/low activity (3 active day(s) over 27 days, persistence score 0.11) — insufficient evidence to confidently classify."
1367,81.211455,6.776565000000001,2026-08-20,2026-09-07,4,2,47.1025,78.55,0.1111,,,,18,Wildfire / Natural Fire,"No industrial facility within 5km, high peak intensity (max FRP 78.5), short-lived (2 active day(s) over 18 days) — profile matches a natural/wild fire rather than a stable industrial source."
1129,81.46824666666667,7.996113333333334,2026-08-17,2026-09-04,3,2,10.276666666666666,21.33,0.1111,,,,18,Wildfire / Natural Fire,"No industrial facility within 5km, high peak intensity (max FRP 21.3), short-lived (2 active day(s) over 18 days) — profile matches a natural/wild fire rather than a stable industrial source."
843,80.20913374999999,8.2891725,2026-07-19,2026-09-11,8,6,5.71125,11.89,0.1111,,,,54,Wildfire / Natural Fire,"No industrial facility within 5km, high peak intensity (max FRP 11.9), short-lived (6 active day(s) over 54 days) — profile matches a natural/wild fire rather than a stable industrial source."
382,81.28552714285715,6.732177142857142,2026-07-25,2026-09-08,7,5,6.98,10.99,0.1111,,,,45,Wildfire / Natural Fire,"No industrial facility within 5km, high peak intensity (max FRP 11.0), short-lived (5 active day(s) over 45 days) — profile matches a natural/wild fire rather than a stable industrial source."
908,69.82350555555554,22.92632888888889,2026-07-18,2026-09-11,9,6,1.571111111111111,2.83,0.1091,,industrial_area,160.28976453,55,Industrial Fire,Close to an unnamed industrial_area (160m away) but only active 6 day(s) over a 55-day window (9 detections) — reads as a transient burn event at/near a facility rather than an ongoing source.
1479,76.9793475,17.062195,2026-07-25,2026-08-31,4,4,0.8825000000000001,1.23,0.1081,,power_plant,797.04536748,37,Industrial Fire,Close to ACC Cement (217m away) but only active 4 day(s) over a 37-day window (4 detections) — reads as a transient burn event at/near a facility rather than an ongoing source.
1401,74.1773475,32.1313475,2026-08-01,2026-09-07,4,4,0.9625,1.06,0.1081,,,,37,Other/Unknown,"No nearby facility, moderate intensity (max FRP 1.1), short/low activity (4 active day(s) over 37 days, persistence score 0.11) — insufficient evidence to confidently classify."
1479,76.9793475,17.062195,2026-07-25,2026-08-31,4,4,0.8825000000000001,1.23,0.1081,ACC Cement,industrial_area,216.85188129,37,Industrial Fire,Close to ACC Cement (217m away) but only active 4 day(s) over a 37-day window (4 detections) — reads as a transient burn event at/near a facility rather than an ongoing source.
1436,81.15170875,7.6147325,2026-07-25,2026-08-31,8,4,11.5275,34.65,0.1081,,,,37,Wildfire / Natural Fire,"No industrial facility within 5km, high peak intensity (max FRP 34.6), short-lived (4 active day(s) over 37 days) — profile matches a natural/wild fire rather than a stable industrial source."
1304,82.023105,21.5769,2026-08-09,2026-09-06,4,3,1.3675000000000002,1.82,0.1071,,power_plant,1511.15227999,28,Industrial Fire,Close to an unnamed industrial_area (151m away) but only active 3 day(s) over a 28-day window (4 detections) — reads as a transient burn event at/near a facility rather than an ongoing source.
1740,78.689565,11.72773,2026-07-25,2026-08-22,4,3,6.2075000000000005,12.06,0.1071,,,,28,Wildfire / Natural Fire,"No industrial facility within 5km, high peak intensity (max FRP 12.1), short-lived (3 active day(s) over 28 days) — profile matches a natural/wild fire rather than a stable industrial source."
1304,82.023105,21.5769,2026-08-09,2026-09-06,4,3,1.3675000000000002,1.82,0.1071,,industrial_area,151.46336973,28,Industrial Fire,Close to an unnamed industrial_area (151m away) but only active 3 day(s) over a 28-day window (4 detections) — reads as a transient burn event at/near a facility rather than an ongoing source.
896,74.31405833333334,32.29676833333333,2026-07-26,2026-09-11,6,5,1.586666666666667,2.54,0.1064,,,,47,Other/Unknown,"No nearby facility, moderate intensity (max FRP 2.5), short/low activity (5 active day(s) over 47 days, persistence score 0.11) — insufficient evidence to confidently classify."
1767,81.77578333333334,7.228296666666666,2026-07-26,2026-08-14,3,2,6.836666666666667,7.37,0.1053,,,,19,Other/Unknown,"No nearby facility, moderate intensity (max FRP 7.4), short/low activity (2 active day(s) over 19 days, persistence score 0.11) — insufficient evidence to confidently classify."
1156,80.47766666666666,9.457276666666669,2026-08-16,2026-09-04,3,2,4.286666666666666,4.75,0.1053,,,,19,Other/Unknown,"No nearby facility, moderate intensity (max FRP 4.8), short/low activity (2 active day(s) over 19 days, persistence score 0.11) — insufficient evidence to confidently classify."
1553,81.811465,7.063685,2026-08-14,2026-09-02,2,2,3.005,3.02,0.1053,,,,19,Other/Unknown,"No nearby facility, moderate intensity (max FRP 3.0), short/low activity (2 active day(s) over 19 days, persistence score 0.11) — insufficient evidence to confidently classify."
1387,83.70487,22.06521,2026-07-31,2026-09-07,5,4,0.82,1.05,0.1053,,,,38,Other/Unknown,"No nearby facility, moderate intensity (max FRP 1.1), short/low activity (4 active day(s) over 38 days, persistence score 0.11) — insufficient evidence to confidently classify."
1664,81.45152999999999,7.594125,2026-07-31,2026-08-19,2,2,4.77,5.37,0.1053,,,,19,Other/Unknown,"No nearby facility, moderate intensity (max FRP 5.4), short/low activity (2 active day(s) over 19 days, persistence score 0.11) — insufficient evidence to confidently classify."
512,80.09139333333333,8.073366666666667,2026-08-21,2026-09-09,3,2,6.866666666666667,15.5,0.1053,,,,19,Wildfire / Natural Fire,"No industrial facility within 5km, high peak intensity (max FRP 15.5), short-lived (2 active day(s) over 19 days) — profile matches a natural/wild fire rather than a stable industrial source."
1809,86.29494500000001,23.631905,2026-07-28,2026-08-16,2,2,0.7949999999999999,0.85,0.1053,,,,19,Other/Unknown,"No nearby facility, moderate intensity (max FRP 0.8), short/low activity (2 active day(s) over 19 days, persistence score 0.11) — insufficient evidence to confidently classify."
1352,83.96701333333334,21.859546666666663,2026-08-09,2026-09-07,3,3,1.2433333333333334,2.05,0.1034,,,,29,Other/Unknown,"No nearby facility, moderate intensity (max FRP 2.0), short/low activity (3 active day(s) over 29 days, persistence score 0.10) — insufficient evidence to confidently classify."
1161,85.46519750000002,22.0549825,2026-08-06,2026-09-04,4,3,0.7,1.0,0.1034,,,,29,Other/Unknown,"No nearby facility, moderate intensity (max FRP 1.0), short/low activity (3 active day(s) over 29 days, persistence score 0.10) — insufficient evidence to confidently classify."
1547,77.9918825,8.6699225,2026-07-24,2026-09-01,4,4,0.995,1.55,0.1026,,,,39,Other/Unknown,"No nearby facility, moderate intensity (max FRP 1.6), short/low activity (4 active day(s) over 39 days, persistence score 0.10) — insufficient evidence to confidently classify."
437,79.33399999999999,19.962422,2026-07-31,2026-09-08,5,4,0.9559999999999998,1.46,0.1026,Makhali,industrial_area,2985.9971607,39,Industrial Fire,Close to an unnamed industrial_area (437m away) but only active 4 day(s) over a 39-day window (5 detections) — reads as a transient burn event at/near a facility rather than an ongoing source.
437,79.33399999999999,19.962422,2026-07-31,2026-09-08,5,4,0.9559999999999998,1.46,0.1026,D. Rayatwari,industrial_area,2755.18355127,39,Industrial Fire,Close to an unnamed industrial_area (437m away) but only active 4 day(s) over a 39-day window (5 detections) — reads as a transient burn event at/near a facility rather than an ongoing source.
437,79.33399999999999,19.962422,2026-07-31,2026-09-08,5,4,0.9559999999999998,1.46,0.1026,,industrial_area,436.72564542,39,Industrial Fire,Close to an unnamed industrial_area (437m away) but only active 4 day(s) over a 39-day window (5 detections) — reads as a transient burn event at/near a facility rather than an ongoing source.
437,79.33399999999999,19.962422,2026-07-31,2026-09-08,5,4,0.9559999999999998,1.46,0.1026,Water Filtration Center,industrial_area,3651.69408373,39,Industrial Fire,Close to an unnamed industrial_area (437m away) but only active 4 day(s) over a 39-day window (5 detections) — reads as a transient burn event at/near a facility rather than an ongoing source.
395,77.57703375,28.66126,2026-07-21,2026-09-08,8,5,1.815,3.21,0.102,,industrial_works,328.56767983,49,Industrial Fire,Close to an unnamed industrial_area (43m away) but only active 5 day(s) over a 49-day window (8 detections) — reads as a transient burn event at/near a facility rather than an ongoing source.
395,77.57703375,28.66126,2026-07-21,2026-09-08,8,5,1.815,3.21,0.102,,industrial_area,42.58211303,49,Industrial Fire,Close to an unnamed industrial_area (43m away) but only active 5 day(s) over a 49-day window (8 detections) — reads as a transient burn event at/near a facility rather than an ongoing source.
728,80.99225750000001,8.8351875,2026-08-11,2026-09-10,4,3,65.7825,127.29,0.1,,,,30,Wildfire / Natural Fire,"No industrial facility within 5km, high peak intensity (max FRP 127.3), short-lived (3 active day(s) over 30 days) — profile matches a natural/wild fire rather than a stable industrial source."
1704,81.27929,7.501799999999999,2026-07-31,2026-08-20,2,2,3.305,3.74,0.1,,,,20,Other/Unknown,"No nearby facility, moderate intensity (max FRP 3.7), short/low activity (2 active day(s) over 20 days, persistence score 0.10) — insufficient evidence to confidently classify."
1262,80.35206249999997,8.692884166666667,2026-07-17,2026-09-05,12,5,13.7275,24.8,0.1,,,,50,Wildfire / Natural Fire,"No industrial facility within 5km, high peak intensity (max FRP 24.8), short-lived (5 active day(s) over 50 days) — profile matches a natural/wild fire rather than a stable industrial source."
1746,84.92266000000001,23.826955,2026-08-02,2026-08-22,2,2,1.035,1.64,0.1,,,,20,Other/Unknown,"No nearby facility, moderate intensity (max FRP 1.6), short/low activity (2 active day(s) over 20 days, persistence score 0.10) — insufficient evidence to confidently classify."
1537,76.38685,10.943646666666666,2026-08-12,2026-09-01,3,2,0.5333333333333333,0.58,0.1,,industrial_area,4132.63142056,20,Other/Unknown,"No nearby facility, moderate intensity (max FRP 0.6), short/low activity (2 active day(s) over 20 days, persistence score 0.10) — insufficient evidence to confidently classify."
1536,78.51559499999999,10.922095,2026-08-12,2026-09-01,2,2,1.59,1.96,0.1,,,,20,Other/Unknown,"No nearby facility, moderate intensity (max FRP 2.0), short/low activity (2 active day(s) over 20 days, persistence score 0.10) — insufficient evidence to confidently classify."
1349,84.02104789473684,21.76263210526316,2026-07-29,2026-09-07,19,4,2.055263157894737,7.95,0.1,,,,40,Other/Unknown,"No nearby facility, moderate intensity (max FRP 8.0), short/low activity (4 active day(s) over 40 days, persistence score 0.10) — insufficient evidence to confidently classify."
1361,80.84334799999999,7.094408,2026-07-27,2026-09-06,5,4,2.474,3.8,0.0976,Kurundu Oya Hydro Power Plant,power_plant,1279.97225657,41,Industrial Fire,Close to an unnamed pipeline (1170m away) but only active 4 day(s) over a 41-day window (5 detections) — reads as a transient burn event at/near a facility rather than an ongoing source.
1361,80.84334799999999,7.094408,2026-07-27,2026-09-06,5,4,2.474,3.8,0.0976,Padiyapalalla MHP,power_plant,4853.59317003,41,Industrial Fire,Close to an unnamed pipeline (1170m away) but only active 4 day(s) over a 41-day window (5 detections) — reads as a transient burn event at/near a facility rather than an ongoing source.
1361,80.84334799999999,7.094408,2026-07-27,2026-09-06,5,4,2.474,3.8,0.0976,Walapane Depot,industrial_area,2048.9092856,41,Industrial Fire,Close to an unnamed pipeline (1170m away) but only active 4 day(s) over a 41-day window (5 detections) — reads as a transient burn event at/near a facility rather than an ongoing source.
1361,80.84334799999999,7.094408,2026-07-27,2026-09-06,5,4,2.474,3.8,0.0976,,pipeline,1170.12906736,41,Industrial Fire,Close to an unnamed pipeline (1170m away) but only active 4 day(s) over a 41-day window (5 detections) — reads as a transient burn event at/near a facility rather than an ongoing source.
1361,80.84334799999999,7.094408,2026-07-27,2026-09-06,5,4,2.474,3.8,0.0976,Manelwala MHP,power_plant,3326.91228325,41,Industrial Fire,Close to an unnamed pipeline (1170m away) but only active 4 day(s) over a 41-day window (5 detections) — reads as a transient burn event at/near a facility rather than an ongoing source.
626,70.56563750000001,20.86739,2026-08-09,2026-09-09,4,3,1.4375,1.55,0.0968,,,,31,Other/Unknown,"No nearby facility, moderate intensity (max FRP 1.6), short/low activity (3 active day(s) over 31 days, persistence score 0.10) — insufficient evidence to confidently classify."
1590,81.11162333333333,6.522666666666667,2026-07-24,2026-08-24,3,3,3.2266666666666666,4.55,0.0968,,,,31,Other/Unknown,"No nearby facility, moderate intensity (max FRP 4.5), short/low activity (3 active day(s) over 31 days, persistence score 0.10) — insufficient evidence to confidently classify."
648,70.94512250000001,19.1777275,2026-08-09,2026-09-09,4,3,1.6,2.67,0.0968,,,,31,Other/Unknown,"No nearby facility, moderate intensity (max FRP 2.7), short/low activity (3 active day(s) over 31 days, persistence score 0.10) — insufficient evidence to confidently classify."
529,80.41636875,8.62558625,2026-07-29,2026-09-09,8,4,5.18375,7.79,0.0952,,,,42,Other/Unknown,"No nearby facility, moderate intensity (max FRP 7.8), short/low activity (4 active day(s) over 42 days, persistence score 0.10) — insufficient evidence to confidently classify."
1016,81.22659666666667,7.911683333333333,2026-08-22,2026-09-12,3,2,1.07,2.53,0.0952,,,,21,Other/Unknown,"No nearby facility, moderate intensity (max FRP 2.5), short/low activity (2 active day(s) over 21 days, persistence score 0.10) — insufficient evidence to confidently classify."
520,80.65923666666667,8.31056,2026-08-19,2026-09-09,3,2,9.05,10.03,0.0952,,,,21,Wildfire / Natural Fire,"No industrial facility within 5km, high peak intensity (max FRP 10.0), short-lived (2 active day(s) over 21 days) — profile matches a natural/wild fire rather than a stable industrial source."
1141,80.873415,8.558105000000001,2026-08-14,2026-09-04,2,2,6.62,9.23,0.0952,,,,21,Wildfire / Natural Fire,"No industrial facility within 5km, high peak intensity (max FRP 9.2), short-lived (2 active day(s) over 21 days) — profile matches a natural/wild fire rather than a stable industrial source."
1118,81.47172,6.79941,2026-08-14,2026-09-04,2,2,4.895,5.55,0.0952,,,,21,Other/Unknown,"No nearby facility, moderate intensity (max FRP 5.5), short/low activity (2 active day(s) over 21 days, persistence score 0.10) — insufficient evidence to confidently classify."
672,80.85573000000001,7.575976666666667,2026-08-20,2026-09-10,3,2,4.536666666666666,5.69,0.0952,,,,21,Other/Unknown,"No nearby facility, moderate intensity (max FRP 5.7), short/low activity (2 active day(s) over 21 days, persistence score 0.10) — insufficient evidence to confidently classify."
1458,80.16889499999999,8.284215,2026-08-10,2026-08-31,2,2,4.46,5.09,0.0952,,,,21,Other/Unknown,"No nearby facility, moderate intensity (max FRP 5.1), short/low activity (2 active day(s) over 21 days, persistence score 0.10) — insufficient evidence to confidently classify."
1923,68.31085,24.45384333333333,2026-07-17,2026-08-07,3,2,4.71,5.5,0.0952,,,,21,Other/Unknown,"No nearby facility, moderate intensity (max FRP 5.5), short/low activity (2 active day(s) over 21 days, persistence score 0.10) — insufficient evidence to confidently classify."
684,80.15876333333334,7.99374,2026-08-20,2026-09-10,3,2,3.036666666666666,3.31,0.0952,,,,21,Other/Unknown,"No nearby facility, moderate intensity (max FRP 3.3), short/low activity (2 active day(s) over 21 days, persistence score 0.10) — insufficient evidence to confidently classify."
1868,72.00865,30.61768,2026-07-20,2026-08-10,2,2,5.23,8.59,0.0952,,,,21,Wildfire / Natural Fire,"No industrial facility within 5km, high peak intensity (max FRP 8.6), short-lived (2 active day(s) over 21 days) — profile matches a natural/wild fire rather than a stable industrial source."
1343,79.20899750000001,21.24887,2026-07-25,2026-09-06,4,4,1.115,1.48,0.093,,industrial_area,3868.58661044,43,Other/Unknown,"No nearby facility, moderate intensity (max FRP 1.5), short/low activity (4 active day(s) over 43 days, persistence score 0.09) — insufficient evidence to confidently classify."
1353,83.23282166666667,21.984435,2026-07-26,2026-09-07,6,4,1.63,2.75,0.093,,,,43,Other/Unknown,"No nearby facility, moderate intensity (max FRP 2.8), short/low activity (4 active day(s) over 43 days, persistence score 0.09) — insufficient evidence to confidently classify."
1396,81.64083,21.3766025,2026-07-26,2026-09-07,4,4,1.7425000000000002,2.42,0.093,,industrial_area,897.3837784,43,Industrial Fire,Close to an unnamed industrial_area (897m away) but only active 4 day(s) over a 43-day window (4 detections) — reads as a transient burn event at/near a facility rather than an ongoing source.
1396,81.64083,21.3766025,2026-07-26,2026-09-07,4,4,1.7425000000000002,2.42,0.093,Jayaswal Neco,industrial_area,4182.40646065,43,Industrial Fire,Close to an unnamed industrial_area (897m away) but only active 4 day(s) over a 43-day window (4 detections) — reads as a transient burn event at/near a facility rather than an ongoing source.
1358,76.24833600000001,15.336078,2026-07-25,2026-09-06,5,4,0.744,1.18,0.093,,industrial_area,3688.34703553,43,Industrial Fire,Close to Hospet Steels (597m away) but only active 4 day(s) over a 43-day window (5 detections) — reads as a transient burn event at/near a facility rather than an ongoing source.
1358,76.24833600000001,15.336078,2026-07-25,2026-09-06,5,4,0.744,1.18,0.093,Hospet Steels,industrial_area,597.38823349,43,Industrial Fire,Close to Hospet Steels (597m away) but only active 4 day(s) over a 43-day window (5 detections) — reads as a transient burn event at/near a facility rather than an ongoing source.
1358,76.24833600000001,15.336078,2026-07-25,2026-09-06,5,4,0.744,1.18,0.093,Ginigera Cement Works,industrial_area,2352.60749679,43,Industrial Fire,Close to Hospet Steels (597m away) but only active 4 day(s) over a 43-day window (5 detections) — reads as a transient burn event at/near a facility rather than an ongoing source.
1792,81.29419,7.426125,2026-07-24,2026-08-15,2,2,9.03,13.64,0.0909,,,,22,Wildfire / Natural Fire,"No industrial facility within 5km, high peak intensity (max FRP 13.6), short-lived (2 active day(s) over 22 days) — profile matches a natural/wild fire rather than a stable industrial source."
1341,78.63768999999999,20.696555,2026-07-25,2026-09-07,4,4,1.0325000000000002,1.29,0.0909,"MIDC, Wardha",industrial_area,4351.978565,44,Industrial Fire,Close to an unnamed industrial_area (359m away) but only active 4 day(s) over a 44-day window (4 detections) — reads as a transient burn event at/near a facility rather than an ongoing source.
1513,78.0563325,8.69463,2026-08-10,2026-09-01,4,2,4.2025,6.31,0.0909,,power_plant,4869.9380431,22,Other/Unknown,"No nearby facility, moderate intensity (max FRP 6.3), short/low activity (2 active day(s) over 22 days, persistence score 0.09) — insufficient evidence to confidently classify."
1901,77.69234,8.764545,2026-07-22,2026-08-13,2,2,3.85,4.78,0.0909,,industrial_area,2729.6389951,22,Industrial Fire,Close to an unnamed power_plant (1146m away) but only active 2 day(s) over a 22-day window (2 detections) — reads as a transient burn event at/near a facility rather than an ongoing source.
1225,81.43727,7.885943333333333,2026-08-14,2026-09-05,3,2,4.8,6.46,0.0909,,,,22,Other/Unknown,"No nearby facility, moderate intensity (max FRP 6.5), short/low activity (2 active day(s) over 22 days, persistence score 0.09) — insufficient evidence to confidently classify."
1513,78.0563325,8.69463,2026-08-10,2026-09-01,4,2,4.2025,6.31,0.0909,,industrial_area,4214.58201706,22,Other/Unknown,"No nearby facility, moderate intensity (max FRP 6.3), short/low activity (2 active day(s) over 22 days, persistence score 0.09) — insufficient evidence to confidently classify."
1417,90.98421,29.653675,2026-08-08,2026-08-30,2,2,10.204999999999998,16.99,0.0909,国网西藏电力有限公司东嘎发电公司,power_plant,2494.46643177,22,Industrial Fire,Close to an unnamed industrial_area (73m away) but only active 2 day(s) over a 22-day window (2 detections) — reads as a transient burn event at/near a facility rather than an ongoing source.
1417,90.98421,29.653675,2026-08-08,2026-08-30,2,2,10.204999999999998,16.99,0.0909,东嘎过渡电源,power_plant,2464.8920488,22,Industrial Fire,Close to an unnamed industrial_area (73m away) but only active 2 day(s) over a 22-day window (2 detections) — reads as a transient burn event at/near a facility rather than an ongoing source.
630,90.99228153846154,29.55586,2026-07-17,2026-09-10,13,5,4.101538461538462,6.45,0.0909,,industrial_area,10.33727478,55,Industrial Fire,Close to an unnamed industrial_area (10m away) but only active 5 day(s) over a 55-day window (13 detections) — reads as a transient burn event at/near a facility rather than an ongoing source.
1483,77.111635,10.41506,2026-08-09,2026-08-31,2,2,1.49,2.55,0.0909,,,,22,Other/Unknown,"No nearby facility, moderate intensity (max FRP 2.5), short/low activity (2 active day(s) over 22 days, persistence score 0.09) — insufficient evidence to confidently classify."
1417,90.98421,29.653675,2026-08-08,2026-08-30,2,2,10.204999999999998,16.99,0.0909,拉萨创业创新园,industrial_area,3577.776309,22,Industrial Fire,Close to an unnamed industrial_area (73m away) but only active 2 day(s) over a 22-day window (2 detections) — reads as a transient burn event at/near a facility rather than an ongoing source.
1901,77.69234,8.764545,2026-07-22,2026-08-13,2,2,3.85,4.78,0.0909,,power_plant,1145.99263542,22,Industrial Fire,Close to an unnamed power_plant (1146m away) but only active 2 day(s) over a 22-day window (2 detections) — reads as a transient burn event at/near a facility rather than an ongoing source.
1417,90.98421,29.653675,2026-08-08,2026-08-30,2,2,10.204999999999998,16.99,0.0909,东嘎应急电源,industrial_area,2629.19413132,22,Industrial Fire,Close to an unnamed industrial_area (73m away) but only active 2 day(s) over a 22-day window (2 detections) — reads as a transient burn event at/near a facility rather than an ongoing source.
1417,90.98421,29.653675,2026-08-08,2026-08-30,2,2,10.204999999999998,16.99,0.0909,,industrial_area,72.52111767,22,Industrial Fire,Close to an unnamed industrial_area (73m away) but only active 2 day(s) over a 22-day window (2 detections) — reads as a transient burn event at/near a facility rather than an ongoing source.
1549,81.32418666666666,6.688726666666667,2026-08-11,2026-09-02,3,2,6.583333333333333,11.45,0.0909,,,,22,Wildfire / Natural Fire,"No industrial facility within 5km, high peak intensity (max FRP 11.4), short-lived (2 active day(s) over 22 days) — profile matches a natural/wild fire rather than a stable industrial source."
1417,90.98421,29.653675,2026-08-08,2026-08-30,2,2,10.204999999999998,16.99,0.0909,,power_plant,2910.84046255,22,Industrial Fire,Close to an unnamed industrial_area (73m away) but only active 2 day(s) over a 22-day window (2 detections) — reads as a transient burn event at/near a facility rather than an ongoing source.
1417,90.98421,29.653675,2026-08-08,2026-08-30,2,2,10.204999999999998,16.99,0.0909,拉萨皮革厂,industrial_area,2013.69408107,22,Industrial Fire,Close to an unnamed industrial_area (73m away) but only active 2 day(s) over a 22-day window (2 detections) — reads as a transient burn event at/near a facility rather than an ongoing source.
1759,81.183932,7.193547000000001,2026-07-21,2026-08-23,10,3,1.997,5.51,0.0909,,pipeline,1253.39962006,33,Industrial Fire,Close to an unnamed pipeline (1253m away) but only active 3 day(s) over a 33-day window (10 detections) — reads as a transient burn event at/near a facility rather than an ongoing source.
1417,90.98421,29.653675,2026-08-08,2026-08-30,2,2,10.204999999999998,16.99,0.0909,西藏祁连山水泥厂,industrial_area,1937.59532786,22,Industrial Fire,Close to an unnamed industrial_area (73m away) but only active 2 day(s) over a 22-day window (2 detections) — reads as a transient burn event at/near a facility rather than an ongoing source.
1341,78.63768999999999,20.696555,2026-07-25,2026-09-07,4,4,1.0325000000000002,1.29,0.0909,,power_plant,1487.82984061,44,Industrial Fire,Close to an unnamed industrial_area (359m away) but only active 4 day(s) over a 44-day window (4 detections) — reads as a transient burn event at/near a facility rather than an ongoing source.
543,77.69946,10.087106666666669,2026-08-18,2026-09-09,6,2,3.2266666666666666,5.9,0.0909,,power_plant,1928.63745848,22,Other/Unknown,1929m from an unnamed power_plant — plausibly related but not close enough to confidently attribute; distance alone is insufficient per project methodology. Needs Sentinel-2 land-cover context to resolve.
1341,78.63768999999999,20.696555,2026-07-25,2026-09-07,4,4,1.0325000000000002,1.29,0.0909,,industrial_area,358.60297412,44,Industrial Fire,Close to an unnamed industrial_area (359m away) but only active 4 day(s) over a 44-day window (4 detections) — reads as a transient burn event at/near a facility rather than an ongoing source.
1715,81.69328,7.512475,2026-07-30,2026-08-21,2,2,13.865,21.76,0.0909,,,,22,Wildfire / Natural Fire,"No industrial facility within 5km, high peak intensity (max FRP 21.8), short-lived (2 active day(s) over 22 days) — profile matches a natural/wild fire rather than a stable industrial source."
1391,82.65741599999998,24.146,2026-07-25,2026-09-07,5,4,1.716,2.15,0.0909,,,,44,Other/Unknown,"No nearby facility, moderate intensity (max FRP 2.1), short/low activity (4 active day(s) over 44 days, persistence score 0.09) — insufficient evidence to confidently classify."
1408,69.46860249999999,27.6268425,2026-08-07,2026-08-29,4,2,8.1375,11.26,0.0909,,,,22,Wildfire / Natural Fire,"No industrial facility within 5km, high peak intensity (max FRP 11.3), short-lived (2 active day(s) over 22 days) — profile matches a natural/wild fire rather than a stable industrial source."
1416,71.51563333333333,33.23545333333333,2026-07-26,2026-08-29,3,3,1.7066666666666668,2.87,0.0882,,,,34,Other/Unknown,"No nearby facility, moderate intensity (max FRP 2.9), short/low activity (3 active day(s) over 34 days, persistence score 0.09) — insufficient evidence to confidently classify."
1566,81.32719999999999,8.186653333333332,2026-07-30,2026-09-02,3,3,4.96,9.57,0.0882,,,,34,Wildfire / Natural Fire,"No industrial facility within 5km, high peak intensity (max FRP 9.6), short-lived (3 active day(s) over 34 days) — profile matches a natural/wild fire rather than a stable industrial source."
492,81.8207525,7.280745,2026-08-17,2026-09-09,4,2,2.5700000000000003,2.83,0.087,construction Area,industrial_area,4910.15223411,23,Other/Unknown,3267m from an unnamed industrial_area — plausibly related but not close enough to confidently attribute; distance alone is insufficient per project methodology. Needs Sentinel-2 land-cover context to resolve.
1006,81.7839775,7.05697,2026-08-20,2026-09-12,4,2,4.23,4.8,0.087,,,,23,Other/Unknown,"No nearby facility, moderate intensity (max FRP 4.8), short/low activity (2 active day(s) over 23 days, persistence score 0.09) — insufficient evidence to confidently classify."
1245,80.17555,8.379684999999998,2026-08-13,2026-09-05,2,2,11.84,22.11,0.087,,,,23,Wildfire / Natural Fire,"No industrial facility within 5km, high peak intensity (max FRP 22.1), short-lived (2 active day(s) over 23 days) — profile matches a natural/wild fire rather than a stable industrial source."
492,81.8207525,7.280745,2026-08-17,2026-09-09,4,2,2.5700000000000003,2.83,0.087,Den Fish Fectory,industrial_area,4917.3041034,23,Other/Unknown,3267m from an unnamed industrial_area — plausibly related but not close enough to confidently attribute; distance alone is insufficient per project methodology. Needs Sentinel-2 land-cover context to resolve.
492,81.8207525,7.280745,2026-08-17,2026-09-09,4,2,2.5700000000000003,2.83,0.087,Fish Harbor Work Place,industrial_area,4965.20690166,23,Other/Unknown,3267m from an unnamed industrial_area — plausibly related but not close enough to confidently attribute; distance alone is insufficient per project methodology. Needs Sentinel-2 land-cover context to resolve.
492,81.8207525,7.280745,2026-08-17,2026-09-09,4,2,2.5700000000000003,2.83,0.087,,industrial_area,3266.77627291,23,Other/Unknown,3267m from an unnamed industrial_area — plausibly related but not close enough to confidently attribute; distance alone is insufficient per project methodology. Needs Sentinel-2 land-cover context to resolve.
1821,81.8012,7.16647,2026-07-25,2026-08-17,2,2,1.985,2.12,0.087,,,,23,Other/Unknown,"No nearby facility, moderate intensity (max FRP 2.1), short/low activity (2 active day(s) over 23 days, persistence score 0.09) — insufficient evidence to confidently classify."
492,81.8207525,7.280745,2026-08-17,2026-09-09,4,2,2.5700000000000003,2.83,0.087,Hairu Naval Craf Rngineering Pvt Lim,industrial_works,3348.99263687,23,Other/Unknown,3267m from an unnamed industrial_area — plausibly related but not close enough to confidently attribute; distance alone is insufficient per project methodology. Needs Sentinel-2 land-cover context to resolve.
494,81.132422,7.429452,2026-08-17,2026-09-09,5,2,5.702,6.63,0.087,,,,23,Other/Unknown,"No nearby facility, moderate intensity (max FRP 6.6), short/low activity (2 active day(s) over 23 days, persistence score 0.09) — insufficient evidence to confidently classify."
1044,79.85965,9.006659999999998,2026-08-20,2026-09-12,4,2,9.6,20.3,0.087,,,,23,Wildfire / Natural Fire,"No industrial facility within 5km, high peak intensity (max FRP 20.3), short-lived (2 active day(s) over 23 days) — profile matches a natural/wild fire rather than a stable industrial source."
1647,81.14972,8.663066666666667,2026-07-24,2026-08-28,3,3,3.253333333333334,4.24,0.0857,,,,35,Other/Unknown,"No nearby facility, moderate intensity (max FRP 4.2), short/low activity (3 active day(s) over 35 days, persistence score 0.09) — insufficient evidence to confidently classify."
1522,78.2290675,9.8043425,2026-07-28,2026-09-01,4,3,4.79,7.44,0.0857,,industrial_works,4484.62139337,35,Other/Unknown,"No nearby facility, moderate intensity (max FRP 7.4), short/low activity (3 active day(s) over 35 days, persistence score 0.09) — insufficient evidence to confidently classify."
1103,70.085542,23.121466,2026-07-18,2026-09-03,5,4,3.67,5.11,0.0851,Gokul Refinery,industrial_works,4401.16178376,47,Industrial Fire,Close to an unnamed industrial_area (1043m away) but only active 4 day(s) over a 47-day window (5 detections) — reads as a transient burn event at/near a facility rather than an ongoing source.
1103,70.085542,23.121466,2026-07-18,2026-09-03,5,4,3.67,5.11,0.0851,,power_plant,2021.42649153,47,Industrial Fire,Close to an unnamed industrial_area (1043m away) but only active 4 day(s) over a 47-day window (5 detections) — reads as a transient burn event at/near a facility rather than an ongoing source.
541,77.56753666666668,28.77318166666667,2026-07-24,2026-09-09,6,4,1.2866666666666666,2.59,0.0851,,,,47,Other/Unknown,"No nearby facility, moderate intensity (max FRP 2.6), short/low activity (4 active day(s) over 47 days, persistence score 0.09) — insufficient evidence to confidently classify."
1103,70.085542,23.121466,2026-07-18,2026-09-03,5,4,3.67,5.11,0.0851,,industrial_works,1515.01010635,47,Industrial Fire,Close to an unnamed industrial_area (1043m away) but only active 4 day(s) over a 47-day window (5 detections) — reads as a transient burn event at/near a facility rather than an ongoing source.
796,73.684458,26.60559,2026-07-25,2026-09-10,5,4,0.934,1.79,0.0851,,industrial_area,165.59432254,47,Industrial Fire,Close to an unnamed industrial_area (166m away) but only active 4 day(s) over a 47-day window (5 detections) — reads as a transient burn event at/near a facility rather than an ongoing source.
796,73.684458,26.60559,2026-07-25,2026-09-10,5,4,0.934,1.79,0.0851,,power_plant,864.89118444,47,Industrial Fire,Close to an unnamed industrial_area (166m away) but only active 4 day(s) over a 47-day window (5 detections) — reads as a transient burn event at/near a facility rather than an ongoing source.
1103,70.085542,23.121466,2026-07-18,2026-09-03,5,4,3.67,5.11,0.0851,,industrial_area,1043.16189238,47,Industrial Fire,Close to an unnamed industrial_area (1043m away) but only active 4 day(s) over a 47-day window (5 detections) — reads as a transient burn event at/near a facility rather than an ongoing source.
1305,85.31442666666668,21.969156666666663,2026-07-31,2026-09-05,3,3,1.24,1.69,0.0833,,,,36,Other/Unknown,"No nearby facility, moderate intensity (max FRP 1.7), short/low activity (3 active day(s) over 36 days, persistence score 0.08) — insufficient evidence to confidently classify."
1099,79.9574225,6.959662499999999,2026-07-17,2026-09-03,4,4,1.2000000000000002,2.43,0.0833,Road Development Authority Land Proprty,industrial_area,1729.44480718,48,Industrial Fire,Close to Sapugaskanda New Terminal (124m away) but only active 4 day(s) over a 48-day window (4 detections) — reads as a transient burn event at/near a facility rather than an ongoing source.
1099,79.9574225,6.959662499999999,2026-07-17,2026-09-03,4,4,1.2000000000000002,2.43,0.0833,"Lion Brewery Ceylon, Biyagama",industrial_area,3149.67811933,48,Industrial Fire,Close to Sapugaskanda New Terminal (124m away) but only active 4 day(s) over a 48-day window (4 detections) — reads as a transient burn event at/near a facility rather than an ongoing source.
1099,79.9574225,6.959662499999999,2026-07-17,2026-09-03,4,4,1.2000000000000002,2.43,0.0833,Sapugaskanda New Terminal,industrial_area,123.78478507,48,Industrial Fire,Close to Sapugaskanda New Terminal (124m away) but only active 4 day(s) over a 48-day window (4 detections) — reads as a transient burn event at/near a facility rather than an ongoing source.
1099,79.9574225,6.959662499999999,2026-07-17,2026-09-03,4,4,1.2000000000000002,2.43,0.0833,Sapugaskanda Petroleum Refinery,industrial_area,417.93622104,48,Industrial Fire,Close to Sapugaskanda New Terminal (124m away) but only active 4 day(s) over a 48-day window (4 detections) — reads as a transient burn event at/near a facility rather than an ongoing source.
1328,80.25000499999999,8.499855,2026-08-13,2026-09-06,2,2,11.86,15.55,0.0833,,,,24,Wildfire / Natural Fire,"No industrial facility within 5km, high peak intensity (max FRP 15.6), short-lived (2 active day(s) over 24 days) — profile matches a natural/wild fire rather than a stable industrial source."
1099,79.9574225,6.959662499999999,2026-07-17,2026-09-03,4,4,1.2000000000000002,2.43,0.0833,Sapugaskanda Power Station,power_plant,371.00929893,48,Industrial Fire,Close to Sapugaskanda New Terminal (124m away) but only active 4 day(s) over a 48-day window (4 detections) — reads as a transient burn event at/near a facility rather than an ongoing source.
1099,79.9574225,6.959662499999999,2026-07-17,2026-09-03,4,4,1.2000000000000002,2.43,0.0833,St. Clair Teas (Pvt) Ltd,industrial_works,4302.73750026,48,Industrial Fire,Close to Sapugaskanda New Terminal (124m away) but only active 4 day(s) over a 48-day window (4 detections) — reads as a transient burn event at/near a facility rather than an ongoing source.
1099,79.9574225,6.959662499999999,2026-07-17,2026-09-03,4,4,1.2000000000000002,2.43,0.0833,Basilur Tea Exports (Pvt) Ltd.,industrial_area,3208.31612129,48,Industrial Fire,Close to Sapugaskanda New Terminal (124m away) but only active 4 day(s) over a 48-day window (4 detections) — reads as a transient burn event at/near a facility rather than an ongoing source.
1099,79.9574225,6.959662499999999,2026-07-17,2026-09-03,4,4,1.2000000000000002,2.43,0.0833,Asia Power Sapugaskanda Power Station,power_plant,1084.77469087,48,Industrial Fire,Close to Sapugaskanda New Terminal (124m away) but only active 4 day(s) over a 48-day window (4 detections) — reads as a transient burn event at/near a facility rather than an ongoing source.
1099,79.9574225,6.959662499999999,2026-07-17,2026-09-03,4,4,1.2000000000000002,2.43,0.0833,TDK Warehousing,industrial_area,3380.34494646,48,Industrial Fire,Close to Sapugaskanda New Terminal (124m away) but only active 4 day(s) over a 48-day window (4 detections) — reads as a transient burn event at/near a facility rather than an ongoing source.
1099,79.9574225,6.959662499999999,2026-07-17,2026-09-03,4,4,1.2000000000000002,2.43,0.0833,Vintage Warehousing,industrial_area,3232.15753523,48,Industrial Fire,Close to Sapugaskanda New Terminal (124m away) but only active 4 day(s) over a 48-day window (4 detections) — reads as a transient burn event at/near a facility rather than an ongoing source.
1099,79.9574225,6.959662499999999,2026-07-17,2026-09-03,4,4,1.2000000000000002,2.43,0.0833,,industrial_area,508.28178915,48,Industrial Fire,Close to Sapugaskanda New Terminal (124m away) but only active 4 day(s) over a 48-day window (4 detections) — reads as a transient burn event at/near a facility rather than an ongoing source.
1099,79.9574225,6.959662499999999,2026-07-17,2026-09-03,4,4,1.2000000000000002,2.43,0.0833,,industrial_works,3107.54054504,48,Industrial Fire,Close to Sapugaskanda New Terminal (124m away) but only active 4 day(s) over a 48-day window (4 detections) — reads as a transient burn event at/near a facility rather than an ongoing source.
1798,96.70339333333334,22.35531333333333,2026-07-22,2026-08-15,3,2,0.7233333333333333,0.97,0.0833,Crown Cement Factory,industrial_area,429.96472469,24,Industrial Fire,Close to Crown Cement Factory (430m away) but only active 2 day(s) over a 24-day window (3 detections) — reads as a transient burn event at/near a facility rather than an ongoing source.
1099,79.9574225,6.959662499999999,2026-07-17,2026-09-03,4,4,1.2000000000000002,2.43,0.0833,,power_plant,2916.27877708,48,Industrial Fire,Close to Sapugaskanda New Terminal (124m away) but only active 4 day(s) over a 48-day window (4 detections) — reads as a transient burn event at/near a facility rather than an ongoing source.
1368,81.57594666666667,6.8706983333333325,2026-07-21,2026-09-07,6,4,5.185,12.93,0.0833,,,,48,Wildfire / Natural Fire,"No industrial facility within 5km, high peak intensity (max FRP 12.9), short-lived (4 active day(s) over 48 days) — profile matches a natural/wild fire rather than a stable industrial source."
1099,79.9574225,6.959662499999999,2026-07-17,2026-09-03,4,4,1.2000000000000002,2.43,0.0833,CEB Workshop,industrial_area,3627.81635065,48,Industrial Fire,Close to Sapugaskanda New Terminal (124m away) but only active 4 day(s) over a 48-day window (4 detections) — reads as a transient burn event at/near a facility rather than an ongoing source.
1099,79.9574225,6.959662499999999,2026-07-17,2026-09-03,4,4,1.2000000000000002,2.43,0.0833,Kaduwela Court,industrial_area,3883.47099324,48,Industrial Fire,Close to Sapugaskanda New Terminal (124m away) but only active 4 day(s) over a 48-day window (4 detections) — reads as a transient burn event at/near a facility rather than an ongoing source.
1099,79.9574225,6.959662499999999,2026-07-17,2026-09-03,4,4,1.2000000000000002,2.43,0.0833,Enginnering Student's Work Place,industrial_works,4493.05496151,48,Industrial Fire,Close to Sapugaskanda New Terminal (124m away) but only active 4 day(s) over a 48-day window (4 detections) — reads as a transient burn event at/near a facility rather than an ongoing source.
1099,79.9574225,6.959662499999999,2026-07-17,2026-09-03,4,4,1.2000000000000002,2.43,0.0833,Millennium Warehousing,industrial_area,3420.2624462,48,Industrial Fire,Close to Sapugaskanda New Terminal (124m away) but only active 4 day(s) over a 48-day window (4 detections) — reads as a transient burn event at/near a facility rather than an ongoing source.
1099,79.9574225,6.959662499999999,2026-07-17,2026-09-03,4,4,1.2000000000000002,2.43,0.0833,Project office,industrial_area,2474.05108622,48,Industrial Fire,Close to Sapugaskanda New Terminal (124m away) but only active 4 day(s) over a 48-day window (4 detections) — reads as a transient burn event at/near a facility rather than an ongoing source.
1099,79.9574225,6.959662499999999,2026-07-17,2026-09-03,4,4,1.2000000000000002,2.43,0.0833,Intermart Factory,industrial_area,1653.9493646,48,Industrial Fire,Close to Sapugaskanda New Terminal (124m away) but only active 4 day(s) over a 48-day window (4 detections) — reads as a transient burn event at/near a facility rather than an ongoing source.
1314,81.02803,6.382013333333333,2026-08-13,2026-09-06,3,2,9.65,16.19,0.0833,,,,24,Wildfire / Natural Fire,"No industrial facility within 5km, high peak intensity (max FRP 16.2), short-lived (2 active day(s) over 24 days) — profile matches a natural/wild fire rather than a stable industrial source."
1798,96.70339333333334,22.35531333333333,2026-07-22,2026-08-15,3,2,0.7233333333333333,0.97,0.0833,,industrial_area,1071.21711923,24,Industrial Fire,Close to Crown Cement Factory (430m away) but only active 2 day(s) over a 24-day window (3 detections) — reads as a transient burn event at/near a facility rather than an ongoing source.
1177,81.591065,21.309595,2026-08-11,2026-09-04,2,2,0.915,1.06,0.0833,,industrial_area,49.29368909,24,Industrial Fire,Close to an unnamed industrial_area (49m away) but only active 2 day(s) over a 24-day window (2 detections) — reads as a transient burn event at/near a facility rather than an ongoing source.
1177,81.591065,21.309595,2026-08-11,2026-09-04,2,2,0.915,1.06,0.0833,,power_plant,2294.46368823,24,Industrial Fire,Close to an unnamed industrial_area (49m away) but only active 2 day(s) over a 24-day window (2 detections) — reads as a transient burn event at/near a facility rather than an ongoing source.
1099,79.9574225,6.959662499999999,2026-07-17,2026-09-03,4,4,1.2000000000000002,2.43,0.0833,,pipeline,341.47565076,48,Industrial Fire,Close to Sapugaskanda New Terminal (124m away) but only active 4 day(s) over a 48-day window (4 detections) — reads as a transient burn event at/near a facility rather than an ongoing source.
1162,84.755956,22.223427,2026-07-29,2026-09-04,10,3,0.989,1.82,0.0811,,,,37,Other/Unknown,"No nearby facility, moderate intensity (max FRP 1.8), short/low activity (3 active day(s) over 37 days, persistence score 0.08) — insufficient evidence to confidently classify."
1811,81.23934999999999,7.35304,2026-07-22,2026-08-16,3,2,2.5700000000000003,3.79,0.08,,,,25,Other/Unknown,"No nearby facility, moderate intensity (max FRP 3.8), short/low activity (2 active day(s) over 25 days, persistence score 0.08) — insufficient evidence to confidently classify."
1617,81.68228,7.449985,2026-07-31,2026-08-25,2,2,6.015000000000001,9.13,0.08,,,,25,Wildfire / Natural Fire,"No industrial facility within 5km, high peak intensity (max FRP 9.1), short-lived (2 active day(s) over 25 days) — profile matches a natural/wild fire rather than a stable industrial source."
1199,81.40197,6.70008,2026-08-11,2026-09-05,2,2,7.265000000000001,7.83,0.08,,,,25,Other/Unknown,"No nearby facility, moderate intensity (max FRP 7.8), short/low activity (2 active day(s) over 25 days, persistence score 0.08) — insufficient evidence to confidently classify."
1885,81.14744666666667,7.43171,2026-07-17,2026-08-11,3,2,3.24,5.09,0.08,,,,25,Other/Unknown,"No nearby facility, moderate intensity (max FRP 5.1), short/low activity (2 active day(s) over 25 days, persistence score 0.08) — insufficient evidence to confidently classify."
1076,78.4373,10.95095,2026-08-09,2026-09-03,2,2,2.685,2.9,0.08,,,,25,Other/Unknown,"No nearby facility, moderate intensity (max FRP 2.9), short/low activity (2 active day(s) over 25 days, persistence score 0.08) — insufficient evidence to confidently classify."
925,72.926888,18.858308,2026-08-15,2026-09-09,5,2,2.402,6.55,0.08,,,,25,Other/Unknown,"No nearby facility, moderate intensity (max FRP 6.5), short/low activity (2 active day(s) over 25 days, persistence score 0.08) — insufficient evidence to confidently classify."
1593,81.427345,7.338319999999999,2026-07-30,2026-08-24,2,2,1.995,2.2,0.08,,,,25,Other/Unknown,"No nearby facility, moderate intensity (max FRP 2.2), short/low activity (2 active day(s) over 25 days, persistence score 0.08) — insufficient evidence to confidently classify."
1828,77.95738,8.617785,2026-07-24,2026-08-18,2,2,4.65,8.05,0.08,,,,25,Wildfire / Natural Fire,"No industrial facility within 5km, high peak intensity (max FRP 8.1), short-lived (2 active day(s) over 25 days) — profile matches a natural/wild fire rather than a stable industrial source."
1340,79.12170666666667,19.93000333333333,2026-07-31,2026-09-07,3,3,1.0133333333333332,1.38,0.0789,Acc company limited,industrial_works,1520.26518922,38,Industrial Fire,Close to an unnamed power_plant (218m away) but only active 3 day(s) over a 38-day window (3 detections) — reads as a transient burn event at/near a facility rather than an ongoing source.
1340,79.12170666666667,19.93000333333333,2026-07-31,2026-09-07,3,3,1.0133333333333332,1.38,0.0789,Lloyd,industrial_works,226.62244763,38,Industrial Fire,Close to an unnamed power_plant (218m away) but only active 3 day(s) over a 38-day window (3 detections) — reads as a transient burn event at/near a facility rather than an ongoing source.
1265,78.110895,8.7648725,2026-07-29,2026-09-05,4,3,2.9925,3.45,0.0789,,industrial_area,798.29436972,38,Industrial Fire,Close to an unnamed industrial_area (798m away) but only active 3 day(s) over a 38-day window (4 detections) — reads as a transient burn event at/near a facility rather than an ongoing source.
1340,79.12170666666667,19.93000333333333,2026-07-31,2026-09-07,3,3,1.0133333333333332,1.38,0.0789,Ghugus Coal Power Plant,power_plant,1050.30335005,38,Industrial Fire,Close to an unnamed power_plant (218m away) but only active 3 day(s) over a 38-day window (3 detections) — reads as a transient burn event at/near a facility rather than an ongoing source.
1340,79.12170666666667,19.93000333333333,2026-07-31,2026-09-07,3,3,1.0133333333333332,1.38,0.0789,,industrial_area,1612.47856019,38,Industrial Fire,Close to an unnamed power_plant (218m away) but only active 3 day(s) over a 38-day window (3 detections) — reads as a transient burn event at/near a facility rather than an ongoing source.
1215,81.55412799999999,7.68826,2026-07-29,2026-09-05,5,3,3.29,4.56,0.0789,,,,38,Other/Unknown,"No nearby facility, moderate intensity (max FRP 4.6), short/low activity (3 active day(s) over 38 days, persistence score 0.08) — insufficient evidence to confidently classify."
1340,79.12170666666667,19.93000333333333,2026-07-31,2026-09-07,3,3,1.0133333333333332,1.38,0.0789,,power_plant,218.44762035,38,Industrial Fire,Close to an unnamed power_plant (218m away) but only active 3 day(s) over a 38-day window (3 detections) — reads as a transient burn event at/near a facility rather than an ongoing source.
1390,82.546158,22.324062000000005,2026-07-31,2026-09-07,5,3,1.514,2.18,0.0789,,,,38,Other/Unknown,"No nearby facility, moderate intensity (max FRP 2.2), short/low activity (3 active day(s) over 38 days, persistence score 0.08) — insufficient evidence to confidently classify."
1265,78.110895,8.7648725,2026-07-29,2026-09-05,4,3,2.9925,3.45,0.0789,,industrial_works,4181.19821974,38,Industrial Fire,Close to an unnamed industrial_area (798m away) but only active 3 day(s) over a 38-day window (4 detections) — reads as a transient burn event at/near a facility rather than an ongoing source.
1200,81.3588675,6.7494625,2026-07-17,2026-09-06,4,4,6.2225,11.62,0.0784,,,,51,Wildfire / Natural Fire,"No industrial facility within 5km, high peak intensity (max FRP 11.6), short-lived (4 active day(s) over 51 days) — profile matches a natural/wild fire rather than a stable industrial source."
1306,85.91318749999999,22.6106875,2026-07-16,2026-09-05,4,4,0.79,1.21,0.0784,,,,51,Other/Unknown,"No nearby facility, moderate intensity (max FRP 1.2), short/low activity (4 active day(s) over 51 days, persistence score 0.08) — insufficient evidence to confidently classify."
1535,91.73352,22.47427666666667,2026-07-24,2026-09-01,3,3,1.7999999999999998,3.27,0.0769,"Abul Khair Steel Melting Central Store, Sonaichhari, Chattogram",industrial_works,440.70299728,39,Industrial Fire,"Close to AKSML Oxygen plant, Sonaichhari, Chattogram (154m away) but only active 3 day(s) over a 39-day window (3 detections) — reads as a transient burn event at/near a facility rather than an ongoing source."
915,73.69884090909092,25.782428181818183,2026-07-20,2026-09-10,11,4,1.5563636363636362,2.65,0.0769,,,,52,Other/Unknown,"No nearby facility, moderate intensity (max FRP 2.6), short/low activity (4 active day(s) over 52 days, persistence score 0.08) — insufficient evidence to confidently classify."
1535,91.73352,22.47427666666667,2026-07-24,2026-09-01,3,3,1.7999999999999998,3.27,0.0769,Confidence Cement Limited কনফিডেন্স সিমেন্ট লিমিটেড,industrial_area,3663.85363967,39,Industrial Fire,"Close to AKSML Oxygen plant, Sonaichhari, Chattogram (154m away) but only active 3 day(s) over a 39-day window (3 detections) — reads as a transient burn event at/near a facility rather than an ongoing source."
1535,91.73352,22.47427666666667,2026-07-24,2026-09-01,3,3,1.7999999999999998,3.27,0.0769,"Confidence Cement Limited, Bhatiari, Bhatiari Union, Chittagong",industrial_works,3704.49009032,39,Industrial Fire,"Close to AKSML Oxygen plant, Sonaichhari, Chattogram (154m away) but only active 3 day(s) over a 39-day window (3 detections) — reads as a transient burn event at/near a facility rather than an ongoing source."
1535,91.73352,22.47427666666667,2026-07-24,2026-09-01,3,3,1.7999999999999998,3.27,0.0769,"Crystal Shippers Ltd, Unnamed Road, Sonaichhari, Chattogram",industrial_works,1405.98126818,39,Industrial Fire,"Close to AKSML Oxygen plant, Sonaichhari, Chattogram (154m away) but only active 3 day(s) over a 39-day window (3 detections) — reads as a transient burn event at/near a facility rather than an ongoing source."
1535,91.73352,22.47427666666667,2026-07-24,2026-09-01,3,3,1.7999999999999998,3.27,0.0769,"Fengsheng Industrial Co, Ltd, Bara Kumira Rd, Kumira, Chittagong",industrial_works,4400.72765514,39,Industrial Fire,"Close to AKSML Oxygen plant, Sonaichhari, Chattogram (154m away) but only active 3 day(s) over a 39-day window (3 detections) — reads as a transient burn event at/near a facility rather than an ongoing source."
1535,91.73352,22.47427666666667,2026-07-24,2026-09-01,3,3,1.7999999999999998,3.27,0.0769,"Industrial Area. Kadamrasul, Sitakunda, Chattogram",industrial_works,2960.74417804,39,Industrial Fire,"Close to AKSML Oxygen plant, Sonaichhari, Chattogram (154m away) but only active 3 day(s) over a 39-day window (3 detections) — reads as a transient burn event at/near a facility rather than an ongoing source."
1535,91.73352,22.47427666666667,2026-07-24,2026-09-01,3,3,1.7999999999999998,3.27,0.0769,"Infinia Composite Textiles Ltd, Kadamrasul, Bhatiari, Chattogram",industrial_works,2664.71259217,39,Industrial Fire,"Close to AKSML Oxygen plant, Sonaichhari, Chattogram (154m away) but only active 3 day(s) over a 39-day window (3 detections) — reads as a transient burn event at/near a facility rather than an ongoing source."
1535,91.73352,22.47427666666667,2026-07-24,2026-09-01,3,3,1.7999999999999998,3.27,0.0769,"Infinia Power House, Kadamrasul, Chattogram",power_plant,2840.98976792,39,Industrial Fire,"Close to AKSML Oxygen plant, Sonaichhari, Chattogram (154m away) but only active 3 day(s) over a 39-day window (3 detections) — reads as a transient burn event at/near a facility rather than an ongoing source."
1535,91.73352,22.47427666666667,2026-07-24,2026-09-01,3,3,1.7999999999999998,3.27,0.0769,"Infinia Spinning Mills Ltd, Bhatiari, Chattogram",industrial_works,2765.03671914,39,Industrial Fire,"Close to AKSML Oxygen plant, Sonaichhari, Chattogram (154m away) but only active 3 day(s) over a 39-day window (3 detections) — reads as a transient burn event at/near a facility rather than an ongoing source."
1535,91.73352,22.47427666666667,2026-07-24,2026-09-01,3,3,1.7999999999999998,3.27,0.0769,"Internal Feeling Station, AKS, AKS Melting Internal Rd, Sonaichhari, Chattogram",industrial_works,269.35656011,39,Industrial Fire,"Close to AKSML Oxygen plant, Sonaichhari, Chattogram (154m away) but only active 3 day(s) over a 39-day window (3 detections) — reads as a transient burn event at/near a facility rather than an ongoing source."
1535,91.73352,22.47427666666667,2026-07-24,2026-09-01,3,3,1.7999999999999998,3.27,0.0769,"Kabir Steel Limited, Bhatiari, Dhaka - Chittagong Hwy, Chattogram",industrial_works,4630.2786318,39,Industrial Fire,"Close to AKSML Oxygen plant, Sonaichhari, Chattogram (154m away) but only active 3 day(s) over a 39-day window (3 detections) — reads as a transient burn event at/near a facility rather than an ongoing source."
1535,91.73352,22.47427666666667,2026-07-24,2026-09-01,3,3,1.7999999999999998,3.27,0.0769,Karnafully steel and galvanizing mills limited,industrial_works,4225.70504995,39,Industrial Fire,"Close to AKSML Oxygen plant, Sonaichhari, Chattogram (154m away) but only active 3 day(s) over a 39-day window (3 detections) — reads as a transient burn event at/near a facility rather than an ongoing source."
1535,91.73352,22.47427666666667,2026-07-24,2026-09-01,3,3,1.7999999999999998,3.27,0.0769,"Karnaphuli Steel Mills Ltd, Kumira, Chattogram",industrial_works,3990.85042471,39,Industrial Fire,"Close to AKSML Oxygen plant, Sonaichhari, Chattogram (154m away) but only active 3 day(s) over a 39-day window (3 detections) — reads as a transient burn event at/near a facility rather than an ongoing source."
1535,91.73352,22.47427666666667,2026-07-24,2026-09-01,3,3,1.7999999999999998,3.27,0.0769,"Kashem Jute Mills Ltd., Shitalpur, Sitakund, keshabpur, Sonaichhari, Chittagong",industrial_works,2101.21456442,39,Industrial Fire,"Close to AKSML Oxygen plant, Sonaichhari, Chattogram (154m away) but only active 3 day(s) over a 39-day window (3 detections) — reads as a transient burn event at/near a facility rather than an ongoing source."
1535,91.73352,22.47427666666667,2026-07-24,2026-09-01,3,3,1.7999999999999998,3.27,0.0769,"KDS Logistics Limited, Dhaka - Chittagong Hwy, Sonaichhari, Chattogram",industrial_works,2284.29361265,39,Industrial Fire,"Close to AKSML Oxygen plant, Sonaichhari, Chattogram (154m away) but only active 3 day(s) over a 39-day window (3 detections) — reads as a transient burn event at/near a facility rather than an ongoing source."
1535,91.73352,22.47427666666667,2026-07-24,2026-09-01,3,3,1.7999999999999998,3.27,0.0769,"Khawja Ajmeer Steel Industries, Bhatiyari, Sitakunda, Chattogram",industrial_works,3816.0593682,39,Industrial Fire,"Close to AKSML Oxygen plant, Sonaichhari, Chattogram (154m away) but only active 3 day(s) over a 39-day window (3 detections) — reads as a transient burn event at/near a facility rather than an ongoing source."
1535,91.73352,22.47427666666667,2026-07-24,2026-09-01,3,3,1.7999999999999998,3.27,0.0769,"KSRM Power Plant Limited, Bara Kumira Rd, Kumira, Chattogram",industrial_works,3613.92741066,39,Industrial Fire,"Close to AKSML Oxygen plant, Sonaichhari, Chattogram (154m away) but only active 3 day(s) over a 39-day window (3 detections) — reads as a transient burn event at/near a facility rather than an ongoing source."
1535,91.73352,22.47427666666667,2026-07-24,2026-09-01,3,3,1.7999999999999998,3.27,0.0769,"KSRM Scrap Recycle Area, Kumira, Chattogram",industrial_works,4088.70138418,39,Industrial Fire,"Close to AKSML Oxygen plant, Sonaichhari, Chattogram (154m away) but only active 3 day(s) over a 39-day window (3 detections) — reads as a transient burn event at/near a facility rather than an ongoing source."
1535,91.73352,22.47427666666667,2026-07-24,2026-09-01,3,3,1.7999999999999998,3.27,0.0769,"KSRM, Jaharabad, Bhatiary, Sitakundo, Chattogram",industrial_works,4636.43292918,39,Industrial Fire,"Close to AKSML Oxygen plant, Sonaichhari, Chattogram (154m away) but only active 3 day(s) over a 39-day window (3 detections) — reads as a transient burn event at/near a facility rather than an ongoing source."
1535,91.73352,22.47427666666667,2026-07-24,2026-09-01,3,3,1.7999999999999998,3.27,0.0769,"KYCR Canteen, KYCR Industries Ltd, Sonaichhari, Chattogram",industrial_works,3319.68605146,39,Industrial Fire,"Close to AKSML Oxygen plant, Sonaichhari, Chattogram (154m away) but only active 3 day(s) over a 39-day window (3 detections) — reads as a transient burn event at/near a facility rather than an ongoing source."
1535,91.73352,22.47427666666667,2026-07-24,2026-09-01,3,3,1.7999999999999998,3.27,0.0769,Mabiya Group,industrial_area,2763.5543476,39,Industrial Fire,"Close to AKSML Oxygen plant, Sonaichhari, Chattogram (154m away) but only active 3 day(s) over a 39-day window (3 detections) — reads as a transient burn event at/near a facility rather than an ongoing source."
1535,91.73352,22.47427666666667,2026-07-24,2026-09-01,3,3,1.7999999999999998,3.27,0.0769,"Mabiya Group, Bhatiari, Chattogram",industrial_works,2760.16217216,39,Industrial Fire,"Close to AKSML Oxygen plant, Sonaichhari, Chattogram (154m away) but only active 3 day(s) over a 39-day window (3 detections) — reads as a transient burn event at/near a facility rather than an ongoing source."
1535,91.73352,22.47427666666667,2026-07-24,2026-09-01,3,3,1.7999999999999998,3.27,0.0769,Madina Oxygen & Steel Limited.,industrial_area,1563.36040444,39,Industrial Fire,"Close to AKSML Oxygen plant, Sonaichhari, Chattogram (154m away) but only active 3 day(s) over a 39-day window (3 detections) — reads as a transient burn event at/near a facility rather than an ongoing source."
1535,91.73352,22.47427666666667,2026-07-24,2026-09-01,3,3,1.7999999999999998,3.27,0.0769,"Madina Oxygen & Steel Limited., Barawolia, Sonaichhari, Chattogram",industrial_works,1512.56606286,39,Industrial Fire,"Close to AKSML Oxygen plant, Sonaichhari, Chattogram (154m away) but only active 3 day(s) over a 39-day window (3 detections) — reads as a transient burn event at/near a facility rather than an ongoing source."
1535,91.73352,22.47427666666667,2026-07-24,2026-09-01,3,3,1.7999999999999998,3.27,0.0769,"Nahar Steel & Traders, Kumira, Chattogram",industrial_works,4032.64209473,39,Industrial Fire,"Close to AKSML Oxygen plant, Sonaichhari, Chattogram (154m away) but only active 3 day(s) over a 39-day window (3 detections) — reads as a transient burn event at/near a facility rather than an ongoing source."
1535,91.73352,22.47427666666667,2026-07-24,2026-09-01,3,3,1.7999999999999998,3.27,0.0769,"NOF -7 Production Line, Bhatiari, Chattogram",industrial_works,3531.70734341,39,Industrial Fire,"Close to AKSML Oxygen plant, Sonaichhari, Chattogram (154m away) but only active 3 day(s) over a 39-day window (3 detections) — reads as a transient burn event at/near a facility rather than an ongoing source."
1535,91.73352,22.47427666666667,2026-07-24,2026-09-01,3,3,1.7999999999999998,3.27,0.0769,Petuk vaiyer company,industrial_works,4256.45614725,39,Industrial Fire,"Close to AKSML Oxygen plant, Sonaichhari, Chattogram (154m away) but only active 3 day(s) over a 39-day window (3 detections) — reads as a transient burn event at/near a facility rather than an ongoing source."
1535,91.73352,22.47427666666667,2026-07-24,2026-09-01,3,3,1.7999999999999998,3.27,0.0769,"Provita Feed Factory, Chattogram, Chattogram",industrial_works,1690.21653719,39,Industrial Fire,"Close to AKSML Oxygen plant, Sonaichhari, Chattogram (154m away) but only active 3 day(s) over a 39-day window (3 detections) — reads as a transient burn event at/near a facility rather than an ongoing source."
1535,91.73352,22.47427666666667,2026-07-24,2026-09-01,3,3,1.7999999999999998,3.27,0.0769,"Provita Feed Labour Sheed, Dhaka - Chittagong Hwy, Sonaichhari, Chattogram",industrial_works,1751.18747744,39,Industrial Fire,"Close to AKSML Oxygen plant, Sonaichhari, Chattogram (154m away) but only active 3 day(s) over a 39-day window (3 detections) — reads as a transient burn event at/near a facility rather than an ongoing source."
1535,91.73352,22.47427666666667,2026-07-24,2026-09-01,3,3,1.7999999999999998,3.27,0.0769,"Provita Feed Limited Unit 2, Unnamed Road, Sonaichhari, Chattogram",industrial_works,1638.61420523,39,Industrial Fire,"Close to AKSML Oxygen plant, Sonaichhari, Chattogram (154m away) but only active 3 day(s) over a 39-day window (3 detections) — reads as a transient burn event at/near a facility rather than an ongoing source."
1535,91.73352,22.47427666666667,2026-07-24,2026-09-01,3,3,1.7999999999999998,3.27,0.0769,"R. M. Steel Industries, Sonaichhari, Chattogram",industrial_works,1090.22984961,39,Industrial Fire,"Close to AKSML Oxygen plant, Sonaichhari, Chattogram (154m away) but only active 3 day(s) over a 39-day window (3 detections) — reads as a transient burn event at/near a facility rather than an ongoing source."
1535,91.73352,22.47427666666667,2026-07-24,2026-09-01,3,3,1.7999999999999998,3.27,0.0769,"S.A. Group of Industries Ltd., Industrial Park, Bhatiari, Chattogram",industrial_works,4877.51758484,39,Industrial Fire,"Close to AKSML Oxygen plant, Sonaichhari, Chattogram (154m away) but only active 3 day(s) over a 39-day window (3 detections) — reads as a transient burn event at/near a facility rather than an ongoing source."
1535,91.73352,22.47427666666667,2026-07-24,2026-09-01,3,3,1.7999999999999998,3.27,0.0769,SA Beverage Ltd,industrial_works,4870.17205221,39,Industrial Fire,"Close to AKSML Oxygen plant, Sonaichhari, Chattogram (154m away) but only active 3 day(s) over a 39-day window (3 detections) — reads as a transient burn event at/near a facility rather than an ongoing source."
1535,91.73352,22.47427666666667,2026-07-24,2026-09-01,3,3,1.7999999999999998,3.27,0.0769,Sagarika Steel Re-Rolling Mills Limited,industrial_works,934.57470782,39,Industrial Fire,"Close to AKSML Oxygen plant, Sonaichhari, Chattogram (154m away) but only active 3 day(s) over a 39-day window (3 detections) — reads as a transient burn event at/near a facility rather than an ongoing source."
1535,91.73352,22.47427666666667,2026-07-24,2026-09-01,3,3,1.7999999999999998,3.27,0.0769,"Saleh Carpet Mills Ltd., Bhatiari, Chattogram",industrial_works,3165.15184914,39,Industrial Fire,"Close to AKSML Oxygen plant, Sonaichhari, Chattogram (154m away) but only active 3 day(s) over a 39-day window (3 detections) — reads as a transient burn event at/near a facility rather than an ongoing source."
1535,91.73352,22.47427666666667,2026-07-24,2026-09-01,3,3,1.7999999999999998,3.27,0.0769,"Sheema Oxygen Limited, Bhatiari, Chattogram",industrial_works,2710.39374291,39,Industrial Fire,"Close to AKSML Oxygen plant, Sonaichhari, Chattogram (154m away) but only active 3 day(s) over a 39-day window (3 detections) — reads as a transient burn event at/near a facility rather than an ongoing source."
1535,91.73352,22.47427666666667,2026-07-24,2026-09-01,3,3,1.7999999999999998,3.27,0.0769,"Shitalpur Steel Mills Limited,Dhaka - Chittagong Hwy, Sonaichhari, Chattogram",industrial_works,1252.51000394,39,Industrial Fire,"Close to AKSML Oxygen plant, Sonaichhari, Chattogram (154m away) but only active 3 day(s) over a 39-day window (3 detections) — reads as a transient burn event at/near a facility rather than an ongoing source."
1535,91.73352,22.47427666666667,2026-07-24,2026-09-01,3,3,1.7999999999999998,3.27,0.0769,"SL AUTO RE-ROLLING MILLS LTD, Bhatiari, Chattogram",industrial_works,1631.48408088,39,Industrial Fire,"Close to AKSML Oxygen plant, Sonaichhari, Chattogram (154m away) but only active 3 day(s) over a 39-day window (3 detections) — reads as a transient burn event at/near a facility rather than an ongoing source."
1535,91.73352,22.47427666666667,2026-07-24,2026-09-01,3,3,1.7999999999999998,3.27,0.0769,"Staff Quarters AKS, Sonaichhari, Chattogram",industrial_works,763.87257955,39,Industrial Fire,"Close to AKSML Oxygen plant, Sonaichhari, Chattogram (154m away) but only active 3 day(s) over a 39-day window (3 detections) — reads as a transient burn event at/near a facility rather than an ongoing source."
1535,91.73352,22.47427666666667,2026-07-24,2026-09-01,3,3,1.7999999999999998,3.27,0.0769,Sunman Industrial Estate,industrial_area,2693.3386727,39,Industrial Fire,"Close to AKSML Oxygen plant, Sonaichhari, Chattogram (154m away) but only active 3 day(s) over a 39-day window (3 detections) — reads as a transient burn event at/near a facility rather than an ongoing source."
1535,91.73352,22.47427666666667,2026-07-24,2026-09-01,3,3,1.7999999999999998,3.27,0.0769,"Taihua steel Enterprise., Unnamed Road, Bhatiari, Chattogram",industrial_works,2093.62406537,39,Industrial Fire,"Close to AKSML Oxygen plant, Sonaichhari, Chattogram (154m away) but only active 3 day(s) over a 39-day window (3 detections) — reads as a transient burn event at/near a facility rather than an ongoing source."
1535,91.73352,22.47427666666667,2026-07-24,2026-09-01,3,3,1.7999999999999998,3.27,0.0769,"Ziri Subedar Steel Re-Rolling Mills, Sonaichhari, Chattogram",industrial_works,1184.00059458,39,Industrial Fire,"Close to AKSML Oxygen plant, Sonaichhari, Chattogram (154m away) but only active 3 day(s) over a 39-day window (3 detections) — reads as a transient burn event at/near a facility rather than an ongoing source."
1535,91.73352,22.47427666666667,2026-07-24,2026-09-01,3,3,1.7999999999999998,3.27,0.0769,,industrial_area,3139.69400569,39,Industrial Fire,"Close to AKSML Oxygen plant, Sonaichhari, Chattogram (154m away) but only active 3 day(s) over a 39-day window (3 detections) — reads as a transient burn event at/near a facility rather than an ongoing source."
1535,91.73352,22.47427666666667,2026-07-24,2026-09-01,3,3,1.7999999999999998,3.27,0.0769,,industrial_works,755.42734901,39,Industrial Fire,"Close to AKSML Oxygen plant, Sonaichhari, Chattogram (154m away) but only active 3 day(s) over a 39-day window (3 detections) — reads as a transient burn event at/near a facility rather than an ongoing source."
1535,91.73352,22.47427666666667,2026-07-24,2026-09-01,3,3,1.7999999999999998,3.27,0.0769,,power_plant,3193.48653463,39,Industrial Fire,"Close to AKSML Oxygen plant, Sonaichhari, Chattogram (154m away) but only active 3 day(s) over a 39-day window (3 detections) — reads as a transient burn event at/near a facility rather than an ongoing source."
1485,77.88362,12.601056666666668,2026-08-05,2026-08-31,3,2,0.4133333333333333,0.7,0.0769,,industrial_area,2972.49720054,26,Other/Unknown,2972m from an unnamed industrial_area — plausibly related but not close enough to confidently attribute; distance alone is insufficient per project methodology. Needs Sentinel-2 land-cover context to resolve.
1015,79.93387333333332,7.80749,2026-08-17,2026-09-12,3,2,5.609999999999999,8.36,0.0769,,,,26,Wildfire / Natural Fire,"No industrial facility within 5km, high peak intensity (max FRP 8.4), short-lived (2 active day(s) over 26 days) — profile matches a natural/wild fire rather than a stable industrial source."
736,80.47661000000001,8.925253333333332,2026-08-15,2026-09-10,3,2,6.733333333333333,7.81,0.0769,,,,26,Other/Unknown,"No nearby facility, moderate intensity (max FRP 7.8), short/low activity (2 active day(s) over 26 days, persistence score 0.08) — insufficient evidence to confidently classify."
1112,73.81864,27.08073,2026-08-08,2026-09-03,2,2,1.89,3.01,0.0769,,,,26,Other/Unknown,"No nearby facility, moderate intensity (max FRP 3.0), short/low activity (2 active day(s) over 26 days, persistence score 0.08) — insufficient evidence to confidently classify."
1703,81.09191333333332,7.457583333333333,2026-07-25,2026-08-20,3,2,6.22,6.89,0.0769,,,,26,Other/Unknown,"No nearby facility, moderate intensity (max FRP 6.9), short/low activity (2 active day(s) over 26 days, persistence score 0.08) — insufficient evidence to confidently classify."
1625,72.26466833333335,29.78244833333333,2026-07-17,2026-08-25,6,3,7.431666666666666,10.86,0.0769,,,,39,Wildfire / Natural Fire,"No industrial facility within 5km, high peak intensity (max FRP 10.9), short-lived (3 active day(s) over 39 days) — profile matches a natural/wild fire rather than a stable industrial source."
1201,81.46824333333335,6.76164,2026-07-28,2026-09-05,3,3,3.983333333333333,5.14,0.0769,,,,39,Other/Unknown,"No nearby facility, moderate intensity (max FRP 5.1), short/low activity (3 active day(s) over 39 days, persistence score 0.08) — insufficient evidence to confidently classify."
1206,81.21532666666667,7.265574444444444,2026-07-28,2026-09-05,9,3,4.069999999999999,5.88,0.0769,,,,39,Other/Unknown,"No nearby facility, moderate intensity (max FRP 5.9), short/low activity (3 active day(s) over 39 days, persistence score 0.08) — insufficient evidence to confidently classify."
1346,81.7690525,21.48673,2026-07-30,2026-09-07,4,3,1.4049999999999998,1.97,0.0769,,power_plant,2103.17157011,39,Industrial Fire,Close to an unnamed industrial_area (117m away) but only active 3 day(s) over a 39-day window (4 detections) — reads as a transient burn event at/near a facility rather than an ongoing source.
1346,81.7690525,21.48673,2026-07-30,2026-09-07,4,3,1.4049999999999998,1.97,0.0769,,industrial_area,117.45495073,39,Industrial Fire,Close to an unnamed industrial_area (117m away) but only active 3 day(s) over a 39-day window (4 detections) — reads as a transient burn event at/near a facility rather than an ongoing source.
1814,79.86545,7.98767,2026-07-21,2026-08-16,2,2,1.5950000000000002,1.82,0.0769,,industrial_area,232.70661908,26,Industrial Fire,Close to an unnamed industrial_area (233m away) but only active 2 day(s) over a 26-day window (2 detections) — reads as a transient burn event at/near a facility rather than an ongoing source.
1256,80.653655,8.564525,2026-08-10,2026-09-05,2,2,6.505,6.85,0.0769,,,,26,Other/Unknown,"No nearby facility, moderate intensity (max FRP 6.8), short/low activity (2 active day(s) over 26 days, persistence score 0.08) — insufficient evidence to confidently classify."
1682,78.69076,9.456715,2026-07-24,2026-08-19,2,2,5.395,5.77,0.0769,,,,26,Other/Unknown,"No nearby facility, moderate intensity (max FRP 5.8), short/low activity (2 active day(s) over 26 days, persistence score 0.08) — insufficient evidence to confidently classify."
1535,91.73352,22.47427666666667,2026-07-24,2026-09-01,3,3,1.7999999999999998,3.27,0.0769,Chottola Enterprise,industrial_works,2625.36779261,39,Industrial Fire,"Close to AKSML Oxygen plant, Sonaichhari, Chattogram (154m away) but only active 3 day(s) over a 39-day window (3 detections) — reads as a transient burn event at/near a facility rather than an ongoing source."
1535,91.73352,22.47427666666667,2026-07-24,2026-09-01,3,3,1.7999999999999998,3.27,0.0769,BSRM Recycling Industries Ltd.,industrial_area,1174.63905553,39,Industrial Fire,"Close to AKSML Oxygen plant, Sonaichhari, Chattogram (154m away) but only active 3 day(s) over a 39-day window (3 detections) — reads as a transient burn event at/near a facility rather than an ongoing source."
1535,91.73352,22.47427666666667,2026-07-24,2026-09-01,3,3,1.7999999999999998,3.27,0.0769,BM Container Depot Limited,industrial_works,2096.7981727,39,Industrial Fire,"Close to AKSML Oxygen plant, Sonaichhari, Chattogram (154m away) but only active 3 day(s) over a 39-day window (3 detections) — reads as a transient burn event at/near a facility rather than an ongoing source."
1535,91.73352,22.47427666666667,2026-07-24,2026-09-01,3,3,1.7999999999999998,3.27,0.0769,"AKSML Oxygen plant, Sonaichhari, Chattogram",industrial_works,154.1124371,39,Industrial Fire,"Close to AKSML Oxygen plant, Sonaichhari, Chattogram (154m away) but only active 3 day(s) over a 39-day window (3 detections) — reads as a transient burn event at/near a facility rather than an ongoing source."
1535,91.73352,22.47427666666667,2026-07-24,2026-09-01,3,3,1.7999999999999998,3.27,0.0769,"AKSML Audit Department, AKS Melting Internal Rd, Sonaichhari, Chattogram",industrial_works,485.24764996,39,Industrial Fire,"Close to AKSML Oxygen plant, Sonaichhari, Chattogram (154m away) but only active 3 day(s) over a 39-day window (3 detections) — reads as a transient burn event at/near a facility rather than an ongoing source."
1535,91.73352,22.47427666666667,2026-07-24,2026-09-01,3,3,1.7999999999999998,3.27,0.0769,"AKS HR & ADMIN. BUILDING, Sonaichhari, Chattogram",industrial_works,503.23211843,39,Industrial Fire,"Close to AKSML Oxygen plant, Sonaichhari, Chattogram (154m away) but only active 3 day(s) over a 39-day window (3 detections) — reads as a transient burn event at/near a facility rather than an ongoing source."
1535,91.73352,22.47427666666667,2026-07-24,2026-09-01,3,3,1.7999999999999998,3.27,0.0769,"Akij Plastics Depot Chattogram, Kumira, Chittagong",industrial_works,4202.25059526,39,Industrial Fire,"Close to AKSML Oxygen plant, Sonaichhari, Chattogram (154m away) but only active 3 day(s) over a 39-day window (3 detections) — reads as a transient burn event at/near a facility rather than an ongoing source."
1535,91.73352,22.47427666666667,2026-07-24,2026-09-01,3,3,1.7999999999999998,3.27,0.0769,"Acid Regeneration Plant (AKSPL), Bhatiari, Chattogram",industrial_works,3266.63261552,39,Industrial Fire,"Close to AKSML Oxygen plant, Sonaichhari, Chattogram (154m away) but only active 3 day(s) over a 39-day window (3 detections) — reads as a transient burn event at/near a facility rather than an ongoing source."
1535,91.73352,22.47427666666667,2026-07-24,2026-09-01,3,3,1.7999999999999998,3.27,0.0769,"Abul Khair Steel Industries Ltd., Bhatiari, Chattogram",industrial_works,3402.71884632,39,Industrial Fire,"Close to AKSML Oxygen plant, Sonaichhari, Chattogram (154m away) but only active 3 day(s) over a 39-day window (3 detections) — reads as a transient burn event at/near a facility rather than an ongoing source."
611,86.0119675,20.9990425,2026-07-18,2026-09-09,8,4,0.835,1.62,0.0755,,industrial_area,811.19008072,53,Industrial Fire,Close to an unnamed industrial_area (811m away) but only active 4 day(s) over a 53-day window (8 detections) — reads as a transient burn event at/near a facility rather than an ongoing source.
611,86.0119675,20.9990425,2026-07-18,2026-09-09,8,4,0.835,1.62,0.0755,Kalinganagar Tata Steel Power Station,power_plant,3053.71849047,53,Industrial Fire,Close to an unnamed industrial_area (811m away) but only active 4 day(s) over a 53-day window (8 detections) — reads as a transient burn event at/near a facility rather than an ongoing source.
611,86.0119675,20.9990425,2026-07-18,2026-09-09,8,4,0.835,1.62,0.0755,TATA Steel,industrial_area,3107.91960221,53,Industrial Fire,Close to an unnamed industrial_area (811m away) but only active 4 day(s) over a 53-day window (8 detections) — reads as a transient burn event at/near a facility rather than an ongoing source.
611,86.0119675,20.9990425,2026-07-18,2026-09-09,8,4,0.835,1.62,0.0755,,power_plant,2273.98131181,53,Industrial Fire,Close to an unnamed industrial_area (811m away) but only active 4 day(s) over a 53-day window (8 detections) — reads as a transient burn event at/near a facility rather than an ongoing source.
1335,80.63147666666667,8.651323333333332,2026-07-28,2026-09-06,3,3,4.09,6.18,0.075,Kebitigollewa Bus Depot,industrial_area,4834.81231028,40,Other/Unknown,"No nearby facility, moderate intensity (max FRP 6.2), short/low activity (3 active day(s) over 40 days, persistence score 0.07) — insufficient evidence to confidently classify."
1389,82.53169428571428,22.31409,2026-07-29,2026-09-07,7,3,1.05,2.33,0.075,Ratija Power Project,power_plant,4739.06499349,40,Other/Unknown,"No nearby facility, moderate intensity (max FRP 2.3), short/low activity (3 active day(s) over 40 days, persistence score 0.07) — insufficient evidence to confidently classify."
1370,81.6884757142857,7.466587142857143,2026-07-29,2026-09-07,7,3,4.42,7.36,0.075,,,,40,Other/Unknown,"No nearby facility, moderate intensity (max FRP 7.4), short/low activity (3 active day(s) over 40 days, persistence score 0.07) — insufficient evidence to confidently classify."
1691,91.385545,24.280115,2026-07-23,2026-08-19,2,2,2.415,3.5,0.0741,BPDB Shahjibazar Power Plant,power_plant,3042.28695547,27,Other/Unknown,1890m from an unnamed industrial_area — plausibly related but not close enough to confidently attribute; distance alone is insufficient per project methodology. Needs Sentinel-2 land-cover context to resolve.
1238,81.10418,8.10312,2026-08-09,2026-09-05,2,2,3.45,4.61,0.0741,,,,27,Other/Unknown,"No nearby facility, moderate intensity (max FRP 4.6), short/low activity (2 active day(s) over 27 days, persistence score 0.07) — insufficient evidence to confidently classify."
1691,91.385545,24.280115,2026-07-23,2026-08-19,2,2,2.415,3.5,0.0741,Shahjibazar Power Company Limited,power_plant,2917.0474666,27,Other/Unknown,1890m from an unnamed industrial_area — plausibly related but not close enough to confidently attribute; distance alone is insufficient per project methodology. Needs Sentinel-2 land-cover context to resolve.
1732,81.52471333333334,6.768296666666667,2026-07-26,2026-08-22,3,2,3.893333333333333,4.78,0.0741,,,,27,Other/Unknown,"No nearby facility, moderate intensity (max FRP 4.8), short/low activity (2 active day(s) over 27 days, persistence score 0.07) — insufficient evidence to confidently classify."
1691,91.385545,24.280115,2026-07-23,2026-08-19,2,2,2.415,3.5,0.0741,Energypac Power Venture Limited,power_plant,3956.48839488,27,Other/Unknown,1890m from an unnamed industrial_area — plausibly related but not close enough to confidently attribute; distance alone is insufficient per project methodology. Needs Sentinel-2 land-cover context to resolve.
1691,91.385545,24.280115,2026-07-23,2026-08-19,2,2,2.415,3.5,0.0741,"C.P. Bangladesh Co., Ltd. (Sylhet Hatchery)",industrial_area,2302.18408333,27,Other/Unknown,1890m from an unnamed industrial_area — plausibly related but not close enough to confidently attribute; distance alone is insufficient per project methodology. Needs Sentinel-2 land-cover context to resolve.
1691,91.385545,24.280115,2026-07-23,2026-08-19,2,2,2.415,3.5,0.0741,Energyprima Ltd,industrial_area,2854.72014307,27,Other/Unknown,1890m from an unnamed industrial_area — plausibly related but not close enough to confidently attribute; distance alone is insufficient per project methodology. Needs Sentinel-2 land-cover context to resolve.
1383,81.34891285714285,36.96752714285714,2026-08-11,2026-09-07,7,2,3.2728571428571427,4.89,0.0741,,,,27,Other/Unknown,"No nearby facility, moderate intensity (max FRP 4.9), short/low activity (2 active day(s) over 27 days, persistence score 0.07) — insufficient evidence to confidently classify."
1775,72.30242000000001,29.778375,2026-07-18,2026-08-14,2,2,5.145,5.92,0.0741,,,,27,Other/Unknown,"No nearby facility, moderate intensity (max FRP 5.9), short/low activity (2 active day(s) over 27 days, persistence score 0.07) — insufficient evidence to confidently classify."
1691,91.385545,24.280115,2026-07-23,2026-08-19,2,2,2.415,3.5,0.0741,Shahjibazar CCPP,power_plant,3163.94074044,27,Other/Unknown,1890m from an unnamed industrial_area — plausibly related but not close enough to confidently attribute; distance alone is insufficient per project methodology. Needs Sentinel-2 land-cover context to resolve.
1737,81.18978,8.619885,2026-07-26,2026-08-22,2,2,6.545,10.33,0.0741,,industrial_area,4953.81226914,27,Other/Unknown,"No nearby facility, moderate intensity (max FRP 10.3), short/low activity (2 active day(s) over 27 days, persistence score 0.07) — insufficient evidence to confidently classify."
1691,91.385545,24.280115,2026-07-23,2026-08-19,2,2,2.415,3.5,0.0741,,industrial_area,1889.93907532,27,Other/Unknown,1890m from an unnamed industrial_area — plausibly related but not close enough to confidently attribute; distance alone is insufficient per project methodology. Needs Sentinel-2 land-cover context to resolve.
1725,78.40954,17.292733333333334,2026-07-25,2026-08-21,3,2,0.6266666666666666,1.01,0.0741,,industrial_area,327.04296911,27,Industrial Fire,Close to an unnamed industrial_area (327m away) but only active 2 day(s) over a 27-day window (3 detections) — reads as a transient burn event at/near a facility rather than an ongoing source.
1725,78.40954,17.292733333333334,2026-07-25,2026-08-21,3,2,0.6266666666666666,1.01,0.0741,"TGSRTC Bus Depot , Rajendranagar",industrial_area,4643.02313177,27,Industrial Fire,Close to an unnamed industrial_area (327m away) but only active 2 day(s) over a 27-day window (3 detections) — reads as a transient burn event at/near a facility rather than an ongoing source.
1725,78.40954,17.292733333333334,2026-07-25,2026-08-21,3,2,0.6266666666666666,1.01,0.0741,Katedan Industrial Area,industrial_area,2807.07322008,27,Industrial Fire,Close to an unnamed industrial_area (327m away) but only active 2 day(s) over a 27-day window (3 detections) — reads as a transient burn event at/near a facility rather than an ongoing source.
1395,81.77043,21.245545,2026-08-11,2026-09-07,2,2,0.7,0.82,0.0741,,industrial_area,140.61104162,27,Industrial Fire,Close to an unnamed industrial_area (141m away) but only active 2 day(s) over a 27-day window (2 detections) — reads as a transient burn event at/near a facility rather than an ongoing source.
614,77.18302,28.274956,2026-07-30,2026-09-09,5,3,0.7799999999999999,0.99,0.0732,,,,41,Other/Unknown,"No nearby facility, moderate intensity (max FRP 1.0), short/low activity (3 active day(s) over 41 days, persistence score 0.07) — insufficient evidence to confidently classify."
1588,81.259175,6.600927500000001,2026-07-23,2026-09-02,4,3,2.315,4.13,0.0732,,,,41,Other/Unknown,"No nearby facility, moderate intensity (max FRP 4.1), short/low activity (3 active day(s) over 41 days, persistence score 0.07) — insufficient evidence to confidently classify."
1441,81.41142666666666,7.873909999999999,2026-07-19,2026-08-30,3,3,4.886666666666667,9.46,0.0714,,,,42,Wildfire / Natural Fire,"No industrial facility within 5km, high peak intensity (max FRP 9.5), short-lived (3 active day(s) over 42 days) — profile matches a natural/wild fire rather than a stable industrial source."
1392,94.507145,26.77283,2026-08-10,2026-09-07,2,2,2.795,3.63,0.0714,,,,28,Other/Unknown,"No nearby facility, moderate intensity (max FRP 3.6), short/low activity (2 active day(s) over 28 days, persistence score 0.07) — insufficient evidence to confidently classify."
858,80.765648,8.509322,2026-07-31,2026-09-11,5,3,3.376,4.02,0.0714,,,,42,Other/Unknown,"No nearby facility, moderate intensity (max FRP 4.0), short/low activity (3 active day(s) over 42 days, persistence score 0.07) — insufficient evidence to confidently classify."
798,76.69977800000001,28.772796,2026-07-29,2026-09-10,5,3,1.7439999999999998,2.28,0.0698,,industrial_area,2240.17663889,43,Other/Unknown,2240m from an unnamed industrial_area — plausibly related but not close enough to confidently attribute; distance alone is insufficient per project methodology. Needs Sentinel-2 land-cover context to resolve.
820,81.266908,7.470008,2026-07-30,2026-09-11,5,3,4.14,10.19,0.0698,,,,43,Wildfire / Natural Fire,"No industrial facility within 5km, high peak intensity (max FRP 10.2), short-lived (3 active day(s) over 43 days) — profile matches a natural/wild fire rather than a stable industrial source."
1071,80.45125999999999,8.603045,2026-08-05,2026-09-03,2,2,4.17,5.58,0.069,,,,29,Other/Unknown,"No nearby facility, moderate intensity (max FRP 5.6), short/low activity (2 active day(s) over 29 days, persistence score 0.07) — insufficient evidence to confidently classify."
874,77.25688199999999,28.348206,2026-08-11,2026-09-09,5,2,1.474,3.29,0.069,Krishna Fabricators,industrial_area,4867.28198829,29,Industrial Fire,Close to an unnamed industrial_area (1285m away) but only active 2 day(s) over a 29-day window (5 detections) — reads as a transient burn event at/near a facility rather than an ongoing source.
874,77.25688199999999,28.348206,2026-08-11,2026-09-09,5,2,1.474,3.29,0.069,Godown Food Corporation,industrial_area,4933.77900936,29,Industrial Fire,Close to an unnamed industrial_area (1285m away) but only active 2 day(s) over a 29-day window (5 detections) — reads as a transient burn event at/near a facility rather than an ongoing source.
874,77.25688199999999,28.348206,2026-08-11,2026-09-09,5,2,1.474,3.29,0.069,Sector 24,industrial_area,4864.23571262,29,Industrial Fire,Close to an unnamed industrial_area (1285m away) but only active 2 day(s) over a 29-day window (5 detections) — reads as a transient burn event at/near a facility rather than an ongoing source.
1397,83.77231666666665,21.965263333333336,2026-08-09,2026-09-07,3,2,1.49,2.53,0.069,,,,29,Other/Unknown,"No nearby facility, moderate intensity (max FRP 2.5), short/low activity (2 active day(s) over 29 days, persistence score 0.07) — insufficient evidence to confidently classify."
874,77.25688199999999,28.348206,2026-08-11,2026-09-09,5,2,1.474,3.29,0.069,TECH MACH SHEET METAL COMPONENTS,industrial_works,4896.16511979,29,Industrial Fire,Close to an unnamed industrial_area (1285m away) but only active 2 day(s) over a 29-day window (5 detections) — reads as a transient burn event at/near a facility rather than an ongoing source.
874,77.25688199999999,28.348206,2026-08-11,2026-09-09,5,2,1.474,3.29,0.069,,industrial_area,1284.80931805,29,Industrial Fire,Close to an unnamed industrial_area (1285m away) but only active 2 day(s) over a 29-day window (5 detections) — reads as a transient burn event at/near a facility rather than an ongoing source.
874,77.25688199999999,28.348206,2026-08-11,2026-09-09,5,2,1.474,3.29,0.069,,industrial_works,4324.93044505,29,Industrial Fire,Close to an unnamed industrial_area (1285m away) but only active 2 day(s) over a 29-day window (5 detections) — reads as a transient burn event at/near a facility rather than an ongoing source.
502,80.47776,7.77521,2026-08-11,2026-09-09,3,2,8.069999999999999,11.62,0.069,,,,29,Wildfire / Natural Fire,"No industrial facility within 5km, high peak intensity (max FRP 11.6), short-lived (2 active day(s) over 29 days) — profile matches a natural/wild fire rather than a stable industrial source."
874,77.25688199999999,28.348206,2026-08-11,2026-09-09,5,2,1.474,3.29,0.069,,pipeline,4986.19424388,29,Industrial Fire,Close to an unnamed industrial_area (1285m away) but only active 2 day(s) over a 29-day window (5 detections) — reads as a transient burn event at/near a facility rather than an ongoing source.
1342,79.62987,21.233103333333336,2026-07-24,2026-09-06,3,3,0.8033333333333333,0.91,0.0682,Sunflag Steel,industrial_works,196.66059287,44,Industrial Fire,Close to Sunflag Steel (197m away) but only active 3 day(s) over a 44-day window (3 detections) — reads as a transient burn event at/near a facility rather than an ongoing source.
1424,81.17710500000001,7.27564,2026-07-31,2026-08-30,2,2,3.155,3.4,0.0667,,,,30,Other/Unknown,"No nearby facility, moderate intensity (max FRP 3.4), short/low activity (2 active day(s) over 30 days, persistence score 0.07) — insufficient evidence to confidently classify."
1830,77.47734750000001,9.31646,2026-07-19,2026-08-18,4,2,9.0375,13.78,0.0667,,,,30,Wildfire / Natural Fire,"No industrial facility within 5km, high peak intensity (max FRP 13.8), short-lived (2 active day(s) over 30 days) — profile matches a natural/wild fire rather than a stable industrial source."
1462,80.747585,8.450800000000001,2026-08-01,2026-08-31,2,2,2.48,3.6,0.0667,,,,30,Other/Unknown,"No nearby facility, moderate intensity (max FRP 3.6), short/low activity (2 active day(s) over 30 days, persistence score 0.07) — insufficient evidence to confidently classify."
1063,81.25947500000001,7.718026666666666,2026-07-19,2026-09-03,6,3,5.501666666666668,7.95,0.0652,,,,46,Other/Unknown,"No nearby facility, moderate intensity (max FRP 8.0), short/low activity (3 active day(s) over 46 days, persistence score 0.07) — insufficient evidence to confidently classify."
567,75.133024,22.264142,2026-07-25,2026-09-09,5,3,1.188,1.44,0.0652,,power_plant,552.35257262,46,Industrial Fire,Close to an unnamed power_plant (552m away) but only active 3 day(s) over a 46-day window (5 detections) — reads as a transient burn event at/near a facility rather than an ongoing source.
662,80.567804,8.210102000000001,2026-08-09,2026-09-09,5,2,5.098000000000001,5.45,0.0645,,,,31,Other/Unknown,"No nearby facility, moderate intensity (max FRP 5.5), short/low activity (2 active day(s) over 31 days, persistence score 0.06) — insufficient evidence to confidently classify."
1596,78.157045,8.86841,2026-07-24,2026-08-24,2,2,6.035,6.87,0.0645,,industrial_area,2194.37296701,31,Other/Unknown,2194m from an unnamed industrial_area — plausibly related but not close enough to confidently attribute; distance alone is insufficient per project methodology. Needs Sentinel-2 land-cover context to resolve.
1494,81.50780499999999,7.363244999999999,2026-07-31,2026-09-01,2,2,5.185,6.55,0.0625,,,,32,Other/Unknown,"No nearby facility, moderate intensity (max FRP 6.5), short/low activity (2 active day(s) over 32 days, persistence score 0.06) — insufficient evidence to confidently classify."
1051,81.4772175,6.8268450000000005,2026-07-18,2026-09-04,4,3,5.31,8.35,0.0625,,,,48,Wildfire / Natural Fire,"No industrial facility within 5km, high peak intensity (max FRP 8.3), short-lived (3 active day(s) over 48 days) — profile matches a natural/wild fire rather than a stable industrial source."
1749,81.56190000000001,6.856135,2026-07-21,2026-08-22,2,2,0.55,0.7,0.0625,,,,32,Other/Unknown,"No nearby facility, moderate intensity (max FRP 0.7), short/low activity (2 active day(s) over 32 days, persistence score 0.06) — insufficient evidence to confidently classify."
1837,73.885825,30.4703425,2026-07-17,2026-08-18,4,2,2.9475,3.34,0.0625,,,,32,Other/Unknown,"No nearby facility, moderate intensity (max FRP 3.3), short/low activity (2 active day(s) over 32 days, persistence score 0.06) — insufficient evidence to confidently classify."
644,74.31266666666667,16.648666666666667,2026-08-08,2026-09-09,3,2,0.5733333333333333,0.58,0.0625,,,,32,Other/Unknown,"No nearby facility, moderate intensity (max FRP 0.6), short/low activity (2 active day(s) over 32 days, persistence score 0.06) — insufficient evidence to confidently classify."
1104,68.57767666666666,23.49804333333334,2026-07-16,2026-09-03,3,3,1.836666666666667,2.17,0.0612,Sanghi Cement,industrial_area,280.6812926,49,Industrial Fire,Close to SANGHIPURAM CEMENT (153m away) but only active 3 day(s) over a 49-day window (3 detections) — reads as a transient burn event at/near a facility rather than an ongoing source.
1104,68.57767666666666,23.49804333333334,2026-07-16,2026-09-03,3,3,1.836666666666667,2.17,0.0612,SANGHIPURAM CEMENT,power_plant,153.32636893,49,Industrial Fire,Close to SANGHIPURAM CEMENT (153m away) but only active 3 day(s) over a 49-day window (3 detections) — reads as a transient burn event at/near a facility rather than an ongoing source.
1084,86.83415500000001,23.632635,2026-08-01,2026-09-03,2,2,0.88,0.92,0.0606,,,,33,Other/Unknown,"No nearby facility, moderate intensity (max FRP 0.9), short/low activity (2 active day(s) over 33 days, persistence score 0.06) — insufficient evidence to confidently classify."
452,87.14631000000001,23.61145,2026-08-06,2026-09-08,3,2,1.4666666666666668,2.72,0.0606,,,,33,Other/Unknown,"No nearby facility, moderate intensity (max FRP 2.7), short/low activity (2 active day(s) over 33 days, persistence score 0.06) — insufficient evidence to confidently classify."
1331,80.62509250000001,8.560005,2026-07-18,2026-09-06,4,3,6.8675,11.53,0.06,,,,50,Wildfire / Natural Fire,"No industrial facility within 5km, high peak intensity (max FRP 11.5), short-lived (3 active day(s) over 50 days) — profile matches a natural/wild fire rather than a stable industrial source."
1556,81.14121,7.330165,2026-07-30,2026-09-02,2,2,2.9450000000000003,3.2,0.0588,,,,34,Other/Unknown,"No nearby facility, moderate intensity (max FRP 3.2), short/low activity (2 active day(s) over 34 days, persistence score 0.06) — insufficient evidence to confidently classify."
1518,79.749135,9.0861075,2026-07-29,2026-09-01,4,2,5.425000000000001,10.9,0.0588,,,,34,Wildfire / Natural Fire,"No industrial facility within 5km, high peak intensity (max FRP 10.9), short-lived (2 active day(s) over 34 days) — profile matches a natural/wild fire rather than a stable industrial source."
1311,83.24190666666668,17.69317,2026-07-18,2026-09-07,3,3,1.8,3.38,0.0588,Gateway East India Pvt. Ltd,industrial_area,4898.49895568,51,Industrial Fire,Close to Hindustan Petroleum Corporation Limited (312m away) but only active 3 day(s) over a 51-day window (3 detections) — reads as a transient burn event at/near a facility rather than an ongoing source.
1311,83.24190666666668,17.69317,2026-07-18,2026-09-07,3,3,1.8,3.38,0.0588,Himadri Chemical & industries ltd(vizag) (Visakhapatnam),industrial_works,4398.06643626,51,Industrial Fire,Close to Hindustan Petroleum Corporation Limited (312m away) but only active 3 day(s) over a 51-day window (3 detections) — reads as a transient burn event at/near a facility rather than an ongoing source.
1311,83.24190666666668,17.69317,2026-07-18,2026-09-07,3,3,1.8,3.38,0.0588,,pipeline,2380.80842693,51,Industrial Fire,Close to Hindustan Petroleum Corporation Limited (312m away) but only active 3 day(s) over a 51-day window (3 detections) — reads as a transient burn event at/near a facility rather than an ongoing source.
1311,83.24190666666668,17.69317,2026-07-18,2026-09-07,3,3,1.8,3.38,0.0588,Hindustan Petroleum Corporation Limited,industrial_area,312.07517374,51,Industrial Fire,Close to Hindustan Petroleum Corporation Limited (312m away) but only active 3 day(s) over a 51-day window (3 detections) — reads as a transient burn event at/near a facility rather than an ongoing source.
1311,83.24190666666668,17.69317,2026-07-18,2026-09-07,3,3,1.8,3.38,0.0588,Hindustan Shipyard limited,industrial_area,3916.48275356,51,Industrial Fire,Close to Hindustan Petroleum Corporation Limited (312m away) but only active 3 day(s) over a 51-day window (3 detections) — reads as a transient burn event at/near a facility rather than an ongoing source.
1311,83.24190666666668,17.69317,2026-07-18,2026-09-07,3,3,1.8,3.38,0.0588,Hindusthan Petroleum Corporation Limited,industrial_area,2654.91369606,51,Industrial Fire,Close to Hindustan Petroleum Corporation Limited (312m away) but only active 3 day(s) over a 51-day window (3 detections) — reads as a transient burn event at/near a facility rather than an ongoing source.
1166,85.469425,23.83693,2026-08-01,2026-09-04,2,2,1.53,1.6,0.0588,,,,34,Other/Unknown,"No nearby facility, moderate intensity (max FRP 1.6), short/low activity (2 active day(s) over 34 days, persistence score 0.06) — insufficient evidence to confidently classify."
1311,83.24190666666668,17.69317,2026-07-18,2026-09-07,3,3,1.8,3.38,0.0588,GAIL (INDIA) LIMITED VSPL,industrial_area,4412.74435722,51,Industrial Fire,Close to Hindustan Petroleum Corporation Limited (312m away) but only active 3 day(s) over a 51-day window (3 detections) — reads as a transient burn event at/near a facility rather than an ongoing source.
1311,83.24190666666668,17.69317,2026-07-18,2026-09-07,3,3,1.8,3.38,0.0588,industrial building,industrial_area,4762.56199881,51,Industrial Fire,Close to Hindustan Petroleum Corporation Limited (312m away) but only active 3 day(s) over a 51-day window (3 detections) — reads as a transient burn event at/near a facility rather than an ongoing source.
1560,81.18032500000001,7.39695,2026-07-30,2026-09-02,2,2,9.555,17.24,0.0588,,,,34,Wildfire / Natural Fire,"No industrial facility within 5km, high peak intensity (max FRP 17.2), short-lived (2 active day(s) over 34 days) — profile matches a natural/wild fire rather than a stable industrial source."
1311,83.24190666666668,17.69317,2026-07-18,2026-09-07,3,3,1.8,3.38,0.0588,"APSRTC Bus Depot, Gajuwaka",industrial_area,1872.73000453,51,Industrial Fire,Close to Hindustan Petroleum Corporation Limited (312m away) but only active 3 day(s) over a 51-day window (3 detections) — reads as a transient burn event at/near a facility rather than an ongoing source.
1311,83.24190666666668,17.69317,2026-07-18,2026-09-07,3,3,1.8,3.38,0.0588,Naval Dock Yard,industrial_area,3615.55563322,51,Industrial Fire,Close to Hindustan Petroleum Corporation Limited (312m away) but only active 3 day(s) over a 51-day window (3 detections) — reads as a transient burn event at/near a facility rather than an ongoing source.
1311,83.24190666666668,17.69317,2026-07-18,2026-09-07,3,3,1.8,3.38,0.0588,Visakhapatnam Port,power_plant,3231.04216791,51,Industrial Fire,Close to Hindustan Petroleum Corporation Limited (312m away) but only active 3 day(s) over a 51-day window (3 detections) — reads as a transient burn event at/near a facility rather than an ongoing source.
1311,83.24190666666668,17.69317,2026-07-18,2026-09-07,3,3,1.8,3.38,0.0588,Visakhapatnam Refinery,industrial_area,1411.47947073,51,Industrial Fire,Close to Hindustan Petroleum Corporation Limited (312m away) but only active 3 day(s) over a 51-day window (3 detections) — reads as a transient burn event at/near a facility rather than an ongoing source.
1311,83.24190666666668,17.69317,2026-07-18,2026-09-07,3,3,1.8,3.38,0.0588,vishaka dairy,industrial_area,3924.76483255,51,Industrial Fire,Close to Hindustan Petroleum Corporation Limited (312m away) but only active 3 day(s) over a 51-day window (3 detections) — reads as a transient burn event at/near a facility rather than an ongoing source.
1311,83.24190666666668,17.69317,2026-07-18,2026-09-07,3,3,1.8,3.38,0.0588,Viskha Dairy,industrial_works,4017.61665619,51,Industrial Fire,Close to Hindustan Petroleum Corporation Limited (312m away) but only active 3 day(s) over a 51-day window (3 detections) — reads as a transient burn event at/near a facility rather than an ongoing source.
1697,81.25220124999998,6.62580625,2026-07-17,2026-08-20,8,2,13.7475,23.26,0.0588,,,,34,Wildfire / Natural Fire,"No industrial facility within 5km, high peak intensity (max FRP 23.3), short-lived (2 active day(s) over 34 days) — profile matches a natural/wild fire rather than a stable industrial source."
1311,83.24190666666668,17.69317,2026-07-18,2026-09-07,3,3,1.8,3.38,0.0588,,industrial_area,1425.7518067,51,Industrial Fire,Close to Hindustan Petroleum Corporation Limited (312m away) but only active 3 day(s) over a 51-day window (3 detections) — reads as a transient burn event at/near a facility rather than an ongoing source.
1028,80.667215,8.383655000000001,2026-08-09,2026-09-12,2,2,6.734999999999999,8.36,0.0588,,,,34,Wildfire / Natural Fire,"No industrial facility within 5km, high peak intensity (max FRP 8.4), short-lived (2 active day(s) over 34 days) — profile matches a natural/wild fire rather than a stable industrial source."
1311,83.24190666666668,17.69317,2026-07-18,2026-09-07,3,3,1.8,3.38,0.0588,,power_plant,314.81958529,51,Industrial Fire,Close to Hindustan Petroleum Corporation Limited (312m away) but only active 3 day(s) over a 51-day window (3 detections) — reads as a transient burn event at/near a facility rather than an ongoing source.
1046,80.67250333333332,9.222689999999998,2026-07-22,2026-09-12,3,3,3.3966666666666665,5.76,0.0577,,,,52,Other/Unknown,"No nearby facility, moderate intensity (max FRP 5.8), short/low activity (3 active day(s) over 52 days, persistence score 0.06) — insufficient evidence to confidently classify."
1698,81.06260666666667,6.7287333333333335,2026-07-16,2026-08-20,6,2,9.796666666666669,24.32,0.0571,,,,35,Wildfire / Natural Fire,"No industrial facility within 5km, high peak intensity (max FRP 24.3), short-lived (2 active day(s) over 35 days) — profile matches a natural/wild fire rather than a stable industrial source."
1219,81.04369249999999,7.785585,2026-08-01,2026-09-05,4,2,7.2575,12.3,0.0571,,industrial_area,3909.76463639,35,Other/Unknown,"No nearby facility, moderate intensity (max FRP 12.3), short/low activity (2 active day(s) over 35 days, persistence score 0.06) — insufficient evidence to confidently classify."
811,72.00957882352941,26.789635294117645,2026-08-05,2026-09-09,17,2,9.98058823529412,19.54,0.0571,Dhirubhai Ambani Solar Park,power_plant,260.40489829,35,Industrial Fire,Close to Dhirubhai Ambani Solar Park (260m away) but only active 2 day(s) over a 35-day window (17 detections) — reads as a transient burn event at/near a facility rather than an ongoing source.
1282,80.187795,9.779285,2026-08-01,2026-09-05,2,2,3.96,4.4,0.0571,,,,35,Other/Unknown,"No nearby facility, moderate intensity (max FRP 4.4), short/low activity (2 active day(s) over 35 days, persistence score 0.06) — insufficient evidence to confidently classify."
1008,81.82791999999999,7.1188825,2026-07-21,2026-09-12,4,3,9.105,17.41,0.0566,Thirukkovil Garments,industrial_area,3277.9284783,53,Other/Unknown,"3269m from Marine Environment Protection Authority, Amparai District — plausibly related but not close enough to confidently attribute; distance alone is insufficient per project methodology. Needs Sentinel-2 land-cover context to resolve."
1008,81.82791999999999,7.1188825,2026-07-21,2026-09-12,4,3,9.105,17.41,0.0566,"Marine Environment Protection Authority, Amparai District",industrial_area,3268.80078141,53,Other/Unknown,"3269m from Marine Environment Protection Authority, Amparai District — plausibly related but not close enough to confidently attribute; distance alone is insufficient per project methodology. Needs Sentinel-2 land-cover context to resolve."
1586,79.90355,12.8511725,2026-07-28,2026-09-02,4,2,3.325,5.36,0.0556,Nash Industries,industrial_area,4883.56643831,36,Other/Unknown,1601m from an unnamed industrial_area — plausibly related but not close enough to confidently attribute; distance alone is insufficient per project methodology. Needs Sentinel-2 land-cover context to resolve.
1733,81.61094333333334,6.875356666666666,2026-07-17,2026-08-22,3,2,4.636666666666667,7.21,0.0556,,,,36,Other/Unknown,"No nearby facility, moderate intensity (max FRP 7.2), short/low activity (2 active day(s) over 36 days, persistence score 0.06) — insufficient evidence to confidently classify."
1586,79.90355,12.8511725,2026-07-28,2026-09-02,4,2,3.325,5.36,0.0556,Nokia,industrial_works,2364.02413976,36,Other/Unknown,1601m from an unnamed industrial_area — plausibly related but not close enough to confidently attribute; distance alone is insufficient per project methodology. Needs Sentinel-2 land-cover context to resolve.
1586,79.90355,12.8511725,2026-07-28,2026-09-02,4,2,3.325,5.36,0.0556,,industrial_works,2438.83194512,36,Other/Unknown,1601m from an unnamed industrial_area — plausibly related but not close enough to confidently attribute; distance alone is insufficient per project methodology. Needs Sentinel-2 land-cover context to resolve.
1586,79.90355,12.8511725,2026-07-28,2026-09-02,4,2,3.325,5.36,0.0556,,industrial_area,1601.49495591,36,Other/Unknown,1601m from an unnamed industrial_area — plausibly related but not close enough to confidently attribute; distance alone is insufficient per project methodology. Needs Sentinel-2 land-cover context to resolve.
1586,79.90355,12.8511725,2026-07-28,2026-09-02,4,2,3.325,5.36,0.0556,TVT,industrial_area,3735.42566438,36,Other/Unknown,1601m from an unnamed industrial_area — plausibly related but not close enough to confidently attribute; distance alone is insufficient per project methodology. Needs Sentinel-2 land-cover context to resolve.
1586,79.90355,12.8511725,2026-07-28,2026-09-02,4,2,3.325,5.36,0.0556,Tsugami,industrial_area,4749.49475409,36,Other/Unknown,1601m from an unnamed industrial_area — plausibly related but not close enough to confidently attribute; distance alone is insufficient per project methodology. Needs Sentinel-2 land-cover context to resolve.
1586,79.90355,12.8511725,2026-07-28,2026-09-02,4,2,3.325,5.36,0.0556,Royal Enfield Oragadam,industrial_area,3344.84289936,36,Other/Unknown,1601m from an unnamed industrial_area — plausibly related but not close enough to confidently attribute; distance alone is insufficient per project methodology. Needs Sentinel-2 land-cover context to resolve.
1586,79.90355,12.8511725,2026-07-28,2026-09-02,4,2,3.325,5.36,0.0556,Apollo Tyres,industrial_works,4465.42345338,36,Other/Unknown,1601m from an unnamed industrial_area — plausibly related but not close enough to confidently attribute; distance alone is insufficient per project methodology. Needs Sentinel-2 land-cover context to resolve.
1586,79.90355,12.8511725,2026-07-28,2026-09-02,4,2,3.325,5.36,0.0556,BYD,industrial_area,2335.14178733,36,Other/Unknown,1601m from an unnamed industrial_area — plausibly related but not close enough to confidently attribute; distance alone is insufficient per project methodology. Needs Sentinel-2 land-cover context to resolve.
1586,79.90355,12.8511725,2026-07-28,2026-09-02,4,2,3.325,5.36,0.0556,Oragadam Industrial Park,industrial_area,3145.97611941,36,Other/Unknown,1601m from an unnamed industrial_area — plausibly related but not close enough to confidently attribute; distance alone is insufficient per project methodology. Needs Sentinel-2 land-cover context to resolve.
1586,79.90355,12.8511725,2026-07-28,2026-09-02,4,2,3.325,5.36,0.0556,Renault Nissan,industrial_area,4534.79636694,36,Other/Unknown,1601m from an unnamed industrial_area — plausibly related but not close enough to confidently attribute; distance alone is insufficient per project methodology. Needs Sentinel-2 land-cover context to resolve.
1586,79.90355,12.8511725,2026-07-28,2026-09-02,4,2,3.325,5.36,0.0556,Kubs Locks,industrial_area,3743.37965411,36,Other/Unknown,1601m from an unnamed industrial_area — plausibly related but not close enough to confidently attribute; distance alone is insufficient per project methodology. Needs Sentinel-2 land-cover context to resolve.
1355,80.07659000000001,13.392765,2026-07-31,2026-09-06,2,2,2.0,3.43,0.0541,SIPCOT Gummidipundi,industrial_area,3863.44195013,37,Industrial Fire,Close to an unnamed industrial_area (91m away) but only active 2 day(s) over a 37-day window (2 detections) — reads as a transient burn event at/near a facility rather than an ongoing source.
450,90.71130999999998,22.47790333333333,2026-08-02,2026-09-08,3,2,0.7200000000000001,1.3,0.0541,Rice Mill of Basu Jinnah,industrial_works,4190.97626059,37,Industrial Fire,Close to Bhola BPDB Power Plant (112m away) but only active 2 day(s) over a 37-day window (3 detections) — reads as a transient burn event at/near a facility rather than an ongoing source.
450,90.71130999999998,22.47790333333333,2026-08-02,2026-09-08,3,2,0.7200000000000001,1.3,0.0541,Rice mill of Anowar Quazi,industrial_works,2500.69389231,37,Industrial Fire,Close to Bhola BPDB Power Plant (112m away) but only active 2 day(s) over a 37-day window (3 detections) — reads as a transient burn event at/near a facility rather than an ongoing source.
450,90.71130999999998,22.47790333333333,2026-08-02,2026-09-08,3,2,0.7200000000000001,1.3,0.0541,Aggreko Bhola Quick Rental Power Plant,power_plant,242.91254591,37,Industrial Fire,Close to Bhola BPDB Power Plant (112m away) but only active 2 day(s) over a 37-day window (3 detections) — reads as a transient burn event at/near a facility rather than an ongoing source.
1435,81.39001,7.490645000000001,2026-07-24,2026-08-30,2,2,3.075,3.15,0.0541,,,,37,Other/Unknown,"No nearby facility, moderate intensity (max FRP 3.1), short/low activity (2 active day(s) over 37 days, persistence score 0.05) — insufficient evidence to confidently classify."
450,90.71130999999998,22.47790333333333,2026-08-02,2026-09-08,3,2,0.7200000000000001,1.3,0.0541,Rice mill of Salim Hawladar,industrial_works,2246.03113461,37,Industrial Fire,Close to Bhola BPDB Power Plant (112m away) but only active 2 day(s) over a 37-day window (3 detections) — reads as a transient burn event at/near a facility rather than an ongoing source.
450,90.71130999999998,22.47790333333333,2026-08-02,2026-09-08,3,2,0.7200000000000001,1.3,0.0541,Rice Mill of Abdul Ali Patowari,industrial_works,3811.72294763,37,Industrial Fire,Close to Bhola BPDB Power Plant (112m away) but only active 2 day(s) over a 37-day window (3 detections) — reads as a transient burn event at/near a facility rather than an ongoing source.
450,90.71130999999998,22.47790333333333,2026-08-02,2026-09-08,3,2,0.7200000000000001,1.3,0.0541,Bhola BPDB Power Plant,power_plant,111.50855608,37,Industrial Fire,Close to Bhola BPDB Power Plant (112m away) but only active 2 day(s) over a 37-day window (3 detections) — reads as a transient burn event at/near a facility rather than an ongoing source.
1355,80.07659000000001,13.392765,2026-07-31,2026-09-06,2,2,2.0,3.43,0.0541,ARS Metals Gummidipoondi captive power station,power_plant,3574.2562843,37,Industrial Fire,Close to an unnamed industrial_area (91m away) but only active 2 day(s) over a 37-day window (2 detections) — reads as a transient burn event at/near a facility rather than an ongoing source.
450,90.71130999999998,22.47790333333333,2026-08-02,2026-09-08,3,2,0.7200000000000001,1.3,0.0541,Rice Mill of Nirob Mia,industrial_works,4953.42119175,37,Industrial Fire,Close to Bhola BPDB Power Plant (112m away) but only active 2 day(s) over a 37-day window (3 detections) — reads as a transient burn event at/near a facility rather than an ongoing source.
450,90.71130999999998,22.47790333333333,2026-08-02,2026-09-08,3,2,0.7200000000000001,1.3,0.0541,Nutan Bidyut Bangladesh Limited,power_plant,251.3686314,37,Industrial Fire,Close to Bhola BPDB Power Plant (112m away) but only active 2 day(s) over a 37-day window (3 detections) — reads as a transient burn event at/near a facility rather than an ongoing source.
1355,80.07659000000001,13.392765,2026-07-31,2026-09-06,2,2,2.0,3.43,0.0541,Gummidipoondi Suryadev Power Plant,power_plant,3583.1153094,37,Industrial Fire,Close to an unnamed industrial_area (91m away) but only active 2 day(s) over a 37-day window (2 detections) — reads as a transient burn event at/near a facility rather than an ongoing source.
450,90.71130999999998,22.47790333333333,2026-08-02,2026-09-08,3,2,0.7200000000000001,1.3,0.0541,CHP Bricks,industrial_area,4936.66831445,37,Industrial Fire,Close to Bhola BPDB Power Plant (112m away) but only active 2 day(s) over a 37-day window (3 detections) — reads as a transient burn event at/near a facility rather than an ongoing source.
1355,80.07659000000001,13.392765,2026-07-31,2026-09-06,2,2,2.0,3.43,0.0541,TCPL,power_plant,4105.18768017,37,Industrial Fire,Close to an unnamed industrial_area (91m away) but only active 2 day(s) over a 37-day window (2 detections) — reads as a transient burn event at/near a facility rather than an ongoing source.
1355,80.07659000000001,13.392765,2026-07-31,2026-09-06,2,2,2.0,3.43,0.0541,,industrial_area,90.52984209,37,Industrial Fire,Close to an unnamed industrial_area (91m away) but only active 2 day(s) over a 37-day window (2 detections) — reads as a transient burn event at/near a facility rather than an ongoing source.
1355,80.07659000000001,13.392765,2026-07-31,2026-09-06,2,2,2.0,3.43,0.0541,,industrial_works,2810.93533233,37,Industrial Fire,Close to an unnamed industrial_area (91m away) but only active 2 day(s) over a 37-day window (2 detections) — reads as a transient burn event at/near a facility rather than an ongoing source.
1355,80.07659000000001,13.392765,2026-07-31,2026-09-06,2,2,2.0,3.43,0.0541,,power_plant,1554.22942686,37,Industrial Fire,Close to an unnamed industrial_area (91m away) but only active 2 day(s) over a 37-day window (2 detections) — reads as a transient burn event at/near a facility rather than an ongoing source.
1620,81.40397666666667,7.576953333333333,2026-07-19,2026-08-25,3,2,7.489999999999999,9.06,0.0541,,,,37,Wildfire / Natural Fire,"No industrial facility within 5km, high peak intensity (max FRP 9.1), short-lived (2 active day(s) over 37 days) — profile matches a natural/wild fire rather than a stable industrial source."
1619,81.61878333333334,7.565316666666668,2026-07-19,2026-08-25,3,2,3.5066666666666677,4.15,0.0541,,,,37,Other/Unknown,"No nearby facility, moderate intensity (max FRP 4.2), short/low activity (2 active day(s) over 37 days, persistence score 0.05) — insufficient evidence to confidently classify."
978,81.22507375,7.495319999999999,2026-07-17,2026-09-11,8,3,9.42875,17.94,0.0536,,,,56,Wildfire / Natural Fire,"No industrial facility within 5km, high peak intensity (max FRP 17.9), short-lived (3 active day(s) over 56 days) — profile matches a natural/wild fire rather than a stable industrial source."
788,80.191576,36.997772,2026-07-16,2026-09-10,5,3,1.0539999999999998,1.37,0.0536,,,,56,Other/Unknown,"No nearby facility, moderate intensity (max FRP 1.4), short/low activity (3 active day(s) over 56 days, persistence score 0.05) — insufficient evidence to confidently classify."
1050,69.2644975,23.5082675,2026-07-17,2026-09-12,4,3,3.9325,5.28,0.0526,,,,57,Other/Unknown,"No nearby facility, moderate intensity (max FRP 5.3), short/low activity (3 active day(s) over 57 days, persistence score 0.05) — insufficient evidence to confidently classify."
1559,81.15462,7.377903333333333,2026-07-26,2026-09-02,3,2,8.993333333333332,14.06,0.0526,,,,38,Wildfire / Natural Fire,"No industrial facility within 5km, high peak intensity (max FRP 14.1), short-lived (2 active day(s) over 38 days) — profile matches a natural/wild fire rather than a stable industrial source."
1488,81.57188,6.83946,2026-07-25,2026-09-01,2,2,6.465000000000001,12.38,0.0526,,,,38,Wildfire / Natural Fire,"No industrial facility within 5km, high peak intensity (max FRP 12.4), short-lived (2 active day(s) over 38 days) — profile matches a natural/wild fire rather than a stable industrial source."
1347,81.75453999999999,21.560115000000003,2026-07-30,2026-09-06,2,2,0.905,1.06,0.0526,,industrial_area,248.30823088,38,Industrial Fire,Close to an unnamed industrial_area (248m away) but only active 2 day(s) over a 38-day window (2 detections) — reads as a transient burn event at/near a facility rather than an ongoing source.
1463,80.163385,8.473065,2026-07-24,2026-08-31,2,2,4.795,7.33,0.0526,,,,38,Other/Unknown,"No nearby facility, moderate intensity (max FRP 7.3), short/low activity (2 active day(s) over 38 days, persistence score 0.05) — insufficient evidence to confidently classify."
1386,83.73234500000001,22.038605,2026-07-31,2026-09-07,4,2,1.3325,1.77,0.0526,,,,38,Other/Unknown,"No nearby facility, moderate intensity (max FRP 1.8), short/low activity (2 active day(s) over 38 days, persistence score 0.05) — insufficient evidence to confidently classify."
1210,81.743885,7.442425,2026-07-29,2026-09-05,2,2,6.475,8.4,0.0526,,industrial_area,4662.87382875,38,Other/Unknown,"No nearby facility, moderate intensity (max FRP 8.4), short/low activity (2 active day(s) over 38 days, persistence score 0.05) — insufficient evidence to confidently classify."
1455,80.9985825,7.4681525,2026-07-24,2026-08-31,4,2,13.3425,24.03,0.0526,,power_plant,4637.61092967,38,Other/Unknown,"No nearby facility, moderate intensity (max FRP 24.0), short/low activity (2 active day(s) over 38 days, persistence score 0.05) — insufficient evidence to confidently classify."
1394,81.41728749999999,21.19541,2026-07-30,2026-09-07,4,2,5.9775,9.94,0.0513,,industrial_works,3239.09208238,39,Industrial Fire,Close to Bhilai 500 MW Expansion Power Project (1082m away) but only active 2 day(s) over a 39-day window (4 detections) — reads as a transient burn event at/near a facility rather than an ongoing source.
1583,86.378175,23.76643,2026-07-25,2026-09-02,2,2,1.755,2.38,0.0513,,,,39,Other/Unknown,"No nearby facility, moderate intensity (max FRP 2.4), short/low activity (2 active day(s) over 39 days, persistence score 0.05) — insufficient evidence to confidently classify."
1406,80.1649875,15.4645525,2026-07-21,2026-08-29,4,2,5.584999999999999,5.97,0.0513,,,,39,Other/Unknown,"No nearby facility, moderate intensity (max FRP 6.0), short/low activity (2 active day(s) over 39 days, persistence score 0.05) — insufficient evidence to confidently classify."
1394,81.41728749999999,21.19541,2026-07-30,2026-09-07,4,2,5.9775,9.94,0.0513,,power_plant,3030.07510572,39,Industrial Fire,Close to Bhilai 500 MW Expansion Power Project (1082m away) but only active 2 day(s) over a 39-day window (4 detections) — reads as a transient burn event at/near a facility rather than an ongoing source.
1394,81.41728749999999,21.19541,2026-07-30,2026-09-07,4,2,5.9775,9.94,0.0513,,industrial_area,3773.50535158,39,Industrial Fire,Close to Bhilai 500 MW Expansion Power Project (1082m away) but only active 2 day(s) over a 39-day window (4 detections) — reads as a transient burn event at/near a facility rather than an ongoing source.
1394,81.41728749999999,21.19541,2026-07-30,2026-09-07,4,2,5.9775,9.94,0.0513,Bhilai Steel Plant,industrial_area,2994.2476535,39,Industrial Fire,Close to Bhilai 500 MW Expansion Power Project (1082m away) but only active 2 day(s) over a 39-day window (4 detections) — reads as a transient burn event at/near a facility rather than an ongoing source.
1394,81.41728749999999,21.19541,2026-07-30,2026-09-07,4,2,5.9775,9.94,0.0513,Bhilai 500 MW Expansion Power Project,power_plant,1082.08570284,39,Industrial Fire,Close to Bhilai 500 MW Expansion Power Project (1082m away) but only active 2 day(s) over a 39-day window (4 detections) — reads as a transient burn event at/near a facility rather than an ongoing source.
1526,78.089425,10.014245,2026-07-24,2026-09-01,2,2,5.63,8.15,0.0513,Madurai Chettikulam Flyover Project Site,industrial_area,4778.70982294,39,Other/Unknown,"No nearby facility, moderate intensity (max FRP 8.2), short/low activity (2 active day(s) over 39 days, persistence score 0.05) — insufficient evidence to confidently classify."
1211,81.07468333333334,7.5019,2026-07-28,2026-09-05,3,2,4.95,7.47,0.0513,,,,39,Other/Unknown,"No nearby facility, moderate intensity (max FRP 7.5), short/low activity (2 active day(s) over 39 days, persistence score 0.05) — insufficient evidence to confidently classify."
1243,80.20228999999999,8.37064,2026-07-28,2026-09-05,3,2,4.556666666666667,6.99,0.0513,,,,39,Other/Unknown,"No nearby facility, moderate intensity (max FRP 7.0), short/low activity (2 active day(s) over 39 days, persistence score 0.05) — insufficient evidence to confidently classify."
454,84.15590333333334,24.92268,2026-07-30,2026-09-08,3,2,1.87,2.15,0.05,,,,40,Other/Unknown,"No nearby facility, moderate intensity (max FRP 2.1), short/low activity (2 active day(s) over 40 days, persistence score 0.05) — insufficient evidence to confidently classify."
1575,80.79253,8.5361075,2026-07-24,2026-09-02,4,2,7.34,11.89,0.05,,,,40,Wildfire / Natural Fire,"No industrial facility within 5km, high peak intensity (max FRP 11.9), short-lived (2 active day(s) over 40 days) — profile matches a natural/wild fire rather than a stable industrial source."
1119,81.65766666666667,6.909386666666666,2026-07-26,2026-09-04,3,2,4.41,8.05,0.05,,,,40,Wildfire / Natural Fire,"No industrial facility within 5km, high peak intensity (max FRP 8.1), short-lived (2 active day(s) over 40 days) — profile matches a natural/wild fire rather than a stable industrial source."
615,77.27271666666667,28.27785,2026-07-30,2026-09-09,3,2,0.9766666666666668,1.08,0.0488,,industrial_area,307.14661265,41,Industrial Fire,Close to an unnamed industrial_area (307m away) but only active 2 day(s) over a 41-day window (3 detections) — reads as a transient burn event at/near a facility rather than an ongoing source.
615,77.27271666666667,28.27785,2026-07-30,2026-09-09,3,2,0.9766666666666668,1.08,0.0488,Jajru,power_plant,4450.70026017,41,Industrial Fire,Close to an unnamed industrial_area (307m away) but only active 2 day(s) over a 41-day window (3 detections) — reads as a transient burn event at/near a facility rather than an ongoing source.
615,77.27271666666667,28.27785,2026-07-30,2026-09-09,3,2,0.9766666666666668,1.08,0.0488,,industrial_works,4195.12696526,41,Industrial Fire,Close to an unnamed industrial_area (307m away) but only active 2 day(s) over a 41-day window (3 detections) — reads as a transient burn event at/near a facility rather than an ongoing source.
615,77.27271666666667,28.27785,2026-07-30,2026-09-09,3,2,0.9766666666666668,1.08,0.0488,Sector 59,industrial_area,4860.7842727,41,Industrial Fire,Close to an unnamed industrial_area (307m away) but only active 2 day(s) over a 41-day window (3 detections) — reads as a transient burn event at/near a facility rather than an ongoing source.
1300,76.253695,15.311985,2026-07-25,2026-09-05,2,2,0.6,0.61,0.0476,,industrial_area,3566.79993279,42,Other/Unknown,2598m from Hospet Steels — plausibly related but not close enough to confidently attribute; distance alone is insufficient per project methodology. Needs Sentinel-2 land-cover context to resolve.
1348,82.21508,21.73136333333333,2026-07-26,2026-09-06,3,2,2.043333333333333,2.57,0.0476,,industrial_area,177.10186619,42,Industrial Fire,Close to an unnamed industrial_area (177m away) but only active 2 day(s) over a 42-day window (3 detections) — reads as a transient burn event at/near a facility rather than an ongoing source.
666,81.43553999999999,6.807147500000001,2026-07-30,2026-09-10,4,2,2.65,2.84,0.0476,,,,42,Other/Unknown,"No nearby facility, moderate intensity (max FRP 2.8), short/low activity (2 active day(s) over 42 days, persistence score 0.05) — insufficient evidence to confidently classify."
1300,76.253695,15.311985,2026-07-25,2026-09-05,2,2,0.6,0.61,0.0476,Hospet Steels,industrial_area,2597.80326106,42,Other/Unknown,2598m from Hospet Steels — plausibly related but not close enough to confidently attribute; distance alone is insufficient per project methodology. Needs Sentinel-2 land-cover context to resolve.
1300,76.253695,15.311985,2026-07-25,2026-09-05,2,2,0.6,0.61,0.0476,Ginigera Cement Works,industrial_area,4528.48890011,42,Other/Unknown,2598m from Hospet Steels — plausibly related but not close enough to confidently attribute; distance alone is insufficient per project methodology. Needs Sentinel-2 land-cover context to resolve.
1120,81.298,7.3618975,2026-07-23,2026-09-04,4,2,4.665,7.25,0.0465,,,,43,Other/Unknown,"No nearby facility, moderate intensity (max FRP 7.2), short/low activity (2 active day(s) over 43 days, persistence score 0.05) — insufficient evidence to confidently classify."
1274,80.381005,8.94173,2026-07-24,2026-09-05,2,2,4.195,5.81,0.0465,,,,43,Other/Unknown,"No nearby facility, moderate intensity (max FRP 5.8), short/low activity (2 active day(s) over 43 days, persistence score 0.05) — insufficient evidence to confidently classify."
1497,81.58112,7.634126666666667,2026-07-19,2026-09-01,3,2,6.283333333333334,6.87,0.0455,,,,44,Other/Unknown,"No nearby facility, moderate intensity (max FRP 6.9), short/low activity (2 active day(s) over 44 days, persistence score 0.05) — insufficient evidence to confidently classify."
1468,80.33018,8.75095,2026-07-18,2026-08-31,2,2,4.755,5.94,0.0455,,,,44,Other/Unknown,"No nearby facility, moderate intensity (max FRP 5.9), short/low activity (2 active day(s) over 44 days, persistence score 0.05) — insufficient evidence to confidently classify."
1186,77.49992,10.615265,2026-07-21,2026-09-04,2,2,0.61,0.82,0.0444,,,,45,Other/Unknown,"No nearby facility, moderate intensity (max FRP 0.8), short/low activity (2 active day(s) over 45 days, persistence score 0.04) — insufficient evidence to confidently classify."
1577,80.6421,8.58084,2026-07-19,2026-09-02,5,2,5.919999999999999,9.42,0.0444,,,,45,Wildfire / Natural Fire,"No industrial facility within 5km, high peak intensity (max FRP 9.4), short-lived (2 active day(s) over 45 days) — profile matches a natural/wild fire rather than a stable industrial source."
1384,70.476365,33.2063675,2026-07-23,2026-09-07,4,2,6.1375,7.23,0.0435,,,,46,Other/Unknown,"No nearby facility, moderate intensity (max FRP 7.2), short/low activity (2 active day(s) over 46 days, persistence score 0.04) — insufficient evidence to confidently classify."
633,81.13605,6.395899999999999,2026-07-25,2026-09-09,5,2,5.426,8.43,0.0435,,,,46,Wildfire / Natural Fire,"No industrial facility within 5km, high peak intensity (max FRP 8.4), short-lived (2 active day(s) over 46 days) — profile matches a natural/wild fire rather than a stable industrial source."
988,68.93333125,25.86709125,2026-07-27,2026-09-11,8,2,6.5375,8.03,0.0435,,,,46,Wildfire / Natural Fire,"No industrial facility within 5km, high peak intensity (max FRP 8.0), short-lived (2 active day(s) over 46 days) — profile matches a natural/wild fire rather than a stable industrial source."
737,80.574825,8.933065,2026-07-25,2026-09-10,4,2,4.4,6.9,0.0426,,,,47,Other/Unknown,"No nearby facility, moderate intensity (max FRP 6.9), short/low activity (2 active day(s) over 47 days, persistence score 0.04) — insufficient evidence to confidently classify."
1584,85.9962575,23.775165,2026-07-16,2026-09-02,4,2,1.3625,1.92,0.0417,,,,48,Other/Unknown,"No nearby facility, moderate intensity (max FRP 1.9), short/low activity (2 active day(s) over 48 days, persistence score 0.04) — insufficient evidence to confidently classify."
1183,70.47676000000001,23.304325,2026-07-18,2026-09-04,2,2,1.245,1.32,0.0417,,industrial_area,203.40900588,48,Industrial Fire,Close to an unnamed industrial_area (203m away) but only active 2 day(s) over a 48-day window (2 detections) — reads as a transient burn event at/near a facility rather than an ongoing source.
1269,80.85210000000001,8.811605,2026-07-19,2026-09-05,2,2,3.7,4.45,0.0417,,,,48,Other/Unknown,"No nearby facility, moderate intensity (max FRP 4.5), short/low activity (2 active day(s) over 48 days, persistence score 0.04) — insufficient evidence to confidently classify."
1244,80.21959,8.369795,2026-07-18,2026-09-05,2,2,3.275,3.3,0.0408,,,,49,Other/Unknown,"No nearby facility, moderate intensity (max FRP 3.3), short/low activity (2 active day(s) over 49 days, persistence score 0.04) — insufficient evidence to confidently classify."
1380,73.864525,30.687365,2026-07-18,2026-09-07,2,2,7.2,8.89,0.0392,,,,51,Wildfire / Natural Fire,"No industrial facility within 5km, high peak intensity (max FRP 8.9), short-lived (2 active day(s) over 51 days) — profile matches a natural/wild fire rather than a stable industrial source."
808,80.7571575,6.4552125,2026-07-18,2026-09-11,4,2,10.38,16.26,0.0364,,,,55,Wildfire / Natural Fire,"No industrial facility within 5km, high peak intensity (max FRP 16.3), short-lived (2 active day(s) over 55 days) — profile matches a natural/wild fire rather than a stable industrial source."
