event_id,cluster_id,latitude,longitude,event_date,label,predicted_label,risk_score,risk_tier
2075,,6.18458,81.1745,2026-09-12,Other/Unknown,Other/Unknown,0.0,Low
2076,,6.5824,81.02856,2026-09-12,Other/Unknown,Other/Unknown,0.0,Low
2080,,6.8061,81.54609,2026-09-12,Other/Unknown,Other/Unknown,0.0,Low
2081,,6.98819,81.45032,2026-09-12,Other/Unknown,Other/Unknown,0.0,Low
2083,,7.02286,81.33838,2026-09-12,Other/Unknown,Other/Unknown,0.0,Low
2091,,7.09008,80.98764,2026-09-12,Other/Unknown,Other/Unknown,0.0,Low
2093,,7.10688,81.00608,2026-09-12,Other/Unknown,Other/Unknown,0.0,Low
2094,,7.11013,81.58477,2026-09-12,Other/Unknown,Other/Unknown,0.0,Low
2096,,7.12647,81.6804,2026-09-12,Other/Unknown,Other/Unknown,0.0,Low
2098,,7.18581,81.79967,2026-09-12,Other/Unknown,Other/Unknown,0.0,Low
2099,,7.27174,81.58786,2026-09-12,Other/Unknown,Other/Unknown,0.0,Low
2100,,7.35733,80.97545,2026-09-12,Other/Unknown,Other/Unknown,0.0,Low
2101,,7.35879,80.95721,2026-09-12,Other/Unknown,Other/Unknown,0.0,Low
2102,,7.37745,81.0931,2026-09-12,Other/Unknown,Other/Unknown,1.3,Low
2104,,7.52494,80.97937,2026-09-12,Other/Unknown,Other/Unknown,0.0,Low
2109,,7.57145,80.9379,2026-09-12,Other/Unknown,Other/Unknown,0.0,Low
2119,,7.68932,80.4494,2026-09-12,Other/Unknown,Other/Unknown,0.0,Low
2123,,7.78176,81.48782,2026-09-12,Other/Unknown,Other/Unknown,0.0,Low
2132,,7.91244,81.16814,2026-09-12,Other/Unknown,Other/Unknown,0.0,Low
2135,,7.96555,81.08558,2026-09-12,Other/Unknown,Other/Unknown,0.0,Low
2139,,8.00496,80.94511,2026-09-12,Other/Unknown,Other/Unknown,0.0,Low
2140,,8.03993,80.68317,2026-09-12,Other/Unknown,Other/Unknown,0.0,Low
2141,,8.06122,81.0103,2026-09-12,Other/Unknown,Other/Unknown,0.0,Low
2142,,8.06541,80.3713,2026-09-12,Other/Unknown,Other/Unknown,0.0,Low
2143,,8.07677,81.39046,2026-09-12,Other/Unknown,Other/Unknown,0.0,Low
2144,,8.07846,81.00792,2026-09-12,Other/Unknown,Other/Unknown,0.0,Low
2149,,8.11133,81.11934,2026-09-12,Other/Unknown,Other/Unknown,0.0,Low
2150,,8.11358,80.10298,2026-09-12,Other/Unknown,Other/Unknown,0.0,Low
2151,,8.13032,80.07694,2026-09-12,Other/Unknown,Other/Unknown,0.0,Low
2152,,8.16267,80.15137,2026-09-12,Other/Unknown,Other/Unknown,0.0,Low
2156,,8.18844,80.27067,2026-09-12,Other/Unknown,Other/Unknown,0.0,Low
2164,,8.22505,80.45264,2026-09-12,Other/Unknown,Other/Unknown,0.0,Low
2165,,8.23053,81.10403,2026-09-12,Other/Unknown,Other/Unknown,0.0,Low
2169,,8.25925,80.29769,2026-09-12,Other/Unknown,Other/Unknown,0.0,Low
2170,,8.28667,80.77976,2026-09-12,Other/Unknown,Other/Unknown,0.0,Low
2173,,8.30045,80.72736,2026-09-12,Other/Unknown,Other/Unknown,0.0,Low
2174,,8.30267,80.27724,2026-09-12,Other/Unknown,Other/Unknown,0.0,Low
2175,,8.31892,77.59275,2026-09-12,Other/Unknown,Other/Unknown,1.0,Low
2176,,8.33177,81.01419,2026-09-12,Other/Unknown,Other/Unknown,0.0,Low
2177,,8.34342,80.71103,2026-09-12,Other/Unknown,Other/Unknown,0.0,Low
2180,,8.39278,80.76662,2026-09-12,Other/Unknown,Other/Unknown,0.0,Low
2181,,8.4037,80.7243,2026-09-12,Other/Unknown,Other/Unknown,0.0,Low
2182,,8.41152,80.47382,2026-09-12,Other/Unknown,Other/Unknown,0.0,Low
2185,,8.47682,80.30786,2026-09-12,Other/Unknown,Other/Unknown,0.0,Low
2194,,8.51454,80.52853,2026-09-12,Other/Unknown,Other/Unknown,0.0,Low
2198,,8.52454,80.85271,2026-09-12,Other/Unknown,Other/Unknown,0.0,Low
2205,,8.58621,80.50359,2026-09-12,Other/Unknown,Other/Unknown,0.0,Low
2208,,8.6155,80.67295,2026-09-12,Other/Unknown,Other/Unknown,0.0,Low
2209,,8.61842,80.50272,2026-09-12,Other/Unknown,Other/Unknown,0.0,Low
2210,,8.62782,80.84911,2026-09-12,Other/Unknown,Other/Unknown,0.0,Low
2213,,8.70739,80.73883,2026-09-12,Other/Unknown,Other/Unknown,0.0,Low
2222,,8.94233,80.81985,2026-09-12,Other/Unknown,Other/Unknown,0.0,Low
2226,,8.98522,80.06801,2026-09-12,Other/Unknown,Other/Unknown,0.0,Low
2230,,9.06973,77.52162,2026-09-12,Other/Unknown,Other/Unknown,0.0,Low
2231,,9.192,77.81502,2026-09-12,Other/Unknown,Other/Unknown,0.0,Low
2234,,9.24338,80.70864,2026-09-12,Other/Unknown,Other/Unknown,0.0,Low
2235,,9.40158,80.37805,2026-09-12,Other/Unknown,Other/Unknown,0.0,Low
2237,,9.67016,78.19058,2026-09-12,Other/Unknown,Other/Unknown,0.0,Low
2238,,11.93996,77.03573,2026-09-12,Other/Unknown,Other/Unknown,0.0,Low
2251,,29.46977,71.59311,2026-09-12,Other/Unknown,Other/Unknown,0.0,Low
2252,,29.9203,72.90961,2026-09-12,Other/Unknown,Other/Unknown,0.0,Low
2253,,30.45917,73.82764,2026-09-12,Other/Unknown,Other/Unknown,0.0,Low
2254,,30.47937,73.85507,2026-09-12,Other/Unknown,Other/Unknown,0.0,Low
2255,,30.92336,74.30084,2026-09-12,Other/Unknown,Other/Unknown,0.0,Low
2256,,30.97024,74.48008,2026-09-12,Other/Unknown,Other/Unknown,0.0,Low
2257,,31.06606,74.47954,2026-09-12,Other/Unknown,Other/Unknown,0.0,Low
2258,,31.12898,74.61642,2026-09-12,Other/Unknown,Other/Unknown,0.0,Low
2259,,31.16105,74.82891,2026-09-12,Other/Unknown,Other/Unknown,0.0,Low
2260,,31.38129,74.53933,2026-09-12,Other/Unknown,Other/Unknown,0.0,Low
2261,,31.6174,75.06292,2026-09-12,Other/Unknown,Other/Unknown,0.0,Low
2262,,31.87394,74.68877,2026-09-12,Other/Unknown,Other/Unknown,0.0,Low
2263,,23.34302,68.96366,2026-09-12,Other/Unknown,Other/Unknown,0.0,Low
2267,,25.78301,68.57213,2026-09-12,Other/Unknown,Other/Unknown,0.0,Low
2273,,26.52341,90.53152,2026-09-03,Other/Unknown,Other/Unknown,13.3,Low
2274,,26.80206,90.32026,2026-09-03,Other/Unknown,Other/Unknown,0.0,Low
2275,,26.88079,92.32764,2026-09-03,Other/Unknown,Other/Unknown,0.0,Low
2279,,28.181,95.66731,2026-09-03,Other/Unknown,Other/Unknown,0.0,Low
2284,,7.13617,80.9217,2026-09-03,Other/Unknown,Other/Unknown,0.0,Low
2295,,7.75647,81.23419,2026-09-03,Other/Unknown,Other/Unknown,0.0,Low
2297,,7.9395,81.25786,2026-09-03,Other/Unknown,Other/Unknown,0.0,Low
2299,,8.05333,80.59547,2026-09-03,Other/Unknown,Other/Unknown,0.0,Low
2303,,8.1625,81.34946,2026-09-03,Other/Unknown,Other/Unknown,0.0,Low
2304,,8.20065,81.06894,2026-09-03,Other/Unknown,Other/Unknown,0.0,Low
2307,,8.21999,80.57515,2026-09-03,Other/Unknown,Other/Unknown,0.0,Low
2314,,8.4028,80.65507,2026-09-03,Other/Unknown,Other/Unknown,0.0,Low
2329,,8.81097,78.0528,2026-09-03,Other/Unknown,Other/Unknown,0.0,Low
2330,,8.82872,80.53358,2026-09-03,Other/Unknown,Other/Unknown,8.8,Low
2336,,9.09281,79.79891,2026-09-03,Other/Unknown,Other/Unknown,0.0,Low
2341,,9.40996,78.80921,2026-09-03,Other/Unknown,Other/Unknown,0.0,Low
2342,,10.23653,79.19613,2026-09-03,Other/Unknown,Other/Unknown,0.0,Low
2348,,18.56307,74.36423,2026-09-03,Other/Unknown,Other/Unknown,0.0,Low
2355,,29.88983,73.90404,2026-09-03,Other/Unknown,Other/Unknown,0.0,Low
2356,,32.51342,82.42087,2026-09-03,Other/Unknown,Other/Unknown,0.0,Low
2428,,17.3574,76.87903,2026-09-03,Other/Unknown,Other/Unknown,0.0,Low
2433,,22.38261,73.12849,2026-09-03,Other/Unknown,Other/Unknown,2.4,Low
2439,,22.97782,72.56509,2026-09-03,Other/Unknown,Other/Unknown,2.6,Low
2449,,31.42277,72.99947,2026-09-03,Other/Unknown,Other/Unknown,0.0,Low
2472,,19.67624,71.67017,2026-09-03,Other/Unknown,Other/Unknown,0.0,Low
2492,,12.75382,92.88086,2026-09-04,Other/Unknown,Other/Unknown,0.0,Low
2493,,24.00891,96.12032,2026-09-04,Other/Unknown,Other/Unknown,0.0,Low
2494,,24.25894,96.54393,2026-09-04,Other/Unknown,Other/Unknown,0.0,Low
2495,,24.71857,96.31367,2026-09-04,Other/Unknown,Other/Unknown,0.0,Low
2497,,29.18748,88.53117,2026-09-04,Other/Unknown,Other/Unknown,0.0,Low
2500,,29.29299,88.90841,2026-09-04,Other/Unknown,Other/Unknown,0.0,Low
2501,,36.3825,95.11243,2026-09-04,Other/Unknown,Other/Unknown,3.4,Low
2507,,6.34224,81.12547,2026-09-04,Other/Unknown,Other/Unknown,0.0,Low
2510,,6.47065,81.08218,2026-09-04,Other/Unknown,Other/Unknown,0.0,Low
2512,,6.66989,80.91605,2026-09-04,Other/Unknown,Other/Unknown,0.0,Low
2523,,7.20339,81.01457,2026-09-04,Other/Unknown,Other/Unknown,0.0,Low
2524,,7.30575,81.13636,2026-09-04,Other/Unknown,Other/Unknown,0.0,Low
2527,,7.38462,79.87064,2026-09-04,Other/Unknown,Other/Unknown,0.0,Low
2537,,7.61087,80.83186,2026-09-04,Other/Unknown,Other/Unknown,0.0,Low
2538,,7.65727,80.49637,2026-09-04,Other/Unknown,Other/Unknown,0.0,Low
2539,,7.66027,79.91571,2026-09-04,Other/Unknown,Other/Unknown,0.0,Low
2540,,7.69514,80.13086,2026-09-04,Other/Unknown,Other/Unknown,0.0,Low
2541,,7.71052,79.86343,2026-09-04,Other/Unknown,Other/Unknown,0.0,Low
2545,,7.87883,79.93985,2026-09-04,Other/Unknown,Other/Unknown,0.0,Low
2546,,7.87908,80.031,2026-09-04,Other/Unknown,Other/Unknown,0.0,Low
2553,,7.94493,80.62585,2026-09-04,Other/Unknown,Other/Unknown,0.0,Low
2558,,7.9495,79.85543,2026-09-04,Other/Unknown,Other/Unknown,0.0,Low
2559,,7.96289,81.33191,2026-09-04,Other/Unknown,Other/Unknown,0.0,Low
2563,,8.00805,80.60468,2026-09-04,Other/Unknown,Other/Unknown,0.0,Low
2569,,8.12243,80.51514,2026-09-04,Other/Unknown,Other/Unknown,0.0,Low
2570,,8.14543,80.06309,2026-09-04,Other/Unknown,Other/Unknown,0.0,Low
2577,,8.2431,80.11183,2026-09-04,Other/Unknown,Other/Unknown,0.0,Low
2580,,8.25512,80.10616,2026-09-04,Other/Unknown,Other/Unknown,0.0,Low
2581,,8.27044,80.33495,2026-09-04,Other/Unknown,Other/Unknown,0.0,Low
2582,,8.31202,80.59825,2026-09-04,Other/Unknown,Other/Unknown,0.0,Low
2583,,8.31947,80.29152,2026-09-04,Other/Unknown,Other/Unknown,0.0,Low
2584,,8.324,80.23045,2026-09-04,Other/Unknown,Other/Unknown,0.0,Low
2585,,8.33193,80.77122,2026-09-04,Other/Unknown,Other/Unknown,0.0,Low
2591,,8.38549,80.29862,2026-09-04,Other/Unknown,Other/Unknown,0.0,Low
2592,,8.38778,80.78993,2026-09-04,Other/Unknown,Other/Unknown,0.0,Low
2595,,8.40441,80.68349,2026-09-04,Other/Unknown,Other/Unknown,0.0,Low
2598,,8.41519,80.446,2026-09-04,Other/Unknown,Other/Unknown,0.0,Low
2605,,8.4458,80.23885,2026-09-04,Other/Unknown,Other/Unknown,0.0,Low
2606,,8.45281,81.09965,2026-09-04,Other/Unknown,Other/Unknown,0.0,Low
2610,,8.48686,80.47081,2026-09-04,Other/Unknown,Other/Unknown,0.0,Low
2611,,8.51423,80.24119,2026-09-04,Other/Unknown,Other/Unknown,0.0,Low
2615,,8.53881,80.8772,2026-09-04,Other/Unknown,Other/Unknown,0.0,Low
2622,,8.57884,80.78347,2026-09-04,Other/Unknown,Other/Unknown,0.0,Low
2623,,8.61746,77.98914,2026-09-04,Other/Unknown,Other/Unknown,0.0,Low
2637,,8.66234,80.83396,2026-09-04,Other/Unknown,Other/Unknown,0.0,Low
2638,,8.66597,77.40293,2026-09-04,Other/Unknown,Other/Unknown,0.0,Low
2639,,8.66727,80.25673,2026-09-04,Other/Unknown,Other/Unknown,0.0,Low
2640,,8.69263,80.37619,2026-09-04,Other/Unknown,Other/Unknown,0.0,Low
2643,,8.72472,80.76887,2026-09-04,Other/Unknown,Other/Unknown,0.0,Low
2644,,8.73204,77.86298,2026-09-04,Other/Unknown,Other/Unknown,0.0,Low
2645,,8.75154,80.99869,2026-09-04,Other/Unknown,Other/Unknown,0.0,Low
2651,,8.81464,77.83777,2026-09-04,Other/Unknown,Other/Unknown,0.0,Low
2652,,8.84638,77.70205,2026-09-04,Other/Unknown,Other/Unknown,0.0,Low
2653,,8.88569,77.40527,2026-09-04,Other/Unknown,Other/Unknown,0.0,Low
2655,,8.92773,77.46704,2026-09-04,Other/Unknown,Other/Unknown,0.0,Low
2656,,8.93915,77.83005,2026-09-04,Other/Unknown,Other/Unknown,6.2,Low
2657,,8.9637,80.59013,2026-09-04,Other/Unknown,Other/Unknown,0.0,Low
2658,,8.96668,80.38145,2026-09-04,Other/Unknown,Other/Unknown,0.0,Low
2664,,9.10274,80.49466,2026-09-04,Other/Unknown,Other/Unknown,0.0,Low
2667,,9.20293,77.64448,2026-09-04,Other/Unknown,Other/Unknown,0.0,Low
2669,,9.33688,76.59934,2026-09-04,Other/Unknown,Other/Unknown,0.0,Low
2676,,9.62262,78.11741,2026-09-04,Other/Unknown,Other/Unknown,0.0,Low
2679,,10.16672,78.79148,2026-09-04,Other/Unknown,Other/Unknown,0.0,Low
2680,,10.16814,78.80172,2026-09-04,Other/Unknown,Other/Unknown,0.0,Low
2681,,10.28257,78.88253,2026-09-04,Other/Unknown,Other/Unknown,0.0,Low
2682,,10.31339,79.34061,2026-09-04,Other/Unknown,Other/Unknown,0.0,Low
2683,,12.0522,78.36801,2026-09-04,Other/Unknown,Other/Unknown,0.0,Low
2684,,12.80993,77.7602,2026-09-04,Other/Unknown,Other/Unknown,0.0,Low
2685,,13.90749,78.06878,2026-09-04,Other/Unknown,Other/Unknown,0.0,Low
2688,,14.5526,77.48568,2026-09-04,Other/Unknown,Other/Unknown,0.0,Low
2689,,14.9584,75.91736,2026-09-04,Other/Unknown,Other/Unknown,0.0,Low
2692,,15.52757,73.99412,2026-09-04,Other/Unknown,Other/Unknown,0.0,Low
2693,,17.6268,82.57391,2026-09-04,Other/Unknown,Other/Unknown,0.0,Low
2700,,24.0682,72.24971,2026-09-04,Other/Unknown,Other/Unknown,0.0,Low
2701,,25.9841,73.41638,2026-09-04,Other/Unknown,Other/Unknown,0.0,Low
2702,,27.14095,72.44164,2026-09-04,Other/Unknown,Other/Unknown,0.0,Low
2704,,28.45174,68.14686,2026-09-04,Other/Unknown,Other/Unknown,0.0,Low
2707,,29.80486,72.78429,2026-09-04,Other/Unknown,Other/Unknown,0.0,Low
2709,,29.94049,69.95213,2026-09-04,Other/Unknown,Other/Unknown,0.0,Low
2710,,30.47343,71.74202,2026-09-04,Other/Unknown,Other/Unknown,0.0,Low
2712,,31.5778,72.37859,2026-09-04,Other/Unknown,Other/Unknown,0.0,Low
2713,,31.68232,72.20583,2026-09-04,Other/Unknown,Other/Unknown,0.0,Low
2714,,32.24791,73.92658,2026-09-04,Other/Unknown,Other/Unknown,0.0,Low
2715,,32.43256,71.36949,2026-09-04,Other/Unknown,Other/Unknown,0.0,Low
2765,,24.31163,85.42353,2026-09-04,Other/Unknown,Other/Unknown,0.0,Low
2811,,7.12493,81.54601,2026-09-04,Other/Unknown,Other/Unknown,0.0,Low
2831,,25.5242,68.55288,2026-09-04,Other/Unknown,Other/Unknown,0.0,Low
2832,,27.93788,69.72433,2026-09-04,Other/Unknown,Other/Unknown,0.0,Low
2840,,18.2715,74.19861,2026-09-04,Other/Unknown,Other/Unknown,0.0,Low
2877,,21.43225,72.97722,2026-09-04,Other/Unknown,Other/Unknown,0.0,Low
2899,,21.93913,81.98277,2026-09-04,Other/Unknown,Other/Unknown,0.0,Low
2903,,22.01587,82.17987,2026-09-04,Other/Unknown,Other/Unknown,9.8,Low
2908,,22.1076,83.12428,2026-09-04,Other/Unknown,Other/Unknown,0.0,Low
2921,,23.40848,72.41589,2026-09-04,Other/Unknown,Other/Unknown,2.5,Low
2929,,11.42084,77.48328,2026-09-04,Other/Unknown,Other/Unknown,0.0,Low
2932,,11.56157,77.70795,2026-09-04,Other/Unknown,Other/Unknown,0.0,Low
2949,,16.36108,81.2864,2026-09-04,Other/Unknown,Other/Unknown,0.0,Low
2958,,6.1825,81.15936,2026-09-05,Other/Unknown,Other/Unknown,0.0,Low
2966,,6.33726,80.82056,2026-09-05,Other/Unknown,Other/Unknown,0.0,Low
2968,,6.35661,80.85766,2026-09-05,Other/Unknown,Other/Unknown,0.0,Low
2969,,6.35751,80.79565,2026-09-05,Other/Unknown,Other/Unknown,0.0,Low
2970,,6.39684,81.07821,2026-09-05,Other/Unknown,Other/Unknown,0.0,Low
2973,,6.47917,80.77299,2026-09-05,Other/Unknown,Other/Unknown,0.0,Low
2974,,6.57916,81.3848,2026-09-05,Other/Unknown,Other/Unknown,0.0,Low
2976,,6.66843,81.51497,2026-09-05,Other/Unknown,Other/Unknown,0.0,Low
2978,,6.70425,81.31312,2026-09-05,Other/Unknown,Other/Unknown,0.0,Low
2979,,6.72359,81.30273,2026-09-05,Other/Unknown,Other/Unknown,0.0,Low
2980,,6.7338,81.30119,2026-09-05,Other/Unknown,Other/Unknown,0.0,Low
2983,,6.75762,81.43685,2026-09-05,Other/Unknown,Other/Unknown,0.0,Low
2986,,6.78665,81.44385,2026-09-05,Other/Unknown,Other/Unknown,0.0,Low
2989,,7.15843,81.65216,2026-09-05,Other/Unknown,Other/Unknown,0.0,Low
2994,,7.21239,81.70628,2026-09-05,Other/Unknown,Other/Unknown,0.0,Low
2996,,7.29734,81.74046,2026-09-05,Other/Unknown,Other/Unknown,0.0,Low
3002,,7.30746,81.66486,2026-09-05,Other/Unknown,Other/Unknown,0.0,Low
3005,,7.39973,79.91376,2026-09-05,Other/Unknown,Other/Unknown,0.0,Low
3007,,7.4885,81.72768,2026-09-05,Other/Unknown,Other/Unknown,0.0,Low
3010,,7.51144,80.02458,2026-09-05,Other/Unknown,Other/Unknown,0.0,Low
3011,,7.56126,81.77585,2026-09-05,Other/Unknown,Other/Unknown,0.0,Low
3012,,7.59167,80.83134,2026-09-05,Other/Unknown,Other/Unknown,0.0,Low
3013,,7.60346,81.00407,2026-09-05,Other/Unknown,Other/Unknown,0.0,Low
3019,,7.62678,81.06778,2026-09-05,Other/Unknown,Other/Unknown,0.0,Low
3021,,7.63089,80.6562,2026-09-05,Other/Unknown,Other/Unknown,0.0,Low
3022,,7.6407,80.81288,2026-09-05,Other/Unknown,Other/Unknown,0.0,Low
3025,,7.65567,81.16868,2026-09-05,Other/Unknown,Other/Unknown,0.0,Low
3026,,7.66933,80.1969,2026-09-05,Other/Unknown,Other/Unknown,0.0,Low
3027,,7.67097,81.17771,2026-09-05,Other/Unknown,Other/Unknown,0.0,Low
3032,,7.70151,81.59878,2026-09-05,Other/Unknown,Other/Unknown,0.0,Low
3035,,7.75209,80.72167,2026-09-05,Other/Unknown,Other/Unknown,0.0,Low
3045,,7.79189,80.17778,2026-09-05,Other/Unknown,Other/Unknown,0.0,Low
3047,,7.81358,79.99068,2026-09-05,Other/Unknown,Other/Unknown,0.0,Low
3051,,7.82964,81.0255,2026-09-05,Other/Unknown,Other/Unknown,0.0,Low
3052,,7.84795,81.38319,2026-09-05,Other/Unknown,Other/Unknown,0.0,Low
3053,,7.85643,80.04865,2026-09-05,Other/Unknown,Other/Unknown,0.0,Low
3056,,7.86428,79.87926,2026-09-05,Other/Unknown,Other/Unknown,0.0,Low
3065,,7.91204,80.30305,2026-09-05,Other/Unknown,Other/Unknown,0.0,Low
3068,,7.93095,80.77126,2026-09-05,Other/Unknown,Other/Unknown,0.0,Low
3072,,7.93822,81.05383,2026-09-05,Other/Unknown,Other/Unknown,0.0,Low
3073,,7.94364,81.34592,2026-09-05,Other/Unknown,Other/Unknown,0.0,Low
3076,,7.94978,79.83763,2026-09-05,Other/Unknown,Other/Unknown,0.0,Low
3085,,7.97633,81.33685,2026-09-05,Other/Unknown,Other/Unknown,0.0,Low
3086,,7.97869,80.25325,2026-09-05,Other/Unknown,Other/Unknown,0.0,Low
3087,,7.98436,80.06512,2026-09-05,Other/Unknown,Other/Unknown,0.0,Low
3088,,7.986,80.79264,2026-09-05,Other/Unknown,Other/Unknown,0.0,Low
3098,,8.02988,81.41364,2026-09-05,Other/Unknown,Other/Unknown,0.0,Low
3099,,8.0395,80.61161,2026-09-05,Other/Unknown,Other/Unknown,0.0,Low
3104,,8.05978,79.87353,2026-09-05,Other/Unknown,Other/Unknown,0.0,Low
3105,,8.08628,81.38984,2026-09-05,Other/Unknown,Other/Unknown,0.0,Low
3108,,8.09138,79.92904,2026-09-05,Other/Unknown,Other/Unknown,0.0,Low
3120,,8.17138,81.07531,2026-09-05,Other/Unknown,Other/Unknown,0.0,Low
3121,,8.17441,80.63096,2026-09-05,Other/Unknown,Other/Unknown,0.0,Low
3124,,8.21024,80.58482,2026-09-05,Other/Unknown,Other/Unknown,0.0,Low
3127,,8.35222,80.17999,2026-09-05,Other/Unknown,Other/Unknown,0.0,Low
3128,,8.35447,80.55137,2026-09-05,Other/Unknown,Other/Unknown,0.0,Low
3129,,8.36094,80.59453,2026-09-05,Other/Unknown,Other/Unknown,0.0,Low
3133,,8.3856,81.01615,2026-09-05,Other/Unknown,Other/Unknown,0.0,Low
3134,,8.38724,81.02727,2026-09-05,Other/Unknown,Other/Unknown,0.0,Low
3135,,8.39266,80.28991,2026-09-05,Other/Unknown,Other/Unknown,0.0,Low
3136,,8.39913,81.03686,2026-09-05,Other/Unknown,Other/Unknown,0.0,Low
3143,,8.42615,80.84453,2026-09-05,Other/Unknown,Other/Unknown,0.0,Low
3146,,8.43594,80.67204,2026-09-05,Other/Unknown,Other/Unknown,0.0,Low
3149,,8.44974,80.17898,2026-09-05,Other/Unknown,Other/Unknown,0.0,Low
3150,,8.4546,80.6581,2026-09-05,Other/Unknown,Other/Unknown,0.0,Low
3154,,8.46437,81.0993,2026-09-05,Other/Unknown,Other/Unknown,0.0,Low
3156,,8.47204,80.65918,2026-09-05,Other/Unknown,Other/Unknown,0.0,Low
3164,,8.48482,80.79119,2026-09-05,Other/Unknown,Other/Unknown,0.0,Low
3166,,8.49118,80.76411,2026-09-05,Other/Unknown,Other/Unknown,0.0,Low
3169,,8.49961,80.21492,2026-09-05,Other/Unknown,Other/Unknown,0.0,Low
3171,,8.50431,80.62106,2026-09-05,Other/Unknown,Other/Unknown,0.0,Low
3174,,8.51689,80.82001,2026-09-05,Other/Unknown,Other/Unknown,0.0,Low
3175,,8.52262,80.27681,2026-09-05,Other/Unknown,Other/Unknown,0.0,Low
3176,,8.52282,80.41543,2026-09-05,Other/Unknown,Other/Unknown,0.0,Low
3177,,8.53777,80.77148,2026-09-05,Other/Unknown,Other/Unknown,0.0,Low
3180,,8.54917,80.75482,2026-09-05,Other/Unknown,Other/Unknown,0.0,Low
3190,,8.59053,80.52262,2026-09-05,Other/Unknown,Other/Unknown,0.0,Low
3191,,8.59385,80.63658,2026-09-05,Other/Unknown,Other/Unknown,0.0,Low
3200,,8.6294,80.99097,2026-09-05,Other/Unknown,Other/Unknown,0.0,Low
3207,,8.64641,80.33406,2026-09-05,Other/Unknown,Other/Unknown,0.0,Low
3209,,8.65211,80.86302,2026-09-05,Other/Unknown,Other/Unknown,0.0,Low
3211,,8.65415,81.06326,2026-09-05,Other/Unknown,Other/Unknown,0.0,Low
3212,,8.6632,80.51487,2026-09-05,Other/Unknown,Other/Unknown,0.0,Low
3213,,8.66455,80.47787,2026-09-05,Other/Unknown,Other/Unknown,0.0,Low
3217,,8.67725,80.70167,2026-09-05,Other/Unknown,Other/Unknown,0.0,Low
3223,,8.69478,80.7962,2026-09-05,Other/Unknown,Other/Unknown,0.0,Low
3227,,8.70245,81.13233,2026-09-05,Other/Unknown,Other/Unknown,0.0,Low
3230,,8.72964,80.96056,2026-09-05,Other/Unknown,Other/Unknown,0.0,Low
3237,,8.76995,80.10387,2026-09-05,Other/Unknown,Other/Unknown,0.0,Low
3246,,8.8223,80.99955,2026-09-05,Other/Unknown,Other/Unknown,0.0,Low
3248,,8.83324,80.86153,2026-09-05,Other/Unknown,Other/Unknown,0.0,Low
3249,,8.83489,80.47026,2026-09-05,Other/Unknown,Other/Unknown,0.0,Low
3250,,8.83842,80.44763,2026-09-05,Other/Unknown,Other/Unknown,0.0,Low
3252,,8.85206,80.33175,2026-09-05,Other/Unknown,Other/Unknown,0.0,Low
3255,,8.88087,80.66352,2026-09-05,Other/Unknown,Other/Unknown,0.0,Low
3256,,8.88978,80.86481,2026-09-05,Other/Unknown,Other/Unknown,0.0,Low
3269,,8.95918,80.58051,2026-09-05,Other/Unknown,Other/Unknown,0.0,Low
3270,,8.96129,80.87682,2026-09-05,Other/Unknown,Other/Unknown,0.0,Low
3271,,8.96636,80.88741,2026-09-05,Other/Unknown,Other/Unknown,0.0,Low
3272,,8.99586,80.6644,2026-09-05,Other/Unknown,Other/Unknown,0.0,Low
3273,,9.00062,80.81387,2026-09-05,Other/Unknown,Other/Unknown,0.0,Low
3275,,9.07612,80.40704,2026-09-05,Other/Unknown,Other/Unknown,0.0,Low
3279,,9.30931,78.79927,2026-09-05,Other/Unknown,Other/Unknown,0.0,Low
3280,,9.33446,77.69536,2026-09-05,Other/Unknown,Other/Unknown,0.0,Low
3282,,9.39164,80.4658,2026-09-05,Other/Unknown,Other/Unknown,0.0,Low
3284,,9.4007,80.457,2026-09-05,Other/Unknown,Other/Unknown,0.0,Low
3285,,9.41381,80.42905,2026-09-05,Other/Unknown,Other/Unknown,0.0,Low
3289,,9.62122,77.4757,2026-09-05,Other/Unknown,Other/Unknown,0.0,Low
3290,,9.62942,80.3325,2026-09-05,Other/Unknown,Other/Unknown,0.0,Low
3291,,9.76186,79.01588,2026-09-05,Other/Unknown,Other/Unknown,0.0,Low
3292,,9.76191,80.18646,2026-09-05,Other/Unknown,Other/Unknown,0.0,Low
3294,,10.54381,79.22341,2026-09-05,Other/Unknown,Other/Unknown,0.0,Low
3295,,10.71104,79.432,2026-09-05,Other/Unknown,Other/Unknown,0.0,Low
3296,,10.79202,79.03259,2026-09-05,Other/Unknown,Other/Unknown,0.0,Low
3299,,10.85818,78.95408,2026-09-05,Other/Unknown,Other/Unknown,0.0,Low
3300,,10.87647,79.25341,2026-09-05,Other/Unknown,Other/Unknown,0.0,Low
3302,,10.98545,78.22152,2026-09-05,Other/Unknown,Other/Unknown,0.0,Low
3303,,11.00525,77.1251,2026-09-05,Other/Unknown,Other/Unknown,0.0,Low
3304,,11.48627,78.88146,2026-09-05,Other/Unknown,Other/Unknown,1.7,Low
3305,,11.57037,79.64236,2026-09-05,Other/Unknown,Other/Unknown,0.0,Low
3306,,11.81176,79.62698,2026-09-05,Other/Unknown,Other/Unknown,0.0,Low
3307,,11.85545,78.73141,2026-09-05,Other/Unknown,Other/Unknown,0.0,Low
3308,,11.89135,78.72217,2026-09-05,Other/Unknown,Other/Unknown,0.0,Low
3311,,12.09322,79.02973,2026-09-05,Other/Unknown,Other/Unknown,0.0,Low
3313,,12.83815,79.94009,2026-09-05,Other/Unknown,Other/Unknown,1.6,Low
3316,,12.87172,80.07278,2026-09-05,Other/Unknown,Other/Unknown,0.0,Low
3317,,12.93002,76.32658,2026-09-05,Other/Unknown,Other/Unknown,0.0,Low
3318,,13.14227,79.26152,2026-09-05,Other/Unknown,Other/Unknown,0.0,Low
3321,,13.66856,78.35713,2026-09-05,Other/Unknown,Other/Unknown,0.0,Low
3322,,13.88681,77.37984,2026-09-05,Other/Unknown,Other/Unknown,0.0,Low
3323,,13.98457,78.95074,2026-09-05,Other/Unknown,Other/Unknown,0.0,Low
3324,,13.9938,78.45014,2026-09-05,Other/Unknown,Other/Unknown,0.0,Low
3325,,14.07302,79.44398,2026-09-05,Other/Unknown,Other/Unknown,0.0,Low
3326,,14.21456,79.22671,2026-09-05,Other/Unknown,Other/Unknown,0.0,Low
3327,,14.2971,79.05283,2026-09-05,Other/Unknown,Other/Unknown,0.0,Low
3328,,14.46633,77.33766,2026-09-05,Other/Unknown,Other/Unknown,0.0,Low
3329,,14.52509,79.062,2026-09-05,Other/Unknown,Other/Unknown,0.0,Low
3333,,14.59007,76.56956,2026-09-05,Other/Unknown,Other/Unknown,0.0,Low
3334,,14.66624,79.76509,2026-09-05,Other/Unknown,Other/Unknown,0.0,Low
3335,,14.66658,78.99778,2026-09-05,Other/Unknown,Other/Unknown,0.0,Low
3338,,14.77525,79.79544,2026-09-05,Other/Unknown,Other/Unknown,0.0,Low
3340,,14.95491,75.19309,2026-09-05,Other/Unknown,Other/Unknown,0.0,Low
3341,,15.05285,77.10738,2026-09-05,Other/Unknown,Other/Unknown,0.0,Low
3343,,15.16295,78.87427,2026-09-05,Other/Unknown,Other/Unknown,0.0,Low
3350,,15.4074,80.12518,2026-09-05,Other/Unknown,Other/Unknown,0.0,Low
3351,,15.45176,79.12704,2026-09-05,Other/Unknown,Other/Unknown,0.0,Low
3352,,15.54765,78.12994,2026-09-05,Other/Unknown,Other/Unknown,0.0,Low
3353,,15.57417,78.94083,2026-09-05,Other/Unknown,Other/Unknown,0.0,Low
3354,,15.60291,79.61507,2026-09-05,Other/Unknown,Other/Unknown,6.1,Low
3355,,15.82935,79.52122,2026-09-05,Other/Unknown,Other/Unknown,0.0,Low
3356,,15.9341,78.1999,2026-09-05,Other/Unknown,Other/Unknown,0.0,Low
3357,,15.9781,78.4109,2026-09-05,Other/Unknown,Other/Unknown,0.0,Low
3358,,16.18071,75.15405,2026-09-05,Other/Unknown,Other/Unknown,0.0,Low
3359,,16.27423,78.39685,2026-09-05,Other/Unknown,Other/Unknown,0.0,Low
3360,,16.27654,80.32413,2026-09-05,Other/Unknown,Other/Unknown,0.0,Low
3361,,16.46479,79.59985,2026-09-05,Other/Unknown,Other/Unknown,0.0,Low
3362,,16.49307,79.94553,2026-09-05,Other/Unknown,Other/Unknown,0.0,Low
3363,,16.51543,78.36472,2026-09-05,Other/Unknown,Other/Unknown,0.0,Low
3364,,16.59789,77.40491,2026-09-05,Other/Unknown,Other/Unknown,0.0,Low
3365,,16.8774,79.9932,2026-09-05,Other/Unknown,Other/Unknown,0.0,Low
3366,,17.07409,78.59189,2026-09-05,Other/Unknown,Other/Unknown,0.0,Low
3367,,17.75859,75.82333,2026-09-05,Other/Unknown,Other/Unknown,6.3,Low
3368,,19.02065,72.89297,2026-09-05,Other/Unknown,Other/Unknown,0.0,Low
3385,,22.831,69.52864,2026-09-05,Other/Unknown,Other/Unknown,0.0,Low
3392,,27.65105,68.4608,2026-09-05,Other/Unknown,Other/Unknown,0.0,Low
3393,,30.60174,73.64675,2026-09-05,Other/Unknown,Other/Unknown,0.0,Low
3397,,31.23082,75.08361,2026-09-05,Other/Unknown,Other/Unknown,0.0,Low
3398,,31.73204,74.48511,2026-09-05,Other/Unknown,Other/Unknown,0.0,Low
3402,,20.86821,96.38884,2026-09-05,Other/Unknown,Other/Unknown,9.8,Low
3460,,18.04078,74.8643,2026-09-05,Other/Unknown,Other/Unknown,0.0,Low
3535,,23.5474,86.53539,2026-09-05,Other/Unknown,Other/Unknown,0.0,Low
3548,,23.69034,86.43555,2026-09-05,Other/Unknown,Other/Unknown,0.0,Low
3561,,24.44885,83.0391,2026-09-05,Other/Unknown,Other/Unknown,0.0,Low
3566,,11.6361,77.65678,2026-09-05,Other/Unknown,Other/Unknown,0.0,Low
3567,,12.62502,79.78784,2026-09-05,Other/Unknown,Other/Unknown,0.0,Low
3571,,13.41842,75.98045,2026-09-05,Other/Unknown,Other/Unknown,0.0,Low
3582,,20.65857,78.49527,2026-09-05,Other/Unknown,Other/Unknown,11.9,Low
3595,,6.13792,81.04801,2026-09-06,Other/Unknown,Other/Unknown,0.0,Low
3596,,6.14477,81.02021,2026-09-06,Other/Unknown,Other/Unknown,0.0,Low
3597,,6.22826,80.84173,2026-09-06,Other/Unknown,Other/Unknown,0.0,Low
3598,,6.3734,80.78799,2026-09-06,Other/Unknown,Other/Unknown,0.0,Low
3601,,6.45064,81.04218,2026-09-06,Other/Unknown,Other/Unknown,0.0,Low
3605,,6.59875,80.79769,2026-09-06,Other/Unknown,Other/Unknown,1.4,Low
3606,,6.60208,80.96151,2026-09-06,Other/Unknown,Other/Unknown,0.0,Low
3613,,6.82884,81.46439,2026-09-06,Other/Unknown,Other/Unknown,0.0,Low
3614,,6.84022,81.46677,2026-09-06,Other/Unknown,Other/Unknown,0.0,Low
3617,,6.86452,81.32029,2026-09-06,Other/Unknown,Other/Unknown,0.0,Low
3628,,7.10436,81.25865,2026-09-06,Other/Unknown,Other/Unknown,0.0,Low
3629,,7.22925,81.54749,2026-09-06,Other/Unknown,Other/Unknown,0.0,Low
3632,,7.41811,81.62414,2026-09-06,Other/Unknown,Other/Unknown,0.0,Low
3633,,7.42337,81.72427,2026-09-06,Other/Unknown,Other/Unknown,0.0,Low
3640,,7.77909,81.10803,2026-09-06,Other/Unknown,Other/Unknown,0.0,Low
3644,,7.87201,80.30141,2026-09-06,Other/Unknown,Other/Unknown,0.0,Low
3645,,7.89036,80.43704,2026-09-06,Other/Unknown,Other/Unknown,0.0,Low
3646,,7.91617,80.31277,2026-09-06,Other/Unknown,Other/Unknown,0.0,Low
3653,,8.08336,80.1761,2026-09-06,Other/Unknown,Other/Unknown,0.0,Low
3654,,8.11108,80.60191,2026-09-06,Other/Unknown,Other/Unknown,0.0,Low
3656,,8.15541,80.45531,2026-09-06,Other/Unknown,Other/Unknown,0.0,Low
3657,,8.22669,80.60183,2026-09-06,Other/Unknown,Other/Unknown,0.0,Low
3667,,8.27718,81.00146,2026-09-06,Other/Unknown,Other/Unknown,0.0,Low
3668,,8.29321,80.18297,2026-09-06,Other/Unknown,Other/Unknown,0.0,Low
3669,,8.29433,80.57742,2026-09-06,Other/Unknown,Other/Unknown,0.0,Low
3671,,8.36934,80.17639,2026-09-06,Other/Unknown,Other/Unknown,0.0,Low
3673,,8.42356,80.34282,2026-09-06,Other/Unknown,Other/Unknown,0.0,Low
3674,,8.4589,80.62856,2026-09-06,Other/Unknown,Other/Unknown,0.0,Low
3677,,8.48561,80.74661,2026-09-06,Other/Unknown,Other/Unknown,0.0,Low
3684,,8.51488,80.78951,2026-09-06,Other/Unknown,Other/Unknown,0.0,Low
3689,,8.60105,80.55779,2026-09-06,Other/Unknown,Other/Unknown,0.0,Low
3698,,8.69569,77.7998,2026-09-06,Other/Unknown,Other/Unknown,0.0,Low
3699,,8.69938,80.40393,2026-09-06,Other/Unknown,Other/Unknown,0.0,Low
3702,,8.75129,77.44485,2026-09-06,Other/Unknown,Other/Unknown,0.0,Low
3705,,8.89297,80.58804,2026-09-06,Other/Unknown,Other/Unknown,0.0,Low
3709,,8.92181,80.53501,2026-09-06,Other/Unknown,Other/Unknown,0.0,Low
3710,,8.94726,80.80805,2026-09-06,Other/Unknown,Other/Unknown,0.0,Low
3711,,8.95371,80.87083,2026-09-06,Other/Unknown,Other/Unknown,0.0,Low
3712,,8.97766,80.79027,2026-09-06,Other/Unknown,Other/Unknown,0.0,Low
3715,,9.23311,78.75137,2026-09-06,Other/Unknown,Other/Unknown,0.0,Low
3716,,9.37995,80.32283,2026-09-06,Other/Unknown,Other/Unknown,0.0,Low
3718,,9.69221,77.82102,2026-09-06,Other/Unknown,Other/Unknown,6.3,Low
3719,,9.78295,77.51691,2026-09-06,Other/Unknown,Other/Unknown,0.0,Low
3720,,11.19149,79.82079,2026-09-06,Other/Unknown,Other/Unknown,0.0,Low
3721,,11.73491,76.77407,2026-09-06,Other/Unknown,Other/Unknown,0.0,Low
3722,,14.64825,75.44234,2026-09-06,Other/Unknown,Other/Unknown,0.0,Low
3723,,14.76573,77.04627,2026-09-06,Other/Unknown,Other/Unknown,0.0,Low
3724,,14.90104,77.50089,2026-09-06,Other/Unknown,Other/Unknown,0.0,Low
3728,,17.24984,78.81324,2026-09-06,Other/Unknown,Other/Unknown,0.0,Low
3729,,17.31903,82.25283,2026-09-06,Other/Unknown,Other/Unknown,0.0,Low
3731,,18.31238,82.37919,2026-09-06,Other/Unknown,Other/Unknown,0.0,Low
3732,,18.70286,72.34399,2026-09-06,Other/Unknown,Other/Unknown,0.0,Low
3733,,19.33445,83.43093,2026-09-06,Other/Unknown,Other/Unknown,6.8,Low
3741,,23.63325,70.43996,2026-09-06,Other/Unknown,Other/Unknown,0.0,Low
3743,,25.70847,73.58088,2026-09-06,Other/Unknown,Other/Unknown,0.0,Low
3744,,26.63973,72.26364,2026-09-06,Other/Unknown,Other/Unknown,0.0,Low
3745,,27.64392,69.48135,2026-09-06,Other/Unknown,Other/Unknown,0.0,Low
3748,,30.8377,72.16951,2026-09-06,Other/Unknown,Other/Unknown,0.0,Low
3749,,31.20359,72.1606,2026-09-06,Other/Unknown,Other/Unknown,0.0,Low
3770,,18.72028,79.507,2026-09-06,Other/Unknown,Other/Unknown,0.0,Low
3775,,19.9218,79.11452,2026-09-06,Other/Unknown,Other/Unknown,1.4,Low
3798,,21.18955,81.19997,2026-09-06,Other/Unknown,Other/Unknown,1.2,Low
3811,,21.5443,81.94603,2026-09-06,Other/Unknown,Other/Unknown,5.3,Low
3869,,14.5861,78.58088,2026-09-06,Other/Unknown,Other/Unknown,5.1,Low
3894,,17.5851,80.31999,2026-09-06,Other/Unknown,Other/Unknown,0.0,Low
3895,,18.49386,74.20312,2026-09-06,Other/Unknown,Other/Unknown,0.0,Low
3903,,10.44463,77.50969,2026-09-06,Other/Unknown,Other/Unknown,0.0,Low
3905,,10.90913,77.41766,2026-09-06,Other/Unknown,Other/Unknown,0.0,Low
3906,,11.72184,76.97085,2026-09-06,Other/Unknown,Other/Unknown,0.0,Low
3914,,6.444,81.11414,2026-09-07,Other/Unknown,Other/Unknown,0.0,Low
3917,,6.53106,80.93343,2026-09-07,Other/Unknown,Other/Unknown,0.0,Low
3918,,6.5893,80.94856,2026-09-07,Other/Unknown,Other/Unknown,0.0,Low
3922,,6.75885,81.21019,2026-09-07,Other/Unknown,Other/Unknown,0.0,Low
3936,,7.3791,80.8867,2026-09-07,Other/Unknown,Other/Unknown,0.0,Low
3937,,7.42252,80.93068,2026-09-07,Other/Unknown,Other/Unknown,0.0,Low
3938,,7.46287,81.61843,2026-09-07,Other/Unknown,Other/Unknown,0.0,Low
3940,,7.54869,81.66566,2026-09-07,Other/Unknown,Other/Unknown,0.0,Low
3941,,7.57874,81.75728,2026-09-07,Other/Unknown,Other/Unknown,0.0,Low
3945,,7.86117,79.89874,2026-09-07,Other/Unknown,Other/Unknown,0.0,Low
3946,,7.88584,80.30496,2026-09-07,Other/Unknown,Other/Unknown,0.0,Low
3947,,7.94753,80.4439,2026-09-07,Other/Unknown,Other/Unknown,0.0,Low
3948,,8.02418,80.36,2026-09-07,Other/Unknown,Other/Unknown,0.0,Low
3949,,8.0528,81.32001,2026-09-07,Other/Unknown,Other/Unknown,0.0,Low
3954,,8.13118,80.02525,2026-09-07,Other/Unknown,Other/Unknown,0.0,Low
3956,,8.19346,80.10268,2026-09-07,Other/Unknown,Other/Unknown,0.0,Low
3959,,8.26096,80.12309,2026-09-07,Other/Unknown,Other/Unknown,0.0,Low
3966,,8.45209,80.22456,2026-09-07,Other/Unknown,Other/Unknown,0.0,Low
3971,,8.48152,80.33078,2026-09-07,Other/Unknown,Other/Unknown,0.0,Low
3979,,8.9743,80.81862,2026-09-07,Other/Unknown,Other/Unknown,0.0,Low
3980,,9.17599,77.52721,2026-09-07,Other/Unknown,Other/Unknown,0.0,Low
3982,,9.55967,78.24466,2026-09-07,Other/Unknown,Other/Unknown,0.0,Low
3983,,10.1291,79.13102,2026-09-07,Other/Unknown,Other/Unknown,0.0,Low
3984,,10.65692,77.37951,2026-09-07,Other/Unknown,Other/Unknown,0.0,Low
3985,,10.76486,79.56414,2026-09-07,Other/Unknown,Other/Unknown,0.0,Low
3986,,12.62981,79.35361,2026-09-07,Other/Unknown,Other/Unknown,0.0,Low
3987,,13.29172,78.11819,2026-09-07,Other/Unknown,Other/Unknown,0.0,Low
3988,,13.33688,77.90711,2026-09-07,Other/Unknown,Other/Unknown,0.0,Low
3992,,14.0443,80.13178,2026-09-07,Other/Unknown,Other/Unknown,0.0,Low
3993,,14.29615,77.58157,2026-09-07,Other/Unknown,Other/Unknown,0.0,Low
3994,,14.47812,77.5274,2026-09-07,Other/Unknown,Other/Unknown,0.0,Low
3995,,14.77676,79.65521,2026-09-07,Other/Unknown,Other/Unknown,0.0,Low
3999,,15.69215,80.01839,2026-09-07,Other/Unknown,Other/Unknown,0.0,Low
4000,,15.78737,78.27644,2026-09-07,Other/Unknown,Other/Unknown,0.0,Low
4001,,16.1232,79.9809,2026-09-07,Other/Unknown,Other/Unknown,0.0,Low
4002,,16.42542,79.45825,2026-09-07,Other/Unknown,Other/Unknown,0.0,Low
4003,,16.87874,80.85161,2026-09-07,Other/Unknown,Other/Unknown,0.0,Low
4004,,16.90787,79.90573,2026-09-07,Other/Unknown,Other/Unknown,0.0,Low
4005,,17.01457,79.93188,2026-09-07,Other/Unknown,Other/Unknown,0.0,Low
4006,,17.60496,83.18684,2026-09-07,Other/Unknown,Other/Unknown,1.4,Low
4007,,17.9126,83.45437,2026-09-07,Other/Unknown,Other/Unknown,0.0,Low
4042,,23.508,94.00916,2026-09-07,Other/Unknown,Other/Unknown,0.0,Low
4043,,23.62771,96.60427,2026-09-07,Other/Unknown,Other/Unknown,0.0,Low
4056,,25.97929,93.56585,2026-09-07,Other/Unknown,Other/Unknown,0.0,Low
4066,,24.80595,68.12324,2026-09-07,Other/Unknown,Other/Unknown,0.0,Low
4067,,25.29603,68.12163,2026-09-07,Other/Unknown,Other/Unknown,0.0,Low
4076,,22.02825,83.74499,2026-09-07,Other/Unknown,Other/Unknown,0.0,Low
4098,,22.32993,82.53404,2026-09-07,Other/Unknown,Other/Unknown,0.0,Low
4111,,24.13551,82.59011,2026-09-07,Other/Unknown,Other/Unknown,0.0,Low
4126,,28.85041,77.14855,2026-09-07,Other/Unknown,Other/Unknown,0.0,Low
4136,,17.96845,83.15285,2026-09-07,Other/Unknown,Other/Unknown,9.9,Low
4206,,21.30586,81.57719,2026-09-07,Other/Unknown,Other/Unknown,0.0,Low
4224,,21.75611,83.81718,2026-09-07,Other/Unknown,Other/Unknown,0.0,Low
4233,,21.79338,83.98951,2026-09-07,Other/Unknown,Other/Unknown,0.0,Low
4236,,21.81696,83.99355,2026-09-07,Other/Unknown,Other/Unknown,0.0,Low
4241,,21.89918,83.98308,2026-09-07,Other/Unknown,Other/Unknown,0.0,Low
4248,,21.98612,83.36504,2026-09-07,Other/Unknown,Other/Unknown,0.0,Low
4252,,10.82689,78.8291,2026-09-07,Other/Unknown,Other/Unknown,0.0,Low
4262,,6.23024,81.13094,2026-09-07,Other/Unknown,Other/Unknown,0.0,Low
4263,,7.14724,80.04165,2026-09-07,Other/Unknown,Other/Unknown,0.0,Low
4293,,23.31261,70.1996,2026-09-07,Other/Unknown,Other/Unknown,0.0,Low
4294,,23.51418,72.41602,2026-09-07,Other/Unknown,Other/Unknown,0.0,Low
4295,,23.54443,72.40617,2026-09-07,Other/Unknown,Other/Unknown,0.0,Low
4300,,23.74449,90.5308,2026-08-29,Other/Unknown,Other/Unknown,2.7,Low
4302,,24.08363,90.3568,2026-08-29,Other/Unknown,Other/Unknown,0.0,Low
4303,,28.10045,95.53236,2026-08-29,Other/Unknown,Other/Unknown,0.0,Low
4304,,29.23654,88.87944,2026-08-29,Other/Unknown,Other/Unknown,0.0,Low
4305,,31.65704,78.40268,2026-08-29,Other/Unknown,Other/Unknown,0.0,Low
4306,,7.52567,81.08916,2026-08-29,Other/Unknown,Other/Unknown,0.0,Low
4307,,8.57969,77.66151,2026-08-29,Other/Unknown,Other/Unknown,0.0,Low
4312,,8.74677,78.08665,2026-08-29,Other/Unknown,Other/Unknown,0.0,Low
4317,,9.50563,77.60714,2026-08-29,Other/Unknown,Other/Unknown,0.0,Low
4319,,11.74922,79.71774,2026-08-29,Other/Unknown,Other/Unknown,0.0,Low
4320,,11.83292,79.64937,2026-08-29,Other/Unknown,Other/Unknown,0.0,Low
4321,,12.17967,79.73842,2026-08-29,Other/Unknown,Other/Unknown,0.0,Low
4322,,13.51015,78.18242,2026-08-29,Other/Unknown,Other/Unknown,0.0,Low
4323,,14.14709,77.40031,2026-08-29,Other/Unknown,Other/Unknown,0.0,Low
4324,,14.20221,79.16484,2026-08-29,Other/Unknown,Other/Unknown,1.0,Low
4325,,14.78831,79.94443,2026-08-29,Other/Unknown,Other/Unknown,0.0,Low
4328,,16.22416,80.35689,2026-08-29,Other/Unknown,Other/Unknown,0.0,Low
4329,,16.34823,78.444,2026-08-29,Other/Unknown,Other/Unknown,0.0,Low
4332,,27.31574,72.3643,2026-08-29,Other/Unknown,Other/Unknown,0.0,Low
4335,,27.75767,68.69473,2026-08-29,Other/Unknown,Other/Unknown,0.0,Low
4337,,30.46343,71.93924,2026-08-29,Other/Unknown,Other/Unknown,0.0,Low
4338,,31.50933,72.26437,2026-08-29,Other/Unknown,Other/Unknown,0.0,Low
4339,,31.93829,72.37972,2026-08-29,Other/Unknown,Other/Unknown,0.0,Low
4346,,21.59176,96.22928,2026-08-29,Other/Unknown,Other/Unknown,6.4,Low
4357,,35.22365,72.93259,2026-08-29,Other/Unknown,Other/Unknown,0.0,Low
4378,,12.07226,78.52171,2026-08-29,Other/Unknown,Other/Unknown,0.0,Low
4379,,12.49513,76.73359,2026-08-29,Other/Unknown,Other/Unknown,0.0,Low
4380,,13.03323,77.87466,2026-08-29,Other/Unknown,Other/Unknown,0.0,Low
4385,,18.77881,73.74908,2026-08-29,Other/Unknown,Other/Unknown,0.0,Low
4388,,27.98973,94.2222,2026-08-30,Other/Unknown,Other/Unknown,0.0,Low
4392,,6.24721,80.86079,2026-08-30,Other/Unknown,Other/Unknown,0.0,Low
4393,,6.26749,81.05721,2026-08-30,Other/Unknown,Other/Unknown,0.0,Low
4413,,6.77788,81.78619,2026-08-30,Other/Unknown,Other/Unknown,0.0,Low
4415,,6.81451,81.55614,2026-08-30,Other/Unknown,Other/Unknown,0.0,Low
4417,,6.863,81.43449,2026-08-30,Other/Unknown,Other/Unknown,0.0,Low
4420,,7.01565,81.40194,2026-08-30,Other/Unknown,Other/Unknown,0.0,Low
4421,,7.01929,81.60059,2026-08-30,Other/Unknown,Other/Unknown,0.0,Low
4422,,7.10918,81.68468,2026-08-30,Other/Unknown,Other/Unknown,0.0,Low
4423,,7.13256,81.41004,2026-08-30,Other/Unknown,Other/Unknown,0.0,Low
4424,,7.21619,81.59032,2026-08-30,Other/Unknown,Other/Unknown,0.0,Low
4428,,7.27994,81.59621,2026-08-30,Other/Unknown,Other/Unknown,0.0,Low
4438,,7.34377,81.73465,2026-08-30,Other/Unknown,Other/Unknown,0.0,Low
4445,,7.36431,81.55346,2026-08-30,Other/Unknown,Other/Unknown,0.0,Low
4446,,7.36655,81.24904,2026-08-30,Other/Unknown,Other/Unknown,0.0,Low
4448,,7.36748,81.57545,2026-08-30,Other/Unknown,Other/Unknown,0.0,Low
4458,,7.4049,81.77624,2026-08-30,Other/Unknown,Other/Unknown,1.2,Low
4459,,7.4156,81.56924,2026-08-30,Other/Unknown,Other/Unknown,0.0,Low
4463,,7.4743,81.05003,2026-08-30,Other/Unknown,Other/Unknown,0.0,Low
4465,,7.51956,81.30991,2026-08-30,Other/Unknown,Other/Unknown,0.0,Low
4469,,7.67645,81.44918,2026-08-30,Other/Unknown,Other/Unknown,0.0,Low
4470,,7.69219,81.52925,2026-08-30,Other/Unknown,Other/Unknown,0.0,Low
4478,,8.60875,77.83811,2026-08-30,Other/Unknown,Other/Unknown,0.0,Low
4479,,8.78732,78.01003,2026-08-30,Other/Unknown,Other/Unknown,0.0,Low
4480,,8.80542,78.10815,2026-08-30,Other/Unknown,Other/Unknown,1.0,Low
4482,,8.91,77.59529,2026-08-30,Other/Unknown,Other/Unknown,0.0,Low
4485,,9.11369,77.77237,2026-08-30,Other/Unknown,Other/Unknown,0.0,Low
4486,,9.15121,78.32916,2026-08-30,Other/Unknown,Other/Unknown,0.0,Low
4487,,9.32007,77.4914,2026-08-30,Other/Unknown,Other/Unknown,0.0,Low
4492,,9.49209,77.66238,2026-08-30,Other/Unknown,Other/Unknown,0.0,Low
4493,,9.51278,78.066,2026-08-30,Other/Unknown,Other/Unknown,0.0,Low
4494,,9.82619,77.39869,2026-08-30,Other/Unknown,Other/Unknown,0.0,Low
4495,,9.86126,78.18573,2026-08-30,Other/Unknown,Other/Unknown,6.0,Low
4496,,9.87797,78.03197,2026-08-30,Other/Unknown,Other/Unknown,0.0,Low
4497,,10.00316,76.4542,2026-08-30,Other/Unknown,Other/Unknown,6.6,Low
4498,,11.80984,77.21425,2026-08-30,Other/Unknown,Other/Unknown,0.0,Low
4499,,12.07999,76.99017,2026-08-30,Other/Unknown,Other/Unknown,0.0,Low
4500,,12.48661,76.3177,2026-08-30,Other/Unknown,Other/Unknown,0.0,Low
4501,,12.81456,78.60983,2026-08-30,Other/Unknown,Other/Unknown,0.0,Low
4502,,13.9402,78.66064,2026-08-30,Other/Unknown,Other/Unknown,0.0,Low
4503,,13.99587,79.86121,2026-08-30,Other/Unknown,Other/Unknown,0.0,Low
4504,,14.18999,77.3446,2026-08-30,Other/Unknown,Other/Unknown,2.6,Low
4505,,14.29174,77.98407,2026-08-30,Other/Unknown,Other/Unknown,0.0,Low
4506,,14.3499,77.63499,2026-08-30,Other/Unknown,Other/Unknown,0.0,Low
4509,,14.67836,76.89172,2026-08-30,Other/Unknown,Other/Unknown,0.0,Low
4510,,14.69206,79.62556,2026-08-30,Other/Unknown,Other/Unknown,0.0,Low
4511,,14.71446,79.98879,2026-08-30,Other/Unknown,Other/Unknown,0.0,Low
4512,,14.84624,78.37249,2026-08-30,Other/Unknown,Other/Unknown,0.0,Low
4513,,15.43925,77.664,2026-08-30,Other/Unknown,Other/Unknown,0.0,Low
4514,,15.93384,79.5267,2026-08-30,Other/Unknown,Other/Unknown,0.0,Low
4515,,19.7772,73.79005,2026-08-30,Other/Unknown,Other/Unknown,0.0,Low
4516,,21.17639,74.58324,2026-08-30,Other/Unknown,Other/Unknown,0.0,Low
4517,,30.02923,71.74337,2026-08-30,Other/Unknown,Other/Unknown,0.0,Low
4518,,30.08648,71.7243,2026-08-30,Other/Unknown,Other/Unknown,0.0,Low
4521,,30.16407,74.51582,2026-08-30,Other/Unknown,Other/Unknown,0.0,Low
4522,,30.35123,73.65195,2026-08-30,Other/Unknown,Other/Unknown,0.0,Low
4523,,30.51386,73.90864,2026-08-30,Other/Unknown,Other/Unknown,0.0,Low
4524,,31.10913,74.49384,2026-08-30,Other/Unknown,Other/Unknown,0.0,Low
4525,,31.12675,74.30208,2026-08-30,Other/Unknown,Other/Unknown,0.0,Low
4528,,31.39489,72.12487,2026-08-30,Other/Unknown,Other/Unknown,0.0,Low
4529,,31.4235,72.12935,2026-08-30,Other/Unknown,Other/Unknown,0.0,Low
4530,,31.46879,72.1555,2026-08-30,Other/Unknown,Other/Unknown,0.0,Low
4531,,31.56918,72.22474,2026-08-30,Other/Unknown,Other/Unknown,0.0,Low
4532,,31.56943,72.27724,2026-08-30,Other/Unknown,Other/Unknown,0.0,Low
4534,,32.05318,73.38254,2026-08-30,Other/Unknown,Other/Unknown,0.0,Low
4535,,32.09223,73.23719,2026-08-30,Other/Unknown,Other/Unknown,0.0,Low
4536,,32.30693,73.28819,2026-08-30,Other/Unknown,Other/Unknown,0.0,Low
4538,,33.58202,69.2417,2026-08-30,Other/Unknown,Other/Unknown,0.0,Low
4539,,33.84936,72.20547,2026-08-30,Other/Unknown,Other/Unknown,0.0,Low
4542,,7.28379,81.16539,2026-08-30,Other/Unknown,Other/Unknown,0.0,Low
4547,,31.64126,74.42704,2026-08-30,Other/Unknown,Other/Unknown,0.0,Low
4567,,28.35198,70.13081,2026-08-30,Other/Unknown,Other/Unknown,1.1,Low
4572,,18.54634,74.25378,2026-08-30,Other/Unknown,Other/Unknown,0.0,Low
4579,,21.26307,72.94081,2026-08-30,Other/Unknown,Other/Unknown,0.0,Low
4580,,21.79665,72.08905,2026-08-30,Other/Unknown,Other/Unknown,0.0,Low
4581,,9.67002,77.45597,2026-08-30,Other/Unknown,Other/Unknown,0.0,Low
4582,,11.62482,79.08276,2026-08-30,Other/Unknown,Other/Unknown,0.0,Low
4604,,7.07676,81.82498,2026-08-31,Other/Unknown,Other/Unknown,0.0,Low
4606,,7.17094,81.64171,2026-08-31,Other/Unknown,Other/Unknown,0.0,Low
4607,,7.1865,81.38634,2026-08-31,Other/Unknown,Other/Unknown,0.0,Low
4612,,7.47357,81.65829,2026-08-31,Other/Unknown,Other/Unknown,0.0,Low
4615,,7.65419,81.40054,2026-08-31,Other/Unknown,Other/Unknown,0.0,Low
4616,,7.70496,81.42134,2026-08-31,Other/Unknown,Other/Unknown,0.0,Low
4619,,7.8739,80.07893,2026-08-31,Other/Unknown,Other/Unknown,0.0,Low
4621,,7.88657,80.13833,2026-08-31,Other/Unknown,Other/Unknown,0.0,Low
4622,,7.88696,80.61943,2026-08-31,Other/Unknown,Other/Unknown,0.0,Low
4623,,7.92286,81.40872,2026-08-31,Other/Unknown,Other/Unknown,0.0,Low
4630,,7.96847,80.62367,2026-08-31,Other/Unknown,Other/Unknown,0.0,Low
4634,,8.03437,80.19405,2026-08-31,Other/Unknown,Other/Unknown,0.0,Low
4635,,8.08878,80.19277,2026-08-31,Other/Unknown,Other/Unknown,0.0,Low
4637,,8.2525,80.51107,2026-08-31,Other/Unknown,Other/Unknown,0.0,Low
4638,,8.26829,80.17477,2026-08-31,Other/Unknown,Other/Unknown,0.0,Low
4642,,8.30774,80.12835,2026-08-31,Other/Unknown,Other/Unknown,0.0,Low
4643,,8.31053,80.29387,2026-08-31,Other/Unknown,Other/Unknown,0.0,Low
4648,,8.3721,80.43393,2026-08-31,Other/Unknown,Other/Unknown,6.0,Low
4649,,8.3754,81.1614,2026-08-31,Other/Unknown,Other/Unknown,0.0,Low
4650,,8.37858,80.18925,2026-08-31,Other/Unknown,Other/Unknown,0.0,Low
4654,,8.42869,80.62504,2026-08-31,Other/Unknown,Other/Unknown,0.0,Low
4655,,8.4316,80.79919,2026-08-31,Other/Unknown,Other/Unknown,0.0,Low
4656,,8.43458,80.5528,2026-08-31,Other/Unknown,Other/Unknown,0.0,Low
4663,,8.48646,80.36195,2026-08-31,Other/Unknown,Other/Unknown,0.0,Low
4665,,8.49849,80.39584,2026-08-31,Other/Unknown,Other/Unknown,0.0,Low
4667,,8.51151,80.56882,2026-08-31,Other/Unknown,Other/Unknown,0.0,Low
4668,,8.51499,80.74651,2026-08-31,Other/Unknown,Other/Unknown,0.0,Low
4669,,8.5192,80.46411,2026-08-31,Other/Unknown,Other/Unknown,0.0,Low
4673,,8.57523,80.74078,2026-08-31,Other/Unknown,Other/Unknown,0.0,Low
4674,,8.5921,80.41267,2026-08-31,Other/Unknown,Other/Unknown,0.0,Low
4675,,8.59252,80.60977,2026-08-31,Other/Unknown,Other/Unknown,0.0,Low
4679,,8.61921,81.14049,2026-08-31,Other/Unknown,Other/Unknown,0.0,Low
4681,,8.62135,80.97601,2026-08-31,Other/Unknown,Other/Unknown,0.0,Low
4684,,8.63045,80.70648,2026-08-31,Other/Unknown,Other/Unknown,0.0,Low
4686,,8.6401,80.65864,2026-08-31,Other/Unknown,Other/Unknown,0.0,Low
4687,,8.65994,80.76608,2026-08-31,Other/Unknown,Other/Unknown,0.0,Low
4688,,8.66698,80.36886,2026-08-31,Other/Unknown,Other/Unknown,0.0,Low
4690,,8.68129,81.15162,2026-08-31,Other/Unknown,Other/Unknown,0.0,Low
4693,,8.78987,80.99559,2026-08-31,Other/Unknown,Other/Unknown,0.0,Low
4696,,8.90582,80.40517,2026-08-31,Other/Unknown,Other/Unknown,0.0,Low
4701,,9.02789,77.86799,2026-08-31,Other/Unknown,Other/Unknown,0.0,Low
4703,,9.11122,80.50833,2026-08-31,Other/Unknown,Other/Unknown,0.0,Low
4704,,9.17411,80.12911,2026-08-31,Other/Unknown,Other/Unknown,0.0,Low
4705,,9.17741,78.13036,2026-08-31,Other/Unknown,Other/Unknown,0.0,Low
4706,,9.18498,80.30385,2026-08-31,Other/Unknown,Other/Unknown,0.0,Low
4707,,9.19589,80.66298,2026-08-31,Other/Unknown,Other/Unknown,0.0,Low
4708,,9.22821,77.66577,2026-08-31,Other/Unknown,Other/Unknown,0.0,Low
4710,,9.28584,80.72318,2026-08-31,Other/Unknown,Other/Unknown,0.0,Low
4711,,9.39429,80.28052,2026-08-31,Other/Unknown,Other/Unknown,0.0,Low
4714,,9.47052,78.63935,2026-08-31,Other/Unknown,Other/Unknown,0.0,Low
4715,,9.77185,78.36581,2026-08-31,Other/Unknown,Other/Unknown,0.0,Low
4718,,9.90981,78.52617,2026-08-31,Other/Unknown,Other/Unknown,0.0,Low
4719,,9.98556,77.43252,2026-08-31,Other/Unknown,Other/Unknown,0.0,Low
4720,,11.62862,78.61463,2026-08-31,Other/Unknown,Other/Unknown,0.0,Low
4723,,11.73493,77.98431,2026-08-31,Other/Unknown,Other/Unknown,0.0,Low
4727,,12.05555,79.07794,2026-08-31,Other/Unknown,Other/Unknown,0.0,Low
4728,,12.58657,79.6415,2026-08-31,Other/Unknown,Other/Unknown,0.0,Low
4729,,13.40939,80.26858,2026-08-31,Other/Unknown,Other/Unknown,0.0,Low
4730,,13.81923,79.34404,2026-08-31,Other/Unknown,Other/Unknown,0.0,Low
4733,,28.12977,76.78864,2026-08-31,Other/Unknown,Other/Unknown,1.4,Low
4735,,31.3222,72.33394,2026-08-31,Other/Unknown,Other/Unknown,0.0,Low
4736,,31.37494,74.45004,2026-08-31,Other/Unknown,Other/Unknown,0.0,Low
4759,,17.43479,74.96613,2026-08-31,Other/Unknown,Other/Unknown,0.0,Low
4760,,18.42431,74.38948,2026-08-31,Other/Unknown,Other/Unknown,0.0,Low
4761,,18.59601,74.25494,2026-08-31,Other/Unknown,Other/Unknown,0.0,Low
4773,,8.74017,78.09332,2026-08-31,Other/Unknown,Other/Unknown,0.0,Low
4775,,10.94284,78.06322,2026-08-31,Other/Unknown,Other/Unknown,0.0,Low
4776,,11.08366,78.75399,2026-08-31,Other/Unknown,Other/Unknown,0.0,Low
4784,,6.23883,81.20638,2026-09-01,Other/Unknown,Other/Unknown,0.0,Low
4785,,6.32778,81.01263,2026-09-01,Other/Unknown,Other/Unknown,0.0,Low
4788,,6.35255,81.13854,2026-09-01,Other/Unknown,Other/Unknown,0.0,Low
4791,,6.41308,81.00175,2026-09-01,Other/Unknown,Other/Unknown,0.0,Low
4792,,6.56763,80.98006,2026-09-01,Other/Unknown,Other/Unknown,0.0,Low
4793,,6.70304,81.54429,2026-09-01,Other/Unknown,Other/Unknown,0.0,Low
4794,,6.7111,81.59296,2026-09-01,Other/Unknown,Other/Unknown,0.0,Low
4806,,6.93935,81.63994,2026-09-01,Other/Unknown,Other/Unknown,0.0,Low
4809,,7.07607,81.5708,2026-09-01,Other/Unknown,Other/Unknown,0.0,Low
4812,,7.16827,81.57197,2026-09-01,Other/Unknown,Other/Unknown,0.0,Low
4813,,7.21606,81.76827,2026-09-01,Other/Unknown,Other/Unknown,0.0,Low
4822,,7.40997,81.6543,2026-09-01,Other/Unknown,Other/Unknown,0.0,Low
4829,,7.78377,80.22298,2026-09-01,Other/Unknown,Other/Unknown,0.0,Low
4830,,7.78867,80.81643,2026-09-01,Other/Unknown,Other/Unknown,0.0,Low
4832,,7.85497,80.34256,2026-09-01,Other/Unknown,Other/Unknown,0.0,Low
4835,,7.8685,81.43804,2026-09-01,Other/Unknown,Other/Unknown,0.0,Low
4836,,7.90392,80.63752,2026-09-01,Other/Unknown,Other/Unknown,0.0,Low
4843,,7.96814,80.59685,2026-09-01,Other/Unknown,Other/Unknown,0.0,Low
4844,,7.98507,80.62343,2026-09-01,Other/Unknown,Other/Unknown,0.0,Low
4845,,8.00779,81.43661,2026-09-01,Other/Unknown,Other/Unknown,0.0,Low
4846,,8.03059,80.59743,2026-09-01,Other/Unknown,Other/Unknown,0.0,Low
4847,,8.03119,81.28948,2026-09-01,Other/Unknown,Other/Unknown,0.0,Low
4849,,8.18792,80.69052,2026-09-01,Other/Unknown,Other/Unknown,0.0,Low
4850,,8.24386,80.60502,2026-09-01,Other/Unknown,Other/Unknown,0.0,Low
4851,,8.26053,80.58041,2026-09-01,Other/Unknown,Other/Unknown,0.0,Low
4852,,8.26432,80.55347,2026-09-01,Other/Unknown,Other/Unknown,0.0,Low
4853,,8.29291,77.57172,2026-09-01,Other/Unknown,Other/Unknown,0.0,Low
4860,,8.32899,80.29664,2026-09-01,Other/Unknown,Other/Unknown,0.0,Low
4866,,8.37836,80.6104,2026-09-01,Other/Unknown,Other/Unknown,0.0,Low
4868,,8.38557,80.25662,2026-09-01,Other/Unknown,Other/Unknown,0.0,Low
4869,,8.39226,81.16862,2026-09-01,Other/Unknown,Other/Unknown,0.0,Low
4874,,8.41403,80.62608,2026-09-01,Other/Unknown,Other/Unknown,0.0,Low
4877,,8.42361,80.5847,2026-09-01,Other/Unknown,Other/Unknown,0.0,Low
4888,,8.47152,80.72465,2026-09-01,Other/Unknown,Other/Unknown,0.0,Low
4892,,8.51547,80.31347,2026-09-01,Other/Unknown,Other/Unknown,0.0,Low
4895,,8.51878,80.7773,2026-09-01,Other/Unknown,Other/Unknown,0.0,Low
4896,,8.51968,80.43941,2026-09-01,Other/Unknown,Other/Unknown,0.0,Low
4898,,8.52566,80.47535,2026-09-01,Other/Unknown,Other/Unknown,0.0,Low
4899,,8.52771,80.89381,2026-09-01,Other/Unknown,Other/Unknown,0.0,Low
4900,,8.54025,80.51318,2026-09-01,Other/Unknown,Other/Unknown,0.0,Low
4901,,8.54781,80.68247,2026-09-01,Other/Unknown,Other/Unknown,0.0,Low
4906,,8.5695,80.76366,2026-09-01,Other/Unknown,Other/Unknown,0.0,Low
4909,,8.574,80.66736,2026-09-01,Other/Unknown,Other/Unknown,0.0,Low
4910,,8.57504,80.4455,2026-09-01,Other/Unknown,Other/Unknown,0.0,Low
4913,,8.59583,80.77507,2026-09-01,Other/Unknown,Other/Unknown,0.0,Low
4914,,8.59837,80.79054,2026-09-01,Other/Unknown,Other/Unknown,0.0,Low
4915,,8.60734,80.91888,2026-09-01,Other/Unknown,Other/Unknown,0.0,Low
4918,,8.65193,80.82672,2026-09-01,Other/Unknown,Other/Unknown,0.0,Low
4919,,8.65909,80.69933,2026-09-01,Other/Unknown,Other/Unknown,0.0,Low
4920,,8.66735,80.72438,2026-09-01,Other/Unknown,Other/Unknown,0.0,Low
4921,,8.67641,80.90026,2026-09-01,Other/Unknown,Other/Unknown,0.0,Low
4929,,8.70056,80.87553,2026-09-01,Other/Unknown,Other/Unknown,0.0,Low
4930,,8.74317,80.18766,2026-09-01,Other/Unknown,Other/Unknown,0.0,Low
4931,,8.86808,80.87281,2026-09-01,Other/Unknown,Other/Unknown,0.0,Low
4945,,9.10153,80.28739,2026-09-01,Other/Unknown,Other/Unknown,0.0,Low
4946,,9.10582,80.31257,2026-09-01,Other/Unknown,Other/Unknown,0.0,Low
4947,,9.11247,80.27811,2026-09-01,Other/Unknown,Other/Unknown,0.0,Low
4948,,9.24176,80.27779,2026-09-01,Other/Unknown,Other/Unknown,0.0,Low
4949,,9.25795,80.27505,2026-09-01,Other/Unknown,Other/Unknown,0.0,Low
4969,,9.53506,80.38695,2026-09-01,Other/Unknown,Other/Unknown,0.0,Low
4970,,9.57735,78.58523,2026-09-01,Other/Unknown,Other/Unknown,0.0,Low
4971,,9.60892,79.98938,2026-09-01,Other/Unknown,Other/Unknown,0.0,Low
4972,,9.63981,80.21948,2026-09-01,Other/Unknown,Other/Unknown,0.0,Low
4974,,9.6828,79.86526,2026-09-01,Other/Unknown,Other/Unknown,0.0,Low
4975,,9.77143,78.21916,2026-09-01,Other/Unknown,Other/Unknown,0.0,Low
4984,,10.38719,79.27933,2026-09-01,Other/Unknown,Other/Unknown,0.0,Low
4987,,10.67588,78.80834,2026-09-01,Other/Unknown,Other/Unknown,0.0,Low
4988,,10.74769,78.83463,2026-09-01,Other/Unknown,Other/Unknown,0.0,Low
4989,,10.77378,78.65028,2026-09-01,Other/Unknown,Other/Unknown,0.0,Low
4990,,10.86091,79.81236,2026-09-01,Other/Unknown,Other/Unknown,0.0,Low
4991,,11.00781,77.43622,2026-09-01,Other/Unknown,Other/Unknown,0.0,Low
4992,,11.01218,79.41254,2026-09-01,Other/Unknown,Other/Unknown,0.0,Low
4993,,11.01958,79.83994,2026-09-01,Other/Unknown,Other/Unknown,0.0,Low
4994,,11.14795,78.03258,2026-09-01,Other/Unknown,Other/Unknown,0.0,Low
4998,,11.83094,79.66526,2026-09-01,Other/Unknown,Other/Unknown,0.0,Low
4999,,12.05853,79.84698,2026-09-01,Other/Unknown,Other/Unknown,0.0,Low
5002,,12.13102,78.14007,2026-09-01,Other/Unknown,Other/Unknown,0.0,Low
5003,,12.38799,79.56133,2026-09-01,Other/Unknown,Other/Unknown,0.0,Low
5004,,12.55496,79.97733,2026-09-01,Other/Unknown,Other/Unknown,0.0,Low
5005,,12.63548,79.86098,2026-09-01,Other/Unknown,Other/Unknown,0.0,Low
5011,,12.88371,78.21547,2026-09-01,Other/Unknown,Other/Unknown,0.0,Low
5012,,13.20734,79.73056,2026-09-01,Other/Unknown,Other/Unknown,0.0,Low
5018,,14.49206,77.77126,2026-09-01,Other/Unknown,Other/Unknown,0.0,Low
5019,,14.54064,79.68484,2026-09-01,Other/Unknown,Other/Unknown,0.0,Low
5020,,14.86462,77.31979,2026-09-01,Other/Unknown,Other/Unknown,0.0,Low
5023,,15.18663,76.75148,2026-09-01,Other/Unknown,Other/Unknown,0.0,Low
5027,,27.52273,68.33573,2026-09-01,Other/Unknown,Other/Unknown,0.0,Low
5028,,30.67169,73.90612,2026-09-01,Other/Unknown,Other/Unknown,0.0,Low
5029,,32.2988,73.30443,2026-09-01,Other/Unknown,Other/Unknown,0.0,Low
5036,,34.42354,73.96882,2026-09-01,Other/Unknown,Other/Unknown,0.0,Low
5043,,18.73882,74.40549,2026-09-01,Other/Unknown,Other/Unknown,0.0,Low
5052,,11.10827,79.43034,2026-09-01,Other/Unknown,Other/Unknown,0.0,Low
5054,,11.43151,77.16531,2026-09-01,Other/Unknown,Other/Unknown,0.0,Low
5063,,12.07241,79.15073,2026-09-01,Other/Unknown,Other/Unknown,0.0,Low
5067,,13.00275,74.8494,2026-09-01,Other/Unknown,Other/Unknown,0.0,Low
5079,,6.36316,80.74545,2026-09-01,Other/Unknown,Other/Unknown,0.0,Low
5085,,6.93451,81.20994,2026-09-01,Other/Unknown,Other/Unknown,0.0,Low
5091,,7.0813,80.82124,2026-09-01,Other/Unknown,Other/Unknown,0.0,Low
5092,,7.21528,81.04633,2026-09-01,Other/Unknown,Other/Unknown,0.0,Low
5097,,7.38553,80.94897,2026-09-01,Other/Unknown,Other/Unknown,0.0,Low
5099,,7.88871,81.18806,2026-09-01,Other/Unknown,Other/Unknown,0.0,Low
5101,,8.23957,80.5554,2026-09-01,Other/Unknown,Other/Unknown,0.0,Low
5102,,8.44806,80.39248,2026-09-01,Other/Unknown,Other/Unknown,0.0,Low
5107,,9.2637,77.50169,2026-09-01,Other/Unknown,Other/Unknown,0.0,Low
5112,,9.58141,77.54852,2026-09-01,Other/Unknown,Other/Unknown,0.0,Low
5113,,10.19173,77.64243,2026-09-01,Other/Unknown,Other/Unknown,0.0,Low
5117,,23.43164,68.71332,2026-09-01,Other/Unknown,Other/Unknown,6.6,Low
5119,,6.18732,80.72151,2026-09-02,Other/Unknown,Other/Unknown,0.0,Low
5120,,6.26317,81.08282,2026-09-02,Other/Unknown,Other/Unknown,0.0,Low
5121,,6.29037,80.85827,2026-09-02,Other/Unknown,Other/Unknown,1.5,Low
5123,,6.55132,81.14516,2026-09-02,Other/Unknown,Other/Unknown,0.0,Low
5125,,6.59253,80.92814,2026-09-02,Other/Unknown,Other/Unknown,0.0,Low
5134,,7.0117,81.60833,2026-09-02,Other/Unknown,Other/Unknown,0.0,Low
5139,,7.05835,81.59419,2026-09-02,Other/Unknown,Other/Unknown,0.0,Low
5144,,7.11475,81.67311,2026-09-02,Other/Unknown,Other/Unknown,0.0,Low
5149,,7.25519,81.708,2026-09-02,Other/Unknown,Other/Unknown,0.0,Low
5150,,7.2765,81.73724,2026-09-02,Other/Unknown,Other/Unknown,0.0,Low
5159,,7.33388,80.93858,2026-09-02,Other/Unknown,Other/Unknown,0.0,Low
5166,,7.37772,81.37109,2026-09-02,Other/Unknown,Other/Unknown,0.0,Low
5168,,7.38031,81.00896,2026-09-02,Other/Unknown,Other/Unknown,0.0,Low
5170,,7.4081,81.06524,2026-09-02,Other/Unknown,Other/Unknown,0.0,Low
5172,,7.47632,81.74171,2026-09-02,Other/Unknown,Other/Unknown,0.0,Low
5174,,7.4839,81.20641,2026-09-02,Other/Unknown,Other/Unknown,0.0,Low
5178,,7.55483,81.72664,2026-09-02,Other/Unknown,Other/Unknown,0.0,Low
5181,,7.71905,80.52895,2026-09-02,Other/Unknown,Other/Unknown,0.0,Low
5182,,7.8105,80.81985,2026-09-02,Other/Unknown,Other/Unknown,0.0,Low
5186,,7.89672,80.64297,2026-09-02,Other/Unknown,Other/Unknown,0.0,Low
5187,,7.9031,80.61494,2026-09-02,Other/Unknown,Other/Unknown,0.0,Low
5201,,8.28928,81.02506,2026-09-02,Other/Unknown,Other/Unknown,0.0,Low
5202,,8.34616,81.03253,2026-09-02,Other/Unknown,Other/Unknown,0.0,Low
5218,,8.44558,80.73347,2026-09-02,Other/Unknown,Other/Unknown,0.0,Low
5227,,8.4979,80.15121,2026-09-02,Other/Unknown,Other/Unknown,0.0,Low
5228,,8.51043,80.68813,2026-09-02,Other/Unknown,Other/Unknown,0.0,Low
5235,,8.54068,80.66792,2026-09-02,Other/Unknown,Other/Unknown,0.0,Low
5236,,8.54718,80.61058,2026-09-02,Other/Unknown,Other/Unknown,0.0,Low
5238,,8.55561,80.68747,2026-09-02,Other/Unknown,Other/Unknown,0.0,Low
5243,,8.58795,80.74087,2026-09-02,Other/Unknown,Other/Unknown,0.0,Low
5260,,8.85165,80.32201,2026-09-02,Other/Unknown,Other/Unknown,0.0,Low
5274,,6.15852,80.93163,2026-09-02,Other/Unknown,Other/Unknown,0.0,Low
5275,,9.94405,78.17075,2026-09-02,Other/Unknown,Other/Unknown,1.7,Low
5277,,12.1557,79.81212,2026-09-02,Other/Unknown,Other/Unknown,0.0,Low
5278,,14.88849,79.31078,2026-09-02,Other/Unknown,Other/Unknown,0.0,Low
5279,,15.95654,79.91642,2026-09-02,Other/Unknown,Other/Unknown,0.0,Low
5280,,17.67918,75.30824,2026-09-02,Other/Unknown,Other/Unknown,0.0,Low
5282,,30.44718,73.801,2026-09-02,Other/Unknown,Other/Unknown,0.0,Low
5283,,31.09262,74.68887,2026-09-02,Other/Unknown,Other/Unknown,0.0,Low
5284,,9.92334,78.1786,2026-09-02,Other/Unknown,Other/Unknown,0.0,Low
5285,,11.34867,77.58162,2026-09-02,Other/Unknown,Other/Unknown,0.0,Low
5287,,27.85456,72.35793,2026-09-02,Other/Unknown,Other/Unknown,0.0,Low
5309,,23.76929,86.01326,2026-09-02,Other/Unknown,Other/Unknown,0.0,Low
5325,,15.78634,80.24809,2026-09-02,Other/Unknown,Other/Unknown,0.0,Low
5334,,7.47998,81.08479,2026-09-02,Other/Unknown,Other/Unknown,0.0,Low
5337,,7.76356,80.32153,2026-09-02,Other/Unknown,Other/Unknown,0.0,Low
5338,,7.96894,79.79425,2026-09-02,Other/Unknown,Other/Unknown,0.0,Low
5339,,7.97252,80.73882,2026-09-02,Other/Unknown,Other/Unknown,0.0,Low
5340,,8.01085,81.28994,2026-09-02,Other/Unknown,Other/Unknown,0.0,Low
5343,,8.35069,80.99633,2026-09-02,Other/Unknown,Other/Unknown,0.0,Low
5357,,13.09088,79.98233,2026-09-02,Other/Unknown,Other/Unknown,0.0,Low
5362,,6.73874,80.70068,2026-09-02,Other/Unknown,Other/Unknown,0.0,Low
5365,,6.85798,80.95795,2026-09-02,Other/Unknown,Other/Unknown,0.0,Low
5366,,6.97714,80.86381,2026-09-02,Other/Unknown,Other/Unknown,0.0,Low
5370,,35.70838,73.66257,2026-09-02,Other/Unknown,Other/Unknown,0.0,Low
5380,,20.96418,94.86232,2026-08-24,Other/Unknown,Other/Unknown,0.0,Low
5382,,29.66766,91.91384,2026-08-24,Other/Unknown,Other/Unknown,0.0,Low
5383,,31.99853,78.5369,2026-08-24,Other/Unknown,Other/Unknown,0.0,Low
5385,,6.71762,81.08398,2026-08-24,Other/Unknown,Other/Unknown,0.0,Low
5387,,6.79838,81.44492,2026-08-24,Other/Unknown,Other/Unknown,0.0,Low
5388,,6.85608,81.75537,2026-08-24,Other/Unknown,Other/Unknown,0.0,Low
5397,,7.16668,81.01984,2026-08-24,Other/Unknown,Other/Unknown,0.0,Low
5406,,7.88901,80.67115,2026-08-24,Other/Unknown,Other/Unknown,0.0,Low
5409,,8.30899,80.57829,2026-08-24,Other/Unknown,Other/Unknown,0.0,Low
5426,,16.55141,82.59755,2026-08-24,Other/Unknown,Other/Unknown,0.0,Low
5429,,30.4505,74.18115,2026-08-24,Other/Unknown,Other/Unknown,0.0,Low
5431,,30.80869,71.99914,2026-08-24,Other/Unknown,Other/Unknown,0.0,Low
5433,,31.08036,74.34518,2026-08-24,Other/Unknown,Other/Unknown,0.0,Low
5434,,31.40357,72.55518,2026-08-24,Other/Unknown,Other/Unknown,0.0,Low
5435,,31.51264,72.28911,2026-08-24,Other/Unknown,Other/Unknown,0.0,Low
5456,,33.90868,71.46279,2026-08-24,Other/Unknown,Other/Unknown,0.0,Low
5484,,23.10639,70.1897,2026-08-24,Other/Unknown,Other/Unknown,9.9,Low
5485,,23.2488,69.87011,2026-08-24,Other/Unknown,Other/Unknown,1.1,Low
5493,,29.66602,91.18839,2026-08-25,Other/Unknown,Other/Unknown,0.0,Low
5495,,29.69793,91.15185,2026-08-25,Other/Unknown,Other/Unknown,0.0,Low
5496,,6.25056,81.16558,2026-08-25,Other/Unknown,Other/Unknown,0.0,Low
5518,,6.75276,81.09026,2026-08-25,Other/Unknown,Other/Unknown,0.0,Low
5532,,6.90784,81.4859,2026-08-25,Other/Unknown,Other/Unknown,0.0,Low
5533,,6.91892,81.48431,2026-08-25,Other/Unknown,Other/Unknown,0.0,Low
5543,,7.28552,81.70193,2026-08-25,Other/Unknown,Other/Unknown,0.0,Low
5551,,7.3017,81.75987,2026-08-25,Other/Unknown,Other/Unknown,0.0,Low
5554,,7.3126,81.7816,2026-08-25,Other/Unknown,Other/Unknown,0.0,Low
5555,,7.3149,81.8234,2026-08-25,Other/Unknown,Other/Unknown,0.0,Low
5564,,7.33417,81.45088,2026-08-25,Other/Unknown,Other/Unknown,0.0,Low
5570,,7.42791,81.59241,2026-08-25,Other/Unknown,Other/Unknown,0.0,Low
5571,,7.44073,81.28928,2026-08-25,Other/Unknown,Other/Unknown,0.0,Low
5573,,7.46413,81.39714,2026-08-25,Other/Unknown,Other/Unknown,0.0,Low
5574,,7.4673,81.31651,2026-08-25,Other/Unknown,Other/Unknown,0.0,Low
5584,,8.17185,80.48933,2026-08-25,Other/Unknown,Other/Unknown,0.0,Low
5585,,8.22376,79.9154,2026-08-25,Other/Unknown,Other/Unknown,0.0,Low
5587,,8.33228,81.02814,2026-08-25,Other/Unknown,Other/Unknown,0.0,Low
5592,,8.37075,80.59804,2026-08-25,Other/Unknown,Other/Unknown,0.0,Low
5599,,8.44847,80.80316,2026-08-25,Other/Unknown,Other/Unknown,0.0,Low
5600,,8.47277,81.33554,2026-08-25,Other/Unknown,Other/Unknown,0.0,Low
5601,,8.47545,80.57486,2026-08-25,Other/Unknown,Other/Unknown,0.0,Low
5605,,8.56757,80.34253,2026-08-25,Other/Unknown,Other/Unknown,0.0,Low
5606,,8.57438,80.56564,2026-08-25,Other/Unknown,Other/Unknown,0.0,Low
5607,,8.58405,80.45564,2026-08-25,Other/Unknown,Other/Unknown,0.0,Low
5612,,8.66378,80.43628,2026-08-25,Other/Unknown,Other/Unknown,0.0,Low
5613,,8.67924,80.44233,2026-08-25,Other/Unknown,Other/Unknown,0.0,Low
5615,,8.7244,80.32823,2026-08-25,Other/Unknown,Other/Unknown,0.0,Low
5618,,14.20531,77.38112,2026-08-25,Other/Unknown,Other/Unknown,2.9,Low
5619,,14.86806,79.7366,2026-08-25,Other/Unknown,Other/Unknown,0.0,Low
5620,,15.65774,78.98273,2026-08-25,Other/Unknown,Other/Unknown,0.0,Low
5621,,16.00588,79.10636,2026-08-25,Other/Unknown,Other/Unknown,0.0,Low
5622,,17.08652,79.68517,2026-08-25,Other/Unknown,Other/Unknown,0.0,Low
5624,,30.15438,73.2097,2026-08-25,Other/Unknown,Other/Unknown,0.0,Low
5625,,30.16365,72.41509,2026-08-25,Other/Unknown,Other/Unknown,0.0,Low
5626,,30.26614,72.98603,2026-08-25,Other/Unknown,Other/Unknown,0.0,Low
5627,,30.35581,73.60623,2026-08-25,Other/Unknown,Other/Unknown,0.0,Low
5628,,30.38699,73.90166,2026-08-25,Other/Unknown,Other/Unknown,0.0,Low
5629,,30.41115,73.77779,2026-08-25,Other/Unknown,Other/Unknown,0.0,Low
5630,,30.55025,73.47831,2026-08-25,Other/Unknown,Other/Unknown,0.0,Low
5631,,30.6344,73.05245,2026-08-25,Other/Unknown,Other/Unknown,0.0,Low
5632,,30.64405,72.29908,2026-08-25,Other/Unknown,Other/Unknown,0.0,Low
5633,,30.85566,71.98112,2026-08-25,Other/Unknown,Other/Unknown,0.0,Low
5634,,30.8567,71.94377,2026-08-25,Other/Unknown,Other/Unknown,0.0,Low
5637,,31.74621,72.21912,2026-08-25,Other/Unknown,Other/Unknown,0.0,Low
5638,,31.86618,72.92677,2026-08-25,Other/Unknown,Other/Unknown,0.0,Low
5664,,21.46661,80.1269,2026-08-25,Other/Unknown,Other/Unknown,9.8,Low
5679,,9.70498,77.43482,2026-08-25,Other/Unknown,Other/Unknown,0.0,Low
5688,,8.54511,80.56976,2026-08-26,Other/Unknown,Other/Unknown,0.0,Low
5689,,8.66969,80.53839,2026-08-26,Other/Unknown,Other/Unknown,0.0,Low
5692,,8.87628,80.67516,2026-08-26,Other/Unknown,Other/Unknown,0.0,Low
5693,,8.99618,80.83887,2026-08-26,Other/Unknown,Other/Unknown,0.0,Low
5695,,9.04064,80.67525,2026-08-26,Other/Unknown,Other/Unknown,0.0,Low
5697,,9.15012,80.21935,2026-08-26,Other/Unknown,Other/Unknown,0.0,Low
5698,,9.34108,80.16885,2026-08-26,Other/Unknown,Other/Unknown,0.0,Low
5701,,9.6447,79.92132,2026-08-26,Other/Unknown,Other/Unknown,0.0,Low
5702,,9.80408,78.17467,2026-08-26,Other/Unknown,Other/Unknown,0.0,Low
5706,,12.13064,79.65323,2026-08-26,Other/Unknown,Other/Unknown,0.0,Low
5707,,13.84194,79.25305,2026-08-26,Other/Unknown,Other/Unknown,0.0,Low
5711,,15.90841,79.10486,2026-08-26,Other/Unknown,Other/Unknown,0.0,Low
5712,,16.40065,79.36692,2026-08-26,Other/Unknown,Other/Unknown,0.0,Low
5714,,18.54734,74.17914,2026-08-26,Other/Unknown,Other/Unknown,0.0,Low
5721,,25.21213,68.3015,2026-08-26,Other/Unknown,Other/Unknown,0.0,Low
5722,,26.53106,68.25273,2026-08-26,Other/Unknown,Other/Unknown,0.0,Low
5727,,31.608,74.33546,2026-08-26,Other/Unknown,Other/Unknown,0.0,Low
5729,,33.57693,74.22216,2026-08-26,Other/Unknown,Other/Unknown,0.0,Low
5732,,24.92307,92.52792,2026-08-26,Other/Unknown,Other/Unknown,0.0,Low
5734,,35.97722,79.17194,2026-08-26,Other/Unknown,Other/Unknown,0.0,Low
5735,,29.39776,70.99824,2026-08-26,Other/Unknown,Other/Unknown,0.0,Low
5759,,23.79604,86.28603,2026-08-26,Other/Unknown,Other/Unknown,0.0,Low
5760,,13.62073,78.48496,2026-08-26,Other/Unknown,Other/Unknown,0.0,Low
5763,,15.0046,77.00061,2026-08-26,Other/Unknown,Other/Unknown,6.6,Low
5764,,15.01486,79.80273,2026-08-26,Other/Unknown,Other/Unknown,0.0,Low
5788,,15.68362,78.45876,2026-08-26,Other/Unknown,Other/Unknown,5.4,Low
5789,,16.63467,74.34213,2026-08-26,Other/Unknown,Other/Unknown,0.0,Low
5795,,11.80979,77.00835,2026-08-26,Other/Unknown,Other/Unknown,0.0,Low
5801,,7.47004,81.04136,2026-08-27,Other/Unknown,Other/Unknown,0.0,Low
5802,,7.60005,81.70477,2026-08-27,Other/Unknown,Other/Unknown,0.0,Low
5803,,7.62258,80.95859,2026-08-27,Other/Unknown,Other/Unknown,0.0,Low
5804,,7.72983,79.9324,2026-08-27,Other/Unknown,Other/Unknown,0.0,Low
5806,,7.93113,81.2623,2026-08-27,Other/Unknown,Other/Unknown,0.0,Low
5808,,7.93437,81.33264,2026-08-27,Other/Unknown,Other/Unknown,0.0,Low
5809,,8.07976,81.34676,2026-08-27,Other/Unknown,Other/Unknown,0.0,Low
5810,,8.16389,81.33283,2026-08-27,Other/Unknown,Other/Unknown,0.0,Low
5814,,8.39403,81.18223,2026-08-27,Other/Unknown,Other/Unknown,0.0,Low
5815,,8.49397,80.63341,2026-08-27,Other/Unknown,Other/Unknown,0.0,Low
5818,,8.90006,80.48241,2026-08-27,Other/Unknown,Other/Unknown,0.0,Low
5820,,8.93558,77.80733,2026-08-27,Other/Unknown,Other/Unknown,0.0,Low
5824,,9.13851,80.74121,2026-08-27,Other/Unknown,Other/Unknown,0.0,Low
5825,,9.20093,77.46384,2026-08-27,Other/Unknown,Other/Unknown,0.0,Low
5828,,9.38627,80.50593,2026-08-27,Other/Unknown,Other/Unknown,0.0,Low
5832,,9.91843,77.93557,2026-08-27,Other/Unknown,Other/Unknown,0.0,Low
5834,,10.02469,78.36389,2026-08-27,Other/Unknown,Other/Unknown,0.0,Low
5835,,10.28012,78.98431,2026-08-27,Other/Unknown,Other/Unknown,0.0,Low
5836,,10.87787,77.24078,2026-08-27,Other/Unknown,Other/Unknown,0.0,Low
5837,,10.99141,78.89906,2026-08-27,Other/Unknown,Other/Unknown,0.0,Low
5838,,11.69187,79.39234,2026-08-27,Other/Unknown,Other/Unknown,0.0,Low
5839,,12.19828,79.71751,2026-08-27,Other/Unknown,Other/Unknown,0.0,Low
5840,,17.64342,74.69589,2026-08-27,Other/Unknown,Other/Unknown,0.0,Low
5846,,27.26775,88.31142,2026-08-27,Other/Unknown,Other/Unknown,0.0,Low
5847,,27.73219,68.73432,2026-08-27,Other/Unknown,Other/Unknown,0.0,Low
5848,,29.47649,70.75252,2026-08-27,Other/Unknown,Other/Unknown,0.0,Low
5849,,29.70477,72.60225,2026-08-27,Other/Unknown,Other/Unknown,0.0,Low
5850,,30.60386,74.03584,2026-08-27,Other/Unknown,Other/Unknown,0.0,Low
5851,,30.69802,74.17593,2026-08-27,Other/Unknown,Other/Unknown,0.0,Low
5855,,31.4112,72.16735,2026-08-27,Other/Unknown,Other/Unknown,0.0,Low
5856,,31.45704,72.16631,2026-08-27,Other/Unknown,Other/Unknown,0.0,Low
5876,,25.81079,88.8863,2026-08-27,Other/Unknown,Other/Unknown,0.0,Low
5889,,10.14528,78.35623,2026-08-27,Other/Unknown,Other/Unknown,0.0,Low
5890,,11.10949,77.76649,2026-08-27,Other/Unknown,Other/Unknown,0.0,Low
5896,,15.84457,79.77414,2026-08-27,Other/Unknown,Other/Unknown,0.0,Low
5897,,15.99257,78.3996,2026-08-27,Other/Unknown,Other/Unknown,0.0,Low
5904,,6.85014,81.04932,2026-08-27,Other/Unknown,Other/Unknown,0.0,Low
5939,,6.82944,81.44043,2026-08-28,Other/Unknown,Other/Unknown,0.0,Low
5946,,8.71467,77.97586,2026-08-28,Other/Unknown,Other/Unknown,0.0,Low
5947,,8.72573,80.74754,2026-08-28,Other/Unknown,Other/Unknown,0.0,Low
5955,,14.75162,79.71841,2026-08-28,Other/Unknown,Other/Unknown,0.0,Low
5956,,15.02867,79.75406,2026-08-28,Other/Unknown,Other/Unknown,0.0,Low
5957,,15.63637,79.58625,2026-08-28,Other/Unknown,Other/Unknown,0.0,Low
5958,,15.76769,79.49413,2026-08-28,Other/Unknown,Other/Unknown,0.0,Low
5962,,26.60799,90.33498,2026-08-28,Other/Unknown,Other/Unknown,0.0,Low
5963,,28.31779,95.1801,2026-08-28,Other/Unknown,Other/Unknown,0.0,Low
5965,,29.13515,89.25123,2026-08-28,Other/Unknown,Other/Unknown,0.0,Low
6010,,7.8021,80.47414,2026-08-28,Other/Unknown,Other/Unknown,0.0,Low
6019,,30.47519,76.58662,2026-08-28,Other/Unknown,Other/Unknown,0.0,Low
6027,,34.84531,73.12538,2026-08-28,Other/Unknown,Other/Unknown,0.0,Low
6038,,6.28867,80.91139,2026-08-19,Other/Unknown,Other/Unknown,0.0,Low
6039,,6.29997,80.98937,2026-08-19,Other/Unknown,Other/Unknown,0.0,Low
6043,,6.64284,81.09991,2026-08-19,Other/Unknown,Other/Unknown,0.0,Low
6049,,6.83494,81.45702,2026-08-19,Other/Unknown,Other/Unknown,0.0,Low
6050,,6.83975,81.55939,2026-08-19,Other/Unknown,Other/Unknown,0.0,Low
6051,,6.91316,81.45554,2026-08-19,Other/Unknown,Other/Unknown,0.0,Low
6054,,7.12555,81.73818,2026-08-19,Other/Unknown,Other/Unknown,0.0,Low
6055,,7.21426,81.77812,2026-08-19,Other/Unknown,Other/Unknown,0.0,Low
6061,,7.30184,81.26899,2026-08-19,Other/Unknown,Other/Unknown,0.0,Low
6064,,7.32558,81.43645,2026-08-19,Other/Unknown,Other/Unknown,0.0,Low
6067,,7.39139,81.30784,2026-08-19,Other/Unknown,Other/Unknown,0.0,Low
6071,,7.42954,81.75178,2026-08-19,Other/Unknown,Other/Unknown,0.0,Low
6072,,7.44215,81.70579,2026-08-19,Other/Unknown,Other/Unknown,0.0,Low
6096,,7.82808,80.84888,2026-08-19,Other/Unknown,Other/Unknown,0.0,Low
6099,,7.90849,81.36997,2026-08-19,Other/Unknown,Other/Unknown,0.0,Low
6102,,8.1191,80.59635,2026-08-19,Other/Unknown,Other/Unknown,0.0,Low
6106,,8.29942,81.03003,2026-08-19,Other/Unknown,Other/Unknown,0.0,Low
6108,,8.3952,80.68755,2026-08-19,Other/Unknown,Other/Unknown,0.0,Low
6115,,8.51689,80.75557,2026-08-19,Other/Unknown,Other/Unknown,0.0,Low
6125,,8.73711,80.99287,2026-08-19,Other/Unknown,Other/Unknown,0.0,Low
6127,,8.63544,78.02991,2026-08-19,Other/Unknown,Other/Unknown,0.0,Low
6135,,8.83535,77.7394,2026-08-19,Other/Unknown,Other/Unknown,6.0,Low
6149,,8.97893,77.73409,2026-08-19,Other/Unknown,Other/Unknown,0.0,Low
6156,,9.13059,77.62038,2026-08-19,Other/Unknown,Other/Unknown,0.0,Low
6157,,9.1541,80.74639,2026-08-19,Other/Unknown,Other/Unknown,0.0,Low
6158,,9.21012,80.80761,2026-08-19,Other/Unknown,Other/Unknown,0.0,Low
6160,,9.38257,78.68613,2026-08-19,Other/Unknown,Other/Unknown,0.0,Low
6165,,9.43555,80.42497,2026-08-19,Other/Unknown,Other/Unknown,0.0,Low
6172,,9.78078,80.23373,2026-08-19,Other/Unknown,Other/Unknown,0.0,Low
6173,,10.03752,78.66753,2026-08-19,Other/Unknown,Other/Unknown,0.0,Low
6174,,10.75007,78.63698,2026-08-19,Other/Unknown,Other/Unknown,0.0,Low
6175,,10.93714,78.49078,2026-08-19,Other/Unknown,Other/Unknown,0.0,Low
6176,,10.95679,78.40086,2026-08-19,Other/Unknown,Other/Unknown,0.0,Low
6182,,26.3985,71.93286,2026-08-19,Other/Unknown,Other/Unknown,0.0,Low
6184,,29.95266,72.0762,2026-08-19,Other/Unknown,Other/Unknown,0.0,Low
6185,,29.95557,72.60442,2026-08-19,Other/Unknown,Other/Unknown,0.0,Low
6195,,30.12338,71.33872,2026-08-19,Other/Unknown,Other/Unknown,0.0,Low
6198,,30.41897,71.74954,2026-08-19,Other/Unknown,Other/Unknown,0.0,Low
6199,,30.43392,73.87374,2026-08-19,Other/Unknown,Other/Unknown,0.0,Low
6201,,30.63913,71.97771,2026-08-19,Other/Unknown,Other/Unknown,0.0,Low
6202,,30.89714,71.94514,2026-08-19,Other/Unknown,Other/Unknown,0.0,Low
6203,,31.52647,72.2468,2026-08-19,Other/Unknown,Other/Unknown,0.0,Low
6206,,20.18982,94.93205,2026-08-19,Other/Unknown,Other/Unknown,0.0,Low
6268,,28.30434,68.08573,2026-08-19,Other/Unknown,Other/Unknown,0.0,Low
6271,,17.98492,80.8302,2026-08-19,Other/Unknown,Other/Unknown,0.0,Low
6303,,6.21678,80.89765,2026-08-20,Other/Unknown,Other/Unknown,0.0,Low
6305,,6.29387,81.24715,2026-08-20,Other/Unknown,Other/Unknown,0.0,Low
6308,,6.3817,81.29693,2026-08-20,Other/Unknown,Other/Unknown,0.0,Low
6309,,6.48633,80.71687,2026-08-20,Other/Unknown,Other/Unknown,0.0,Low
6310,,6.52056,81.05968,2026-08-20,Other/Unknown,Other/Unknown,0.0,Low
6311,,6.54586,80.97478,2026-08-20,Other/Unknown,Other/Unknown,0.0,Low
6312,,6.56569,80.94603,2026-08-20,Other/Unknown,Other/Unknown,0.0,Low
6313,,6.60576,80.88501,2026-08-20,Other/Unknown,Other/Unknown,0.0,Low
6317,,6.70792,80.98251,2026-08-20,Other/Unknown,Other/Unknown,0.0,Low
6318,,6.71841,80.84508,2026-08-20,Other/Unknown,Other/Unknown,5.1,Low
6327,,6.77621,81.18446,2026-08-20,Other/Unknown,Other/Unknown,0.0,Low
6329,,6.80653,81.24734,2026-08-20,Other/Unknown,Other/Unknown,0.0,Low
6330,,6.8106,81.48529,2026-08-20,Other/Unknown,Other/Unknown,0.0,Low
6332,,6.83426,81.43214,2026-08-20,Other/Unknown,Other/Unknown,0.0,Low
6333,,6.95979,81.57388,2026-08-20,Other/Unknown,Other/Unknown,0.0,Low
6339,,7.2488,81.26661,2026-08-20,Other/Unknown,Other/Unknown,0.0,Low
6340,,7.27521,81.11919,2026-08-20,Other/Unknown,Other/Unknown,0.0,Low
6348,,7.3295,81.04007,2026-08-20,Other/Unknown,Other/Unknown,0.0,Low
6358,,7.40332,81.2776,2026-08-20,Other/Unknown,Other/Unknown,0.0,Low
6359,,7.4271,80.96945,2026-08-20,Other/Unknown,Other/Unknown,5.8,Low
6362,,7.50024,80.96915,2026-08-20,Other/Unknown,Other/Unknown,0.0,Low
6370,,7.64166,80.67686,2026-08-20,Other/Unknown,Other/Unknown,0.0,Low
6371,,7.64815,80.93231,2026-08-20,Other/Unknown,Other/Unknown,0.0,Low
6373,,7.72984,81.24775,2026-08-20,Other/Unknown,Other/Unknown,0.0,Low
6374,,7.79305,81.15463,2026-08-20,Other/Unknown,Other/Unknown,0.0,Low
6376,,7.94184,81.19656,2026-08-20,Other/Unknown,Other/Unknown,0.0,Low
6381,,8.16379,79.83366,2026-08-20,Other/Unknown,Other/Unknown,0.0,Low
6382,,8.21754,81.10218,2026-08-20,Other/Unknown,Other/Unknown,0.0,Low
6384,,8.45045,80.81741,2026-08-20,Other/Unknown,Other/Unknown,0.0,Low
6389,,8.87924,81.03294,2026-08-20,Other/Unknown,Other/Unknown,0.0,Low
6393,,9.00601,79.87824,2026-08-20,Other/Unknown,Other/Unknown,0.0,Low
6394,,9.0254,79.83466,2026-08-20,Other/Unknown,Other/Unknown,0.0,Low
6396,,9.43061,80.44665,2026-08-20,Other/Unknown,Other/Unknown,0.0,Low
6398,,10.57315,79.49966,2026-08-20,Other/Unknown,Other/Unknown,0.0,Low
6399,,12.54274,79.87836,2026-08-20,Other/Unknown,Other/Unknown,0.0,Low
6400,,12.66698,79.70408,2026-08-20,Other/Unknown,Other/Unknown,0.0,Low
6401,,12.89302,78.87909,2026-08-20,Other/Unknown,Other/Unknown,1.2,Low
6402,,13.04383,79.59259,2026-08-20,Other/Unknown,Other/Unknown,0.0,Low
6403,,13.07203,79.95014,2026-08-20,Other/Unknown,Other/Unknown,0.0,Low
6404,,13.34752,79.09665,2026-08-20,Other/Unknown,Other/Unknown,0.0,Low
6405,,13.40582,80.21592,2026-08-20,Other/Unknown,Other/Unknown,0.0,Low
6406,,13.66444,79.61813,2026-08-20,Other/Unknown,Other/Unknown,0.0,Low
6407,,14.28543,79.97816,2026-08-20,Other/Unknown,Other/Unknown,5.5,Low
6408,,14.34493,79.72159,2026-08-20,Other/Unknown,Other/Unknown,0.0,Low
6412,,15.26779,78.92377,2026-08-20,Other/Unknown,Other/Unknown,0.0,Low
6413,,15.58879,75.15228,2026-08-20,Other/Unknown,Other/Unknown,0.0,Low
6414,,16.07496,79.11341,2026-08-20,Other/Unknown,Other/Unknown,0.0,Low
6415,,16.07655,79.14837,2026-08-20,Other/Unknown,Other/Unknown,0.0,Low
6416,,17.29004,82.58302,2026-08-20,Other/Unknown,Other/Unknown,0.0,Low
6420,,17.54337,83.00231,2026-08-20,Other/Unknown,Other/Unknown,1.4,Low
6421,,17.77165,79.02434,2026-08-20,Other/Unknown,Other/Unknown,0.0,Low
6422,,17.79435,83.16505,2026-08-20,Other/Unknown,Other/Unknown,0.0,Low
6429,,24.80284,71.78471,2026-08-20,Other/Unknown,Other/Unknown,0.0,Low
6430,,25.09726,68.29532,2026-08-20,Other/Unknown,Other/Unknown,0.0,Low
6431,,27.93253,68.64394,2026-08-20,Other/Unknown,Other/Unknown,0.0,Low
6432,,30.40259,73.87827,2026-08-20,Other/Unknown,Other/Unknown,0.0,Low
6433,,30.43244,73.96255,2026-08-20,Other/Unknown,Other/Unknown,0.0,Low
6434,,31.14108,73.58968,2026-08-20,Other/Unknown,Other/Unknown,0.0,Low
6457,,15.14843,76.71026,2026-08-20,Other/Unknown,Other/Unknown,9.8,Low
6470,,16.20556,75.20766,2026-08-20,Other/Unknown,Other/Unknown,0.0,Low
6478,,22.08609,83.11594,2026-08-20,Other/Unknown,Other/Unknown,0.0,Low
6492,,23.51662,87.27167,2026-08-20,Other/Unknown,Other/Unknown,0.0,Low
6499,,23.61622,85.42603,2026-08-20,Other/Unknown,Other/Unknown,0.0,Low
6503,,23.66165,85.55202,2026-08-20,Other/Unknown,Other/Unknown,0.0,Low
6545,,27.79252,75.33192,2026-08-20,Other/Unknown,Other/Unknown,0.0,Low
6546,,6.56044,81.14934,2026-08-20,Other/Unknown,Other/Unknown,0.0,Low
6555,,7.25554,81.11653,2026-08-20,Other/Unknown,Other/Unknown,0.0,Low
6559,,12.66991,76.85605,2026-08-20,Other/Unknown,Other/Unknown,0.0,Low
6560,,12.68449,76.45203,2026-08-20,Other/Unknown,Other/Unknown,0.0,Low
6572,,8.24257,80.90491,2026-08-21,Other/Unknown,Other/Unknown,0.0,Low
6574,,8.58488,77.95021,2026-08-21,Other/Unknown,Other/Unknown,0.0,Low
6577,,9.31269,78.05367,2026-08-21,Other/Unknown,Other/Unknown,0.0,Low
6578,,9.3194,78.58262,2026-08-21,Other/Unknown,Other/Unknown,0.0,Low
6579,,9.34518,78.81236,2026-08-21,Other/Unknown,Other/Unknown,0.0,Low
6581,,9.46089,77.93649,2026-08-21,Other/Unknown,Other/Unknown,1.0,Low
6582,,9.74367,77.84486,2026-08-21,Other/Unknown,Other/Unknown,0.0,Low
6583,,9.74707,77.88758,2026-08-21,Other/Unknown,Other/Unknown,0.0,Low
6587,,10.06246,77.61354,2026-08-21,Other/Unknown,Other/Unknown,1.6,Low
6588,,10.40818,77.98702,2026-08-21,Other/Unknown,Other/Unknown,0.0,Low
6589,,10.46239,77.96943,2026-08-21,Other/Unknown,Other/Unknown,0.0,Low
6590,,10.8355,78.05512,2026-08-21,Other/Unknown,Other/Unknown,0.0,Low
6593,,10.89906,78.69358,2026-08-21,Other/Unknown,Other/Unknown,0.0,Low
6594,,10.90762,78.79076,2026-08-21,Other/Unknown,Other/Unknown,0.0,Low
6595,,10.94861,77.29926,2026-08-21,Other/Unknown,Other/Unknown,1.2,Low
6596,,11.17986,76.86322,2026-08-21,Other/Unknown,Other/Unknown,0.0,Low
6597,,11.25114,77.55007,2026-08-21,Other/Unknown,Other/Unknown,0.0,Low
6598,,11.3864,77.68139,2026-08-21,Other/Unknown,Other/Unknown,0.0,Low
6599,,11.52693,77.66856,2026-08-21,Other/Unknown,Other/Unknown,0.0,Low
6602,,12.05267,79.61187,2026-08-21,Other/Unknown,Other/Unknown,0.0,Low
6603,,12.0637,76.96976,2026-08-21,Other/Unknown,Other/Unknown,1.1,Low
6604,,12.30416,76.82388,2026-08-21,Other/Unknown,Other/Unknown,0.0,Low
6605,,12.35125,77.01255,2026-08-21,Other/Unknown,Other/Unknown,0.0,Low
6606,,14.52306,77.43476,2026-08-21,Other/Unknown,Other/Unknown,0.0,Low
6609,,15.1363,79.88412,2026-08-21,Other/Unknown,Other/Unknown,0.0,Low
6610,,15.34653,77.09008,2026-08-21,Other/Unknown,Other/Unknown,0.0,Low
6611,,16.29151,80.82072,2026-08-21,Other/Unknown,Other/Unknown,0.0,Low
6613,,19.48988,85.20114,2026-08-21,Other/Unknown,Other/Unknown,0.0,Low
6624,,27.43876,70.85847,2026-08-21,Other/Unknown,Other/Unknown,0.0,Low
6627,,29.56096,69.60496,2026-08-21,Other/Unknown,Other/Unknown,0.0,Low
6630,,30.00368,72.55402,2026-08-21,Other/Unknown,Other/Unknown,0.0,Low
6631,,30.4485,71.695,2026-08-21,Other/Unknown,Other/Unknown,0.0,Low
6632,,30.46146,72.13331,2026-08-21,Other/Unknown,Other/Unknown,0.0,Low
6633,,30.47054,72.13536,2026-08-21,Other/Unknown,Other/Unknown,0.0,Low
6636,,30.62073,72.08163,2026-08-21,Other/Unknown,Other/Unknown,0.0,Low
6637,,30.6631,72.1522,2026-08-21,Other/Unknown,Other/Unknown,0.0,Low
6639,,31.53478,72.39529,2026-08-21,Other/Unknown,Other/Unknown,0.0,Low
6640,,33.55837,70.22543,2026-08-21,Other/Unknown,Other/Unknown,0.0,Low
6655,,16.87195,80.02106,2026-08-21,Other/Unknown,Other/Unknown,1.4,Low
6656,,17.08458,79.32294,2026-08-21,Other/Unknown,Other/Unknown,0.0,Low
6659,,17.37035,77.44494,2026-08-21,Other/Unknown,Other/Unknown,8.6,Low
6673,,11.11709,77.75499,2026-08-21,Other/Unknown,Other/Unknown,0.0,Low
6674,,11.42601,77.51267,2026-08-21,Other/Unknown,Other/Unknown,0.0,Low
6676,,13.8039,78.06523,2026-08-21,Other/Unknown,Other/Unknown,0.0,Low
6679,,14.82645,79.31465,2026-08-21,Other/Unknown,Other/Unknown,0.0,Low
6706,,7.88986,80.12818,2026-08-21,Other/Unknown,Other/Unknown,0.0,Low
6710,,9.24785,77.32679,2026-08-21,Other/Unknown,Other/Unknown,0.0,Low
6733,,6.17408,80.89262,2026-08-22,Other/Unknown,Other/Unknown,0.0,Low
6734,,6.32669,81.36333,2026-08-22,Other/Unknown,Other/Unknown,0.0,Low
6737,,6.4117,81.11542,2026-08-22,Other/Unknown,Other/Unknown,0.0,Low
6740,,6.71469,81.05596,2026-08-22,Other/Unknown,Other/Unknown,0.0,Low
6744,,6.76744,81.79575,2026-08-22,Other/Unknown,Other/Unknown,0.0,Low
6757,,7.39444,81.76482,2026-08-22,Other/Unknown,Other/Unknown,0.0,Low
6760,,7.4526,81.38583,2026-08-22,Other/Unknown,Other/Unknown,0.0,Low
6761,,7.51929,81.26375,2026-08-22,Other/Unknown,Other/Unknown,0.0,Low
6762,,7.68064,80.17931,2026-08-22,Other/Unknown,Other/Unknown,0.0,Low
6763,,7.87591,81.39789,2026-08-22,Other/Unknown,Other/Unknown,0.0,Low
6765,,7.90481,81.42422,2026-08-22,Other/Unknown,Other/Unknown,0.0,Low
6770,,8.3067,80.45334,2026-08-22,Other/Unknown,Other/Unknown,0.0,Low
6771,,8.38548,77.54631,2026-08-22,Other/Unknown,Other/Unknown,0.0,Low
6774,,8.63243,80.87387,2026-08-22,Other/Unknown,Other/Unknown,0.0,Low
6776,,9.29351,77.3167,2026-08-22,Other/Unknown,Other/Unknown,0.0,Low
6778,,10.75991,79.65319,2026-08-22,Other/Unknown,Other/Unknown,0.0,Low
6783,,12.23923,79.42413,2026-08-22,Other/Unknown,Other/Unknown,0.0,Low
6788,,16.19788,78.35836,2026-08-22,Other/Unknown,Other/Unknown,0.0,Low
6789,,16.66123,77.32803,2026-08-22,Other/Unknown,Other/Unknown,0.0,Low
6801,,25.03907,96.37116,2026-08-22,Other/Unknown,Other/Unknown,0.0,Low
6802,,25.38784,86.15111,2026-08-22,Other/Unknown,Other/Unknown,0.0,Low
6803,,25.98661,90.07365,2026-08-22,Other/Unknown,Other/Unknown,0.0,Low
6808,,29.88109,72.81339,2026-08-22,Other/Unknown,Other/Unknown,0.0,Low
6814,,31.24405,70.69089,2026-08-22,Other/Unknown,Other/Unknown,0.0,Low
6815,,31.57732,73.91469,2026-08-22,Other/Unknown,Other/Unknown,0.0,Low
6820,,30.07782,72.41095,2026-08-22,Other/Unknown,Other/Unknown,0.0,Low
6826,,20.94061,86.0614,2026-08-22,Other/Unknown,Other/Unknown,1.2,Low
6845,,22.78465,86.0052,2026-08-22,Other/Unknown,Other/Unknown,0.0,Low
6953,,9.00172,80.64706,2026-08-22,Other/Unknown,Other/Unknown,0.0,Low
6954,,9.63003,77.42585,2026-08-22,Other/Unknown,Other/Unknown,0.0,Low
6959,,10.68565,77.50634,2026-08-22,Other/Unknown,Other/Unknown,0.0,Low
6975,,7.10348,80.99658,2026-08-22,Other/Unknown,Other/Unknown,0.0,Low
6987,,6.71637,81.49741,2026-08-23,Other/Unknown,Other/Unknown,0.0,Low
6997,,7.35866,81.40395,2026-08-23,Other/Unknown,Other/Unknown,0.0,Low
7003,,8.47523,80.67675,2026-08-23,Other/Unknown,Other/Unknown,0.0,Low
7004,,8.5725,80.62511,2026-08-23,Other/Unknown,Other/Unknown,0.0,Low
7005,,8.78643,80.98024,2026-08-23,Other/Unknown,Other/Unknown,0.0,Low
7013,,24.07692,96.54836,2026-08-23,Other/Unknown,Other/Unknown,0.0,Low
7014,,25.70774,93.52971,2026-08-23,Other/Unknown,Other/Unknown,0.0,Low
7015,,26.96694,90.04264,2026-08-23,Other/Unknown,Other/Unknown,0.0,Low
7016,,26.96781,89.97786,2026-08-23,Other/Unknown,Other/Unknown,0.0,Low
7017,,28.90347,89.5985,2026-08-23,Other/Unknown,Other/Unknown,0.0,Low
7022,,6.43755,81.07249,2026-08-23,Other/Unknown,Other/Unknown,0.0,Low
7029,,8.20317,79.9137,2026-08-23,Other/Unknown,Other/Unknown,0.0,Low
7032,,9.11287,77.61896,2026-08-23,Other/Unknown,Other/Unknown,0.0,Low
7033,,9.30156,77.52041,2026-08-23,Other/Unknown,Other/Unknown,0.0,Low
7034,,9.33903,77.85733,2026-08-23,Other/Unknown,Other/Unknown,0.0,Low
7036,,9.75798,77.86183,2026-08-23,Other/Unknown,Other/Unknown,0.0,Low
7037,,30.39994,73.71344,2026-08-23,Other/Unknown,Other/Unknown,0.0,Low
7038,,30.45492,72.11394,2026-08-23,Other/Unknown,Other/Unknown,0.0,Low
7039,,30.50964,72.80186,2026-08-23,Other/Unknown,Other/Unknown,0.0,Low
7040,,31.00338,72.18047,2026-08-23,Other/Unknown,Other/Unknown,0.0,Low
7041,,31.40315,72.50063,2026-08-23,Other/Unknown,Other/Unknown,0.0,Low
7099,,11.1382,77.34947,2026-08-23,Other/Unknown,Other/Unknown,1.2,Low
7102,,6.73874,81.20061,2026-08-23,Other/Unknown,Other/Unknown,0.0,Low
7103,,7.0567,81.00087,2026-08-23,Other/Unknown,Other/Unknown,0.0,Low
7108,,7.16669,81.71954,2026-08-23,Other/Unknown,Other/Unknown,0.0,Low
7118,,29.35946,76.95735,2026-08-23,Other/Unknown,Other/Unknown,0.0,Low
7130,,16.7534,74.28566,2026-08-23,Other/Unknown,Other/Unknown,0.0,Low
7132,,29.66986,90.99896,2026-08-14,Other/Unknown,Other/Unknown,1.7,Low
7136,,6.71394,81.47736,2026-08-14,Other/Unknown,Other/Unknown,0.0,Low
7137,,6.75863,81.78897,2026-08-14,Other/Unknown,Other/Unknown,0.0,Low
7147,,6.86874,81.71575,2026-08-14,Other/Unknown,Other/Unknown,0.0,Low
7149,,7.21928,81.10368,2026-08-14,Other/Unknown,Other/Unknown,0.0,Low
7151,,7.26114,81.30737,2026-08-14,Other/Unknown,Other/Unknown,0.0,Low
7152,,7.27627,81.3829,2026-08-14,Other/Unknown,Other/Unknown,0.0,Low
7154,,7.41772,81.64791,2026-08-14,Other/Unknown,Other/Unknown,0.0,Low
7155,,7.51518,81.66447,2026-08-14,Other/Unknown,Other/Unknown,0.0,Low
7156,,7.52985,81.67784,2026-08-14,Other/Unknown,Other/Unknown,0.0,Low
7162,,7.79772,81.47552,2026-08-14,Other/Unknown,Other/Unknown,0.0,Low
7170,,8.06051,80.6891,2026-08-14,Other/Unknown,Other/Unknown,0.0,Low
7171,,8.12584,81.42531,2026-08-14,Other/Unknown,Other/Unknown,0.0,Low
7178,,8.58222,80.85816,2026-08-14,Other/Unknown,Other/Unknown,0.0,Low
7182,,8.69729,77.84816,2026-08-14,Other/Unknown,Other/Unknown,0.0,Low
7183,,8.76233,77.79604,2026-08-14,Other/Unknown,Other/Unknown,0.0,Low
7188,,8.82694,80.67886,2026-08-14,Other/Unknown,Other/Unknown,0.0,Low
7194,,9.0321,80.0744,2026-08-14,Other/Unknown,Other/Unknown,0.0,Low
7195,,9.31116,80.1535,2026-08-14,Other/Unknown,Other/Unknown,0.0,Low
7197,,9.49049,78.61933,2026-08-14,Other/Unknown,Other/Unknown,0.0,Low
7203,,10.15349,78.50438,2026-08-14,Other/Unknown,Other/Unknown,1.3,Low
7205,,10.6441,79.07843,2026-08-14,Other/Unknown,Other/Unknown,0.0,Low
7206,,10.79085,77.71056,2026-08-14,Other/Unknown,Other/Unknown,0.0,Low
7207,,11.10117,78.03844,2026-08-14,Other/Unknown,Other/Unknown,0.0,Low
7208,,12.34427,76.94675,2026-08-14,Other/Unknown,Other/Unknown,0.0,Low
7209,,12.92848,80.18225,2026-08-14,Other/Unknown,Other/Unknown,0.0,Low
7210,,13.13813,79.96019,2026-08-14,Other/Unknown,Other/Unknown,0.0,Low
7211,,13.85388,78.33376,2026-08-14,Other/Unknown,Other/Unknown,0.0,Low
7221,,14.88612,77.45694,2026-08-14,Other/Unknown,Other/Unknown,0.0,Low
7225,,15.61406,78.3792,2026-08-14,Other/Unknown,Other/Unknown,0.0,Low
7226,,15.67526,78.37572,2026-08-14,Other/Unknown,Other/Unknown,0.0,Low
7227,,15.68431,80.11327,2026-08-14,Other/Unknown,Other/Unknown,0.0,Low
7228,,15.74877,80.01529,2026-08-14,Other/Unknown,Other/Unknown,0.0,Low
7229,,15.84728,80.08014,2026-08-14,Other/Unknown,Other/Unknown,0.0,Low
7231,,29.34646,73.11682,2026-08-14,Other/Unknown,Other/Unknown,0.0,Low
7232,,29.74283,71.27952,2026-08-14,Other/Unknown,Other/Unknown,0.0,Low
7234,,29.85568,71.38053,2026-08-14,Other/Unknown,Other/Unknown,0.0,Low
7235,,29.94082,72.06029,2026-08-14,Other/Unknown,Other/Unknown,0.0,Low
7236,,29.95238,72.94431,2026-08-14,Other/Unknown,Other/Unknown,0.0,Low
7237,,29.95464,72.57912,2026-08-14,Other/Unknown,Other/Unknown,0.0,Low
7238,,29.97913,72.60475,2026-08-14,Other/Unknown,Other/Unknown,0.0,Low
7240,,30.03947,72.11456,2026-08-14,Other/Unknown,Other/Unknown,0.0,Low
7242,,30.07664,71.52844,2026-08-14,Other/Unknown,Other/Unknown,0.0,Low
7245,,30.4806,71.81483,2026-08-14,Other/Unknown,Other/Unknown,0.0,Low
7246,,30.53525,71.77944,2026-08-14,Other/Unknown,Other/Unknown,0.0,Low
7247,,30.54259,71.71091,2026-08-14,Other/Unknown,Other/Unknown,0.0,Low
7249,,30.60707,72.18962,2026-08-14,Other/Unknown,Other/Unknown,0.0,Low
7250,,30.61927,72.15311,2026-08-14,Other/Unknown,Other/Unknown,0.0,Low
7251,,30.63605,71.72717,2026-08-14,Other/Unknown,Other/Unknown,0.0,Low
7252,,30.65054,73.60814,2026-08-14,Other/Unknown,Other/Unknown,0.0,Low
7253,,30.65344,72.12532,2026-08-14,Other/Unknown,Other/Unknown,0.0,Low
7258,,30.89827,73.22582,2026-08-14,Other/Unknown,Other/Unknown,0.0,Low
7260,,30.75119,71.95432,2026-08-14,Other/Unknown,Other/Unknown,0.0,Low
7261,,30.76738,72.01932,2026-08-14,Other/Unknown,Other/Unknown,0.0,Low
7262,,30.79395,71.93381,2026-08-14,Other/Unknown,Other/Unknown,0.0,Low
7263,,30.81083,71.85845,2026-08-14,Other/Unknown,Other/Unknown,0.0,Low
7266,,31.19237,72.09209,2026-08-14,Other/Unknown,Other/Unknown,0.0,Low
7273,,27.03289,94.89212,2026-08-14,Other/Unknown,Other/Unknown,0.0,Low
7275,,7.49311,81.1361,2026-08-14,Other/Unknown,Other/Unknown,0.0,Low
7294,,10.70914,79.85674,2026-08-14,Other/Unknown,Other/Unknown,0.0,Low
7295,,13.74471,76.84552,2026-08-14,Other/Unknown,Other/Unknown,0.0,Low
7301,,23.88082,96.3227,2026-08-15,Other/Unknown,Other/Unknown,0.0,Low
7303,,29.63094,94.37956,2026-08-15,Other/Unknown,Other/Unknown,3.0,Low
7307,,6.40712,80.86543,2026-08-15,Other/Unknown,Other/Unknown,0.2,Low
7308,,6.41216,80.85397,2026-08-15,Other/Unknown,Other/Unknown,0.0,Low
7309,,6.45107,81.01872,2026-08-15,Other/Unknown,Other/Unknown,0.0,Low
7310,,6.74334,81.44843,2026-08-15,Other/Unknown,Other/Unknown,0.0,Low
7318,,6.79901,81.41767,2026-08-15,Other/Unknown,Other/Unknown,0.0,Low
7320,,6.87988,81.72637,2026-08-15,Other/Unknown,Other/Unknown,0.0,Low
7321,,6.92249,81.82744,2026-08-15,Other/Unknown,Other/Unknown,0.0,Low
7322,,7.08286,81.548,2026-08-15,Other/Unknown,Other/Unknown,0.0,Low
7327,,7.09154,81.80807,2026-08-15,Other/Unknown,Other/Unknown,0.0,Low
7328,,7.11188,80.8494,2026-08-15,Other/Unknown,Other/Unknown,0.0,Low
7332,,7.17507,81.26253,2026-08-15,Other/Unknown,Other/Unknown,0.0,Low
7333,,7.17662,81.36192,2026-08-15,Other/Unknown,Other/Unknown,0.0,Low
7334,,7.20137,81.30119,2026-08-15,Other/Unknown,Other/Unknown,0.0,Low
7335,,7.2127,81.75674,2026-08-15,Other/Unknown,Other/Unknown,0.0,Low
7336,,7.2196,81.80241,2026-08-15,Other/Unknown,Other/Unknown,0.0,Low
7337,,7.22044,81.36495,2026-08-15,Other/Unknown,Other/Unknown,0.0,Low
7342,,7.31725,81.13255,2026-08-15,Other/Unknown,Other/Unknown,0.0,Low
7344,,7.32294,81.19213,2026-08-15,Other/Unknown,Other/Unknown,0.0,Low
7350,,7.35452,81.26561,2026-08-15,Other/Unknown,Other/Unknown,0.0,Low
7358,,7.4536,81.69365,2026-08-15,Other/Unknown,Other/Unknown,0.0,Low
7359,,7.45797,81.21402,2026-08-15,Other/Unknown,Other/Unknown,0.0,Low
7366,,7.55715,81.71012,2026-08-15,Other/Unknown,Other/Unknown,0.0,Low
7367,,7.71951,81.42249,2026-08-15,Other/Unknown,Other/Unknown,0.0,Low
7373,,8.18145,80.48837,2026-08-15,Other/Unknown,Other/Unknown,0.0,Low
7374,,8.27499,81.05516,2026-08-15,Other/Unknown,Other/Unknown,0.0,Low
7378,,8.55446,80.49377,2026-08-15,Other/Unknown,Other/Unknown,0.0,Low
7380,,8.65191,81.13203,2026-08-15,Other/Unknown,Other/Unknown,0.0,Low
7382,,8.80854,80.32371,2026-08-15,Other/Unknown,Other/Unknown,0.0,Low
7384,,9.04828,80.18815,2026-08-15,Other/Unknown,Other/Unknown,0.0,Low
7385,,9.06104,80.53681,2026-08-15,Other/Unknown,Other/Unknown,0.0,Low
7386,,11.4172,79.66978,2026-08-15,Other/Unknown,Other/Unknown,0.0,Low
7387,,12.37895,76.98724,2026-08-15,Other/Unknown,Other/Unknown,0.0,Low
7388,,14.05112,79.77888,2026-08-15,Other/Unknown,Other/Unknown,0.0,Low
7391,,14.66645,79.53525,2026-08-15,Other/Unknown,Other/Unknown,0.0,Low
7392,,15.10484,76.8101,2026-08-15,Other/Unknown,Other/Unknown,1.1,Low
7393,,15.30614,78.18951,2026-08-15,Other/Unknown,Other/Unknown,0.0,Low
7394,,17.53543,79.50681,2026-08-15,Other/Unknown,Other/Unknown,0.0,Low
7395,,18.66053,79.14503,2026-08-15,Other/Unknown,Other/Unknown,0.0,Low
7398,,25.72742,68.40441,2026-08-15,Other/Unknown,Other/Unknown,0.0,Low
7400,,29.4572,71.3344,2026-08-15,Other/Unknown,Other/Unknown,0.0,Low
7401,,31.59891,72.30718,2026-08-15,Other/Unknown,Other/Unknown,0.0,Low
7402,,34.0741,72.14128,2026-08-15,Other/Unknown,Other/Unknown,0.0,Low
7406,,28.27054,69.7699,2026-08-15,Other/Unknown,Other/Unknown,0.0,Low
7418,,12.23028,79.20409,2026-08-15,Other/Unknown,Other/Unknown,0.0,Low
7423,,13.60553,76.79213,2026-08-15,Other/Unknown,Other/Unknown,0.0,Low
7424,,14.37725,79.89831,2026-08-15,Other/Unknown,Other/Unknown,0.0,Low
7443,,9.33741,78.60825,2026-08-15,Other/Unknown,Other/Unknown,0.0,Low
7448,,11.21336,77.89606,2026-08-15,Other/Unknown,Other/Unknown,0.0,Low
7452,,11.8396,78.97262,2026-08-15,Other/Unknown,Other/Unknown,0.0,Low
7453,,12.09803,78.35358,2026-08-15,Other/Unknown,Other/Unknown,0.0,Low
7458,,6.72965,81.52991,2026-08-16,Other/Unknown,Other/Unknown,0.0,Low
7459,,7.18742,81.82262,2026-08-16,Other/Unknown,Other/Unknown,0.0,Low
7460,,7.26022,81.79184,2026-08-16,Other/Unknown,Other/Unknown,0.0,Low
7464,,7.73887,81.26031,2026-08-16,Other/Unknown,Other/Unknown,0.0,Low
7473,,8.06344,81.18587,2026-08-16,Other/Unknown,Other/Unknown,0.0,Low
7475,,8.84015,80.60784,2026-08-16,Other/Unknown,Other/Unknown,0.0,Low
7476,,8.8501,80.42207,2026-08-16,Other/Unknown,Other/Unknown,0.0,Low
7477,,8.90999,80.47983,2026-08-16,Other/Unknown,Other/Unknown,0.0,Low
7478,,9.319,79.30539,2026-08-16,Other/Unknown,Other/Unknown,0.0,Low
7479,,9.3233,80.19555,2026-08-16,Other/Unknown,Other/Unknown,0.0,Low
7484,,9.6554,80.30992,2026-08-16,Other/Unknown,Other/Unknown,0.0,Low
7488,,10.53129,79.73779,2026-08-16,Other/Unknown,Other/Unknown,0.0,Low
7489,,10.8337,79.31152,2026-08-16,Other/Unknown,Other/Unknown,0.0,Low
7490,,10.85651,79.07156,2026-08-16,Other/Unknown,Other/Unknown,0.0,Low
7491,,10.92125,78.4465,2026-08-16,Other/Unknown,Other/Unknown,0.0,Low
7492,,10.95975,78.94122,2026-08-16,Other/Unknown,Other/Unknown,0.0,Low
7493,,11.08317,79.47999,2026-08-16,Other/Unknown,Other/Unknown,0.0,Low
7494,,11.40386,79.70392,2026-08-16,Other/Unknown,Other/Unknown,0.0,Low
7495,,11.46932,79.35802,2026-08-16,Other/Unknown,Other/Unknown,0.0,Low
7496,,11.92912,79.67993,2026-08-16,Other/Unknown,Other/Unknown,0.0,Low
7497,,11.94788,79.04879,2026-08-16,Other/Unknown,Other/Unknown,0.0,Low
7498,,12.03929,79.50043,2026-08-16,Other/Unknown,Other/Unknown,0.0,Low
7499,,12.21654,79.85169,2026-08-16,Other/Unknown,Other/Unknown,0.0,Low
7500,,12.32878,78.75077,2026-08-16,Other/Unknown,Other/Unknown,0.0,Low
7501,,12.3682,78.99841,2026-08-16,Other/Unknown,Other/Unknown,0.0,Low
7502,,12.43197,79.43339,2026-08-16,Other/Unknown,Other/Unknown,0.0,Low
7503,,12.61864,80.07019,2026-08-16,Other/Unknown,Other/Unknown,0.0,Low
7504,,14.06632,77.34638,2026-08-16,Other/Unknown,Other/Unknown,0.0,Low
7507,,14.64689,79.2653,2026-08-16,Other/Unknown,Other/Unknown,0.0,Low
7508,,16.85509,79.1368,2026-08-16,Other/Unknown,Other/Unknown,0.0,Low
7513,,27.32376,71.15984,2026-08-16,Other/Unknown,Other/Unknown,0.0,Low
7514,,27.4415,70.79316,2026-08-16,Other/Unknown,Other/Unknown,0.0,Low
7515,,29.97123,72.10835,2026-08-16,Other/Unknown,Other/Unknown,0.0,Low
7516,,30.03752,72.56381,2026-08-16,Other/Unknown,Other/Unknown,0.0,Low
7517,,30.03814,71.55405,2026-08-16,Other/Unknown,Other/Unknown,0.0,Low
7518,,30.30352,73.35507,2026-08-16,Other/Unknown,Other/Unknown,0.0,Low
7519,,30.42686,73.71638,2026-08-16,Other/Unknown,Other/Unknown,0.0,Low
7520,,30.56189,72.18955,2026-08-16,Other/Unknown,Other/Unknown,0.0,Low
7521,,30.65555,74.16005,2026-08-16,Other/Unknown,Other/Unknown,0.0,Low
7522,,30.68955,71.74601,2026-08-16,Other/Unknown,Other/Unknown,0.0,Low
7523,,30.89985,71.96447,2026-08-16,Other/Unknown,Other/Unknown,0.0,Low
7525,,31.37678,72.17642,2026-08-16,Other/Unknown,Other/Unknown,0.0,Low
7526,,27.30517,95.31655,2026-08-16,Other/Unknown,Other/Unknown,0.0,Low
7554,,16.13906,78.94816,2026-08-16,Other/Unknown,Other/Unknown,0.0,Low
7555,,16.48338,79.32732,2026-08-16,Other/Unknown,Other/Unknown,0.0,Low
7556,,16.80935,79.91482,2026-08-16,Other/Unknown,Other/Unknown,1.5,Low
7558,,9.55242,80.3984,2026-08-16,Other/Unknown,Other/Unknown,0.0,Low
7564,,11.00697,78.65388,2026-08-16,Other/Unknown,Other/Unknown,0.0,Low
7575,,6.33424,81.09734,2026-08-16,Other/Unknown,Other/Unknown,0.0,Low
7577,,6.68423,81.03857,2026-08-16,Other/Unknown,Other/Unknown,0.0,Low
7578,,6.8011,81.494,2026-08-16,Other/Unknown,Other/Unknown,0.0,Low
7584,,7.437,81.27293,2026-08-16,Other/Unknown,Other/Unknown,0.0,Low
7585,,7.52707,81.07053,2026-08-16,Other/Unknown,Other/Unknown,0.0,Low
7586,,7.78494,80.4927,2026-08-16,Other/Unknown,Other/Unknown,0.0,Low
7618,,8.09535,81.39194,2026-08-17,Other/Unknown,Other/Unknown,0.0,Low
7627,,6.5092,80.98142,2026-08-17,Other/Unknown,Other/Unknown,0.0,Low
7638,,29.80713,73.34641,2026-08-17,Other/Unknown,Other/Unknown,0.0,Low
7641,,30.40925,72.10819,2026-08-17,Other/Unknown,Other/Unknown,0.0,Low
7642,,30.53718,73.88202,2026-08-17,Other/Unknown,Other/Unknown,0.0,Low
7647,,26.22446,68.21117,2026-08-17,Other/Unknown,Other/Unknown,0.0,Low
7657,,7.65789,80.73828,2026-08-17,Other/Unknown,Other/Unknown,0.0,Low
7658,,8.39024,81.03989,2026-08-17,Other/Unknown,Other/Unknown,0.0,Low
7660,,8.81313,80.58661,2026-08-17,Other/Unknown,Other/Unknown,0.0,Low
7677,,20.12857,94.99934,2026-08-18,Other/Unknown,Other/Unknown,1.1,Low
7678,,24.11654,96.44064,2026-08-18,Other/Unknown,Other/Unknown,0.0,Low
7681,,6.36902,81.26952,2026-08-18,Other/Unknown,Other/Unknown,0.0,Low
7687,,7.28158,81.30244,2026-08-18,Other/Unknown,Other/Unknown,0.0,Low
7688,,7.54263,81.63725,2026-08-18,Other/Unknown,Other/Unknown,0.0,Low
7691,,7.95368,81.35379,2026-08-18,Other/Unknown,Other/Unknown,0.0,Low
7693,,8.51392,80.6392,2026-08-18,Other/Unknown,Other/Unknown,0.0,Low
7702,,8.94732,80.56693,2026-08-18,Other/Unknown,Other/Unknown,0.0,Low
7703,,8.96803,78.03201,2026-08-18,Other/Unknown,Other/Unknown,0.0,Low
7704,,8.99168,77.85832,2026-08-18,Other/Unknown,Other/Unknown,0.0,Low
7705,,9.02396,78.0217,2026-08-18,Other/Unknown,Other/Unknown,0.0,Low
7706,,9.06209,80.29271,2026-08-18,Other/Unknown,Other/Unknown,0.0,Low
7707,,9.08152,78.16898,2026-08-18,Other/Unknown,Other/Unknown,0.0,Low
7709,,9.31616,78.82542,2026-08-18,Other/Unknown,Other/Unknown,0.0,Low
7713,,9.3803,77.76629,2026-08-18,Other/Unknown,Other/Unknown,0.0,Low
7714,,9.39631,80.47998,2026-08-18,Other/Unknown,Other/Unknown,0.0,Low
7715,,9.57292,78.26406,2026-08-18,Other/Unknown,Other/Unknown,0.0,Low
7718,,9.98813,77.85934,2026-08-18,Other/Unknown,Other/Unknown,0.0,Low
7719,,10.01453,77.60332,2026-08-18,Other/Unknown,Other/Unknown,0.0,Low
7720,,10.02321,79.23365,2026-08-18,Other/Unknown,Other/Unknown,0.0,Low
7725,,10.58747,78.2113,2026-08-18,Other/Unknown,Other/Unknown,0.0,Low
7726,,10.90674,78.5377,2026-08-18,Other/Unknown,Other/Unknown,0.0,Low
7736,,13.98488,77.39144,2026-08-18,Other/Unknown,Other/Unknown,0.0,Low
7737,,14.07884,77.73779,2026-08-18,Other/Unknown,Other/Unknown,0.0,Low
7741,,22.03904,69.47427,2026-08-18,Other/Unknown,Other/Unknown,0.0,Low
7742,,24.8247,68.06085,2026-08-18,Other/Unknown,Other/Unknown,0.0,Low
7747,,29.90467,72.59055,2026-08-18,Other/Unknown,Other/Unknown,0.0,Low
7752,,30.64728,71.75764,2026-08-18,Other/Unknown,Other/Unknown,0.0,Low
7753,,30.889,72.16714,2026-08-18,Other/Unknown,Other/Unknown,0.0,Low
7754,,33.47198,68.28136,2026-08-18,Other/Unknown,Other/Unknown,0.0,Low
7755,,24.25639,91.37678,2026-08-18,Other/Unknown,Other/Unknown,6.0,Low
7756,,27.00237,82.48734,2026-08-18,Other/Unknown,Other/Unknown,13.1,Low
7765,,6.43064,80.86023,2026-08-18,Other/Unknown,Other/Unknown,5.1,Low
7778,,7.0516,80.8127,2026-08-18,Other/Unknown,Other/Unknown,0.0,Low
7789,,9.31313,77.44205,2026-08-18,Other/Unknown,Other/Unknown,0.0,Low
7799,,22.28264,91.77599,2026-08-09,Other/Unknown,Other/Unknown,6.8,Low
7800,,27.95665,95.6004,2026-08-09,Other/Unknown,Other/Unknown,0.0,Low
7802,,29.66758,91.21227,2026-08-09,Other/Unknown,Other/Unknown,0.0,Low
7808,,6.83105,81.75486,2026-08-09,Other/Unknown,Other/Unknown,0.0,Low
7809,,6.92662,81.673,2026-08-09,Other/Unknown,Other/Unknown,0.0,Low
7814,,7.27246,81.6412,2026-08-09,Other/Unknown,Other/Unknown,0.0,Low
7818,,7.47098,81.70876,2026-08-09,Other/Unknown,Other/Unknown,0.0,Low
7819,,7.54155,80.94489,2026-08-09,Other/Unknown,Other/Unknown,0.0,Low
7821,,7.65889,81.14084,2026-08-09,Other/Unknown,Other/Unknown,0.0,Low
7829,,8.20257,80.4487,2026-08-09,Other/Unknown,Other/Unknown,13.5,Low
7835,,8.39263,80.66016,2026-08-09,Other/Unknown,Other/Unknown,0.0,Low
7837,,8.67835,80.37698,2026-08-09,Other/Unknown,Other/Unknown,0.0,Low
7840,,8.73953,80.40584,2026-08-09,Other/Unknown,Other/Unknown,0.0,Low
7841,,8.86085,80.50182,2026-08-09,Other/Unknown,Other/Unknown,0.0,Low
7842,,8.87646,80.48267,2026-08-09,Other/Unknown,Other/Unknown,0.0,Low
7843,,8.89835,78.04342,2026-08-09,Other/Unknown,Other/Unknown,3.4,Low
7849,,9.27793,79.12687,2026-08-09,Other/Unknown,Other/Unknown,0.0,Low
7850,,9.30707,78.76228,2026-08-09,Other/Unknown,Other/Unknown,0.0,Low
7851,,9.40249,77.86951,2026-08-09,Other/Unknown,Other/Unknown,0.0,Low
7852,,9.50695,78.22846,2026-08-09,Other/Unknown,Other/Unknown,0.0,Low
7853,,9.55556,77.81236,2026-08-09,Other/Unknown,Other/Unknown,0.0,Low
7855,,9.65162,78.06435,2026-08-09,Other/Unknown,Other/Unknown,0.0,Low
7857,,9.80894,78.38943,2026-08-09,Other/Unknown,Other/Unknown,0.0,Low
7858,,9.83043,78.55554,2026-08-09,Other/Unknown,Other/Unknown,0.0,Low
7861,,10.70734,79.56654,2026-08-09,Other/Unknown,Other/Unknown,0.0,Low
7862,,10.8716,79.0443,2026-08-09,Other/Unknown,Other/Unknown,0.0,Low
7864,,10.96547,78.87568,2026-08-09,Other/Unknown,Other/Unknown,0.0,Low
7865,,11.19703,78.23231,2026-08-09,Other/Unknown,Other/Unknown,2.4,Low
7866,,12.07076,79.81661,2026-08-09,Other/Unknown,Other/Unknown,0.0,Low
7867,,12.71801,77.46906,2026-08-09,Other/Unknown,Other/Unknown,1.5,Low
7870,,14.49981,79.59328,2026-08-09,Other/Unknown,Other/Unknown,1.4,Low
7871,,15.05902,77.04708,2026-08-09,Other/Unknown,Other/Unknown,0.0,Low
7872,,15.11534,76.20264,2026-08-09,Other/Unknown,Other/Unknown,0.0,Low
7873,,15.26647,79.7698,2026-08-09,Other/Unknown,Other/Unknown,0.0,Low
7874,,15.57389,79.7675,2026-08-09,Other/Unknown,Other/Unknown,0.0,Low
7875,,15.58949,79.25832,2026-08-09,Other/Unknown,Other/Unknown,0.0,Low
7876,,15.6994,76.64658,2026-08-09,Other/Unknown,Other/Unknown,0.0,Low
7880,,15.94282,77.87696,2026-08-09,Other/Unknown,Other/Unknown,0.0,Low
7881,,16.28229,77.94062,2026-08-09,Other/Unknown,Other/Unknown,0.0,Low
7884,,16.93182,80.82512,2026-08-09,Other/Unknown,Other/Unknown,0.0,Low
7887,,30.11512,71.60341,2026-08-09,Other/Unknown,Other/Unknown,0.0,Low
7888,,30.74251,72.91972,2026-08-09,Other/Unknown,Other/Unknown,0.0,Low
7892,,31.53647,70.73714,2026-08-09,Other/Unknown,Other/Unknown,0.0,Low
7893,,34.00609,71.46138,2026-08-09,Other/Unknown,Other/Unknown,0.0,Low
7922,,30.09282,71.3667,2026-08-09,Other/Unknown,Other/Unknown,0.0,Low
7927,,34.15973,77.6091,2026-08-09,Other/Unknown,Other/Unknown,0.0,Low
7969,,21.69786,84.03272,2026-08-09,Other/Unknown,Other/Unknown,0.0,Low
7992,,21.77686,83.8248,2026-08-09,Other/Unknown,Other/Unknown,0.0,Low
8022,,23.68279,85.36151,2026-08-09,Other/Unknown,Other/Unknown,0.0,Low
8058,,6.11241,81.09345,2026-08-10,Other/Unknown,Other/Unknown,0.0,Low
8059,,6.23674,80.99846,2026-08-10,Other/Unknown,Other/Unknown,0.0,Low
8061,,7.24348,81.25483,2026-08-10,Other/Unknown,Other/Unknown,0.0,Low
8063,,8.2479,80.687,2026-08-10,Other/Unknown,Other/Unknown,0.0,Low
8066,,8.56523,80.44241,2026-08-10,Other/Unknown,Other/Unknown,0.0,Low
8069,,8.65186,80.48193,2026-08-10,Other/Unknown,Other/Unknown,0.0,Low
8070,,8.66093,81.11579,2026-08-10,Other/Unknown,Other/Unknown,0.0,Low
8072,,8.67884,80.29721,2026-08-10,Other/Unknown,Other/Unknown,0.0,Low
8074,,8.74038,77.72398,2026-08-10,Other/Unknown,Other/Unknown,0.0,Low
8078,,9.11507,77.54341,2026-08-10,Other/Unknown,Other/Unknown,0.0,Low
8079,,9.1559,80.68771,2026-08-10,Other/Unknown,Other/Unknown,0.0,Low
8080,,9.42565,78.80767,2026-08-10,Other/Unknown,Other/Unknown,0.0,Low
8084,,9.67706,77.40768,2026-08-10,Other/Unknown,Other/Unknown,0.0,Low
8086,,9.90223,78.1714,2026-08-10,Other/Unknown,Other/Unknown,0.0,Low
8088,,10.40051,79.41708,2026-08-10,Other/Unknown,Other/Unknown,0.0,Low
8089,,11.73288,79.25768,2026-08-10,Other/Unknown,Other/Unknown,0.0,Low
8090,,12.09698,79.78356,2026-08-10,Other/Unknown,Other/Unknown,0.0,Low
8091,,12.56739,76.95238,2026-08-10,Other/Unknown,Other/Unknown,0.0,Low
8092,,13.99028,79.82359,2026-08-10,Other/Unknown,Other/Unknown,0.0,Low
8094,,14.41773,77.48374,2026-08-10,Other/Unknown,Other/Unknown,0.0,Low
8095,,14.61157,79.57929,2026-08-10,Other/Unknown,Other/Unknown,0.0,Low
8096,,14.78313,77.36995,2026-08-10,Other/Unknown,Other/Unknown,0.0,Low
8097,,15.17701,79.4042,2026-08-10,Other/Unknown,Other/Unknown,0.0,Low
8098,,15.29744,79.91622,2026-08-10,Other/Unknown,Other/Unknown,0.0,Low
8099,,15.31481,79.78688,2026-08-10,Other/Unknown,Other/Unknown,0.0,Low
8100,,15.66939,80.24091,2026-08-10,Other/Unknown,Other/Unknown,0.0,Low
8101,,15.73965,76.86564,2026-08-10,Other/Unknown,Other/Unknown,0.0,Low
8102,,16.6777,79.28349,2026-08-10,Other/Unknown,Other/Unknown,0.0,Low
8104,,19.81181,79.30586,2026-08-10,Other/Unknown,Other/Unknown,1.4,Low
8106,,27.41576,68.69434,2026-08-10,Other/Unknown,Other/Unknown,0.0,Low
8108,,29.75784,71.19679,2026-08-10,Other/Unknown,Other/Unknown,0.0,Low
8109,,29.80911,71.22158,2026-08-10,Other/Unknown,Other/Unknown,0.0,Low
8110,,29.87585,72.1666,2026-08-10,Other/Unknown,Other/Unknown,0.0,Low
8111,,30.44198,72.03133,2026-08-10,Other/Unknown,Other/Unknown,0.0,Low
8116,,30.74711,71.97482,2026-08-10,Other/Unknown,Other/Unknown,0.0,Low
8117,,30.82264,71.89292,2026-08-10,Other/Unknown,Other/Unknown,0.0,Low
8122,,31.03724,70.81618,2026-08-10,Other/Unknown,Other/Unknown,0.0,Low
8170,,23.73657,85.02082,2026-08-10,Other/Unknown,Other/Unknown,0.0,Low
8173,,6.86747,81.55627,2026-08-10,Other/Unknown,Other/Unknown,0.0,Low
8174,,7.36113,80.89506,2026-08-10,Other/Unknown,Other/Unknown,0.0,Low
8176,,8.29562,80.34652,2026-08-10,Other/Unknown,Other/Unknown,0.0,Low
8179,,9.28078,77.39169,2026-08-10,Other/Unknown,Other/Unknown,0.0,Low
8190,,34.44133,71.02061,2026-08-10,Other/Unknown,Other/Unknown,0.0,Low
8201,,6.7392,81.33511,2026-08-11,Other/Unknown,Other/Unknown,0.0,Low
8202,,6.75822,81.31496,2026-08-11,Other/Unknown,Other/Unknown,0.0,Low
8213,,7.14803,81.09077,2026-08-11,Other/Unknown,Other/Unknown,0.0,Low
8215,,7.38883,81.13251,2026-08-11,Other/Unknown,Other/Unknown,0.0,Low
8222,,7.65809,81.07646,2026-08-11,Other/Unknown,Other/Unknown,0.0,Low
8223,,7.76478,80.79965,2026-08-11,Other/Unknown,Other/Unknown,0.0,Low
8227,,8.0036,81.25312,2026-08-11,Other/Unknown,Other/Unknown,0.0,Low
8228,,8.09114,81.10897,2026-08-11,Other/Unknown,Other/Unknown,0.0,Low
8229,,8.37599,80.77338,2026-08-11,Other/Unknown,Other/Unknown,0.0,Low
8231,,9.16179,77.91492,2026-08-11,Other/Unknown,Other/Unknown,0.9,Low
8232,,10.83465,78.6193,2026-08-11,Other/Unknown,Other/Unknown,0.0,Low
8235,,11.65238,79.1266,2026-08-11,Other/Unknown,Other/Unknown,0.0,Low
8236,,12.29835,78.21772,2026-08-11,Other/Unknown,Other/Unknown,0.0,Low
8237,,13.35804,80.23712,2026-08-11,Other/Unknown,Other/Unknown,0.0,Low
8238,,13.36924,80.1537,2026-08-11,Other/Unknown,Other/Unknown,0.0,Low
8239,,13.46839,79.86543,2026-08-11,Other/Unknown,Other/Unknown,0.0,Low
8240,,14.20572,76.8857,2026-08-11,Other/Unknown,Other/Unknown,0.0,Low
8241,,14.28755,77.5889,2026-08-11,Other/Unknown,Other/Unknown,0.0,Low
8242,,14.65185,79.52352,2026-08-11,Other/Unknown,Other/Unknown,0.0,Low
8243,,14.72405,79.54469,2026-08-11,Other/Unknown,Other/Unknown,0.0,Low
8244,,14.79489,79.71674,2026-08-11,Other/Unknown,Other/Unknown,0.0,Low
8247,,14.8896,79.33846,2026-08-11,Other/Unknown,Other/Unknown,0.0,Low
8248,,14.92106,76.83829,2026-08-11,Other/Unknown,Other/Unknown,0.0,Low
8249,,15.28784,78.3216,2026-08-11,Other/Unknown,Other/Unknown,0.0,Low
8250,,15.50542,79.54381,2026-08-11,Other/Unknown,Other/Unknown,0.0,Low
8251,,15.56061,79.96441,2026-08-11,Other/Unknown,Other/Unknown,0.0,Low
8252,,15.61035,79.47829,2026-08-11,Other/Unknown,Other/Unknown,0.0,Low
8253,,15.74237,79.7478,2026-08-11,Other/Unknown,Other/Unknown,0.0,Low
8254,,15.76487,79.08978,2026-08-11,Other/Unknown,Other/Unknown,0.0,Low
8255,,15.82722,80.0759,2026-08-11,Other/Unknown,Other/Unknown,0.0,Low
8259,,16.58509,80.65373,2026-08-11,Other/Unknown,Other/Unknown,1.5,Low
8260,,17.03344,80.86896,2026-08-11,Other/Unknown,Other/Unknown,0.0,Low
8261,,17.07935,79.29828,2026-08-11,Other/Unknown,Other/Unknown,0.0,Low
8262,,17.14975,80.77999,2026-08-11,Other/Unknown,Other/Unknown,0.0,Low
8278,,26.85012,90.44472,2026-08-11,Other/Unknown,Other/Unknown,0.0,Low
8279,,26.9619,90.02505,2026-08-11,Other/Unknown,Other/Unknown,0.0,Low
8280,,26.9697,90.05672,2026-08-11,Other/Unknown,Other/Unknown,0.0,Low
8281,,27.24553,88.29237,2026-08-11,Other/Unknown,Other/Unknown,0.0,Low
8282,,28.12306,81.62691,2026-08-11,Other/Unknown,Other/Unknown,0.0,Low
8292,,21.80074,85.56535,2026-08-11,Other/Unknown,Other/Unknown,0.0,Low
8303,,22.38987,85.77188,2026-08-11,Other/Unknown,Other/Unknown,0.0,Low
8314,,22.81786,86.03994,2026-08-11,Other/Unknown,Other/Unknown,0.0,Low
8355,,24.3549,93.26946,2026-08-11,Other/Unknown,Other/Unknown,0.0,Low
8363,,7.71748,80.1267,2026-08-11,Other/Unknown,Other/Unknown,0.0,Low
8371,,16.36971,82.32138,2026-08-11,Other/Unknown,Other/Unknown,0.0,Low
8372,,17.02991,81.78046,2026-08-11,Other/Unknown,Other/Unknown,5.7,Low
8378,,6.39361,80.91185,2026-08-11,Other/Unknown,Other/Unknown,0.0,Low
8385,,36.10521,69.34921,2026-08-11,Other/Unknown,Other/Unknown,0.0,Low
8403,,29.76524,72.71796,2026-08-12,Other/Unknown,Other/Unknown,0.0,Low
8404,,29.84647,71.29039,2026-08-12,Other/Unknown,Other/Unknown,0.0,Low
8405,,30.30019,73.51273,2026-08-12,Other/Unknown,Other/Unknown,0.0,Low
8406,,30.57857,71.62238,2026-08-12,Other/Unknown,Other/Unknown,0.0,Low
8409,,30.87823,71.93729,2026-08-12,Other/Unknown,Other/Unknown,0.0,Low
8444,,27.75595,96.12046,2026-08-13,Other/Unknown,Other/Unknown,0.0,Low
8445,,27.95328,94.17912,2026-08-13,Other/Unknown,Other/Unknown,0.0,Low
8446,,28.2101,95.63686,2026-08-13,Other/Unknown,Other/Unknown,0.0,Low
8454,,7.93612,80.75471,2026-08-13,Other/Unknown,Other/Unknown,0.0,Low
8455,,8.15321,81.32706,2026-08-13,Other/Unknown,Other/Unknown,0.0,Low
8458,,8.50331,80.26043,2026-08-13,Other/Unknown,Other/Unknown,0.0,Low
8459,,8.58456,80.87868,2026-08-13,Other/Unknown,Other/Unknown,0.0,Low
8464,,8.96516,80.32503,2026-08-13,Other/Unknown,Other/Unknown,0.0,Low
8465,,9.00208,80.6894,2026-08-13,Other/Unknown,Other/Unknown,0.0,Low
8471,,9.67933,78.15241,2026-08-13,Other/Unknown,Other/Unknown,0.0,Low
8473,,10.77735,79.65633,2026-08-13,Other/Unknown,Other/Unknown,0.0,Low
8474,,11.04338,78.72183,2026-08-13,Other/Unknown,Other/Unknown,0.0,Low
8475,,11.54044,79.12389,2026-08-13,Other/Unknown,Other/Unknown,0.0,Low
8476,,25.20996,68.73409,2026-08-13,Other/Unknown,Other/Unknown,0.0,Low
8478,,25.41183,68.25375,2026-08-13,Other/Unknown,Other/Unknown,0.0,Low
8479,,25.5373,68.85468,2026-08-13,Other/Unknown,Other/Unknown,0.0,Low
8480,,28.1092,69.16533,2026-08-13,Other/Unknown,Other/Unknown,0.0,Low
8483,,29.87196,72.63807,2026-08-13,Other/Unknown,Other/Unknown,0.0,Low
8484,,30.55099,71.64114,2026-08-13,Other/Unknown,Other/Unknown,0.0,Low
8485,,30.62984,72.17395,2026-08-13,Other/Unknown,Other/Unknown,0.0,Low
8488,,30.65683,71.97965,2026-08-13,Other/Unknown,Other/Unknown,0.0,Low
8489,,30.716,72.87063,2026-08-13,Other/Unknown,Other/Unknown,0.0,Low
8490,,30.7853,72.02888,2026-08-13,Other/Unknown,Other/Unknown,0.0,Low
8491,,31.03059,70.82815,2026-08-13,Other/Unknown,Other/Unknown,0.0,Low
8492,,35.83731,71.41198,2026-08-13,Other/Unknown,Other/Unknown,0.0,Low
8507,,6.75746,80.83669,2026-08-13,Other/Unknown,Other/Unknown,0.0,Low
8508,,7.20609,81.10449,2026-08-13,Other/Unknown,Other/Unknown,0.0,Low
8517,,20.70475,94.89364,2026-08-04,Other/Unknown,Other/Unknown,0.0,Low
8533,,8.89853,79.95344,2026-08-05,Other/Unknown,Other/Unknown,0.0,Low
8535,,9.47616,78.53864,2026-08-05,Other/Unknown,Other/Unknown,0.0,Low
8537,,9.56233,77.6048,2026-08-05,Other/Unknown,Other/Unknown,0.0,Low
8538,,9.62131,78.80132,2026-08-05,Other/Unknown,Other/Unknown,0.0,Low
8540,,9.7414,78.95979,2026-08-05,Other/Unknown,Other/Unknown,0.0,Low
8541,,9.76804,78.0972,2026-08-05,Other/Unknown,Other/Unknown,0.0,Low
8544,,9.96715,78.24461,2026-08-05,Other/Unknown,Other/Unknown,0.0,Low
8545,,10.0521,77.96274,2026-08-05,Other/Unknown,Other/Unknown,0.0,Low
8546,,10.10864,78.09402,2026-08-05,Other/Unknown,Other/Unknown,0.0,Low
8547,,10.21352,77.844,2026-08-05,Other/Unknown,Other/Unknown,0.0,Low
8548,,15.49071,76.92935,2026-08-05,Other/Unknown,Other/Unknown,0.0,Low
8553,,29.4396,90.17079,2026-08-05,Other/Unknown,Other/Unknown,0.0,Low
8554,,29.89824,72.57191,2026-08-05,Other/Unknown,Other/Unknown,0.0,Low
8555,,30.14267,71.65752,2026-08-05,Other/Unknown,Other/Unknown,0.0,Low
8556,,30.31328,71.88339,2026-08-05,Other/Unknown,Other/Unknown,0.0,Low
8557,,30.48498,72.10117,2026-08-05,Other/Unknown,Other/Unknown,0.0,Low
8558,,30.52451,71.7824,2026-08-05,Other/Unknown,Other/Unknown,0.0,Low
8559,,30.62111,71.74289,2026-08-05,Other/Unknown,Other/Unknown,0.0,Low
8561,,30.67063,71.8972,2026-08-05,Other/Unknown,Other/Unknown,0.0,Low
8562,,30.76111,71.84575,2026-08-05,Other/Unknown,Other/Unknown,0.0,Low
8563,,30.90367,72.1739,2026-08-05,Other/Unknown,Other/Unknown,0.0,Low
8564,,30.92236,71.97179,2026-08-05,Other/Unknown,Other/Unknown,0.0,Low
8565,,30.92493,71.85684,2026-08-05,Other/Unknown,Other/Unknown,0.0,Low
8566,,30.982,71.91636,2026-08-05,Other/Unknown,Other/Unknown,0.0,Low
8592,,9.89198,78.10873,2026-08-05,Other/Unknown,Other/Unknown,0.0,Low
8594,,11.77638,78.05933,2026-08-05,Other/Unknown,Other/Unknown,0.0,Low
8596,,14.24024,76.98493,2026-08-05,Other/Unknown,Other/Unknown,0.0,Low
8611,,27.69931,96.24134,2026-08-06,Other/Unknown,Other/Unknown,0.0,Low
8614,,7.17432,81.75636,2026-08-06,Other/Unknown,Other/Unknown,0.0,Low
8615,,7.24169,81.63509,2026-08-06,Other/Unknown,Other/Unknown,0.0,Low
8616,,7.42439,81.33109,2026-08-06,Other/Unknown,Other/Unknown,0.0,Low
8617,,7.43016,81.24944,2026-08-06,Other/Unknown,Other/Unknown,0.0,Low
8623,,8.68045,80.94418,2026-08-06,Other/Unknown,Other/Unknown,0.0,Low
8624,,8.82624,80.33823,2026-08-06,Other/Unknown,Other/Unknown,0.0,Low
8625,,29.73682,71.41401,2026-08-06,Other/Unknown,Other/Unknown,0.0,Low
8626,,29.88022,72.7646,2026-08-06,Other/Unknown,Other/Unknown,0.0,Low
8627,,29.95837,72.81926,2026-08-06,Other/Unknown,Other/Unknown,0.0,Low
8628,,30.03027,72.00449,2026-08-06,Other/Unknown,Other/Unknown,0.0,Low
8629,,30.03642,71.48891,2026-08-06,Other/Unknown,Other/Unknown,0.0,Low
8630,,30.18674,73.366,2026-08-06,Other/Unknown,Other/Unknown,0.0,Low
8631,,30.52497,71.84679,2026-08-06,Other/Unknown,Other/Unknown,0.0,Low
8636,,25.71193,68.33328,2026-08-06,Other/Unknown,Other/Unknown,0.0,Low
8661,,7.3182,81.55324,2026-08-06,Other/Unknown,Other/Unknown,0.0,Low
8669,,27.86767,68.95682,2026-08-06,Other/Unknown,Other/Unknown,0.0,Low
8670,,29.22012,88.95742,2026-08-07,Other/Unknown,Other/Unknown,0.0,Low
8681,,29.9692,72.58241,2026-08-07,Other/Unknown,Other/Unknown,0.0,Low
8694,,31.69593,73.21014,2026-08-07,Other/Unknown,Other/Unknown,0.0,Low
8736,,7.50678,81.1167,2026-08-07,Other/Unknown,Other/Unknown,0.0,Low
8737,,7.53914,81.10133,2026-08-07,Other/Unknown,Other/Unknown,0.0,Low
8747,,21.29586,95.51554,2026-08-08,Other/Unknown,Other/Unknown,0.0,Low
8748,,23.70372,90.53355,2026-08-08,Other/Unknown,Other/Unknown,1.6,Low
8750,,23.9407,90.31876,2026-08-08,Other/Unknown,Other/Unknown,0.0,Low
8751,,29.64765,90.94865,2026-08-08,Other/Unknown,Other/Unknown,7.0,Low
8759,,6.8258,81.76459,2026-08-08,Other/Unknown,Other/Unknown,0.0,Low
8760,,7.46902,81.17296,2026-08-08,Other/Unknown,Other/Unknown,0.0,Low
8762,,9.77946,77.68204,2026-08-08,Other/Unknown,Other/Unknown,0.0,Low
8763,,22.60662,70.24954,2026-08-08,Other/Unknown,Other/Unknown,0.0,Low
8764,,24.32291,72.46162,2026-08-08,Other/Unknown,Other/Unknown,0.0,Low
8765,,27.98071,69.4438,2026-08-08,Other/Unknown,Other/Unknown,0.0,Low
8766,,28.83582,70.42214,2026-08-08,Other/Unknown,Other/Unknown,0.0,Low
8769,,30.62572,71.72218,2026-08-08,Other/Unknown,Other/Unknown,0.0,Low
8776,,30.6943,71.97591,2026-08-08,Other/Unknown,Other/Unknown,0.0,Low
8777,,30.6985,71.78544,2026-08-08,Other/Unknown,Other/Unknown,0.0,Low
8778,,30.74677,71.74284,2026-08-08,Other/Unknown,Other/Unknown,0.0,Low
8781,,30.85815,71.87492,2026-08-08,Other/Unknown,Other/Unknown,0.0,Low
8782,,30.86695,71.91726,2026-08-08,Other/Unknown,Other/Unknown,0.0,Low
8783,,30.91326,71.91548,2026-08-08,Other/Unknown,Other/Unknown,0.0,Low
8785,,32.10804,72.90211,2026-08-08,Other/Unknown,Other/Unknown,0.0,Low
8788,,34.44895,71.26234,2026-08-08,Other/Unknown,Other/Unknown,0.0,Low
8830,,6.74823,81.13704,2026-08-08,Other/Unknown,Other/Unknown,0.0,Low
8838,,32.73539,72.80925,2026-08-08,Other/Unknown,Other/Unknown,0.0,Low
8841,,33.69244,72.85727,2026-08-08,Other/Unknown,Other/Unknown,0.0,Low
8843,,34.31626,72.82005,2026-08-08,Other/Unknown,Other/Unknown,0.0,Low
8862,,14.93187,78.341,2026-08-08,Other/Unknown,Other/Unknown,5.4,Low
8872,,6.40686,80.72184,2026-07-30,Other/Unknown,Other/Unknown,0.0,Low
8884,,6.91313,81.64617,2026-07-30,Other/Unknown,Other/Unknown,0.0,Low
8887,,6.99605,81.56855,2026-07-30,Other/Unknown,Other/Unknown,0.0,Low
8889,,7.03162,81.2272,2026-07-30,Other/Unknown,Other/Unknown,0.0,Low
8890,,7.12375,81.7668,2026-07-30,Other/Unknown,Other/Unknown,0.0,Low
8904,,7.25739,81.75315,2026-07-30,Other/Unknown,Other/Unknown,0.0,Low
8905,,7.30259,81.60964,2026-07-30,Other/Unknown,Other/Unknown,0.0,Low
8924,,7.3828,81.04393,2026-07-30,Other/Unknown,Other/Unknown,0.0,Low
8926,,7.39186,81.34877,2026-07-30,Other/Unknown,Other/Unknown,0.0,Low
8928,,7.40728,81.36064,2026-07-30,Other/Unknown,Other/Unknown,0.0,Low
8933,,7.49864,81.67904,2026-07-30,Other/Unknown,Other/Unknown,0.0,Low
8935,,7.52791,81.46655,2026-07-30,Other/Unknown,Other/Unknown,0.0,Low
8947,,7.67927,81.61506,2026-07-30,Other/Unknown,Other/Unknown,0.0,Low
8949,,7.68515,81.56387,2026-07-30,Other/Unknown,Other/Unknown,0.0,Low
8955,,7.75287,81.52403,2026-07-30,Other/Unknown,Other/Unknown,0.0,Low
8956,,7.81539,80.12309,2026-07-30,Other/Unknown,Other/Unknown,0.0,Low
8957,,7.84303,81.20258,2026-07-30,Other/Unknown,Other/Unknown,0.0,Low
8960,,7.97719,80.31649,2026-07-30,Other/Unknown,Other/Unknown,11.9,Low
8962,,8.35903,81.15267,2026-07-30,Other/Unknown,Other/Unknown,0.0,Low
8964,,8.79642,77.38033,2026-07-30,Other/Unknown,Other/Unknown,0.0,Low
8965,,8.90953,80.50696,2026-07-30,Other/Unknown,Other/Unknown,0.0,Low
8968,,9.4207,77.59469,2026-07-30,Other/Unknown,Other/Unknown,0.0,Low
8969,,9.42457,78.00139,2026-07-30,Other/Unknown,Other/Unknown,0.0,Low
8970,,9.43894,78.78815,2026-07-30,Other/Unknown,Other/Unknown,0.0,Low
8971,,9.44644,78.11435,2026-07-30,Other/Unknown,Other/Unknown,0.0,Low
8974,,26.12494,69.16943,2026-07-30,Other/Unknown,Other/Unknown,0.0,Low
8977,,27.73158,68.78967,2026-07-30,Other/Unknown,Other/Unknown,0.0,Low
8978,,27.89981,69.27496,2026-07-30,Other/Unknown,Other/Unknown,0.0,Low
8981,,28.46732,76.80379,2026-07-30,Other/Unknown,Other/Unknown,0.0,Low
8984,,36.38592,80.54126,2026-07-30,Other/Unknown,Other/Unknown,0.0,Low
8987,,26.27181,74.1904,2026-07-30,Other/Unknown,Other/Unknown,1.4,Low
8993,,28.2934,77.18693,2026-07-30,Other/Unknown,Other/Unknown,0.0,Low
8999,,28.89301,78.85428,2026-07-30,Other/Unknown,Other/Unknown,0.0,Low
9002,,18.54234,83.34352,2026-07-30,Other/Unknown,Other/Unknown,0.0,Low
9035,,21.21428,82.1377,2026-07-30,Other/Unknown,Other/Unknown,0.0,Low
9072,,11.38616,79.683,2026-07-30,Other/Unknown,Other/Unknown,0.0,Low
9074,,12.05815,79.04545,2026-07-30,Other/Unknown,Other/Unknown,0.0,Low
9096,,10.1495,77.43031,2026-07-30,Other/Unknown,Other/Unknown,0.0,Low
9097,,10.48855,77.36834,2026-07-30,Other/Unknown,Other/Unknown,0.0,Low
9098,,10.62847,77.43987,2026-07-30,Other/Unknown,Other/Unknown,0.0,Low
9099,,11.18424,77.27874,2026-07-30,Other/Unknown,Other/Unknown,1.0,Low
9101,,7.09345,81.15476,2026-07-31,Other/Unknown,Other/Unknown,0.0,Low
9111,,7.25604,81.52998,2026-07-31,Other/Unknown,Other/Unknown,0.0,Low
9119,,7.45554,81.63445,2026-07-31,Other/Unknown,Other/Unknown,0.0,Low
9122,,7.48565,81.44289,2026-07-31,Other/Unknown,Other/Unknown,0.0,Low
9123,,7.48812,81.5299,2026-07-31,Other/Unknown,Other/Unknown,0.0,Low
9128,,7.54454,81.70762,2026-07-31,Other/Unknown,Other/Unknown,0.0,Low
9149,,7.67894,81.54153,2026-07-31,Other/Unknown,Other/Unknown,0.0,Low
9159,,7.72551,81.56272,2026-07-31,Other/Unknown,Other/Unknown,0.0,Low
9165,,7.95269,81.29023,2026-07-31,Other/Unknown,Other/Unknown,0.0,Low
9166,,8.2702,81.34736,2026-07-31,Other/Unknown,Other/Unknown,0.0,Low
9169,,8.66885,77.66387,2026-07-31,Other/Unknown,Other/Unknown,0.0,Low
9170,,8.70496,80.17019,2026-07-31,Other/Unknown,Other/Unknown,0.0,Low
9171,,8.71281,80.39138,2026-07-31,Other/Unknown,Other/Unknown,0.0,Low
9175,,8.83767,77.92315,2026-07-31,Other/Unknown,Other/Unknown,0.0,Low
9176,,8.99046,78.12581,2026-07-31,Other/Unknown,Other/Unknown,0.0,Low
9177,,9.32005,80.24164,2026-07-31,Other/Unknown,Other/Unknown,0.0,Low
9178,,9.14486,77.69183,2026-07-31,Other/Unknown,Other/Unknown,0.0,Low
9179,,9.33359,77.53848,2026-07-31,Other/Unknown,Other/Unknown,0.0,Low
9181,,9.53883,80.40903,2026-07-31,Other/Unknown,Other/Unknown,0.0,Low
9185,,9.64574,77.77657,2026-07-31,Other/Unknown,Other/Unknown,0.0,Low
9186,,9.74879,80.14474,2026-07-31,Other/Unknown,Other/Unknown,0.0,Low
9187,,9.79466,78.26758,2026-07-31,Other/Unknown,Other/Unknown,0.0,Low
9188,,9.91725,78.21863,2026-07-31,Other/Unknown,Other/Unknown,0.0,Low
9189,,9.93693,78.2229,2026-07-31,Other/Unknown,Other/Unknown,0.0,Low
9190,,9.93738,78.25173,2026-07-31,Other/Unknown,Other/Unknown,0.0,Low
9192,,9.9851,78.17575,2026-07-31,Other/Unknown,Other/Unknown,0.0,Low
9196,,10.21354,78.87036,2026-07-31,Other/Unknown,Other/Unknown,0.0,Low
9197,,10.49704,77.81037,2026-07-31,Other/Unknown,Other/Unknown,0.0,Low
9198,,10.81289,79.84407,2026-07-31,Other/Unknown,Other/Unknown,1.0,Low
9199,,10.9477,78.91599,2026-07-31,Other/Unknown,Other/Unknown,0.0,Low
9200,,11.49961,79.54979,2026-07-31,Other/Unknown,Other/Unknown,0.0,Low
9201,,11.64794,79.75954,2026-07-31,Other/Unknown,Other/Unknown,1.2,Low
9202,,11.6909,79.25605,2026-07-31,Other/Unknown,Other/Unknown,0.0,Low
9203,,11.73174,79.21313,2026-07-31,Other/Unknown,Other/Unknown,0.0,Low
9224,,23.71745,68.88361,2026-07-31,Other/Unknown,Other/Unknown,0.0,Low
9235,,35.52953,73.64445,2026-07-31,Other/Unknown,Other/Unknown,0.0,Low
9236,,25.03507,68.24217,2026-07-31,Other/Unknown,Other/Unknown,0.0,Low
9251,,22.20303,84.84869,2026-07-31,Other/Unknown,Other/Unknown,0.0,Low
9263,,22.33126,82.57302,2026-07-31,Other/Unknown,Other/Unknown,0.0,Low
9277,,22.85584,86.05772,2026-07-31,Other/Unknown,Other/Unknown,0.0,Low
9314,,24.15018,82.58207,2026-07-31,Other/Unknown,Other/Unknown,0.0,Low
9331,,19.80119,78.86477,2026-07-31,Other/Unknown,Other/Unknown,0.0,Low
9348,,10.98539,79.1058,2026-07-31,Other/Unknown,Other/Unknown,0.0,Low
9351,,11.24144,77.88069,2026-07-31,Other/Unknown,Other/Unknown,0.0,Low
9353,,11.66297,77.83739,2026-07-31,Other/Unknown,Other/Unknown,0.0,Low
9354,,12.4093,79.18157,2026-07-31,Other/Unknown,Other/Unknown,0.0,Low
9355,,13.37985,80.11409,2026-07-31,Other/Unknown,Other/Unknown,1.4,Low
9358,,13.44714,80.09624,2026-07-31,Other/Unknown,Other/Unknown,1.5,Low
9361,,7.25594,81.67915,2026-07-31,Other/Unknown,Other/Unknown,0.0,Low
9364,,9.25059,78.28757,2026-08-01,Other/Unknown,Other/Unknown,0.0,Low
9366,,10.53246,79.23427,2026-08-01,Other/Unknown,Other/Unknown,0.0,Low
9369,,11.29512,79.7821,2026-08-01,Other/Unknown,Other/Unknown,0.0,Low
9370,,11.30795,78.57752,2026-08-01,Other/Unknown,Other/Unknown,0.0,Low
9373,,12.28848,79.43398,2026-08-01,Other/Unknown,Other/Unknown,0.0,Low
9384,,25.982,93.68969,2026-08-01,Other/Unknown,Other/Unknown,0.0,Low
9389,,31.01247,76.57536,2026-08-01,Other/Unknown,Other/Unknown,0.0,Low
9392,,20.70397,78.62037,2026-08-01,Other/Unknown,Other/Unknown,1.4,Low
9404,,21.38916,81.64533,2026-08-01,Other/Unknown,Other/Unknown,10.1,Low
9437,,23.73648,85.48212,2026-08-01,Other/Unknown,Other/Unknown,0.0,Low
9451,,11.28438,79.75117,2026-08-01,Other/Unknown,Other/Unknown,0.0,Low
9452,,11.65214,78.03033,2026-08-01,Other/Unknown,Other/Unknown,1.3,Low
9458,,7.03865,81.23909,2026-08-01,Other/Unknown,Other/Unknown,0.0,Low
9459,,7.53774,81.26874,2026-08-01,Other/Unknown,Other/Unknown,0.0,Low
9463,,8.04788,79.85087,2026-08-01,Other/Unknown,Other/Unknown,0.0,Low
9467,,8.81475,80.95029,2026-08-01,Other/Unknown,Other/Unknown,0.0,Low
9468,,8.82639,78.08728,2026-08-01,Other/Unknown,Other/Unknown,7.0,Low
9476,,7.53017,81.24847,2026-08-02,Other/Unknown,Other/Unknown,0.0,Low
9483,,25.85723,93.33242,2026-08-02,Other/Unknown,Other/Unknown,0.0,Low
9484,,25.87871,93.3072,2026-08-02,Other/Unknown,Other/Unknown,0.0,Low
9485,,26.01458,93.35497,2026-08-02,Other/Unknown,Other/Unknown,0.0,Low
9486,,26.0261,93.54562,2026-08-02,Other/Unknown,Other/Unknown,0.0,Low
9490,,29.68633,90.89947,2026-08-02,Other/Unknown,Other/Unknown,1.2,Low
9491,,9.02032,77.84805,2026-08-02,Other/Unknown,Other/Unknown,0.0,Low
9492,,12.33321,79.90759,2026-08-02,Other/Unknown,Other/Unknown,0.0,Low
9493,,13.93082,77.46706,2026-08-02,Other/Unknown,Other/Unknown,0.0,Low
9494,,29.75553,72.53855,2026-08-02,Other/Unknown,Other/Unknown,0.0,Low
9499,,29.99647,72.85107,2026-08-02,Other/Unknown,Other/Unknown,0.0,Low
9500,,30.26365,73.24959,2026-08-02,Other/Unknown,Other/Unknown,0.0,Low
9501,,30.69283,71.80653,2026-08-02,Other/Unknown,Other/Unknown,0.0,Low
9504,,36.73088,95.23145,2026-08-02,Other/Unknown,Other/Unknown,0.0,Low
9593,,26.05802,93.71242,2026-07-25,Other/Unknown,Other/Unknown,0.0,Low
9596,,6.59429,80.97427,2026-07-25,Other/Unknown,Other/Unknown,0.0,Low
9597,,6.63544,81.03618,2026-07-25,Other/Unknown,Other/Unknown,0.0,Low
9598,,6.70034,81.33881,2026-07-25,Other/Unknown,Other/Unknown,0.0,Low
9606,,6.81746,81.46339,2026-07-25,Other/Unknown,Other/Unknown,0.0,Low
9607,,6.8911,81.80433,2026-07-25,Other/Unknown,Other/Unknown,0.0,Low
9608,,6.95276,81.59147,2026-07-25,Other/Unknown,Other/Unknown,0.0,Low
9609,,7.00453,81.05348,2026-07-25,Other/Unknown,Other/Unknown,0.0,Low
9619,,7.14958,81.7882,2026-07-25,Other/Unknown,Other/Unknown,0.0,Low
9620,,7.15092,81.73026,2026-07-25,Other/Unknown,Other/Unknown,0.0,Low
9628,,7.19366,80.72233,2026-07-25,Other/Unknown,Other/Unknown,0.0,Low
9634,,7.22237,81.8231,2026-07-25,Other/Unknown,Other/Unknown,2.3,Low
9638,,7.23581,81.79942,2026-07-25,Other/Unknown,Other/Unknown,0.0,Low
9640,,7.30445,80.91617,2026-07-25,Other/Unknown,Other/Unknown,0.0,Low
9641,,7.35646,81.24884,2026-07-25,Other/Unknown,Other/Unknown,0.0,Low
9642,,7.43624,81.4743,2026-07-25,Other/Unknown,Other/Unknown,0.0,Low
9643,,7.44493,81.30058,2026-07-25,Other/Unknown,Other/Unknown,0.0,Low
9646,,7.47464,81.33621,2026-07-25,Other/Unknown,Other/Unknown,0.0,Low
9647,,7.4877,81.57465,2026-07-25,Other/Unknown,Other/Unknown,0.0,Low
9651,,7.5561,81.64003,2026-07-25,Other/Unknown,Other/Unknown,0.0,Low
9652,,7.56419,81.25928,2026-07-25,Other/Unknown,Other/Unknown,0.0,Low
9653,,7.59249,81.48501,2026-07-25,Other/Unknown,Other/Unknown,0.0,Low
9654,,7.61201,81.50014,2026-07-25,Other/Unknown,Other/Unknown,0.0,Low
9656,,7.62805,81.55933,2026-07-25,Other/Unknown,Other/Unknown,0.0,Low
9664,,7.77687,80.68079,2026-07-25,Other/Unknown,Other/Unknown,0.0,Low
9665,,8.13525,80.60481,2026-07-25,Other/Unknown,Other/Unknown,0.0,Low
9666,,8.64045,77.52097,2026-07-25,Other/Unknown,Other/Unknown,1.4,Low
9667,,8.70248,77.7755,2026-07-25,Other/Unknown,Other/Unknown,0.0,Low
9668,,8.76868,78.05202,2026-07-25,Other/Unknown,Other/Unknown,0.0,Low
9669,,8.84527,77.95808,2026-07-25,Other/Unknown,Other/Unknown,0.0,Low
9670,,8.95624,77.78273,2026-07-25,Other/Unknown,Other/Unknown,0.0,Low
9675,,9.28329,77.55848,2026-07-25,Other/Unknown,Other/Unknown,0.0,Low
9676,,9.30537,77.71668,2026-07-25,Other/Unknown,Other/Unknown,0.0,Low
9677,,9.39433,77.50125,2026-07-25,Other/Unknown,Other/Unknown,0.0,Low
9678,,9.42737,77.53471,2026-07-25,Other/Unknown,Other/Unknown,0.0,Low
9680,,9.52778,78.80358,2026-07-25,Other/Unknown,Other/Unknown,0.0,Low
9681,,9.53532,78.75868,2026-07-25,Other/Unknown,Other/Unknown,0.0,Low
9684,,9.59479,78.18553,2026-07-25,Other/Unknown,Other/Unknown,0.0,Low
9685,,9.60717,79.97973,2026-07-25,Other/Unknown,Other/Unknown,0.0,Low
9686,,9.80423,77.72384,2026-07-25,Other/Unknown,Other/Unknown,0.0,Low
9687,,9.90724,78.1565,2026-07-25,Other/Unknown,Other/Unknown,0.0,Low
9688,,9.91396,78.17397,2026-07-25,Other/Unknown,Other/Unknown,0.0,Low
9689,,9.96975,77.78606,2026-07-25,Other/Unknown,Other/Unknown,0.0,Low
9690,,10.43495,78.55267,2026-07-25,Other/Unknown,Other/Unknown,0.0,Low
9691,,10.53204,79.40388,2026-07-25,Other/Unknown,Other/Unknown,0.0,Low
9692,,10.90932,77.99366,2026-07-25,Other/Unknown,Other/Unknown,0.0,Low
9693,,10.94315,77.17971,2026-07-25,Other/Unknown,Other/Unknown,0.0,Low
9694,,11.1397,78.27433,2026-07-25,Other/Unknown,Other/Unknown,0.0,Low
9695,,11.19282,77.49533,2026-07-25,Other/Unknown,Other/Unknown,0.0,Low
9696,,11.20836,77.91418,2026-07-25,Other/Unknown,Other/Unknown,0.0,Low
9699,,11.45378,78.45736,2026-07-25,Other/Unknown,Other/Unknown,0.0,Low
9700,,11.68872,78.70228,2026-07-25,Other/Unknown,Other/Unknown,0.0,Low
9704,,15.51981,80.17134,2026-07-25,Other/Unknown,Other/Unknown,0.0,Low
9705,,15.81652,80.12132,2026-07-25,Other/Unknown,Other/Unknown,0.0,Low
9706,,16.07796,80.21329,2026-07-25,Other/Unknown,Other/Unknown,0.0,Low
9707,,16.64013,80.08545,2026-07-25,Other/Unknown,Other/Unknown,0.0,Low
9708,,17.12753,75.33945,2026-07-25,Other/Unknown,Other/Unknown,0.0,Low
9709,,17.35911,82.69317,2026-07-25,Other/Unknown,Other/Unknown,0.0,Low
9714,,28.31821,68.12669,2026-07-25,Other/Unknown,Other/Unknown,0.0,Low
9715,,30.00554,72.8512,2026-07-25,Other/Unknown,Other/Unknown,0.0,Low
9716,,30.98171,76.17087,2026-07-25,Other/Unknown,Other/Unknown,0.0,Low
9746,,24.20372,80.80157,2026-07-25,Other/Unknown,Other/Unknown,1.2,Low
9747,,24.52842,81.17102,2026-07-25,Other/Unknown,Other/Unknown,1.4,Low
9750,,28.72426,76.68844,2026-07-25,Other/Unknown,Other/Unknown,0.0,Low
9766,,9.78116,78.40366,2026-07-25,Other/Unknown,Other/Unknown,0.0,Low
9770,,11.42285,77.44472,2026-07-25,Other/Unknown,Other/Unknown,0.0,Low
9781,,7.24063,80.86192,2026-07-25,Other/Unknown,Other/Unknown,0.0,Low
9782,,7.30677,80.85988,2026-07-25,Other/Unknown,Other/Unknown,0.0,Low
9786,,8.84475,77.52363,2026-07-25,Other/Unknown,Other/Unknown,0.0,Low
9793,,6.26593,81.20261,2026-07-26,Other/Unknown,Other/Unknown,0.0,Low
9794,,6.29788,80.96366,2026-07-26,Other/Unknown,Other/Unknown,0.0,Low
9824,,6.97934,81.63086,2026-07-26,Other/Unknown,Other/Unknown,0.0,Low
9825,,7.1279,81.71871,2026-07-26,Other/Unknown,Other/Unknown,0.0,Low
9826,,7.15708,81.71467,2026-07-26,Other/Unknown,Other/Unknown,0.0,Low
9828,,7.20282,81.78213,2026-07-26,Other/Unknown,Other/Unknown,0.0,Low
9829,,7.21199,81.73336,2026-07-26,Other/Unknown,Other/Unknown,0.0,Low
9838,,7.52439,81.40832,2026-07-26,Other/Unknown,Other/Unknown,0.0,Low
9843,,7.61386,81.55151,2026-07-26,Other/Unknown,Other/Unknown,0.0,Low
9846,,8.17175,77.59212,2026-07-26,Other/Unknown,Other/Unknown,0.0,Low
9847,,8.18537,81.06627,2026-07-26,Other/Unknown,Other/Unknown,0.0,Low
9848,,8.18949,81.0909,2026-07-26,Other/Unknown,Other/Unknown,0.0,Low
9849,,8.45003,81.33182,2026-07-26,Other/Unknown,Other/Unknown,0.0,Low
9850,,8.48377,80.88584,2026-07-26,Other/Unknown,Other/Unknown,0.0,Low
9851,,8.50885,80.84751,2026-07-26,Other/Unknown,Other/Unknown,0.0,Low
9852,,8.5549,78.07254,2026-07-26,Other/Unknown,Other/Unknown,0.0,Low
9853,,8.60272,78.06735,2026-07-26,Other/Unknown,Other/Unknown,0.0,Low
9855,,8.6483,81.17304,2026-07-26,Other/Unknown,Other/Unknown,0.0,Low
9863,,8.85895,80.57576,2026-07-26,Other/Unknown,Other/Unknown,0.0,Low
9868,,9.71292,77.92689,2026-07-26,Other/Unknown,Other/Unknown,0.0,Low
9869,,9.8234,78.24072,2026-07-26,Other/Unknown,Other/Unknown,0.0,Low
9870,,9.91835,78.31232,2026-07-26,Other/Unknown,Other/Unknown,0.0,Low
9871,,9.95631,78.26261,2026-07-26,Other/Unknown,Other/Unknown,0.0,Low
9872,,10.05153,78.7318,2026-07-26,Other/Unknown,Other/Unknown,0.0,Low
9873,,10.44197,79.70836,2026-07-26,Other/Unknown,Other/Unknown,0.0,Low
9874,,10.89877,78.70602,2026-07-26,Other/Unknown,Other/Unknown,6.2,Low
9875,,11.34114,79.71289,2026-07-26,Other/Unknown,Other/Unknown,0.0,Low
9876,,11.6474,79.32397,2026-07-26,Other/Unknown,Other/Unknown,0.0,Low
9880,,12.053,79.83413,2026-07-26,Other/Unknown,Other/Unknown,0.0,Low
9881,,14.99122,79.40823,2026-07-26,Other/Unknown,Other/Unknown,0.0,Low
9884,,17.97805,78.93943,2026-07-26,Other/Unknown,Other/Unknown,0.0,Low
9901,,23.87429,96.43654,2026-07-26,Other/Unknown,Other/Unknown,0.0,Low
9903,,24.60199,84.28352,2026-07-26,Other/Unknown,Other/Unknown,0.0,Low
9904,,25.32984,86.4262,2026-07-26,Other/Unknown,Other/Unknown,0.0,Low
9905,,25.58565,81.02237,2026-07-26,Other/Unknown,Other/Unknown,0.0,Low
9906,,26.13237,83.70985,2026-07-26,Other/Unknown,Other/Unknown,0.0,Low
9909,,29.57411,74.33419,2026-07-26,Other/Unknown,Other/Unknown,0.0,Low
9910,,29.73132,78.01617,2026-07-26,Other/Unknown,Other/Unknown,0.0,Low
9911,,29.96872,72.77786,2026-07-26,Other/Unknown,Other/Unknown,0.0,Low
9912,,27.63005,68.41615,2026-07-26,Other/Unknown,Other/Unknown,0.0,Low
9932,,21.73491,83.98222,2026-07-26,Other/Unknown,Other/Unknown,0.0,Low
9939,,21.93487,83.33716,2026-07-26,Other/Unknown,Other/Unknown,0.0,Low
9950,,27.87433,71.30848,2026-07-26,Other/Unknown,Other/Unknown,0.0,Low
9959,,7.02489,80.82838,2026-07-26,Other/Unknown,Other/Unknown,0.0,Low
9960,,7.02565,80.97223,2026-07-26,Other/Unknown,Other/Unknown,0.0,Low
9963,,7.06749,81.43075,2026-07-26,Other/Unknown,Other/Unknown,0.0,Low
9964,,7.10638,81.14611,2026-07-26,Other/Unknown,Other/Unknown,0.0,Low
9965,,7.3948,81.06092,2026-07-26,Other/Unknown,Other/Unknown,0.0,Low
9970,,7.87584,80.76239,2026-07-26,Other/Unknown,Other/Unknown,0.0,Low
9971,,8.22517,80.77928,2026-07-26,Other/Unknown,Other/Unknown,0.0,Low
9972,,8.304,77.86613,2026-07-26,Other/Unknown,Other/Unknown,0.0,Low
9973,,8.63548,80.32524,2026-07-26,Other/Unknown,Other/Unknown,0.0,Low
9976,,8.92476,78.16695,2026-07-26,Other/Unknown,Other/Unknown,0.0,Low
9977,,9.75601,77.50282,2026-07-26,Other/Unknown,Other/Unknown,0.0,Low
9978,,9.76393,77.57449,2026-07-26,Other/Unknown,Other/Unknown,0.0,Low
9979,,10.00952,78.04739,2026-07-26,Other/Unknown,Other/Unknown,0.0,Low
9988,,12.53053,78.22664,2026-07-26,Other/Unknown,Other/Unknown,0.0,Low
9993,,33.81544,72.72097,2026-07-26,Other/Unknown,Other/Unknown,0.0,Low
9999,,6.85399,81.22869,2026-07-27,Other/Unknown,Other/Unknown,0.0,Low
10011,,7.201,81.79354,2026-07-27,Other/Unknown,Other/Unknown,0.0,Low
10016,,7.3575,81.60508,2026-07-27,Other/Unknown,Other/Unknown,0.0,Low
10017,,7.35927,81.09517,2026-07-27,Other/Unknown,Other/Unknown,0.0,Low
10018,,7.48748,81.62951,2026-07-27,Other/Unknown,Other/Unknown,0.0,Low
10029,,14.72243,78.34692,2026-07-27,Other/Unknown,Other/Unknown,0.0,Low
10031,,22.1202,95.89818,2026-07-27,Other/Unknown,Other/Unknown,0.0,Low
10032,,25.79463,93.41811,2026-07-27,Other/Unknown,Other/Unknown,0.0,Low
10033,,25.8115,78.05062,2026-07-27,Other/Unknown,Other/Unknown,0.0,Low
10034,,25.81942,92.75337,2026-07-27,Other/Unknown,Other/Unknown,0.0,Low
10036,,9.11902,77.53432,2026-07-27,Other/Unknown,Other/Unknown,0.0,Low
10039,,24.79087,68.06129,2026-07-27,Other/Unknown,Other/Unknown,0.0,Low
10042,,27.38762,68.644,2026-07-27,Other/Unknown,Other/Unknown,0.0,Low
10045,,29.20695,71.52714,2026-07-27,Other/Unknown,Other/Unknown,0.0,Low
10046,,29.25615,71.53748,2026-07-27,Other/Unknown,Other/Unknown,0.0,Low
10049,,29.37985,71.5015,2026-07-27,Other/Unknown,Other/Unknown,0.0,Low
10050,,29.38482,71.51984,2026-07-27,Other/Unknown,Other/Unknown,0.0,Low
10051,,30.48158,71.98792,2026-07-27,Other/Unknown,Other/Unknown,0.0,Low
10052,,30.57661,72.80894,2026-07-27,Other/Unknown,Other/Unknown,0.0,Low
10081,,11.83739,79.73386,2026-07-27,Other/Unknown,Other/Unknown,0.0,Low
10086,,6.89431,81.03536,2026-07-27,Other/Unknown,Other/Unknown,1.4,Low
10087,,7.02039,81.44899,2026-07-27,Other/Unknown,Other/Unknown,0.0,Low
10088,,7.02535,81.5802,2026-07-27,Other/Unknown,Other/Unknown,0.0,Low
10095,,7.50216,81.19766,2026-07-27,Other/Unknown,Other/Unknown,0.0,Low
10112,,20.97656,96.0106,2026-07-28,Other/Unknown,Other/Unknown,6.1,Low
10117,,21.02475,95.66225,2026-07-28,Other/Unknown,Other/Unknown,0.0,Low
10118,,26.01075,93.50648,2026-07-28,Other/Unknown,Other/Unknown,0.0,Low
10132,,7.37389,81.16849,2026-07-28,Other/Unknown,Other/Unknown,0.0,Low
10137,,7.68502,81.50358,2026-07-28,Other/Unknown,Other/Unknown,0.0,Low
10139,,7.95405,81.44975,2026-07-28,Other/Unknown,Other/Unknown,0.0,Low
10143,,8.91295,80.92608,2026-07-28,Other/Unknown,Other/Unknown,0.0,Low
10151,,9.76147,78.24873,2026-07-28,Other/Unknown,Other/Unknown,0.0,Low
10156,,9.82735,78.48631,2026-07-28,Other/Unknown,Other/Unknown,0.0,Low
10166,,24.97332,68.29044,2026-07-28,Other/Unknown,Other/Unknown,0.0,Low
10168,,26.4116,70.62502,2026-07-28,Other/Unknown,Other/Unknown,0.0,Low
10169,,27.42628,70.96877,2026-07-28,Other/Unknown,Other/Unknown,0.0,Low
10170,,27.76974,68.4567,2026-07-28,Other/Unknown,Other/Unknown,0.0,Low
10172,,27.81376,69.56194,2026-07-28,Other/Unknown,Other/Unknown,0.0,Low
10173,,27.84393,69.57075,2026-07-28,Other/Unknown,Other/Unknown,0.0,Low
10178,,30.29126,71.05428,2026-07-28,Other/Unknown,Other/Unknown,0.0,Low
10179,,30.43581,72.05463,2026-07-28,Other/Unknown,Other/Unknown,0.0,Low
10180,,30.45656,71.92091,2026-07-28,Other/Unknown,Other/Unknown,0.0,Low
10181,,30.60742,72.52344,2026-07-28,Other/Unknown,Other/Unknown,0.0,Low
10182,,30.63144,72.0872,2026-07-28,Other/Unknown,Other/Unknown,0.0,Low
10184,,31.66517,70.82932,2026-07-28,Other/Unknown,Other/Unknown,0.0,Low
10186,,32.23283,71.24937,2026-07-28,Other/Unknown,Other/Unknown,0.0,Low
10225,,7.36092,81.16886,2026-07-28,Other/Unknown,Other/Unknown,0.0,Low
10227,,8.74475,80.23344,2026-07-28,Other/Unknown,Other/Unknown,0.0,Low
10248,,6.92694,81.01147,2026-07-29,Other/Unknown,Other/Unknown,0.0,Low
10257,,7.26367,81.37899,2026-07-29,Other/Unknown,Other/Unknown,0.0,Low
10260,,7.38002,81.71126,2026-07-29,Other/Unknown,Other/Unknown,0.0,Low
10277,,7.49742,81.48033,2026-07-29,Other/Unknown,Other/Unknown,0.0,Low
10281,,7.53399,81.73657,2026-07-29,Other/Unknown,Other/Unknown,0.0,Low
10283,,7.57032,81.32761,2026-07-29,Other/Unknown,Other/Unknown,0.0,Low
10286,,7.64936,81.33067,2026-07-29,Other/Unknown,Other/Unknown,0.0,Low
10287,,7.68257,81.62932,2026-07-29,Other/Unknown,Other/Unknown,0.0,Low
10290,,7.70513,81.1689,2026-07-29,Other/Unknown,Other/Unknown,0.0,Low
10291,,7.87331,81.36616,2026-07-29,Other/Unknown,Other/Unknown,0.0,Low
10294,,8.29751,77.85287,2026-07-29,Other/Unknown,Other/Unknown,0.0,Low
10295,,8.58268,77.97133,2026-07-29,Other/Unknown,Other/Unknown,0.0,Low
10301,,8.82257,77.99003,2026-07-29,Other/Unknown,Other/Unknown,0.0,Low
10303,,8.8852,78.14909,2026-07-29,Other/Unknown,Other/Unknown,0.0,Low
10304,,8.90893,77.81869,2026-07-29,Other/Unknown,Other/Unknown,1.5,Low
10305,,8.97896,77.77712,2026-07-29,Other/Unknown,Other/Unknown,0.0,Low
10306,,8.99602,80.85246,2026-07-29,Other/Unknown,Other/Unknown,0.0,Low
10307,,9.03465,80.70895,2026-07-29,Other/Unknown,Other/Unknown,0.0,Low
10311,,9.1993,77.54581,2026-07-29,Other/Unknown,Other/Unknown,0.0,Low
10312,,9.25136,77.66355,2026-07-29,Other/Unknown,Other/Unknown,0.0,Low
10313,,9.3046,77.64411,2026-07-29,Other/Unknown,Other/Unknown,0.0,Low
10314,,9.47316,77.58399,2026-07-29,Other/Unknown,Other/Unknown,0.0,Low
10315,,9.47729,78.72331,2026-07-29,Other/Unknown,Other/Unknown,0.0,Low
10319,,9.66807,77.62719,2026-07-29,Other/Unknown,Other/Unknown,0.0,Low
10322,,9.81908,78.28135,2026-07-29,Other/Unknown,Other/Unknown,1.0,Low
10323,,10.81956,78.61797,2026-07-29,Other/Unknown,Other/Unknown,0.0,Low
10324,,10.86712,79.06342,2026-07-29,Other/Unknown,Other/Unknown,0.0,Low
10325,,11.02335,79.08336,2026-07-29,Other/Unknown,Other/Unknown,0.0,Low
10327,,26.96399,73.29074,2026-07-29,Other/Unknown,Other/Unknown,0.0,Low
10330,,29.60692,71.57706,2026-07-29,Other/Unknown,Other/Unknown,0.0,Low
10331,,29.6251,71.56122,2026-07-29,Other/Unknown,Other/Unknown,0.0,Low
10334,,29.69316,73.15125,2026-07-29,Other/Unknown,Other/Unknown,0.0,Low
10335,,29.7245,72.27014,2026-07-29,Other/Unknown,Other/Unknown,0.0,Low
10336,,29.77113,72.25348,2026-07-29,Other/Unknown,Other/Unknown,0.0,Low
10337,,29.78669,72.33943,2026-07-29,Other/Unknown,Other/Unknown,0.0,Low
10338,,29.82345,72.67916,2026-07-29,Other/Unknown,Other/Unknown,0.0,Low
10339,,29.84989,72.46819,2026-07-29,Other/Unknown,Other/Unknown,0.0,Low
10340,,29.87539,72.93105,2026-07-29,Other/Unknown,Other/Unknown,0.0,Low
10341,,29.90308,71.4553,2026-07-29,Other/Unknown,Other/Unknown,0.0,Low
10342,,29.93957,72.7638,2026-07-29,Other/Unknown,Other/Unknown,0.0,Low
10343,,29.97509,72.81847,2026-07-29,Other/Unknown,Other/Unknown,0.0,Low
10344,,30.00159,72.8838,2026-07-29,Other/Unknown,Other/Unknown,0.0,Low
10345,,30.02355,72.94147,2026-07-29,Other/Unknown,Other/Unknown,0.0,Low
10346,,30.03427,71.58734,2026-07-29,Other/Unknown,Other/Unknown,0.0,Low
10347,,30.04467,73.30842,2026-07-29,Other/Unknown,Other/Unknown,0.0,Low
10351,,30.24343,73.34405,2026-07-29,Other/Unknown,Other/Unknown,0.0,Low
10353,,30.44261,73.8577,2026-07-29,Other/Unknown,Other/Unknown,0.0,Low
10354,,30.44992,71.8779,2026-07-29,Other/Unknown,Other/Unknown,0.0,Low
10355,,30.53719,72.0307,2026-07-29,Other/Unknown,Other/Unknown,0.0,Low
10356,,30.56064,72.29582,2026-07-29,Other/Unknown,Other/Unknown,0.0,Low
10357,,30.61484,73.8088,2026-07-29,Other/Unknown,Other/Unknown,0.0,Low
10358,,30.96591,72.18027,2026-07-29,Other/Unknown,Other/Unknown,0.0,Low
10359,,31.1523,72.62457,2026-07-29,Other/Unknown,Other/Unknown,0.0,Low
10362,,21.57721,96.23476,2026-07-29,Other/Unknown,Other/Unknown,9.0,Low
10364,,22.9611,85.99718,2026-07-29,Other/Unknown,Other/Unknown,0.0,Low
10382,,33.56965,72.9754,2026-07-29,Other/Unknown,Other/Unknown,0.0,Low
10385,,21.71507,84.042,2026-07-29,Other/Unknown,Other/Unknown,0.0,Low
10390,,22.15452,82.09439,2026-07-29,Other/Unknown,Other/Unknown,0.0,Low
10421,,28.96628,71.29565,2026-07-29,Other/Unknown,Other/Unknown,0.0,Low
10424,,9.67876,78.34206,2026-07-29,Other/Unknown,Other/Unknown,0.0,Low
10429,,8.84588,78.06475,2026-07-20,Other/Unknown,Other/Unknown,2.5,Low
10430,,8.84759,80.44137,2026-07-20,Other/Unknown,Other/Unknown,0.0,Low
10432,,17.37366,82.72456,2026-07-20,Other/Unknown,Other/Unknown,2.6,Low
10434,,17.62295,83.22784,2026-07-20,Other/Unknown,Other/Unknown,0.0,Low
10437,,27.93032,68.9705,2026-07-20,Other/Unknown,Other/Unknown,0.0,Low
10438,,29.4238,71.29465,2026-07-20,Other/Unknown,Other/Unknown,0.0,Low
10439,,29.52949,72.04403,2026-07-20,Other/Unknown,Other/Unknown,0.0,Low
10440,,29.54361,72.0917,2026-07-20,Other/Unknown,Other/Unknown,0.0,Low
10441,,29.56296,72.16534,2026-07-20,Other/Unknown,Other/Unknown,0.0,Low
10442,,29.75846,72.17928,2026-07-20,Other/Unknown,Other/Unknown,0.0,Low
10445,,29.80445,73.11905,2026-07-20,Other/Unknown,Other/Unknown,0.0,Low
10446,,29.85656,72.39691,2026-07-20,Other/Unknown,Other/Unknown,0.0,Low
10447,,29.87157,72.51168,2026-07-20,Other/Unknown,Other/Unknown,0.0,Low
10448,,29.8992,72.41657,2026-07-20,Other/Unknown,Other/Unknown,0.0,Low
10451,,29.98605,72.99426,2026-07-20,Other/Unknown,Other/Unknown,0.0,Low
10452,,29.99383,72.13158,2026-07-20,Other/Unknown,Other/Unknown,0.0,Low
10453,,30.00707,72.38854,2026-07-20,Other/Unknown,Other/Unknown,0.0,Low
10454,,30.04472,73.04025,2026-07-20,Other/Unknown,Other/Unknown,0.0,Low
10455,,29.90284,71.28986,2026-07-20,Other/Unknown,Other/Unknown,0.0,Low
10456,,30.00348,71.48521,2026-07-20,Other/Unknown,Other/Unknown,0.0,Low
10457,,30.09304,72.07939,2026-07-20,Other/Unknown,Other/Unknown,0.0,Low
10458,,30.27229,73.27193,2026-07-20,Other/Unknown,Other/Unknown,0.0,Low
10459,,30.31638,72.22882,2026-07-20,Other/Unknown,Other/Unknown,0.0,Low
10460,,30.38998,71.522,2026-07-20,Other/Unknown,Other/Unknown,0.0,Low
10461,,30.53148,72.14625,2026-07-20,Other/Unknown,Other/Unknown,0.0,Low
10463,,30.67879,72.66891,2026-07-20,Other/Unknown,Other/Unknown,0.0,Low
10468,,32.90594,71.87057,2026-07-20,Other/Unknown,Other/Unknown,0.0,Low
10483,,11.62482,79.27104,2026-07-20,Other/Unknown,Other/Unknown,0.0,Low
10484,,11.99332,79.00209,2026-07-20,Other/Unknown,Other/Unknown,0.0,Low
10485,,27.59517,68.40201,2026-07-20,Other/Unknown,Other/Unknown,0.0,Low
10486,,28.23427,68.0573,2026-07-20,Other/Unknown,Other/Unknown,0.0,Low
10497,,12.13372,77.06586,2026-07-21,Other/Unknown,Other/Unknown,0.0,Low
10501,,29.88006,72.34814,2026-07-21,Other/Unknown,Other/Unknown,0.0,Low
10502,,30.06366,73.24711,2026-07-21,Other/Unknown,Other/Unknown,0.0,Low
10503,,30.18739,73.00787,2026-07-21,Other/Unknown,Other/Unknown,0.0,Low
10504,,30.56271,72.05913,2026-07-21,Other/Unknown,Other/Unknown,0.0,Low
10505,,28.06035,69.14066,2026-07-21,Other/Unknown,Other/Unknown,0.0,Low
10512,,13.29847,78.88514,2026-07-21,Other/Unknown,Other/Unknown,0.0,Low
10514,,6.63734,80.80515,2026-07-21,Other/Unknown,Other/Unknown,0.0,Low
10520,,7.03579,81.41565,2026-07-21,Other/Unknown,Other/Unknown,0.0,Low
10526,,7.23955,81.28335,2026-07-21,Other/Unknown,Other/Unknown,0.0,Low
10542,,9.61574,80.34721,2026-07-22,Other/Unknown,Other/Unknown,0.0,Low
10543,,23.90411,96.32446,2026-07-22,Other/Unknown,Other/Unknown,0.0,Low
10544,,6.70873,80.85276,2026-07-22,Other/Unknown,Other/Unknown,0.0,Low
10571,,28.71034,76.85629,2026-07-22,Other/Unknown,Other/Unknown,0.0,Low
10576,,15.11372,80.01838,2026-07-22,Other/Unknown,Other/Unknown,0.0,Low
10577,,6.8862,80.84126,2026-07-22,Other/Unknown,Other/Unknown,0.0,Low
10592,,27.81458,68.56333,2026-07-22,Other/Unknown,Other/Unknown,0.0,Low
10595,,21.92758,95.21374,2026-07-23,Other/Unknown,Other/Unknown,0.0,Low
10596,,22.10042,95.90124,2026-07-23,Other/Unknown,Other/Unknown,0.0,Low
10597,,22.10207,95.91257,2026-07-23,Other/Unknown,Other/Unknown,0.0,Low
10598,,23.70821,96.22958,2026-07-23,Other/Unknown,Other/Unknown,0.0,Low
10599,,24.05978,96.50034,2026-07-23,Other/Unknown,Other/Unknown,0.0,Low
10600,,24.15282,96.59795,2026-07-23,Other/Unknown,Other/Unknown,0.0,Low
10609,,6.85208,81.77924,2026-07-23,Other/Unknown,Other/Unknown,0.0,Low
10615,,7.36771,81.32391,2026-07-23,Other/Unknown,Other/Unknown,0.0,Low
10620,,7.99709,81.22731,2026-07-23,Other/Unknown,Other/Unknown,0.0,Low
10623,,8.83569,77.65315,2026-07-23,Other/Unknown,Other/Unknown,0.0,Low
10624,,9.02358,78.04476,2026-07-23,Other/Unknown,Other/Unknown,0.0,Low
10625,,9.04247,78.23987,2026-07-23,Other/Unknown,Other/Unknown,0.0,Low
10626,,9.07191,77.80376,2026-07-23,Other/Unknown,Other/Unknown,0.0,Low
10627,,9.12108,77.88631,2026-07-23,Other/Unknown,Other/Unknown,0.0,Low
10630,,9.2478,78.51723,2026-07-23,Other/Unknown,Other/Unknown,0.0,Low
10631,,9.2689,77.47028,2026-07-23,Other/Unknown,Other/Unknown,0.0,Low
10634,,9.37534,77.57722,2026-07-23,Other/Unknown,Other/Unknown,0.0,Low
10635,,11.43772,77.28219,2026-07-23,Other/Unknown,Other/Unknown,0.0,Low
10636,,12.16714,77.35521,2026-07-23,Other/Unknown,Other/Unknown,0.0,Low
10637,,12.34391,76.98788,2026-07-23,Other/Unknown,Other/Unknown,0.0,Low
10638,,12.67344,79.98261,2026-07-23,Other/Unknown,Other/Unknown,1.4,Low
10643,,13.41916,80.11427,2026-07-23,Other/Unknown,Other/Unknown,1.5,Low
10644,,14.50444,79.57254,2026-07-23,Other/Unknown,Other/Unknown,0.0,Low
10645,,14.79391,79.6976,2026-07-23,Other/Unknown,Other/Unknown,0.0,Low
10646,,15.34883,79.76283,2026-07-23,Other/Unknown,Other/Unknown,0.0,Low
10652,,27.33779,70.41145,2026-07-23,Other/Unknown,Other/Unknown,0.0,Low
10653,,28.98049,71.05502,2026-07-23,Other/Unknown,Other/Unknown,0.0,Low
10656,,29.72292,70.8297,2026-07-23,Other/Unknown,Other/Unknown,0.0,Low
10657,,29.73502,71.9908,2026-07-23,Other/Unknown,Other/Unknown,0.0,Low
10658,,29.75451,72.27988,2026-07-23,Other/Unknown,Other/Unknown,0.0,Low
10659,,29.75894,72.25176,2026-07-23,Other/Unknown,Other/Unknown,0.0,Low
10663,,29.99867,72.80891,2026-07-23,Other/Unknown,Other/Unknown,0.0,Low
10664,,30.43141,71.9245,2026-07-23,Other/Unknown,Other/Unknown,0.0,Low
10671,,23.83777,84.94666,2026-07-23,Other/Unknown,Other/Unknown,0.0,Low
10680,,7.19041,80.70736,2026-07-23,Other/Unknown,Other/Unknown,0.0,Low
10681,,8.59833,78.12394,2026-07-23,Other/Unknown,Other/Unknown,0.0,Low
10685,,32.72549,73.13836,2026-07-23,Other/Unknown,Other/Unknown,0.0,Low
10691,,28.92535,78.86118,2026-07-23,Other/Unknown,Other/Unknown,4.6,Low
10696,,25.43198,92.97305,2026-07-24,Other/Unknown,Other/Unknown,0.0,Low
10698,,29.662,91.09743,2026-07-24,Other/Unknown,Other/Unknown,0.0,Low
10700,,30.55894,96.95905,2026-07-24,Other/Unknown,Other/Unknown,0.0,Low
10701,,6.48837,81.11826,2026-07-24,Other/Unknown,Other/Unknown,0.0,Low
10703,,6.57738,81.14003,2026-07-24,Other/Unknown,Other/Unknown,0.0,Low
10704,,6.62997,80.71651,2026-07-24,Other/Unknown,Other/Unknown,1.4,Low
10708,,6.76282,81.48987,2026-07-24,Other/Unknown,Other/Unknown,0.0,Low
10712,,6.95106,80.18589,2026-07-24,Other/Unknown,Other/Unknown,0.0,Low
10716,,6.97376,81.56111,2026-07-24,Other/Unknown,Other/Unknown,0.0,Low
10718,,7.02181,81.40991,2026-07-24,Other/Unknown,Other/Unknown,0.0,Low
10719,,7.10413,80.75703,2026-07-24,Other/Unknown,Other/Unknown,4.6,Low
10720,,7.12482,81.01981,2026-07-24,Other/Unknown,Other/Unknown,0.0,Low
10724,,7.24185,80.82436,2026-07-24,Other/Unknown,Other/Unknown,0.0,Low
10725,,7.33781,81.41362,2026-07-24,Other/Unknown,Other/Unknown,0.0,Low
10726,,7.37145,81.35811,2026-07-24,Other/Unknown,Other/Unknown,0.0,Low
10730,,7.44402,81.45377,2026-07-24,Other/Unknown,Other/Unknown,0.0,Low
10732,,7.47079,81.1949,2026-07-24,Other/Unknown,Other/Unknown,0.0,Low
10735,,7.4717,81.2524,2026-07-24,Other/Unknown,Other/Unknown,0.0,Low
10737,,7.50753,81.1461,2026-07-24,Other/Unknown,Other/Unknown,0.0,Low
10740,,7.50904,81.58691,2026-07-24,Other/Unknown,Other/Unknown,0.0,Low
10748,,7.52004,81.28622,2026-07-24,Other/Unknown,Other/Unknown,0.0,Low
10749,,7.56667,80.83149,2026-07-24,Other/Unknown,Other/Unknown,0.0,Low
10750,,7.58754,81.57207,2026-07-24,Other/Unknown,Other/Unknown,0.0,Low
10753,,7.62956,81.64996,2026-07-24,Other/Unknown,Other/Unknown,0.0,Low
10755,,7.64596,79.81832,2026-07-24,Other/Unknown,Other/Unknown,0.0,Low
10756,,7.69859,80.66898,2026-07-24,Other/Unknown,Other/Unknown,0.0,Low
10765,,8.11884,80.22372,2026-07-24,Other/Unknown,Other/Unknown,0.0,Low
10771,,8.60631,80.25991,2026-07-24,Other/Unknown,Other/Unknown,0.0,Low
10772,,8.61075,78.0201,2026-07-24,Other/Unknown,Other/Unknown,0.0,Low
10774,,8.66097,80.38425,2026-07-24,Other/Unknown,Other/Unknown,0.0,Low
10777,,8.67269,78.09673,2026-07-24,Other/Unknown,Other/Unknown,1.0,Low
10778,,8.70154,80.32458,2026-07-24,Other/Unknown,Other/Unknown,0.0,Low
10779,,8.70443,80.36985,2026-07-24,Other/Unknown,Other/Unknown,0.0,Low
10780,,8.72692,80.55143,2026-07-24,Other/Unknown,Other/Unknown,0.0,Low
10781,,8.72783,77.36877,2026-07-24,Other/Unknown,Other/Unknown,0.0,Low
10784,,8.81372,77.97733,2026-07-24,Other/Unknown,Other/Unknown,0.0,Low
10785,,8.81493,80.06245,2026-07-24,Other/Unknown,Other/Unknown,0.0,Low
10789,,8.9351,80.14677,2026-07-24,Other/Unknown,Other/Unknown,0.0,Low
10791,,8.94914,77.84123,2026-07-24,Other/Unknown,Other/Unknown,1.2,Low
10792,,9.13713,77.96883,2026-07-24,Other/Unknown,Other/Unknown,0.0,Low
10793,,9.13898,80.67506,2026-07-24,Other/Unknown,Other/Unknown,0.0,Low
10794,,9.247,77.60338,2026-07-24,Other/Unknown,Other/Unknown,0.0,Low
10795,,9.26605,79.06191,2026-07-24,Other/Unknown,Other/Unknown,0.0,Low
10796,,9.31198,80.22139,2026-07-24,Other/Unknown,Other/Unknown,0.0,Low
10797,,9.36788,78.71719,2026-07-24,Other/Unknown,Other/Unknown,0.0,Low
10798,,9.39855,77.5326,2026-07-24,Other/Unknown,Other/Unknown,0.0,Low
10799,,9.42289,77.71505,2026-07-24,Other/Unknown,Other/Unknown,0.0,Low
10800,,9.42739,78.55258,2026-07-24,Other/Unknown,Other/Unknown,0.0,Low
10801,,9.43342,78.82613,2026-07-24,Other/Unknown,Other/Unknown,0.0,Low
10803,,9.47744,78.03043,2026-07-24,Other/Unknown,Other/Unknown,0.0,Low
10804,,9.48597,78.08695,2026-07-24,Other/Unknown,Other/Unknown,0.0,Low
10807,,9.4967,78.71597,2026-07-24,Other/Unknown,Other/Unknown,0.0,Low
10810,,9.72999,77.35467,2026-07-24,Other/Unknown,Other/Unknown,0.0,Low
10811,,9.73117,78.23415,2026-07-24,Other/Unknown,Other/Unknown,0.0,Low
10812,,9.80689,78.36104,2026-07-24,Other/Unknown,Other/Unknown,0.0,Low
10813,,9.84783,78.06303,2026-07-24,Other/Unknown,Other/Unknown,0.0,Low
10814,,9.85525,78.22561,2026-07-24,Other/Unknown,Other/Unknown,0.0,Low
10815,,9.87134,77.70849,2026-07-24,Other/Unknown,Other/Unknown,0.0,Low
10816,,9.89849,78.06915,2026-07-24,Other/Unknown,Other/Unknown,0.0,Low
10817,,9.94998,78.64573,2026-07-24,Other/Unknown,Other/Unknown,0.0,Low
10821,,10.02995,77.95058,2026-07-24,Other/Unknown,Other/Unknown,0.0,Low
10822,,10.03784,78.02551,2026-07-24,Other/Unknown,Other/Unknown,0.0,Low
10824,,10.28285,78.82413,2026-07-24,Other/Unknown,Other/Unknown,0.0,Low
10829,,10.41716,77.5604,2026-07-24,Other/Unknown,Other/Unknown,0.0,Low
10830,,10.42837,77.37106,2026-07-24,Other/Unknown,Other/Unknown,0.0,Low
10831,,10.65981,77.15834,2026-07-24,Other/Unknown,Other/Unknown,0.0,Low
10834,,10.80428,79.6702,2026-07-24,Other/Unknown,Other/Unknown,0.0,Low
10835,,10.80448,78.6274,2026-07-24,Other/Unknown,Other/Unknown,0.0,Low
10838,,10.90938,79.82526,2026-07-24,Other/Unknown,Other/Unknown,1.2,Low
10839,,11.01471,77.62794,2026-07-24,Other/Unknown,Other/Unknown,0.0,Low
10840,,11.23178,78.38319,2026-07-24,Other/Unknown,Other/Unknown,0.0,Low
10843,,11.47362,79.22565,2026-07-24,Other/Unknown,Other/Unknown,0.0,Low
10844,,11.58556,78.77619,2026-07-24,Other/Unknown,Other/Unknown,1.5,Low
10845,,11.70297,78.74607,2026-07-24,Other/Unknown,Other/Unknown,0.0,Low
10846,,11.72358,78.74298,2026-07-24,Other/Unknown,Other/Unknown,0.0,Low
10847,,11.74709,78.71194,2026-07-24,Other/Unknown,Other/Unknown,0.0,Low
10848,,12.93804,79.10506,2026-07-24,Other/Unknown,Other/Unknown,0.0,Low
10849,,13.25182,78.5679,2026-07-24,Other/Unknown,Other/Unknown,0.0,Low
10850,,14.26823,77.20443,2026-07-24,Other/Unknown,Other/Unknown,0.0,Low
10851,,17.05752,81.80788,2026-07-24,Other/Unknown,Other/Unknown,0.0,Low
10854,,18.71929,76.37981,2026-07-24,Other/Unknown,Other/Unknown,0.0,Low
10855,,18.96643,76.21732,2026-07-24,Other/Unknown,Other/Unknown,0.0,Low
10867,,32.33017,72.57377,2026-07-24,Other/Unknown,Other/Unknown,0.0,Low
10874,,27.37768,77.68481,2026-07-24,Other/Unknown,Other/Unknown,0.0,Low
10877,,33.27764,72.14357,2026-07-24,Other/Unknown,Other/Unknown,0.0,Low
10894,,24.05307,80.61401,2026-07-24,Other/Unknown,Other/Unknown,1.3,Low
10897,,6.70236,81.59518,2026-07-24,Other/Unknown,Other/Unknown,0.0,Low
10898,,7.13006,80.72771,2026-07-24,Other/Unknown,Other/Unknown,0.0,Low
10899,,7.24736,81.13309,2026-07-24,Other/Unknown,Other/Unknown,0.0,Low
10902,,8.57124,78.07296,2026-07-24,Other/Unknown,Other/Unknown,0.0,Low
10905,,10.27937,77.44356,2026-07-24,Other/Unknown,Other/Unknown,0.0,Low
10909,,11.69529,78.85291,2026-07-24,Other/Unknown,Other/Unknown,0.0,Low
10911,,17.14729,78.22311,2026-07-24,Other/Unknown,Other/Unknown,0.0,Low
10936,,6.36808,81.09598,2026-07-16,Other/Unknown,Other/Unknown,0.0,Low
10942,,6.85556,81.12044,2026-07-16,Other/Unknown,Other/Unknown,0.0,Low
10946,,8.06025,81.27451,2026-07-16,Other/Unknown,Other/Unknown,0.0,Low
10947,,8.85129,78.13445,2026-07-16,Other/Unknown,Other/Unknown,0.0,Low
10948,,8.88754,80.55772,2026-07-16,Other/Unknown,Other/Unknown,0.0,Low
10983,,34.43663,72.5882,2026-07-16,Other/Unknown,Other/Unknown,0.0,Low
10993,,25.2928,68.41624,2026-07-16,Other/Unknown,Other/Unknown,0.0,Low
11005,,29.62709,90.96883,2026-07-17,Other/Unknown,Other/Unknown,6.2,Low
11006,,29.63914,91.02885,2026-07-17,Other/Unknown,Other/Unknown,4.9,Low
11007,,6.6234,80.73554,2026-07-17,Other/Unknown,Other/Unknown,0.0,Low
11022,,6.98807,81.63938,2026-07-17,Other/Unknown,Other/Unknown,0.0,Low
11039,,9.04278,80.11829,2026-07-17,Other/Unknown,Other/Unknown,0.0,Low
11040,,9.16049,80.16263,2026-07-17,Other/Unknown,Other/Unknown,0.0,Low
11041,,9.44871,78.6729,2026-07-17,Other/Unknown,Other/Unknown,0.0,Low
11045,,14.26584,77.57398,2026-07-17,Other/Unknown,Other/Unknown,0.0,Low
11050,,15.71394,76.64983,2026-07-17,Other/Unknown,Other/Unknown,0.0,Low
11051,,23.26372,68.74909,2026-07-17,Other/Unknown,Other/Unknown,0.0,Low
11057,,25.19682,68.30801,2026-07-17,Other/Unknown,Other/Unknown,0.0,Low
11063,,28.42771,68.41221,2026-07-17,Other/Unknown,Other/Unknown,0.0,Low
11064,,29.3821,71.33408,2026-07-17,Other/Unknown,Other/Unknown,0.0,Low
11065,,29.38948,71.58585,2026-07-17,Other/Unknown,Other/Unknown,0.0,Low
11073,,29.60453,72.28929,2026-07-17,Other/Unknown,Other/Unknown,0.0,Low
11077,,29.66036,71.85902,2026-07-17,Other/Unknown,Other/Unknown,0.0,Low
11078,,29.74915,71.20049,2026-07-17,Other/Unknown,Other/Unknown,0.0,Low
11079,,29.75188,72.37422,2026-07-17,Other/Unknown,Other/Unknown,0.0,Low
11089,,29.86671,72.08201,2026-07-17,Other/Unknown,Other/Unknown,0.0,Low
11090,,29.87648,71.61679,2026-07-17,Other/Unknown,Other/Unknown,0.0,Low
11095,,29.90022,71.37154,2026-07-17,Other/Unknown,Other/Unknown,0.0,Low
11100,,29.97491,71.45059,2026-07-17,Other/Unknown,Other/Unknown,0.0,Low
11106,,30.00121,73.43816,2026-07-17,Other/Unknown,Other/Unknown,0.0,Low
11107,,30.26371,73.44594,2026-07-17,Other/Unknown,Other/Unknown,0.0,Low
11109,,30.5869,73.40097,2026-07-17,Other/Unknown,Other/Unknown,0.0,Low
11112,,30.94192,73.31087,2026-07-17,Other/Unknown,Other/Unknown,0.0,Low
11113,,31.033,75.35883,2026-07-17,Other/Unknown,Other/Unknown,0.0,Low
11114,,31.35174,72.6301,2026-07-17,Other/Unknown,Other/Unknown,0.0,Low
11115,,31.38181,72.71104,2026-07-17,Other/Unknown,Other/Unknown,0.0,Low
11116,,31.43855,72.57546,2026-07-17,Other/Unknown,Other/Unknown,0.0,Low
11117,,31.44362,75.31084,2026-07-17,Other/Unknown,Other/Unknown,0.0,Low
11118,,31.56106,72.60192,2026-07-17,Other/Unknown,Other/Unknown,0.0,Low
11119,,32.61906,73.22329,2026-07-17,Other/Unknown,Other/Unknown,0.0,Low
11120,,22.05131,88.10178,2026-07-17,Other/Unknown,Other/Unknown,0.0,Low
11124,,6.82294,81.07414,2026-07-17,Other/Unknown,Other/Unknown,0.0,Low
11126,,6.96043,81.14828,2026-07-17,Other/Unknown,Other/Unknown,0.0,Low
11134,,25.92177,68.58862,2026-07-17,Other/Unknown,Other/Unknown,0.0,Low
11135,,27.92033,68.39014,2026-07-17,Other/Unknown,Other/Unknown,0.0,Low
11141,,35.87931,94.36854,2026-07-18,Other/Unknown,Other/Unknown,0.0,Low
11142,,6.38096,81.36224,2026-07-18,Other/Unknown,Other/Unknown,0.0,Low
11149,,6.83632,81.31954,2026-07-18,Other/Unknown,Other/Unknown,0.0,Low
11152,,6.89224,81.77802,2026-07-18,Other/Unknown,Other/Unknown,0.0,Low
11153,,7.09031,80.81228,2026-07-18,Other/Unknown,Other/Unknown,0.0,Low
11158,,7.36241,81.21321,2026-07-18,Other/Unknown,Other/Unknown,0.0,Low
11159,,7.52525,81.27187,2026-07-18,Other/Unknown,Other/Unknown,0.0,Low
11161,,8.41504,77.55648,2026-07-18,Other/Unknown,Other/Unknown,0.0,Low
11163,,8.60271,78.00349,2026-07-18,Other/Unknown,Other/Unknown,0.0,Low
11164,,8.7272,77.83305,2026-07-18,Other/Unknown,Other/Unknown,0.0,Low
11165,,8.75135,78.10223,2026-07-18,Other/Unknown,Other/Unknown,0.0,Low
11167,,8.76945,77.71753,2026-07-18,Other/Unknown,Other/Unknown,7.2,Low
11168,,8.81575,80.5247,2026-07-18,Other/Unknown,Other/Unknown,0.0,Low
11169,,8.81735,77.38127,2026-07-18,Other/Unknown,Other/Unknown,0.0,Low
11170,,8.85127,78.02077,2026-07-18,Other/Unknown,Other/Unknown,1.1,Low
11173,,9.07585,77.97345,2026-07-18,Other/Unknown,Other/Unknown,0.0,Low
11178,,9.18129,78.39294,2026-07-18,Other/Unknown,Other/Unknown,0.0,Low
11179,,9.22678,77.82117,2026-07-18,Other/Unknown,Other/Unknown,0.0,Low
11180,,9.24749,77.63526,2026-07-18,Other/Unknown,Other/Unknown,0.0,Low
11181,,9.33055,77.82093,2026-07-18,Other/Unknown,Other/Unknown,0.0,Low
11182,,9.34908,77.92345,2026-07-18,Other/Unknown,Other/Unknown,0.0,Low
11183,,9.39126,77.83606,2026-07-18,Other/Unknown,Other/Unknown,0.0,Low
11188,,9.77024,78.26685,2026-07-18,Other/Unknown,Other/Unknown,0.0,Low
11191,,9.83753,77.86456,2026-07-18,Other/Unknown,Other/Unknown,0.0,Low
11194,,10.04642,78.67165,2026-07-18,Other/Unknown,Other/Unknown,0.0,Low
11197,,24.44377,71.60102,2026-07-18,Other/Unknown,Other/Unknown,0.0,Low
11198,,25.39975,75.65563,2026-07-18,Other/Unknown,Other/Unknown,0.0,Low
11199,,25.41038,73.01453,2026-07-18,Other/Unknown,Other/Unknown,0.0,Low
11200,,27.36755,70.99345,2026-07-18,Other/Unknown,Other/Unknown,0.0,Low
11201,,27.58292,72.23726,2026-07-18,Other/Unknown,Other/Unknown,6.5,Low
11202,,29.42574,71.31022,2026-07-18,Other/Unknown,Other/Unknown,0.0,Low
11203,,29.48926,71.91408,2026-07-18,Other/Unknown,Other/Unknown,0.0,Low
11204,,29.49175,71.4072,2026-07-18,Other/Unknown,Other/Unknown,0.0,Low
11207,,29.55089,71.86723,2026-07-18,Other/Unknown,Other/Unknown,0.0,Low
11208,,29.68226,72.40494,2026-07-18,Other/Unknown,Other/Unknown,0.0,Low
11209,,29.68928,72.26251,2026-07-18,Other/Unknown,Other/Unknown,0.0,Low
11215,,29.71731,72.36592,2026-07-18,Other/Unknown,Other/Unknown,0.0,Low
11216,,29.73707,72.05141,2026-07-18,Other/Unknown,Other/Unknown,0.0,Low
11217,,29.74054,72.27401,2026-07-18,Other/Unknown,Other/Unknown,0.0,Low
11222,,29.7826,72.31863,2026-07-18,Other/Unknown,Other/Unknown,0.0,Low
11223,,29.79259,72.65697,2026-07-18,Other/Unknown,Other/Unknown,0.0,Low
11225,,29.83501,72.38556,2026-07-18,Other/Unknown,Other/Unknown,0.0,Low
11227,,29.856,72.16756,2026-07-18,Other/Unknown,Other/Unknown,0.0,Low
11228,,29.85951,72.68977,2026-07-18,Other/Unknown,Other/Unknown,0.0,Low
11232,,29.88773,72.07841,2026-07-18,Other/Unknown,Other/Unknown,0.0,Low
11233,,29.89588,71.67658,2026-07-18,Other/Unknown,Other/Unknown,0.0,Low
11234,,29.91452,72.19968,2026-07-18,Other/Unknown,Other/Unknown,0.0,Low
11238,,29.92919,71.33355,2026-07-18,Other/Unknown,Other/Unknown,0.0,Low
11241,,30.00618,72.49979,2026-07-18,Other/Unknown,Other/Unknown,0.0,Low
11242,,30.01335,72.55669,2026-07-18,Other/Unknown,Other/Unknown,0.0,Low
11243,,30.01995,72.46377,2026-07-18,Other/Unknown,Other/Unknown,0.0,Low
11244,,30.06091,73.00028,2026-07-18,Other/Unknown,Other/Unknown,0.0,Low
11247,,30.08667,73.08789,2026-07-18,Other/Unknown,Other/Unknown,0.0,Low
11248,,30.11219,72.09392,2026-07-18,Other/Unknown,Other/Unknown,0.0,Low
11251,,30.30381,73.45924,2026-07-18,Other/Unknown,Other/Unknown,0.0,Low
11252,,30.3659,73.21369,2026-07-18,Other/Unknown,Other/Unknown,0.0,Low
11255,,30.43272,73.8998,2026-07-18,Other/Unknown,Other/Unknown,0.0,Low
11256,,30.47059,73.74548,2026-07-18,Other/Unknown,Other/Unknown,0.0,Low
11257,,30.47648,73.62829,2026-07-18,Other/Unknown,Other/Unknown,0.0,Low
11261,,30.58892,72.90089,2026-07-18,Other/Unknown,Other/Unknown,0.0,Low
11262,,30.61271,74.0872,2026-07-18,Other/Unknown,Other/Unknown,0.0,Low
11263,,30.61494,73.66043,2026-07-18,Other/Unknown,Other/Unknown,0.0,Low
11265,,30.62915,73.81501,2026-07-18,Other/Unknown,Other/Unknown,0.0,Low
11266,,30.6524,73.84541,2026-07-18,Other/Unknown,Other/Unknown,0.0,Low
11267,,30.66295,72.77916,2026-07-18,Other/Unknown,Other/Unknown,0.0,Low
11269,,30.70196,74.20311,2026-07-18,Other/Unknown,Other/Unknown,0.0,Low
11270,,30.76127,74.03342,2026-07-18,Other/Unknown,Other/Unknown,0.0,Low
11271,,30.84304,73.91479,2026-07-18,Other/Unknown,Other/Unknown,0.0,Low
11272,,30.92797,75.4001,2026-07-18,Other/Unknown,Other/Unknown,0.0,Low
11273,,31.11067,75.27171,2026-07-18,Other/Unknown,Other/Unknown,0.0,Low
11274,,31.22036,72.61266,2026-07-18,Other/Unknown,Other/Unknown,0.0,Low
11275,,31.32314,72.57345,2026-07-18,Other/Unknown,Other/Unknown,0.0,Low
11278,,31.80156,72.8521,2026-07-18,Other/Unknown,Other/Unknown,0.0,Low
11283,,31.81894,70.8274,2026-07-18,Other/Unknown,Other/Unknown,0.0,Low
11286,,32.31618,73.6562,2026-07-18,Other/Unknown,Other/Unknown,0.0,Low
11287,,32.51828,73.37623,2026-07-18,Other/Unknown,Other/Unknown,0.0,Low
11288,,32.61697,73.20406,2026-07-18,Other/Unknown,Other/Unknown,0.0,Low
11313,,6.41437,80.94581,2026-07-18,Other/Unknown,Other/Unknown,0.0,Low
11333,,28.36193,68.19156,2026-07-18,Other/Unknown,Other/Unknown,0.0,Low
11342,,9.52781,78.55108,2026-07-18,Other/Unknown,Other/Unknown,0.0,Low
11343,,29.63159,91.14252,2026-07-19,Other/Unknown,Other/Unknown,4.0,Low
11344,,29.64514,91.29235,2026-07-19,Other/Unknown,Other/Unknown,0.0,Low
11347,,6.70052,81.01997,2026-07-19,Other/Unknown,Other/Unknown,0.0,Low
11348,,6.80833,81.41498,2026-07-19,Other/Unknown,Other/Unknown,0.0,Low
11349,,6.91853,80.87128,2026-07-19,Other/Unknown,Other/Unknown,0.0,Low
11350,,7.01098,81.43763,2026-07-19,Other/Unknown,Other/Unknown,0.0,Low
11351,,7.04524,81.41325,2026-07-19,Other/Unknown,Other/Unknown,0.0,Low
11352,,7.13577,80.80885,2026-07-19,Other/Unknown,Other/Unknown,0.0,Low
11357,,7.26201,81.2289,2026-07-19,Other/Unknown,Other/Unknown,0.0,Low
11358,,7.46911,81.38128,2026-07-19,Other/Unknown,Other/Unknown,0.0,Low
11362,,7.58322,81.47249,2026-07-19,Other/Unknown,Other/Unknown,0.0,Low
11372,,7.72033,81.28637,2026-07-19,Other/Unknown,Other/Unknown,0.0,Low
11374,,7.73981,81.2988,2026-07-19,Other/Unknown,Other/Unknown,0.0,Low
11380,,8.12668,81.11391,2026-07-19,Other/Unknown,Other/Unknown,0.0,Low
11383,,8.36466,80.65494,2026-07-19,Other/Unknown,Other/Unknown,0.0,Low
11390,,8.61504,80.32065,2026-07-19,Other/Unknown,Other/Unknown,0.0,Low
11391,,8.64384,80.4675,2026-07-19,Other/Unknown,Other/Unknown,0.0,Low
11392,,8.67647,80.57024,2026-07-19,Other/Unknown,Other/Unknown,0.0,Low
11395,,8.71944,77.69647,2026-07-19,Other/Unknown,Other/Unknown,0.0,Low
11400,,8.79503,80.52588,2026-07-19,Other/Unknown,Other/Unknown,0.0,Low
11404,,8.96518,80.84656,2026-07-19,Other/Unknown,Other/Unknown,0.0,Low
11405,,9.03257,80.08366,2026-07-19,Other/Unknown,Other/Unknown,0.0,Low
11406,,9.13697,80.50371,2026-07-19,Other/Unknown,Other/Unknown,0.0,Low
11407,,9.174,77.76717,2026-07-19,Other/Unknown,Other/Unknown,0.0,Low
11408,,9.31137,77.31067,2026-07-19,Other/Unknown,Other/Unknown,0.0,Low
11413,,9.31763,77.35015,2026-07-19,Other/Unknown,Other/Unknown,0.0,Low
11416,,9.42364,78.87246,2026-07-19,Other/Unknown,Other/Unknown,0.0,Low
11417,,9.46468,78.11044,2026-07-19,Other/Unknown,Other/Unknown,0.0,Low
11418,,9.50402,78.73427,2026-07-19,Other/Unknown,Other/Unknown,0.0,Low
11419,,9.51247,78.81163,2026-07-19,Other/Unknown,Other/Unknown,0.0,Low
11420,,16.13789,78.96819,2026-07-19,Other/Unknown,Other/Unknown,0.0,Low
11421,,16.17509,79.22315,2026-07-19,Other/Unknown,Other/Unknown,0.0,Low
11422,,16.37691,78.83487,2026-07-19,Other/Unknown,Other/Unknown,0.0,Low
11423,,16.67236,78.52065,2026-07-19,Other/Unknown,Other/Unknown,0.0,Low
11424,,16.83773,80.91231,2026-07-19,Other/Unknown,Other/Unknown,0.0,Low
11425,,16.83798,80.23949,2026-07-19,Other/Unknown,Other/Unknown,0.0,Low
11427,,17.76416,78.67516,2026-07-19,Other/Unknown,Other/Unknown,0.0,Low
11428,,23.25703,70.30906,2026-07-19,Other/Unknown,Other/Unknown,2.9,Low
11429,,26.24488,68.0185,2026-07-19,Other/Unknown,Other/Unknown,0.0,Low
11430,,27.75935,68.68353,2026-07-19,Other/Unknown,Other/Unknown,0.0,Low
11431,,28.01263,68.52065,2026-07-19,Other/Unknown,Other/Unknown,0.0,Low
11432,,28.01961,68.61913,2026-07-19,Other/Unknown,Other/Unknown,6.0,Low
11433,,28.39552,68.14349,2026-07-19,Other/Unknown,Other/Unknown,0.0,Low
11434,,31.03354,74.85312,2026-07-19,Other/Unknown,Other/Unknown,0.0,Low
11440,,14.49587,75.92569,2026-07-19,Other/Unknown,Other/Unknown,0.0,Low
11441,,20.25758,86.60252,2026-07-19,Other/Unknown,Other/Unknown,2.6,Low
1,381.0,6.71136,81.53332,2026-09-08,Other/Unknown,Other/Unknown,0.0,Low
2,381.0,6.71596,81.53243,2026-09-08,Other/Unknown,Other/Unknown,0.0,Low
1038,381.0,6.71136,81.53332,2026-09-08,Other/Unknown,Other/Unknown,0.0,Low
1039,381.0,6.71596,81.53243,2026-09-08,Other/Unknown,Other/Unknown,0.0,Low
4404,381.0,6.71188,81.53472,2026-08-30,Other/Unknown,Other/Unknown,0.0,Low
4405,381.0,6.72053,81.5371,2026-08-30,Other/Unknown,Other/Unknown,0.0,Low
4406,381.0,6.72105,81.5407,2026-08-30,Other/Unknown,Other/Unknown,0.0,Low
3,382.0,6.72456,81.28551,2026-09-08,Wildfire / Natural Fire,Wildfire / Natural Fire,16.8,Medium
1040,382.0,6.72456,81.28551,2026-09-08,Wildfire / Natural Fire,Wildfire / Natural Fire,16.8,Medium
6741,382.0,6.72955,81.2878,2026-08-22,Wildfire / Natural Fire,Wildfire / Natural Fire,16.8,Medium
6988,382.0,6.73045,81.28866,2026-08-23,Wildfire / Natural Fire,Wildfire / Natural Fire,17.0,Medium
6989,382.0,6.7437,81.28638,2026-08-23,Wildfire / Natural Fire,Wildfire / Natural Fire,17.1,Medium
8200,382.0,6.73881,81.27922,2026-08-11,Wildfire / Natural Fire,Wildfire / Natural Fire,16.6,Medium
9601,382.0,6.73361,81.28561,2026-07-25,Wildfire / Natural Fire,Wildfire / Natural Fire,16.7,Medium
4,383.0,7.61222,80.93584,2026-09-08,Wildfire / Natural Fire,Wildfire / Natural Fire,16.6,Medium
1041,383.0,7.61222,80.93584,2026-09-08,Wildfire / Natural Fire,Wildfire / Natural Fire,16.6,Medium
3635,383.0,7.60936,80.93732,2026-09-06,Wildfire / Natural Fire,Wildfire / Natural Fire,16.6,Medium
3636,383.0,7.61,80.94065,2026-09-06,Wildfire / Natural Fire,Wildfire / Natural Fire,17.0,Medium
3637,383.0,7.61005,80.94154,2026-09-06,Wildfire / Natural Fire,Wildfire / Natural Fire,16.6,Medium
6,384.0,7.97608,80.05353,2026-09-08,Wildfire / Natural Fire,Wildfire / Natural Fire,16.7,Medium
1043,384.0,7.97608,80.05353,2026-09-08,Wildfire / Natural Fire,Wildfire / Natural Fire,16.7,Medium
7,385.0,8.15005,81.13979,2026-09-08,Other/Unknown,Other/Unknown,0.0,Low
1044,385.0,8.15005,81.13979,2026-09-08,Other/Unknown,Other/Unknown,0.0,Low
8,386.0,8.54175,80.52318,2026-09-08,Other/Unknown,Other/Unknown,0.0,Low
1045,386.0,8.54175,80.52318,2026-09-08,Other/Unknown,Other/Unknown,0.0,Low
9,387.0,9.37813,80.43444,2026-09-08,Other/Unknown,Other/Unknown,0.0,Low
1046,387.0,9.37813,80.43444,2026-09-08,Other/Unknown,Other/Unknown,0.0,Low
5,388.0,7.95023,80.10661,2026-09-08,Other/Unknown,Other/Unknown,0.0,Low
272,388.0,7.96101,80.10643,2026-09-09,Other/Unknown,Other/Unknown,0.0,Low
555,388.0,7.95035,80.10378,2026-09-10,Other/Unknown,Other/Unknown,0.0,Low
827,388.0,7.95252,80.10713,2026-09-11,Other/Unknown,Other/Unknown,0.0,Low
828,388.0,7.95602,80.10657,2026-09-11,Other/Unknown,Other/Unknown,0.0,Low
1042,388.0,7.95023,80.10661,2026-09-08,Other/Unknown,Other/Unknown,0.0,Low
1309,388.0,7.96101,80.10643,2026-09-09,Other/Unknown,Other/Unknown,0.0,Low
1592,388.0,7.95035,80.10378,2026-09-10,Other/Unknown,Other/Unknown,0.0,Low
1864,388.0,7.95252,80.10713,2026-09-11,Other/Unknown,Other/Unknown,0.0,Low
1865,388.0,7.95602,80.10657,2026-09-11,Other/Unknown,Other/Unknown,0.0,Low
4629,388.0,7.95897,80.09814,2026-08-31,Other/Unknown,Other/Unknown,0.0,Low
13,389.0,11.16977,79.58669,2026-09-08,Other/Unknown,Other/Unknown,0.0,Low
1050,389.0,11.16977,79.58669,2026-09-08,Other/Unknown,Other/Unknown,0.0,Low
14,390.0,11.44852,79.55484,2026-09-08,Industrial Fire,Industrial Fire,98.5,Critical
1051,390.0,11.44852,79.55484,2026-09-08,Industrial Fire,Industrial Fire,98.5,Critical
17,391.0,11.91456,78.91544,2026-09-08,Other/Unknown,Other/Unknown,0.0,Low
1054,391.0,11.91456,78.91544,2026-09-08,Other/Unknown,Other/Unknown,0.0,Low
10,392.0,10.41876,79.25484,2026-09-08,Wildfire / Natural Fire,Wildfire / Natural Fire,16.5,Medium
11,392.0,10.42313,79.25229,2026-09-08,Wildfire / Natural Fire,Wildfire / Natural Fire,16.7,Medium
12,392.0,10.42577,79.25342,2026-09-08,Wildfire / Natural Fire,Wildfire / Natural Fire,16.5,Medium
1047,392.0,10.41876,79.25484,2026-09-08,Wildfire / Natural Fire,Wildfire / Natural Fire,16.5,Medium
1048,392.0,10.42313,79.25229,2026-09-08,Wildfire / Natural Fire,Wildfire / Natural Fire,16.7,Medium
1049,392.0,10.42577,79.25342,2026-09-08,Wildfire / Natural Fire,Wildfire / Natural Fire,16.5,Medium
23,393.0,22.68995,92.1611,2026-09-08,Other/Unknown,Other/Unknown,0.0,Low
1060,393.0,22.68995,92.1611,2026-09-08,Other/Unknown,Other/Unknown,0.0,Low
25,394.0,27.94888,95.25629,2026-09-08,Other/Unknown,Other/Unknown,0.0,Low
1062,394.0,27.94888,95.25629,2026-09-08,Other/Unknown,Other/Unknown,0.0,Low
26,395.0,28.65772,77.57368,2026-09-08,Industrial Fire,Industrial Fire,98.8,Critical
1063,395.0,28.65772,77.57368,2026-09-08,Industrial Fire,Industrial Fire,98.8,Critical
4125,395.0,28.66099,77.57737,2026-09-07,Industrial Fire,Industrial Fire,98.8,Critical
6935,395.0,28.66381,77.57708,2026-08-22,Industrial Fire,Industrial Fire,98.8,Critical
10375,395.0,28.66101,77.58128,2026-07-29,Industrial Fire,Industrial Fire,98.7,Critical
10376,395.0,28.66223,77.57938,2026-07-29,Industrial Fire,Industrial Fire,98.8,Critical
10507,395.0,28.66147,77.57709,2026-07-21,Industrial Fire,Industrial Fire,98.8,Critical
10508,395.0,28.66513,77.57671,2026-07-21,Industrial Fire,Industrial Fire,98.8,Critical
15,396.0,11.71798,79.20487,2026-09-08,Other/Unknown,Other/Unknown,0.0,Low
16,396.0,11.71861,79.20637,2026-09-08,Other/Unknown,Other/Unknown,0.0,Low
1052,396.0,11.71798,79.20487,2026-09-08,Other/Unknown,Other/Unknown,0.0,Low
1053,396.0,11.71861,79.20637,2026-09-08,Other/Unknown,Other/Unknown,0.0,Low
30,397.0,31.21099,75.96707,2026-09-08,Other/Unknown,Other/Unknown,0.0,Low
1067,397.0,31.21099,75.96707,2026-09-08,Other/Unknown,Other/Unknown,0.0,Low
18,398.0,16.86624,79.28669,2026-09-08,Wildfire / Natural Fire,Wildfire / Natural Fire,16.7,Medium
19,398.0,16.86987,79.28905,2026-09-08,Wildfire / Natural Fire,Wildfire / Natural Fire,16.7,Medium
1055,398.0,16.86624,79.28669,2026-09-08,Wildfire / Natural Fire,Wildfire / Natural Fire,16.7,Medium
1056,398.0,16.86987,79.28905,2026-09-08,Wildfire / Natural Fire,Wildfire / Natural Fire,16.7,Medium
20,399.0,17.42077,82.34301,2026-09-08,Other/Unknown,Other/Unknown,0.0,Low
21,399.0,17.42123,82.3414,2026-09-08,Other/Unknown,Other/Unknown,0.0,Low
1057,399.0,17.42077,82.34301,2026-09-08,Other/Unknown,Other/Unknown,0.0,Low
1058,399.0,17.42123,82.3414,2026-09-08,Other/Unknown,Other/Unknown,0.0,Low
22,400.0,19.09924,82.16588,2026-09-08,Persistent Industrial Thermal Source,Persistent Industrial Thermal Source,59.0,High
92,400.0,19.10295,82.16367,2026-09-08,Persistent Industrial Thermal Source,Persistent Industrial Thermal Source,58.6,High
161,400.0,19.0977,82.16817,2026-09-08,Persistent Industrial Thermal Source,Persistent Industrial Thermal Source,58.9,High
1059,400.0,19.09924,82.16588,2026-09-08,Persistent Industrial Thermal Source,Persistent Industrial Thermal Source,59.0,High
1129,400.0,19.10295,82.16367,2026-09-08,Persistent Industrial Thermal Source,Persistent Industrial Thermal Source,58.6,High
1198,400.0,19.0977,82.16817,2026-09-08,Persistent Industrial Thermal Source,Persistent Industrial Thermal Source,58.9,High
2766,400.0,19.08846,82.17459,2026-09-04,Persistent Industrial Thermal Source,Persistent Industrial Thermal Source,59.0,High
2767,400.0,19.0896,82.17361,2026-09-04,Persistent Industrial Thermal Source,Persistent Industrial Thermal Source,59.1,High
2768,400.0,19.09592,82.16854,2026-09-04,Persistent Industrial Thermal Source,Persistent Industrial Thermal Source,59.0,High
2769,400.0,19.09711,82.16754,2026-09-04,Persistent Industrial Thermal Source,Persistent Industrial Thermal Source,58.9,High
2845,400.0,19.09743,82.16936,2026-09-04,Persistent Industrial Thermal Source,Persistent Industrial Thermal Source,58.9,High
2846,400.0,19.10059,82.1667,2026-09-04,Persistent Industrial Thermal Source,Persistent Industrial Thermal Source,58.8,High
3369,400.0,19.09782,82.1674,2026-09-05,Persistent Industrial Thermal Source,Persistent Industrial Thermal Source,59.2,High
3370,400.0,19.10191,82.16685,2026-09-05,Persistent Industrial Thermal Source,Persistent Industrial Thermal Source,58.9,High
3580,400.0,19.09932,82.16781,2026-09-05,Persistent Industrial Thermal Source,Persistent Industrial Thermal Source,58.9,High
3581,400.0,19.10373,82.16882,2026-09-05,Persistent Industrial Thermal Source,Persistent Industrial Thermal Source,58.5,High
3771,400.0,19.09155,82.1703,2026-09-06,Persistent Industrial Thermal Source,Persistent Industrial Thermal Source,59.1,High
3772,400.0,19.09906,82.16767,2026-09-06,Persistent Industrial Thermal Source,Persistent Industrial Thermal Source,59.0,High
3773,400.0,19.10248,82.16832,2026-09-06,Persistent Industrial Thermal Source,Persistent Industrial Thermal Source,58.6,High
3774,400.0,19.10314,82.16439,2026-09-06,Persistent Industrial Thermal Source,Persistent Industrial Thermal Source,58.6,High
4008,400.0,19.10229,82.16896,2026-09-07,Persistent Industrial Thermal Source,Persistent Industrial Thermal Source,59.0,High
4139,400.0,19.09837,82.16897,2026-09-07,Persistent Industrial Thermal Source,Persistent Industrial Thermal Source,58.8,High
4140,400.0,19.09908,82.16777,2026-09-07,Persistent Industrial Thermal Source,Persistent Industrial Thermal Source,58.8,High
4141,400.0,19.10188,82.16952,2026-09-07,Persistent Industrial Thermal Source,Persistent Industrial Thermal Source,58.6,High
4142,400.0,19.10259,82.16832,2026-09-07,Persistent Industrial Thermal Source,Persistent Industrial Thermal Source,58.6,High
4143,400.0,19.10317,82.1642,2026-09-07,Persistent Industrial Thermal Source,Persistent Industrial Thermal Source,58.6,High
9003,400.0,19.09618,82.16873,2026-07-30,Persistent Industrial Thermal Source,Persistent Industrial Thermal Source,58.9,High
9551,400.0,19.09864,82.16866,2026-08-02,Persistent Industrial Thermal Source,Persistent Industrial Thermal Source,58.8,High
9552,400.0,19.09899,82.16546,2026-08-02,Persistent Industrial Thermal Source,Persistent Industrial Thermal Source,58.8,High
10570,400.0,19.09634,82.16804,2026-07-22,Persistent Industrial Thermal Source,Persistent Industrial Thermal Source,58.9,High
11293,400.0,19.10003,82.16237,2026-07-18,Persistent Industrial Thermal Source,Persistent Industrial Thermal Source,58.8,High
24,401.0,23.67418,86.0887,2026-09-08,Other/Unknown,Other/Unknown,0.0,Low
142,401.0,23.67217,86.11553,2026-09-08,Other/Unknown,Other/Unknown,0.0,Low
143,401.0,23.68253,86.09591,2026-09-08,Other/Unknown,Other/Unknown,0.0,Low
144,401.0,23.69677,86.07681,2026-09-08,Other/Unknown,Other/Unknown,0.0,Low
957,401.0,23.66734,86.09063,2026-09-11,Other/Unknown,Other/Unknown,0.0,Low
960,401.0,23.6774,86.1067,2026-09-11,Other/Unknown,Other/Unknown,0.0,Low
971,401.0,23.69616,86.07954,2026-09-11,Other/Unknown,Other/Unknown,0.0,Low
972,401.0,23.69703,86.07521,2026-09-11,Other/Unknown,Other/Unknown,0.0,Low
973,401.0,23.6979,86.07088,2026-09-11,Other/Unknown,Other/Unknown,0.0,Low
974,401.0,23.70125,86.07622,2026-09-11,Other/Unknown,Other/Unknown,0.0,Low
1061,401.0,23.67418,86.0887,2026-09-08,Other/Unknown,Other/Unknown,0.0,Low
1179,401.0,23.67217,86.11553,2026-09-08,Other/Unknown,Other/Unknown,0.0,Low
1180,401.0,23.68253,86.09591,2026-09-08,Other/Unknown,Other/Unknown,0.0,Low
1181,401.0,23.69677,86.07681,2026-09-08,Other/Unknown,Other/Unknown,0.0,Low
1994,401.0,23.66734,86.09063,2026-09-11,Other/Unknown,Other/Unknown,0.0,Low
1997,401.0,23.6774,86.1067,2026-09-11,Other/Unknown,Other/Unknown,0.0,Low
2008,401.0,23.69616,86.07954,2026-09-11,Other/Unknown,Other/Unknown,0.0,Low
2009,401.0,23.69703,86.07521,2026-09-11,Other/Unknown,Other/Unknown,0.0,Low
2010,401.0,23.6979,86.07088,2026-09-11,Other/Unknown,Other/Unknown,0.0,Low
2011,401.0,23.70125,86.07622,2026-09-11,Other/Unknown,Other/Unknown,0.0,Low
2730,401.0,23.67852,86.08686,2026-09-04,Other/Unknown,Other/Unknown,0.0,Low
2732,401.0,23.67895,86.09338,2026-09-04,Other/Unknown,Other/Unknown,0.0,Low
2734,401.0,23.6793,86.08908,2026-09-04,Other/Unknown,Other/Unknown,0.0,Low
2735,401.0,23.67966,86.08476,2026-09-04,Other/Unknown,Other/Unknown,0.0,Low
2737,401.0,23.68351,86.09599,2026-09-04,Other/Unknown,Other/Unknown,0.0,Low
2738,401.0,23.68471,86.09391,2026-09-04,Other/Unknown,Other/Unknown,0.0,Low
2822,401.0,23.67849,86.08708,2026-09-04,Other/Unknown,Other/Unknown,0.0,Low
2823,401.0,23.67941,86.08627,2026-09-04,Other/Unknown,Other/Unknown,0.0,Low
3542,401.0,23.67692,86.08581,2026-09-05,Other/Unknown,Other/Unknown,0.0,Low
3546,401.0,23.68052,86.094,2026-09-05,Other/Unknown,Other/Unknown,0.0,Low
3551,401.0,23.69453,86.07994,2026-09-05,Other/Unknown,Other/Unknown,0.0,Low
3552,401.0,23.70117,86.07451,2026-09-05,Other/Unknown,Other/Unknown,0.0,Low
4107,401.0,23.69606,86.07864,2026-09-07,Other/Unknown,Other/Unknown,0.0,Low
5297,401.0,23.66686,86.09244,2026-09-02,Other/Unknown,Other/Unknown,0.0,Low
6507,401.0,23.66762,86.09156,2026-08-20,Other/Unknown,Other/Unknown,0.0,Low
6508,401.0,23.67428,86.08614,2026-08-20,Other/Unknown,Other/Unknown,0.0,Low
6512,401.0,23.67731,86.07244,2026-08-20,Other/Unknown,Other/Unknown,0.0,Low
6513,401.0,23.68017,86.08412,2026-08-20,Other/Unknown,Other/Unknown,0.0,Low
6515,401.0,23.68078,86.08385,2026-08-20,Other/Unknown,Other/Unknown,0.0,Low
6615,401.0,23.67682,86.08707,2026-08-21,Other/Unknown,Other/Unknown,0.0,Low
6617,401.0,23.68191,86.0946,2026-08-21,Other/Unknown,Other/Unknown,0.0,Low
6646,401.0,23.6783,86.10711,2026-08-21,Other/Unknown,Other/Unknown,0.0,Low
6647,401.0,23.67846,86.08486,2026-08-21,Other/Unknown,Other/Unknown,0.0,Low
6866,401.0,23.67667,86.08633,2026-08-22,Other/Unknown,Other/Unknown,0.0,Low
6870,401.0,23.68147,86.0988,2026-08-22,Other/Unknown,Other/Unknown,0.0,Low
6871,401.0,23.68207,86.09506,2026-08-22,Other/Unknown,Other/Unknown,0.0,Low
7060,401.0,23.67103,86.11588,2026-08-23,Other/Unknown,Other/Unknown,0.0,Low
7061,401.0,23.675,86.08497,2026-08-23,Other/Unknown,Other/Unknown,0.0,Low
7531,401.0,23.67724,86.0871,2026-08-16,Other/Unknown,Other/Unknown,0.0,Low
7532,401.0,23.68001,86.09234,2026-08-16,Other/Unknown,Other/Unknown,0.0,Low
7533,401.0,23.68162,86.0834,2026-08-16,Other/Unknown,Other/Unknown,0.0,Low
7534,401.0,23.68358,86.09312,2026-08-16,Other/Unknown,Other/Unknown,0.0,Low
7905,401.0,23.67829,86.09538,2026-08-09,Other/Unknown,Other/Unknown,0.0,Low
7906,401.0,23.679,86.08202,2026-08-09,Other/Unknown,Other/Unknown,0.0,Low
7907,401.0,23.67917,86.08173,2026-08-09,Other/Unknown,Other/Unknown,0.0,Low
8028,401.0,23.70715,86.07474,2026-08-09,Other/Unknown,Other/Unknown,0.0,Low
8321,401.0,23.66853,86.09152,2026-08-11,Other/Unknown,Other/Unknown,0.0,Low
8324,401.0,23.67595,86.08894,2026-08-11,Other/Unknown,Other/Unknown,0.0,Low
8326,401.0,23.67662,86.08499,2026-08-11,Other/Unknown,Other/Unknown,0.0,Low
8328,401.0,23.68136,86.0982,2026-08-11,Other/Unknown,Other/Unknown,0.0,Low
8329,401.0,23.68203,86.09425,2026-08-11,Other/Unknown,Other/Unknown,0.0,Low
8331,401.0,23.68405,86.08242,2026-08-11,Other/Unknown,Other/Unknown,0.0,Low
8332,401.0,23.70293,86.07401,2026-08-11,Other/Unknown,Other/Unknown,0.0,Low
8333,401.0,23.7036,86.07006,2026-08-11,Other/Unknown,Other/Unknown,0.0,Low
8334,401.0,23.7063,86.07467,2026-08-11,Other/Unknown,Other/Unknown,0.0,Low
8335,401.0,23.70697,86.07074,2026-08-11,Other/Unknown,Other/Unknown,0.0,Low
9219,401.0,23.67758,86.10032,2026-07-31,Other/Unknown,Other/Unknown,0.0,Low
9287,401.0,23.66936,86.09069,2026-07-31,Other/Unknown,Other/Unknown,0.0,Low
9288,401.0,23.67242,86.11469,2026-07-31,Other/Unknown,Other/Unknown,0.0,Low
9289,401.0,23.67734,86.08775,2026-07-31,Other/Unknown,Other/Unknown,0.0,Low
9290,401.0,23.67816,86.08326,2026-07-31,Other/Unknown,Other/Unknown,0.0,Low
9291,401.0,23.67928,86.09749,2026-07-31,Other/Unknown,Other/Unknown,0.0,Low
9292,401.0,23.6801,86.09299,2026-07-31,Other/Unknown,Other/Unknown,0.0,Low
9293,401.0,23.68174,86.08404,2026-07-31,Other/Unknown,Other/Unknown,0.0,Low
9294,401.0,23.68368,86.09378,2026-07-31,Other/Unknown,Other/Unknown,0.0,Low
9295,401.0,23.6845,86.08928,2026-07-31,Other/Unknown,Other/Unknown,0.0,Low
9296,401.0,23.6889,86.08559,2026-07-31,Other/Unknown,Other/Unknown,0.0,Low
9303,401.0,23.6985,86.07369,2026-07-31,Other/Unknown,Other/Unknown,0.0,Low
9428,401.0,23.67486,86.08758,2026-08-01,Other/Unknown,Other/Unknown,0.0,Low
9431,401.0,23.67879,86.0843,2026-08-01,Other/Unknown,Other/Unknown,0.0,Low
9433,401.0,23.68041,86.09647,2026-08-01,Other/Unknown,Other/Unknown,0.0,Low
9509,401.0,23.6746,86.08565,2026-08-02,Other/Unknown,Other/Unknown,0.0,Low
9510,401.0,23.67882,86.08623,2026-08-02,Other/Unknown,Other/Unknown,0.0,Low
9511,401.0,23.68204,86.09521,2026-08-02,Other/Unknown,Other/Unknown,0.0,Low
9890,401.0,23.68119,86.09357,2026-07-26,Other/Unknown,Other/Unknown,0.0,Low
10199,401.0,23.66817,86.09103,2026-07-28,Other/Unknown,Other/Unknown,0.0,Low
10200,401.0,23.68217,86.09277,2026-07-28,Other/Unknown,Other/Unknown,0.0,Low
10201,401.0,23.68333,86.08221,2026-07-28,Other/Unknown,Other/Unknown,0.0,Low
10205,401.0,23.69852,86.07339,2026-07-28,Other/Unknown,Other/Unknown,0.0,Low
10206,401.0,23.70085,86.07504,2026-07-28,Other/Unknown,Other/Unknown,0.0,Low
10918,401.0,23.66844,86.09177,2026-07-16,Other/Unknown,Other/Unknown,0.0,Low
10919,401.0,23.67631,86.08523,2026-07-16,Other/Unknown,Other/Unknown,0.0,Low
10920,401.0,23.67966,86.08582,2026-07-16,Other/Unknown,Other/Unknown,0.0,Low
10921,401.0,23.6836,86.08253,2026-07-16,Other/Unknown,Other/Unknown,0.0,Low
10922,401.0,23.69482,86.07656,2026-07-16,Other/Unknown,Other/Unknown,0.0,Low
10923,401.0,23.69818,86.07716,2026-07-16,Other/Unknown,Other/Unknown,0.0,Low
27,402.0,29.9065,74.94508,2026-09-08,Other/Unknown,Other/Unknown,5.0,Low
28,402.0,29.90792,74.9504,2026-09-08,Other/Unknown,Other/Unknown,5.2,Low
29,402.0,29.90838,74.94791,2026-09-08,Other/Unknown,Other/Unknown,5.1,Low
1064,402.0,29.9065,74.94508,2026-09-08,Other/Unknown,Other/Unknown,5.0,Low
1065,402.0,29.90792,74.9504,2026-09-08,Other/Unknown,Other/Unknown,5.2,Low
1066,402.0,29.90838,74.94791,2026-09-08,Other/Unknown,Other/Unknown,5.1,Low
2708,402.0,29.911,74.95192,2026-09-04,Other/Unknown,Other/Unknown,0.0,Low
4127,402.0,29.90967,74.95046,2026-09-07,Other/Unknown,Other/Unknown,0.0,Low
4128,402.0,29.91,74.94514,2026-09-07,Other/Unknown,Other/Unknown,4.9,Low
4129,402.0,29.91032,74.93981,2026-09-07,Other/Unknown,Other/Unknown,4.9,Low
4283,402.0,29.90457,74.95105,2026-09-07,Other/Unknown,Other/Unknown,4.5,Low
4284,402.0,29.90722,74.95615,2026-09-07,Other/Unknown,Other/Unknown,4.7,Low
4285,402.0,29.90849,74.95123,2026-09-07,Other/Unknown,Other/Unknown,0.0,Low
4286,402.0,29.90907,74.95796,2026-09-07,Other/Unknown,Other/Unknown,0.0,Low
4287,402.0,29.90977,74.9463,2026-09-07,Other/Unknown,Other/Unknown,4.8,Low
4288,402.0,29.91037,74.95306,2026-09-07,Other/Unknown,Other/Unknown,0.0,Low
4289,402.0,29.91168,74.94814,2026-09-07,Other/Unknown,Other/Unknown,1.5,Low
4336,402.0,29.90926,74.9532,2026-08-29,Other/Unknown,Other/Unknown,0.0,Low
5736,402.0,29.92137,74.95252,2026-08-26,Other/Unknown,Other/Unknown,4.2,Low
5879,402.0,29.90909,74.95557,2026-08-27,Other/Unknown,Other/Unknown,0.0,Low
5880,402.0,29.9094,74.95135,2026-08-27,Other/Unknown,Other/Unknown,0.0,Low
5881,402.0,29.90971,74.94712,2026-08-27,Other/Unknown,Other/Unknown,4.9,Low
5882,402.0,29.91002,74.94289,2026-08-27,Other/Unknown,Other/Unknown,5.0,Low
5883,402.0,29.91033,74.93867,2026-08-27,Other/Unknown,Other/Unknown,5.0,Low
5884,402.0,29.91498,74.95193,2026-08-27,Other/Unknown,Other/Unknown,4.3,Low
5885,402.0,29.91529,74.9477,2026-08-27,Other/Unknown,Other/Unknown,1.0,Low
5930,402.0,29.90638,74.95924,2026-08-27,Other/Unknown,Other/Unknown,5.4,Low
5931,402.0,29.90671,74.9599,2026-08-27,Other/Unknown,Other/Unknown,5.1,Low
5932,402.0,29.90808,74.95317,2026-08-27,Other/Unknown,Other/Unknown,5.0,Low
5933,402.0,29.90838,74.95381,2026-08-27,Other/Unknown,Other/Unknown,0.0,Low
5934,402.0,29.90978,74.9471,2026-08-27,Other/Unknown,Other/Unknown,5.1,Low
5935,402.0,29.91005,74.94773,2026-08-27,Other/Unknown,Other/Unknown,6.0,Low
5936,402.0,29.91436,74.95547,2026-08-27,Other/Unknown,Other/Unknown,5.1,Low
5937,402.0,29.91466,74.95614,2026-08-27,Other/Unknown,Other/Unknown,5.1,Low
5938,402.0,29.91607,74.94938,2026-08-27,Other/Unknown,Other/Unknown,1.8,Low
6183,402.0,29.90848,74.94983,2026-08-19,Other/Unknown,Other/Unknown,4.3,Low
6449,402.0,29.91072,74.94928,2026-08-20,Other/Unknown,Other/Unknown,0.0,Low
9329,402.0,29.90904,74.94445,2026-07-31,Other/Unknown,Other/Unknown,4.4,Low
9330,402.0,29.91071,74.94379,2026-07-31,Other/Unknown,Other/Unknown,1.2,Low
10977,402.0,29.91152,74.95273,2026-07-16,Other/Unknown,Other/Unknown,4.2,Low
10978,402.0,29.91254,74.94865,2026-07-16,Other/Unknown,Other/Unknown,4.2,Low
42,403.0,8.43047,80.35378,2026-09-08,Other/Unknown,Other/Unknown,0.0,Low
1079,403.0,8.43047,80.35378,2026-09-08,Other/Unknown,Other/Unknown,0.0,Low
2602,403.0,8.43084,80.35042,2026-09-04,Other/Unknown,Other/Unknown,0.0,Low
44,404.0,8.68277,80.80513,2026-09-08,Other/Unknown,Other/Unknown,0.0,Low
1081,404.0,8.68277,80.80513,2026-09-08,Other/Unknown,Other/Unknown,0.0,Low
48,405.0,9.24284,77.45622,2026-09-08,Other/Unknown,Other/Unknown,0.6,Low
1085,405.0,9.24284,77.45622,2026-09-08,Other/Unknown,Other/Unknown,0.6,Low
50,406.0,9.34557,78.82265,2026-09-08,Other/Unknown,Other/Unknown,4.5,Low
1087,406.0,9.34557,78.82265,2026-09-08,Other/Unknown,Other/Unknown,4.5,Low
53,407.0,9.48111,78.22231,2026-09-08,Industrial Fire,Industrial Fire,98.2,Critical
1090,407.0,9.48111,78.22231,2026-09-08,Industrial Fire,Industrial Fire,98.2,Critical
54,408.0,9.53493,78.64525,2026-09-08,Other/Unknown,Other/Unknown,8.8,Low
1091,408.0,9.53493,78.64525,2026-09-08,Other/Unknown,Other/Unknown,8.8,Low
31,409.0,6.38879,81.01832,2026-09-08,Other/Unknown,Other/Unknown,0.0,Low
32,409.0,6.39152,81.01944,2026-09-08,Other/Unknown,Other/Unknown,0.0,Low
1068,409.0,6.38879,81.01832,2026-09-08,Other/Unknown,Other/Unknown,0.0,Low
1069,409.0,6.39152,81.01944,2026-09-08,Other/Unknown,Other/Unknown,0.0,Low
4789,409.0,6.39061,81.01627,2026-09-01,Other/Unknown,Other/Unknown,0.0,Low
33,410.0,7.56449,81.01935,2026-09-08,Wildfire / Natural Fire,Wildfire / Natural Fire,16.8,Medium
35,410.0,7.56799,81.02248,2026-09-08,Wildfire / Natural Fire,Wildfire / Natural Fire,16.7,Medium
1070,410.0,7.56449,81.01935,2026-09-08,Wildfire / Natural Fire,Wildfire / Natural Fire,16.8,Medium
1072,410.0,7.56799,81.02248,2026-09-08,Wildfire / Natural Fire,Wildfire / Natural Fire,16.7,Medium
2108,410.0,7.56428,81.02858,2026-09-12,Wildfire / Natural Fire,Wildfire / Natural Fire,16.6,Medium
34,411.0,7.56569,81.05844,2026-09-08,Wildfire / Natural Fire,Wildfire / Natural Fire,16.9,Medium
36,411.0,7.56993,81.06039,2026-09-08,Wildfire / Natural Fire,Wildfire / Natural Fire,16.7,Medium
1071,411.0,7.56569,81.05844,2026-09-08,Wildfire / Natural Fire,Wildfire / Natural Fire,16.9,Medium
1073,411.0,7.56993,81.06039,2026-09-08,Wildfire / Natural Fire,Wildfire / Natural Fire,16.7,Medium
37,412.0,7.7091,80.68776,2026-09-08,Wildfire / Natural Fire,Wildfire / Natural Fire,16.7,Medium
38,412.0,7.70964,80.69207,2026-09-08,Wildfire / Natural Fire,Wildfire / Natural Fire,17.0,Medium
39,412.0,7.71078,80.68703,2026-09-08,Wildfire / Natural Fire,Wildfire / Natural Fire,16.7,Medium
40,412.0,7.71136,80.69144,2026-09-08,Wildfire / Natural Fire,Wildfire / Natural Fire,16.7,Medium
1074,412.0,7.7091,80.68776,2026-09-08,Wildfire / Natural Fire,Wildfire / Natural Fire,16.7,Medium
1075,412.0,7.70964,80.69207,2026-09-08,Wildfire / Natural Fire,Wildfire / Natural Fire,17.0,Medium
1076,412.0,7.71078,80.68703,2026-09-08,Wildfire / Natural Fire,Wildfire / Natural Fire,16.7,Medium
1077,412.0,7.71136,80.69144,2026-09-08,Wildfire / Natural Fire,Wildfire / Natural Fire,16.7,Medium
62,413.0,12.06157,77.02383,2026-09-08,Other/Unknown,Other/Unknown,0.0,Low
1099,413.0,12.06157,77.02383,2026-09-08,Other/Unknown,Other/Unknown,0.0,Low
63,414.0,12.09969,77.06045,2026-09-08,Other/Unknown,Other/Unknown,0.0,Low
1100,414.0,12.09969,77.06045,2026-09-08,Other/Unknown,Other/Unknown,0.0,Low
64,415.0,12.6018,76.3521,2026-09-08,Other/Unknown,Other/Unknown,0.0,Low
1101,415.0,12.6018,76.3521,2026-09-08,Other/Unknown,Other/Unknown,0.0,Low
65,416.0,12.68629,79.22961,2026-09-08,Other/Unknown,Other/Unknown,0.0,Low
1102,416.0,12.68629,79.22961,2026-09-08,Other/Unknown,Other/Unknown,0.0,Low
66,417.0,13.76837,76.63393,2026-09-08,Other/Unknown,Other/Unknown,0.0,Low
1103,417.0,13.76837,76.63393,2026-09-08,Other/Unknown,Other/Unknown,0.0,Low
67,418.0,14.2825,76.63771,2026-09-08,Other/Unknown,Other/Unknown,0.0,Low
1104,418.0,14.2825,76.63771,2026-09-08,Other/Unknown,Other/Unknown,0.0,Low
68,419.0,16.83965,76.57693,2026-09-08,Other/Unknown,Other/Unknown,0.0,Low
1105,419.0,16.83965,76.57693,2026-09-08,Other/Unknown,Other/Unknown,0.0,Low
69,420.0,20.81934,71.06818,2026-09-08,Other/Unknown,Other/Unknown,0.0,Low
1106,420.0,20.81934,71.06818,2026-09-08,Other/Unknown,Other/Unknown,0.0,Low
41,421.0,7.84198,79.8895,2026-09-08,Other/Unknown,Other/Unknown,8.6,Low
551,421.0,7.83892,79.8868,2026-09-10,Other/Unknown,Other/Unknown,12.8,Low
552,421.0,7.84237,79.88628,2026-09-10,Other/Unknown,Other/Unknown,9.5,Low
1078,421.0,7.84198,79.8895,2026-09-08,Other/Unknown,Other/Unknown,8.6,Low
1588,421.0,7.83892,79.8868,2026-09-10,Other/Unknown,Other/Unknown,12.8,Low
1589,421.0,7.84237,79.88628,2026-09-10,Other/Unknown,Other/Unknown,9.5,Low
74,422.0,24.67546,68.22954,2026-09-08,Other/Unknown,Other/Unknown,0.0,Low
1111,422.0,24.67546,68.22954,2026-09-08,Other/Unknown,Other/Unknown,0.0,Low
75,423.0,24.88822,68.00552,2026-09-08,Other/Unknown,Other/Unknown,0.0,Low
1112,423.0,24.88822,68.00552,2026-09-08,Other/Unknown,Other/Unknown,0.0,Low
43,424.0,8.60429,77.96714,2026-09-08,Other/Unknown,Other/Unknown,0.0,Low
307,424.0,8.60634,77.96951,2026-09-09,Other/Unknown,Other/Unknown,0.0,Low
1080,424.0,8.60429,77.96714,2026-09-08,Other/Unknown,Other/Unknown,0.0,Low
1344,424.0,8.60634,77.96951,2026-09-09,Other/Unknown,Other/Unknown,0.0,Low
4308,424.0,8.60485,77.9724,2026-08-29,Other/Unknown,Other/Unknown,0.0,Low
4309,424.0,8.60874,77.96722,2026-08-29,Other/Unknown,Other/Unknown,0.0,Low
6126,424.0,8.60867,77.97512,2026-08-19,Other/Unknown,Other/Unknown,0.0,Low
78,425.0,25.57998,68.63033,2026-09-08,Other/Unknown,Other/Unknown,0.0,Low
1115,425.0,25.57998,68.63033,2026-09-08,Other/Unknown,Other/Unknown,0.0,Low
45,426.0,8.95051,80.46358,2026-09-08,Other/Unknown,Other/Unknown,0.0,Low
648,426.0,8.94576,80.46112,2026-09-10,Other/Unknown,Other/Unknown,0.0,Low
649,426.0,8.94933,80.4606,2026-09-10,Other/Unknown,Other/Unknown,0.0,Low
1082,426.0,8.95051,80.46358,2026-09-08,Other/Unknown,Other/Unknown,0.0,Low
1685,426.0,8.94576,80.46112,2026-09-10,Other/Unknown,Other/Unknown,0.0,Low
1686,426.0,8.94933,80.4606,2026-09-10,Other/Unknown,Other/Unknown,0.0,Low
81,427.0,26.15266,68.60349,2026-09-08,Other/Unknown,Other/Unknown,0.0,Low
1118,427.0,26.15266,68.60349,2026-09-08,Other/Unknown,Other/Unknown,0.0,Low
82,428.0,26.61547,68.16102,2026-09-08,Wildfire / Natural Fire,Wildfire / Natural Fire,16.7,Medium
1119,428.0,26.61547,68.16102,2026-09-08,Wildfire / Natural Fire,Wildfire / Natural Fire,16.7,Medium
83,429.0,27.97179,68.9266,2026-09-08,Other/Unknown,Other/Unknown,0.0,Low
1120,429.0,27.97179,68.9266,2026-09-08,Other/Unknown,Other/Unknown,0.0,Low
84,430.0,28.04094,69.6731,2026-09-08,Industrial Fire,Industrial Fire,98.6,Critical
1121,430.0,28.04094,69.6731,2026-09-08,Industrial Fire,Industrial Fire,98.6,Critical
4280,430.0,28.03946,69.6724,2026-09-07,Industrial Fire,Industrial Fire,98.6,Critical
85,431.0,29.82304,72.84699,2026-09-08,Other/Unknown,Other/Unknown,0.0,Low
1122,431.0,29.82304,72.84699,2026-09-08,Other/Unknown,Other/Unknown,0.0,Low
6628,431.0,29.82557,72.8396,2026-08-21,Other/Unknown,Other/Unknown,0.0,Low
86,432.0,30.33233,71.97624,2026-09-08,Other/Unknown,Other/Unknown,0.0,Low
1123,432.0,30.33233,71.97624,2026-09-08,Other/Unknown,Other/Unknown,0.0,Low
46,433.0,9.09733,77.4617,2026-09-08,Other/Unknown,Other/Unknown,0.0,Low
47,433.0,9.09777,77.45968,2026-09-08,Other/Unknown,Other/Unknown,0.0,Low
1083,433.0,9.09733,77.4617,2026-09-08,Other/Unknown,Other/Unknown,0.0,Low
1084,433.0,9.09777,77.45968,2026-09-08,Other/Unknown,Other/Unknown,0.0,Low
89,434.0,31.45633,72.13813,2026-09-08,Other/Unknown,Other/Unknown,0.0,Low
1126,434.0,31.45633,72.13813,2026-09-08,Other/Unknown,Other/Unknown,0.0,Low
90,435.0,35.48441,74.07708,2026-09-08,Other/Unknown,Other/Unknown,0.0,Low
1127,435.0,35.48441,74.07708,2026-09-08,Other/Unknown,Other/Unknown,0.0,Low
91,436.0,33.37469,70.30645,2026-09-08,Other/Unknown,Other/Unknown,0.0,Low
1128,436.0,33.37469,70.30645,2026-09-08,Other/Unknown,Other/Unknown,0.0,Low
93,437.0,19.96099,79.33219,2026-09-08,Industrial Fire,Industrial Fire,98.5,Critical
1130,437.0,19.96099,79.33219,2026-09-08,Industrial Fire,Industrial Fire,98.5,Critical
3778,437.0,19.9623,79.33501,2026-09-06,Industrial Fire,Industrial Fire,98.6,Critical
8156,437.0,19.96435,79.33541,2026-08-10,Industrial Fire,Industrial Fire,98.7,Critical
9333,437.0,19.96348,79.3352,2026-07-31,Industrial Fire,Industrial Fire,98.6,Critical
49,438.0,9.34336,77.66833,2026-09-08,Other/Unknown,Other/Unknown,0.0,Low
51,438.0,9.3474,77.66602,2026-09-08,Other/Unknown,Other/Unknown,0.0,Low
52,438.0,9.34892,77.66765,2026-09-08,Other/Unknown,Other/Unknown,0.0,Low
1086,438.0,9.34336,77.66833,2026-09-08,Other/Unknown,Other/Unknown,0.0,Low
1088,438.0,9.3474,77.66602,2026-09-08,Other/Unknown,Other/Unknown,0.0,Low
1089,438.0,9.34892,77.66765,2026-09-08,Other/Unknown,Other/Unknown,0.0,Low
94,439.0,20.78671,85.26124,2026-09-08,Persistent Industrial Thermal Source,Persistent Industrial Thermal Source,53.9,High
95,439.0,20.79587,85.25201,2026-09-08,Persistent Industrial Thermal Source,Persistent Industrial Thermal Source,59.1,High
96,439.0,20.80691,85.25891,2026-09-08,Persistent Industrial Thermal Source,Persistent Industrial Thermal Source,59.5,High
931,439.0,20.78374,85.25797,2026-09-11,Persistent Industrial Thermal Source,Persistent Industrial Thermal Source,43.2,High
1131,439.0,20.78671,85.26124,2026-09-08,Persistent Industrial Thermal Source,Persistent Industrial Thermal Source,53.9,High
1132,439.0,20.79587,85.25201,2026-09-08,Persistent Industrial Thermal Source,Persistent Industrial Thermal Source,59.1,High
1133,439.0,20.80691,85.25891,2026-09-08,Persistent Industrial Thermal Source,Persistent Industrial Thermal Source,59.5,High
1968,439.0,20.78374,85.25797,2026-09-11,Persistent Industrial Thermal Source,Persistent Industrial Thermal Source,43.2,High
2772,439.0,20.78849,85.25857,2026-09-04,Persistent Industrial Thermal Source,Persistent Industrial Thermal Source,54.7,High
2773,439.0,20.79477,85.25492,2026-09-04,Persistent Industrial Thermal Source,Persistent Industrial Thermal Source,59.1,High
2774,439.0,20.80561,85.25348,2026-09-04,Persistent Industrial Thermal Source,Persistent Industrial Thermal Source,59.6,High
2775,439.0,20.80653,85.256,2026-09-04,Persistent Industrial Thermal Source,Persistent Industrial Thermal Source,59.5,High
2850,439.0,20.79352,85.25729,2026-09-04,Persistent Industrial Thermal Source,Persistent Industrial Thermal Source,59.1,High
2851,439.0,20.7952,85.2505,2026-09-04,Persistent Industrial Thermal Source,Persistent Industrial Thermal Source,59.0,High
2852,439.0,20.80867,85.25465,2026-09-04,Persistent Industrial Thermal Source,Persistent Industrial Thermal Source,59.5,High
3462,439.0,20.79357,85.26019,2026-09-05,Persistent Industrial Thermal Source,Persistent Industrial Thermal Source,59.1,High
3463,439.0,20.79505,85.25336,2026-09-05,Persistent Industrial Thermal Source,Persistent Industrial Thermal Source,59.2,High
3464,439.0,20.80538,85.25605,2026-09-05,Persistent Industrial Thermal Source,Persistent Industrial Thermal Source,59.5,High
3782,439.0,20.78524,85.26192,2026-09-06,Persistent Industrial Thermal Source,Persistent Industrial Thermal Source,54.0,High
3783,439.0,20.79493,85.25308,2026-09-06,Persistent Industrial Thermal Source,Persistent Industrial Thermal Source,59.5,High
4010,439.0,20.78744,85.25918,2026-09-07,Persistent Industrial Thermal Source,Persistent Industrial Thermal Source,54.9,High
4011,439.0,20.79349,85.25431,2026-09-07,Persistent Industrial Thermal Source,Persistent Industrial Thermal Source,59.5,High
4012,439.0,20.80732,85.25565,2026-09-07,Persistent Industrial Thermal Source,Persistent Industrial Thermal Source,59.9,High
4151,439.0,20.78513,85.26547,2026-09-07,Persistent Industrial Thermal Source,Persistent Industrial Thermal Source,41.8,High
4152,439.0,20.78571,85.2618,2026-09-07,Persistent Industrial Thermal Source,Persistent Industrial Thermal Source,53.9,High
4153,439.0,20.7896,85.25873,2026-09-07,Persistent Industrial Thermal Source,Persistent Industrial Thermal Source,58.9,High
4154,439.0,20.7929,85.25932,2026-09-07,Persistent Industrial Thermal Source,Persistent Industrial Thermal Source,59.0,High
4155,439.0,20.79349,85.25565,2026-09-07,Persistent Industrial Thermal Source,Persistent Industrial Thermal Source,57.3,High
4156,439.0,20.79407,85.25198,2026-09-07,Persistent Industrial Thermal Source,Persistent Industrial Thermal Source,59.2,High
4157,439.0,20.79621,85.2599,2026-09-07,Persistent Industrial Thermal Source,Persistent Industrial Thermal Source,59.2,High
4158,439.0,20.79949,85.26003,2026-09-07,Persistent Industrial Thermal Source,Persistent Industrial Thermal Source,59.4,High
4159,439.0,20.80338,85.25696,2026-09-07,Persistent Industrial Thermal Source,Persistent Industrial Thermal Source,59.5,High
4160,439.0,20.80668,85.25755,2026-09-07,Persistent Industrial Thermal Source,Persistent Industrial Thermal Source,59.6,High
5743,439.0,20.78876,85.25801,2026-08-26,Persistent Industrial Thermal Source,Persistent Industrial Thermal Source,55.6,High
5744,439.0,20.79303,85.25893,2026-08-26,Persistent Industrial Thermal Source,Persistent Industrial Thermal Source,59.0,High
5745,439.0,20.79388,85.25462,2026-08-26,Persistent Industrial Thermal Source,Persistent Industrial Thermal Source,58.9,High
5841,439.0,20.78782,85.26209,2026-08-27,Persistent Industrial Thermal Source,Persistent Industrial Thermal Source,54.6,High
6233,439.0,20.80461,85.25742,2026-08-19,Persistent Industrial Thermal Source,Persistent Industrial Thermal Source,59.5,High
6280,439.0,20.78761,85.26431,2026-08-19,Persistent Industrial Thermal Source,Persistent Industrial Thermal Source,54.6,High
6281,439.0,20.79777,85.25298,2026-08-19,Persistent Industrial Thermal Source,Persistent Industrial Thermal Source,57.4,High
6282,439.0,20.79788,85.25243,2026-08-19,Persistent Industrial Thermal Source,Persistent Industrial Thermal Source,59.2,High
7944,439.0,20.79585,85.25479,2026-08-09,Persistent Industrial Thermal Source,Persistent Industrial Thermal Source,59.3,High
8813,439.0,20.78619,85.2653,2026-08-08,Persistent Industrial Thermal Source,Persistent Industrial Thermal Source,53.8,High
8814,439.0,20.78667,85.26571,2026-08-08,Persistent Industrial Thermal Source,Persistent Industrial Thermal Source,53.8,High
8815,439.0,20.78687,85.25846,2026-08-08,Persistent Industrial Thermal Source,Persistent Industrial Thermal Source,53.9,High
8816,439.0,20.78739,85.2589,2026-08-08,Persistent Industrial Thermal Source,Persistent Industrial Thermal Source,53.9,High
8817,439.0,20.80865,85.25416,2026-08-08,Persistent Industrial Thermal Source,Persistent Industrial Thermal Source,59.5,High
9004,439.0,20.78676,85.26475,2026-07-30,Persistent Industrial Thermal Source,Persistent Industrial Thermal Source,54.0,High
9005,439.0,20.78683,85.26362,2026-07-30,Persistent Industrial Thermal Source,Persistent Industrial Thermal Source,53.9,High
9006,439.0,20.78792,85.25926,2026-07-30,Persistent Industrial Thermal Source,Persistent Industrial Thermal Source,54.1,High
9007,439.0,20.78796,85.25812,2026-07-30,Persistent Industrial Thermal Source,Persistent Industrial Thermal Source,54.0,High
9008,439.0,20.79382,85.25483,2026-07-30,Persistent Industrial Thermal Source,Persistent Industrial Thermal Source,59.1,High
9009,439.0,20.79383,85.25366,2026-07-30,Persistent Industrial Thermal Source,Persistent Industrial Thermal Source,59.2,High
9010,439.0,20.79744,85.26028,2026-07-30,Persistent Industrial Thermal Source,Persistent Industrial Thermal Source,59.3,High
9204,439.0,20.78571,85.26225,2026-07-31,Persistent Industrial Thermal Source,Persistent Industrial Thermal Source,50.7,High
9205,439.0,20.7863,85.26642,2026-07-31,Persistent Industrial Thermal Source,Persistent Industrial Thermal Source,54.0,High
9206,439.0,20.78864,85.25751,2026-07-31,Persistent Industrial Thermal Source,Persistent Industrial Thermal Source,55.1,High
9207,439.0,20.78888,85.25809,2026-07-31,Persistent Industrial Thermal Source,Persistent Industrial Thermal Source,54.5,High
9208,439.0,20.79534,85.25279,2026-07-31,Persistent Industrial Thermal Source,Persistent Industrial Thermal Source,59.5,High
9555,439.0,20.78596,85.26057,2026-08-02,Persistent Industrial Thermal Source,Persistent Industrial Thermal Source,53.9,High
9556,439.0,20.79554,85.25333,2026-08-02,Persistent Industrial Thermal Source,Persistent Industrial Thermal Source,59.2,High
9557,439.0,20.80839,85.255,2026-08-02,Persistent Industrial Thermal Source,Persistent Industrial Thermal Source,59.5,High
55,440.0,9.84427,77.43711,2026-09-08,Other/Unknown,Other/Unknown,0.0,Low
56,440.0,9.84432,77.43795,2026-09-08,Other/Unknown,Other/Unknown,0.0,Low
1092,440.0,9.84427,77.43711,2026-09-08,Other/Unknown,Other/Unknown,0.0,Low
1093,440.0,9.84432,77.43795,2026-09-08,Other/Unknown,Other/Unknown,0.0,Low
57,441.0,10.26803,77.25012,2026-09-08,Wildfire / Natural Fire,Wildfire / Natural Fire,16.4,Medium
58,441.0,10.26851,77.25398,2026-09-08,Wildfire / Natural Fire,Wildfire / Natural Fire,16.9,Medium
59,441.0,10.26912,77.25885,2026-09-08,Wildfire / Natural Fire,Wildfire / Natural Fire,16.9,Medium
60,441.0,10.27382,77.25198,2026-09-08,Wildfire / Natural Fire,Wildfire / Natural Fire,16.6,Medium
61,441.0,10.27434,77.2561,2026-09-08,Wildfire / Natural Fire,Wildfire / Natural Fire,16.6,Medium
169,441.0,10.26213,77.25868,2026-09-08,Wildfire / Natural Fire,Wildfire / Natural Fire,16.1,Medium
1094,441.0,10.26803,77.25012,2026-09-08,Wildfire / Natural Fire,Wildfire / Natural Fire,16.4,Medium
1095,441.0,10.26851,77.25398,2026-09-08,Wildfire / Natural Fire,Wildfire / Natural Fire,16.9,Medium
1096,441.0,10.26912,77.25885,2026-09-08,Wildfire / Natural Fire,Wildfire / Natural Fire,16.9,Medium
1097,441.0,10.27382,77.25198,2026-09-08,Wildfire / Natural Fire,Wildfire / Natural Fire,16.6,Medium
1098,441.0,10.27434,77.2561,2026-09-08,Wildfire / Natural Fire,Wildfire / Natural Fire,16.6,Medium
1206,441.0,10.26213,77.25868,2026-09-08,Wildfire / Natural Fire,Wildfire / Natural Fire,16.1,Medium
105,442.0,20.96103,85.1719,2026-09-08,Other/Unknown,Other/Unknown,0.0,Low
106,442.0,20.96147,85.17611,2026-09-08,Other/Unknown,Other/Unknown,0.0,Low
107,442.0,20.96218,85.17078,2026-09-08,Other/Unknown,Other/Unknown,0.0,Low
108,442.0,20.96296,85.18839,2026-09-08,Other/Unknown,Other/Unknown,14.6,Low
109,442.0,20.96362,85.18311,2026-09-08,Other/Unknown,Other/Unknown,0.0,Low
110,442.0,20.96399,85.18727,2026-09-08,Other/Unknown,Other/Unknown,5.7,Low
111,442.0,20.96497,85.17246,2026-09-08,Other/Unknown,Other/Unknown,1.9,Low
112,442.0,20.96564,85.16711,2026-09-08,Other/Unknown,Other/Unknown,2.1,Low
114,442.0,20.96823,85.17837,2026-09-08,Other/Unknown,Other/Unknown,1.9,Low
115,442.0,20.96824,85.15533,2026-09-08,Other/Unknown,Other/Unknown,2.1,Low
116,442.0,20.9689,85.17302,2026-09-08,Other/Unknown,Other/Unknown,1.7,Low
118,442.0,20.97745,85.16879,2026-09-08,Other/Unknown,Other/Unknown,0.0,Low
1142,442.0,20.96103,85.1719,2026-09-08,Other/Unknown,Other/Unknown,0.0,Low
1143,442.0,20.96147,85.17611,2026-09-08,Other/Unknown,Other/Unknown,0.0,Low
1144,442.0,20.96218,85.17078,2026-09-08,Other/Unknown,Other/Unknown,0.0,Low
1145,442.0,20.96296,85.18839,2026-09-08,Other/Unknown,Other/Unknown,14.6,Low
1146,442.0,20.96362,85.18311,2026-09-08,Other/Unknown,Other/Unknown,0.0,Low
1147,442.0,20.96399,85.18727,2026-09-08,Other/Unknown,Other/Unknown,5.7,Low
1148,442.0,20.96497,85.17246,2026-09-08,Other/Unknown,Other/Unknown,1.9,Low
1149,442.0,20.96564,85.16711,2026-09-08,Other/Unknown,Other/Unknown,2.1,Low
1151,442.0,20.96823,85.17837,2026-09-08,Other/Unknown,Other/Unknown,1.9,Low
1152,442.0,20.96824,85.15533,2026-09-08,Other/Unknown,Other/Unknown,2.1,Low
1153,442.0,20.9689,85.17302,2026-09-08,Other/Unknown,Other/Unknown,1.7,Low
1155,442.0,20.97745,85.16879,2026-09-08,Other/Unknown,Other/Unknown,0.0,Low
2787,442.0,20.96411,85.18684,2026-09-04,Other/Unknown,Other/Unknown,5.7,Low
2790,442.0,20.96534,85.1733,2026-09-04,Other/Unknown,Other/Unknown,1.9,Low
2791,442.0,20.96576,85.16875,2026-09-04,Other/Unknown,Other/Unknown,2.0,Low
2794,442.0,20.97084,85.17846,2026-09-04,Other/Unknown,Other/Unknown,1.9,Low
2796,442.0,20.97126,85.17391,2026-09-04,Other/Unknown,Other/Unknown,1.6,Low
2858,442.0,20.96267,85.18922,2026-09-04,Other/Unknown,Other/Unknown,17.6,Medium
2859,442.0,20.96312,85.18304,2026-09-04,Other/Unknown,Other/Unknown,0.0,Low
2860,442.0,20.96438,85.18245,2026-09-04,Other/Unknown,Other/Unknown,0.0,Low
939,446.0,21.10979,72.63779,2026-09-11,Other/Unknown,Other/Unknown,0.0,Low
2861,442.0,20.96604,85.17587,2026-09-04,Other/Unknown,Other/Unknown,1.9,Low
2862,442.0,20.96635,85.16991,2026-09-04,Other/Unknown,Other/Unknown,2.0,Low
2864,442.0,20.96767,85.16939,2026-09-04,Other/Unknown,Other/Unknown,2.0,Low
2865,442.0,20.97304,85.17196,2026-09-04,Other/Unknown,Other/Unknown,1.7,Low
2866,442.0,20.97437,85.1714,2026-09-04,Other/Unknown,Other/Unknown,0.0,Low
3372,442.0,20.96047,85.18738,2026-09-05,Other/Unknown,Other/Unknown,14.8,Low
3373,442.0,20.9636,85.16774,2026-09-05,Other/Unknown,Other/Unknown,0.0,Low
3374,442.0,20.96741,85.15464,2026-09-05,Other/Unknown,Other/Unknown,2.3,Low
3375,442.0,20.96937,85.17357,2026-09-05,Other/Unknown,Other/Unknown,0.0,Low
3376,442.0,20.9697,85.17672,2026-09-05,Other/Unknown,Other/Unknown,2.0,Low
3377,442.0,20.97448,85.17305,2026-09-05,Other/Unknown,Other/Unknown,0.0,Low
3476,442.0,20.96112,85.18789,2026-09-05,Other/Unknown,Other/Unknown,14.7,Low
3477,442.0,20.96185,85.18448,2026-09-05,Other/Unknown,Other/Unknown,0.0,Low
3478,442.0,20.9647,85.1712,2026-09-05,Other/Unknown,Other/Unknown,2.0,Low
3479,442.0,20.9654,85.16793,2026-09-05,Other/Unknown,Other/Unknown,0.0,Low
3481,442.0,20.96611,85.16463,2026-09-05,Other/Unknown,Other/Unknown,2.1,Low
3483,442.0,20.96627,85.18915,2026-09-05,Other/Unknown,Other/Unknown,17.0,Medium
3484,442.0,20.96822,85.15479,2026-09-05,Other/Unknown,Other/Unknown,2.2,Low
3485,442.0,20.96894,85.15144,2026-09-05,Other/Unknown,Other/Unknown,0.0,Low
3486,442.0,20.96912,85.1758,2026-09-05,Other/Unknown,Other/Unknown,1.9,Low
3487,442.0,20.96983,85.17253,2026-09-05,Other/Unknown,Other/Unknown,1.7,Low
3491,442.0,20.97495,85.17385,2026-09-05,Other/Unknown,Other/Unknown,0.0,Low
3492,442.0,20.97565,85.17059,2026-09-05,Other/Unknown,Other/Unknown,0.0,Low
3493,442.0,20.97636,85.1673,2026-09-05,Other/Unknown,Other/Unknown,0.0,Low
4019,442.0,20.96211,85.18645,2026-09-07,Other/Unknown,Other/Unknown,5.9,Low
4024,442.0,20.9703,85.17357,2026-09-07,Other/Unknown,Other/Unknown,0.0,Low
4025,442.0,20.97089,85.17728,2026-09-07,Other/Unknown,Other/Unknown,0.0,Low
4027,442.0,20.97693,85.17239,2026-09-07,Other/Unknown,Other/Unknown,0.0,Low
4173,442.0,20.96017,85.18622,2026-09-07,Other/Unknown,Other/Unknown,0.0,Low
4174,442.0,20.96191,85.17519,2026-09-07,Other/Unknown,Other/Unknown,0.0,Low
4175,442.0,20.96249,85.17152,2026-09-07,Other/Unknown,Other/Unknown,0.0,Low
4176,442.0,20.9629,85.19048,2026-09-07,Other/Unknown,Other/Unknown,17.8,Medium
4177,442.0,20.96307,85.16784,2026-09-07,Other/Unknown,Other/Unknown,0.0,Low
4178,442.0,20.96348,85.18681,2026-09-07,Other/Unknown,Other/Unknown,5.7,Low
4179,442.0,20.96406,85.18313,2026-09-07,Other/Unknown,Other/Unknown,0.0,Low
4180,442.0,20.96423,85.16049,2026-09-07,Other/Unknown,Other/Unknown,0.0,Low
4181,442.0,20.96464,85.17946,2026-09-07,Other/Unknown,Other/Unknown,0.0,Low
4182,442.0,20.9658,85.17211,2026-09-07,Other/Unknown,Other/Unknown,1.9,Low
4183,442.0,20.96638,85.16843,2026-09-07,Other/Unknown,Other/Unknown,2.0,Low
4184,442.0,20.96852,85.17638,2026-09-07,Other/Unknown,Other/Unknown,1.9,Low
4185,442.0,20.96869,85.15373,2026-09-07,Other/Unknown,Other/Unknown,0.0,Low
4186,442.0,20.9691,85.1727,2026-09-07,Other/Unknown,Other/Unknown,0.9,Low
4187,442.0,20.97183,85.17696,2026-09-07,Other/Unknown,Other/Unknown,4.4,Low
4188,442.0,20.97571,85.17388,2026-09-07,Other/Unknown,Other/Unknown,0.0,Low
4189,442.0,20.97629,85.1702,2026-09-07,Other/Unknown,Other/Unknown,0.0,Low
5281,442.0,20.96492,85.17074,2026-09-02,Other/Unknown,Other/Unknown,1.1,Low
6210,442.0,20.96893,85.17625,2026-08-19,Other/Unknown,Other/Unknown,1.8,Low
6211,442.0,20.97523,85.17226,2026-08-19,Other/Unknown,Other/Unknown,0.0,Low
6234,442.0,20.96412,85.1883,2026-08-19,Other/Unknown,Other/Unknown,16.6,Medium
6235,442.0,20.96539,85.175,2026-08-19,Other/Unknown,Other/Unknown,1.9,Low
6236,442.0,20.96581,85.17046,2026-08-19,Other/Unknown,Other/Unknown,2.1,Low
6237,442.0,20.97085,85.18008,2026-08-19,Other/Unknown,Other/Unknown,0.0,Low
6238,442.0,20.97128,85.17556,2026-08-19,Other/Unknown,Other/Unknown,1.7,Low
6285,442.0,20.96339,85.16812,2026-08-19,Other/Unknown,Other/Unknown,0.0,Low
6286,442.0,20.96512,85.19021,2026-08-19,Other/Unknown,Other/Unknown,17.8,Medium
6287,442.0,20.96682,85.18336,2026-08-19,Other/Unknown,Other/Unknown,0.0,Low
6288,442.0,20.96847,85.17673,2026-08-19,Other/Unknown,Other/Unknown,5.2,Low
6289,442.0,20.9701,85.17019,2026-08-19,Other/Unknown,Other/Unknown,1.9,Low
6290,442.0,20.9768,85.17226,2026-08-19,Other/Unknown,Other/Unknown,0.0,Low
7945,442.0,20.96531,85.17321,2026-08-09,Other/Unknown,Other/Unknown,0.0,Low
7946,442.0,20.96626,85.16904,2026-08-09,Other/Unknown,Other/Unknown,0.0,Low
7947,442.0,20.9672,85.16487,2026-08-09,Other/Unknown,Other/Unknown,0.0,Low
7948,442.0,20.97097,85.17477,2026-08-09,Other/Unknown,Other/Unknown,0.0,Low
7949,442.0,20.97757,85.17213,2026-08-09,Other/Unknown,Other/Unknown,4.7,Low
7950,442.0,20.97851,85.16796,2026-08-09,Other/Unknown,Other/Unknown,1.5,Low
8820,442.0,20.9638,85.18809,2026-08-08,Other/Unknown,Other/Unknown,16.5,Medium
8821,442.0,20.96416,85.18463,2026-08-08,Other/Unknown,Other/Unknown,0.0,Low
8822,442.0,20.96451,85.18114,2026-08-08,Other/Unknown,Other/Unknown,0.0,Low
8823,442.0,20.96523,85.17413,2026-08-08,Other/Unknown,Other/Unknown,0.0,Low
8824,442.0,20.96631,85.1635,2026-08-08,Other/Unknown,Other/Unknown,0.0,Low
8825,442.0,20.97019,85.17823,2026-08-08,Other/Unknown,Other/Unknown,0.0,Low
8826,442.0,20.97055,85.1747,2026-08-08,Other/Unknown,Other/Unknown,0.0,Low
8827,442.0,20.97623,85.17174,2026-08-08,Other/Unknown,Other/Unknown,4.7,Low
9018,442.0,20.96119,85.18728,2026-07-30,Other/Unknown,Other/Unknown,5.7,Low
9019,442.0,20.96231,85.18188,2026-07-30,Other/Unknown,Other/Unknown,0.0,Low
9020,442.0,20.96342,85.17653,2026-07-30,Other/Unknown,Other/Unknown,0.0,Low
9021,442.0,20.96453,85.17119,2026-07-30,Other/Unknown,Other/Unknown,0.0,Low
9022,442.0,20.96563,85.16588,2026-07-30,Other/Unknown,Other/Unknown,0.0,Low
9023,442.0,20.96587,85.18842,2026-07-30,Other/Unknown,Other/Unknown,15.3,Medium
9024,442.0,20.96699,85.18301,2026-07-30,Other/Unknown,Other/Unknown,0.0,Low
9025,442.0,20.9681,85.17766,2026-07-30,Other/Unknown,Other/Unknown,0.0,Low
9026,442.0,20.96921,85.17234,2026-07-30,Other/Unknown,Other/Unknown,0.0,Low
9027,442.0,20.9703,85.16705,2026-07-30,Other/Unknown,Other/Unknown,0.0,Low
9211,442.0,20.96237,85.18903,2026-07-31,Other/Unknown,Other/Unknown,18.0,Medium
9212,442.0,20.96357,85.17181,2026-07-31,Other/Unknown,Other/Unknown,0.0,Low
9213,442.0,20.96709,85.17128,2026-07-31,Other/Unknown,Other/Unknown,0.0,Low
9214,442.0,20.96766,85.17543,2026-07-31,Other/Unknown,Other/Unknown,0.0,Low
9215,442.0,20.97118,85.1749,2026-07-31,Other/Unknown,Other/Unknown,0.0,Low
9334,442.0,20.96453,85.17252,2026-07-31,Other/Unknown,Other/Unknown,0.0,Low
9480,442.0,20.96841,85.17646,2026-08-02,Other/Unknown,Other/Unknown,0.0,Low
9560,442.0,20.96047,85.18936,2026-08-02,Other/Unknown,Other/Unknown,16.9,Medium
9561,442.0,20.96097,85.18511,2026-08-02,Other/Unknown,Other/Unknown,0.0,Low
9562,442.0,20.96251,85.17209,2026-08-02,Other/Unknown,Other/Unknown,0.0,Low
9563,442.0,20.96303,85.16774,2026-08-02,Other/Unknown,Other/Unknown,0.0,Low
9564,442.0,20.96354,85.16335,2026-08-02,Other/Unknown,Other/Unknown,0.0,Low
9565,442.0,20.96477,85.18999,2026-08-02,Other/Unknown,Other/Unknown,22.5,Medium
9566,442.0,20.96528,85.1857,2026-08-02,Other/Unknown,Other/Unknown,0.0,Low
9567,442.0,20.96579,85.18137,2026-08-02,Other/Unknown,Other/Unknown,0.0,Low
9568,442.0,20.96631,85.17702,2026-08-02,Other/Unknown,Other/Unknown,0.0,Low
9569,442.0,20.96683,85.17267,2026-08-02,Other/Unknown,Other/Unknown,0.0,Low
9570,442.0,20.96734,85.16828,2026-08-02,Other/Unknown,Other/Unknown,0.0,Low
9572,442.0,20.96889,85.15518,2026-08-02,Other/Unknown,Other/Unknown,0.0,Low
9573,442.0,20.97062,85.17761,2026-08-02,Other/Unknown,Other/Unknown,5.2,Low
9574,442.0,20.97114,85.17324,2026-08-02,Other/Unknown,Other/Unknown,0.0,Low
9576,442.0,20.97545,85.1738,2026-08-02,Other/Unknown,Other/Unknown,4.8,Low
9578,442.0,20.97597,85.16943,2026-08-02,Other/Unknown,Other/Unknown,0.0,Low
9923,442.0,20.96904,85.15308,2026-07-26,Other/Unknown,Other/Unknown,0.0,Low
10326,442.0,20.97214,85.17433,2026-07-29,Other/Unknown,Other/Unknown,0.0,Low
11297,442.0,20.95964,85.17311,2026-07-18,Other/Unknown,Other/Unknown,0.0,Low
113,443.0,20.96801,86.01303,2026-09-08,Persistent Industrial Thermal Source,Persistent Industrial Thermal Source,59.4,High
117,443.0,20.97303,86.00401,2026-09-08,Persistent Industrial Thermal Source,Persistent Industrial Thermal Source,59.4,High
737,443.0,20.96593,86.01443,2026-09-10,Persistent Industrial Thermal Source,Persistent Industrial Thermal Source,59.3,High
738,443.0,20.97001,86.01376,2026-09-10,Persistent Industrial Thermal Source,Persistent Industrial Thermal Source,59.4,High
1150,443.0,20.96801,86.01303,2026-09-08,Persistent Industrial Thermal Source,Persistent Industrial Thermal Source,59.4,High
1154,443.0,20.97303,86.00401,2026-09-08,Persistent Industrial Thermal Source,Persistent Industrial Thermal Source,59.4,High
1774,443.0,20.96593,86.01443,2026-09-10,Persistent Industrial Thermal Source,Persistent Industrial Thermal Source,59.3,High
1775,443.0,20.97001,86.01376,2026-09-10,Persistent Industrial Thermal Source,Persistent Industrial Thermal Source,59.4,High
2786,443.0,20.96156,86.00327,2026-09-04,Persistent Industrial Thermal Source,Persistent Industrial Thermal Source,58.9,High
2788,443.0,20.9649,86.00615,2026-09-04,Persistent Industrial Thermal Source,Persistent Industrial Thermal Source,59.3,High
2789,443.0,20.96528,86.00221,2026-09-04,Persistent Industrial Thermal Source,Persistent Industrial Thermal Source,59.1,High
2792,443.0,20.96638,86.01173,2026-09-04,Persistent Industrial Thermal Source,Persistent Industrial Thermal Source,59.4,High
2793,443.0,20.97015,86.01069,2026-09-04,Persistent Industrial Thermal Source,Persistent Industrial Thermal Source,59.6,High
2795,443.0,20.97089,86.00281,2026-09-04,Persistent Industrial Thermal Source,Persistent Industrial Thermal Source,59.4,High
2863,443.0,20.96696,86.00981,2026-09-04,Persistent Industrial Thermal Source,Persistent Industrial Thermal Source,59.4,High
3475,443.0,20.96087,86.00738,2026-09-05,Persistent Industrial Thermal Source,Persistent Industrial Thermal Source,59.2,High
3480,443.0,20.96543,86.01258,2026-09-05,Persistent Industrial Thermal Source,Persistent Industrial Thermal Source,59.4,High
3482,443.0,20.96626,86.00883,2026-09-05,Persistent Industrial Thermal Source,Persistent Industrial Thermal Source,59.4,High
3488,443.0,20.97081,86.01405,2026-09-05,Persistent Industrial Thermal Source,Persistent Industrial Thermal Source,59.5,High
3489,443.0,20.97165,86.01027,2026-09-05,Persistent Industrial Thermal Source,Persistent Industrial Thermal Source,59.6,High
3490,443.0,20.97332,86.00273,2026-09-05,Persistent Industrial Thermal Source,Persistent Industrial Thermal Source,59.7,High
3735,443.0,20.96956,86.01638,2026-09-06,Persistent Industrial Thermal Source,Persistent Industrial Thermal Source,59.7,High
3789,443.0,20.96206,86.01067,2026-09-06,Persistent Industrial Thermal Source,Persistent Industrial Thermal Source,59.3,High
3790,443.0,20.96279,86.00687,2026-09-06,Persistent Industrial Thermal Source,Persistent Industrial Thermal Source,57.3,High
3791,443.0,20.96609,86.0116,2026-09-06,Persistent Industrial Thermal Source,Persistent Industrial Thermal Source,59.5,High
3792,443.0,20.97011,86.01249,2026-09-06,Persistent Industrial Thermal Source,Persistent Industrial Thermal Source,59.8,High
4020,443.0,20.96409,86.00706,2026-09-07,Persistent Industrial Thermal Source,Persistent Industrial Thermal Source,59.7,High
4021,443.0,20.96852,86.01384,2026-09-07,Persistent Industrial Thermal Source,Persistent Industrial Thermal Source,59.7,High
4022,443.0,20.96964,86.0212,2026-09-07,Persistent Industrial Thermal Source,Persistent Industrial Thermal Source,59.2,High
4023,443.0,20.97015,86.00223,2026-09-07,Persistent Industrial Thermal Source,Persistent Industrial Thermal Source,59.6,High
4026,443.0,20.97402,86.00534,2026-09-07,Persistent Industrial Thermal Source,Persistent Industrial Thermal Source,59.5,High
5294,443.0,20.97057,86.0037,2026-09-02,Persistent Industrial Thermal Source,Persistent Industrial Thermal Source,59.3,High
5295,443.0,20.97389,86.00428,2026-09-02,Persistent Industrial Thermal Source,Persistent Industrial Thermal Source,59.3,High
6248,443.0,20.96749,86.01265,2026-08-19,Persistent Industrial Thermal Source,Persistent Industrial Thermal Source,59.7,High
6425,443.0,20.96745,86.01298,2026-08-20,Persistent Industrial Thermal Source,Persistent Industrial Thermal Source,59.8,High
6471,443.0,20.96533,86.01462,2026-08-20,Persistent Industrial Thermal Source,Persistent Industrial Thermal Source,59.3,High
6472,443.0,20.96588,86.01382,2026-08-20,Persistent Industrial Thermal Source,Persistent Industrial Thermal Source,59.3,High
6473,443.0,20.96618,86.01083,2026-08-20,Persistent Industrial Thermal Source,Persistent Industrial Thermal Source,59.4,High
6474,443.0,20.96671,86.01003,2026-08-20,Persistent Industrial Thermal Source,Persistent Industrial Thermal Source,59.4,High
6475,443.0,20.96791,86.00322,2026-08-20,Persistent Industrial Thermal Source,Persistent Industrial Thermal Source,59.3,High
6828,443.0,20.96898,86.01307,2026-08-22,Persistent Industrial Thermal Source,Persistent Industrial Thermal Source,59.5,High
6829,443.0,20.96958,86.00936,2026-08-22,Persistent Industrial Thermal Source,Persistent Industrial Thermal Source,59.6,High
6830,443.0,20.9735,86.00627,2026-08-22,Persistent Industrial Thermal Source,Persistent Industrial Thermal Source,59.4,High
9335,443.0,20.96871,86.00328,2026-07-31,Persistent Industrial Thermal Source,Persistent Industrial Thermal Source,59.3,High
9336,443.0,20.97241,86.00407,2026-07-31,Persistent Industrial Thermal Source,Persistent Industrial Thermal Source,59.4,High
9337,443.0,20.97612,86.00484,2026-07-31,Persistent Industrial Thermal Source,Persistent Industrial Thermal Source,59.3,High
9395,443.0,20.96381,86.00493,2026-08-01,Persistent Industrial Thermal Source,Persistent Industrial Thermal Source,59.1,High
9396,443.0,20.97377,86.00666,2026-08-01,Persistent Industrial Thermal Source,Persistent Industrial Thermal Source,59.4,High
9571,443.0,20.96753,86.02036,2026-08-02,Persistent Industrial Thermal Source,Persistent Industrial Thermal Source,59.0,High
9575,443.0,20.97161,86.02093,2026-08-02,Persistent Industrial Thermal Source,Persistent Industrial Thermal Source,59.1,High
11298,443.0,20.96202,86.00536,2026-07-18,Persistent Industrial Thermal Source,Persistent Industrial Thermal Source,59.1,High
11299,443.0,20.96238,86.00161,2026-07-18,Persistent Industrial Thermal Source,Persistent Industrial Thermal Source,59.0,High
11301,443.0,20.96645,86.01759,2026-07-18,Persistent Industrial Thermal Source,Persistent Industrial Thermal Source,59.1,High
11302,443.0,20.96721,86.00985,2026-07-18,Persistent Industrial Thermal Source,Persistent Industrial Thermal Source,59.4,High
11303,443.0,20.96797,86.00209,2026-07-18,Persistent Industrial Thermal Source,Persistent Industrial Thermal Source,59.3,High
11304,443.0,20.97202,86.01816,2026-07-18,Persistent Industrial Thermal Source,Persistent Industrial Thermal Source,59.2,High
11305,443.0,20.97354,86.00267,2026-07-18,Persistent Industrial Thermal Source,Persistent Industrial Thermal Source,59.5,High
119,444.0,21.07918,85.03577,2026-09-08,Other/Unknown,Other/Unknown,5.4,Low
1156,444.0,21.07918,85.03577,2026-09-08,Other/Unknown,Other/Unknown,5.4,Low
2799,444.0,21.07634,85.04405,2026-09-04,Other/Unknown,Other/Unknown,5.6,Low
2800,444.0,21.07676,85.03937,2026-09-04,Other/Unknown,Other/Unknown,5.4,Low
2801,444.0,21.07717,85.03472,2026-09-04,Other/Unknown,Other/Unknown,5.3,Low
4192,444.0,21.07366,85.0472,2026-09-07,Other/Unknown,Other/Unknown,4.9,Low
4193,444.0,21.07424,85.04351,2026-09-07,Other/Unknown,Other/Unknown,4.8,Low
4194,444.0,21.07539,85.03615,2026-09-07,Other/Unknown,Other/Unknown,6.4,Low
4195,444.0,21.07755,85.0441,2026-09-07,Other/Unknown,Other/Unknown,5.6,Low
4196,444.0,21.0787,85.03674,2026-09-07,Other/Unknown,Other/Unknown,5.4,Low
4197,444.0,21.07928,85.03306,2026-09-07,Other/Unknown,Other/Unknown,5.2,Low
6215,444.0,21.07631,85.046,2026-08-19,Other/Unknown,Other/Unknown,5.6,Low
6216,444.0,21.07718,85.03671,2026-08-19,Other/Unknown,Other/Unknown,5.4,Low
6293,444.0,21.07434,85.03826,2026-08-19,Other/Unknown,Other/Unknown,5.3,Low
6294,444.0,21.081,85.04028,2026-08-19,Other/Unknown,Other/Unknown,5.6,Low
8829,444.0,21.07961,85.03843,2026-08-08,Other/Unknown,Other/Unknown,4.8,Low
9028,444.0,21.07702,85.03866,2026-07-30,Other/Unknown,Other/Unknown,5.4,Low
9029,444.0,21.07811,85.03343,2026-07-30,Other/Unknown,Other/Unknown,5.2,Low
9030,444.0,21.08166,85.03976,2026-07-30,Other/Unknown,Other/Unknown,5.0,Low
9926,444.0,21.07865,85.04354,2026-07-26,Other/Unknown,Other/Unknown,5.7,Low
120,445.0,21.24244,79.22527,2026-09-08,Other/Unknown,Other/Unknown,8.0,Low
1157,445.0,21.24244,79.22527,2026-09-08,Other/Unknown,Other/Unknown,8.0,Low
3801,445.0,21.24365,79.22351,2026-09-06,Other/Unknown,Other/Unknown,9.2,Low
8417,445.0,21.2409,79.22372,2026-08-12,Other/Unknown,Other/Unknown,5.1,Low
8418,445.0,21.24105,79.22495,2026-08-12,Other/Unknown,Other/Unknown,5.1,Low
8419,445.0,21.24658,79.22227,2026-08-12,Other/Unknown,Other/Unknown,0.0,Low
8644,445.0,21.24483,79.22414,2026-08-06,Other/Unknown,Other/Unknown,9.1,Low
9343,445.0,21.24272,79.22524,2026-07-31,Other/Unknown,Other/Unknown,9.3,Low
9344,445.0,21.24685,79.22158,2026-07-31,Other/Unknown,Other/Unknown,0.0,Low
70,446.0,21.10201,72.65463,2026-09-08,Other/Unknown,Other/Unknown,0.0,Low
71,446.0,21.10262,72.63547,2026-09-08,Other/Unknown,Other/Unknown,0.0,Low
72,446.0,21.10373,72.64575,2026-09-08,Other/Unknown,Other/Unknown,0.0,Low
73,446.0,21.10607,72.6489,2026-09-08,Other/Unknown,Other/Unknown,0.0,Low
221,446.0,21.10329,72.63621,2026-09-08,Other/Unknown,Other/Unknown,0.0,Low
222,446.0,21.10576,72.64803,2026-09-08,Other/Unknown,Other/Unknown,0.0,Low
362,446.0,21.10127,72.63649,2026-09-09,Other/Unknown,Other/Unknown,0.0,Low
363,446.0,21.10479,72.63596,2026-09-09,Other/Unknown,Other/Unknown,0.0,Low
364,446.0,21.10594,72.64432,2026-09-09,Other/Unknown,Other/Unknown,0.0,Low
365,446.0,21.10652,72.6485,2026-09-09,Other/Unknown,Other/Unknown,0.0,Low
366,446.0,21.1083,72.63541,2026-09-09,Other/Unknown,Other/Unknown,0.0,Low
367,446.0,21.11181,72.63486,2026-09-09,Other/Unknown,Other/Unknown,0.0,Low
446,446.0,21.10076,72.63695,2026-09-09,Other/Unknown,Other/Unknown,0.0,Low
447,446.0,21.10252,72.63594,2026-09-09,Other/Unknown,Other/Unknown,0.0,Low
448,446.0,21.10281,72.64636,2026-09-09,Other/Unknown,Other/Unknown,0.0,Low
449,446.0,21.10432,72.63768,2026-09-09,Other/Unknown,Other/Unknown,0.0,Low
450,446.0,21.10452,72.64532,2026-09-09,Other/Unknown,Other/Unknown,0.0,Low
451,446.0,21.10808,72.64604,2026-09-09,Other/Unknown,Other/Unknown,0.0,Low
452,446.0,21.10964,72.63737,2026-09-09,Other/Unknown,Other/Unknown,0.0,Low
680,446.0,21.10157,72.63602,2026-09-10,Other/Unknown,Other/Unknown,0.0,Low
681,446.0,21.10355,72.64788,2026-09-10,Other/Unknown,Other/Unknown,0.0,Low
682,446.0,21.10696,72.64724,2026-09-10,Other/Unknown,Other/Unknown,0.0,Low
767,446.0,21.10259,72.63643,2026-09-10,Other/Unknown,Other/Unknown,0.0,Low
768,446.0,21.10481,72.64471,2026-09-10,Other/Unknown,Other/Unknown,0.0,Low
885,446.0,21.1033,72.63795,2026-09-11,Other/Unknown,Other/Unknown,0.0,Low
886,446.0,21.10511,72.64705,2026-09-11,Other/Unknown,Other/Unknown,0.0,Low
932,446.0,21.10116,72.63661,2026-09-11,Other/Unknown,Other/Unknown,0.0,Low
933,446.0,21.10441,72.6459,2026-09-11,Other/Unknown,Other/Unknown,0.0,Low
934,446.0,21.10548,72.6372,2026-09-11,Other/Unknown,Other/Unknown,0.0,Low
935,446.0,21.10603,72.64871,2026-09-11,Other/Unknown,Other/Unknown,0.0,Low
936,446.0,21.10653,72.64437,2026-09-11,Other/Unknown,Other/Unknown,0.0,Low
937,446.0,21.10755,72.63565,2026-09-11,Other/Unknown,Other/Unknown,0.0,Low
938,446.0,21.10872,72.64648,2026-09-11,Other/Unknown,Other/Unknown,0.0,Low
1107,446.0,21.10201,72.65463,2026-09-08,Other/Unknown,Other/Unknown,0.0,Low
1108,446.0,21.10262,72.63547,2026-09-08,Other/Unknown,Other/Unknown,0.0,Low
1109,446.0,21.10373,72.64575,2026-09-08,Other/Unknown,Other/Unknown,0.0,Low
1110,446.0,21.10607,72.6489,2026-09-08,Other/Unknown,Other/Unknown,0.0,Low
1258,446.0,21.10329,72.63621,2026-09-08,Other/Unknown,Other/Unknown,0.0,Low
1259,446.0,21.10576,72.64803,2026-09-08,Other/Unknown,Other/Unknown,0.0,Low
1399,446.0,21.10127,72.63649,2026-09-09,Other/Unknown,Other/Unknown,0.0,Low
1400,446.0,21.10479,72.63596,2026-09-09,Other/Unknown,Other/Unknown,0.0,Low
1401,446.0,21.10594,72.64432,2026-09-09,Other/Unknown,Other/Unknown,0.0,Low
1402,446.0,21.10652,72.6485,2026-09-09,Other/Unknown,Other/Unknown,0.0,Low
1403,446.0,21.1083,72.63541,2026-09-09,Other/Unknown,Other/Unknown,0.0,Low
1404,446.0,21.11181,72.63486,2026-09-09,Other/Unknown,Other/Unknown,0.0,Low
1483,446.0,21.10076,72.63695,2026-09-09,Other/Unknown,Other/Unknown,0.0,Low
1484,446.0,21.10252,72.63594,2026-09-09,Other/Unknown,Other/Unknown,0.0,Low
1485,446.0,21.10281,72.64636,2026-09-09,Other/Unknown,Other/Unknown,0.0,Low
1486,446.0,21.10432,72.63768,2026-09-09,Other/Unknown,Other/Unknown,0.0,Low
1487,446.0,21.10452,72.64532,2026-09-09,Other/Unknown,Other/Unknown,0.0,Low
1488,446.0,21.10808,72.64604,2026-09-09,Other/Unknown,Other/Unknown,0.0,Low
1489,446.0,21.10964,72.63737,2026-09-09,Other/Unknown,Other/Unknown,0.0,Low
1717,446.0,21.10157,72.63602,2026-09-10,Other/Unknown,Other/Unknown,0.0,Low
1718,446.0,21.10355,72.64788,2026-09-10,Other/Unknown,Other/Unknown,0.0,Low
1719,446.0,21.10696,72.64724,2026-09-10,Other/Unknown,Other/Unknown,0.0,Low
1804,446.0,21.10259,72.63643,2026-09-10,Other/Unknown,Other/Unknown,0.0,Low
1805,446.0,21.10481,72.64471,2026-09-10,Other/Unknown,Other/Unknown,0.0,Low
1922,446.0,21.1033,72.63795,2026-09-11,Other/Unknown,Other/Unknown,0.0,Low
1923,446.0,21.10511,72.64705,2026-09-11,Other/Unknown,Other/Unknown,0.0,Low
1969,446.0,21.10116,72.63661,2026-09-11,Other/Unknown,Other/Unknown,0.0,Low
1970,446.0,21.10441,72.6459,2026-09-11,Other/Unknown,Other/Unknown,0.0,Low
1971,446.0,21.10548,72.6372,2026-09-11,Other/Unknown,Other/Unknown,0.0,Low
1972,446.0,21.10603,72.64871,2026-09-11,Other/Unknown,Other/Unknown,0.0,Low
1973,446.0,21.10653,72.64437,2026-09-11,Other/Unknown,Other/Unknown,0.0,Low
1974,446.0,21.10755,72.63565,2026-09-11,Other/Unknown,Other/Unknown,0.0,Low
1975,446.0,21.10872,72.64648,2026-09-11,Other/Unknown,Other/Unknown,0.0,Low
1976,446.0,21.10979,72.63779,2026-09-11,Other/Unknown,Other/Unknown,0.0,Low
2350,446.0,21.10661,72.64839,2026-09-03,Other/Unknown,Other/Unknown,0.0,Low
2478,446.0,21.10058,72.63622,2026-09-03,Other/Unknown,Other/Unknown,0.0,Low
2479,446.0,21.10314,72.64573,2026-09-03,Other/Unknown,Other/Unknown,0.0,Low
2480,446.0,21.10483,72.63718,2026-09-03,Other/Unknown,Other/Unknown,0.0,Low
2481,446.0,21.10739,72.64669,2026-09-03,Other/Unknown,Other/Unknown,0.0,Low
2694,446.0,21.10135,72.63466,2026-09-04,Other/Unknown,Other/Unknown,0.0,Low
2695,446.0,21.10191,72.63843,2026-09-04,Other/Unknown,Other/Unknown,0.0,Low
2696,446.0,21.10636,72.64542,2026-09-04,Other/Unknown,Other/Unknown,0.0,Low
2867,446.0,21.10271,72.64404,2026-09-04,Other/Unknown,Other/Unknown,0.0,Low
2868,446.0,21.10401,72.63636,2026-09-04,Other/Unknown,Other/Unknown,0.0,Low
2869,446.0,21.10544,72.64854,2026-09-04,Other/Unknown,Other/Unknown,0.0,Low
2870,446.0,21.10608,72.6447,2026-09-04,Other/Unknown,Other/Unknown,0.0,Low
2871,446.0,21.10738,72.637,2026-09-04,Other/Unknown,Other/Unknown,0.0,Low
2872,446.0,21.10881,72.64918,2026-09-04,Other/Unknown,Other/Unknown,0.0,Low
3378,446.0,21.10671,72.64536,2026-09-05,Other/Unknown,Other/Unknown,0.0,Low
3584,446.0,21.1028,72.63883,2026-09-05,Other/Unknown,Other/Unknown,0.0,Low
3585,446.0,21.10341,72.63448,2026-09-05,Other/Unknown,Other/Unknown,0.0,Low
3586,446.0,21.10517,72.6481,2026-09-05,Other/Unknown,Other/Unknown,0.0,Low
3587,446.0,21.10577,72.64375,2026-09-05,Other/Unknown,Other/Unknown,0.0,Low
3588,446.0,21.11057,72.63561,2026-09-05,Other/Unknown,Other/Unknown,0.0,Low
3736,446.0,21.10245,72.63563,2026-09-06,Other/Unknown,Other/Unknown,0.0,Low
3737,446.0,21.10482,72.64702,2026-09-06,Other/Unknown,Other/Unknown,0.0,Low
4577,446.0,21.10102,72.63954,2026-08-30,Other/Unknown,Other/Unknown,0.0,Low
4578,446.0,21.1016,72.63586,2026-08-30,Other/Unknown,Other/Unknown,0.0,Low
4746,446.0,21.10513,72.64378,2026-08-31,Other/Unknown,Other/Unknown,0.0,Low
4747,446.0,21.10902,72.64436,2026-08-31,Other/Unknown,Other/Unknown,0.0,Low
5044,446.0,21.10112,72.63706,2026-09-01,Other/Unknown,Other/Unknown,0.0,Low
5045,446.0,21.10147,72.63356,2026-09-01,Other/Unknown,Other/Unknown,0.0,Low
5046,446.0,21.10537,72.64811,2026-09-01,Other/Unknown,Other/Unknown,0.0,Low
5047,446.0,21.10572,72.64465,2026-09-01,Other/Unknown,Other/Unknown,0.0,Low
5376,446.0,21.10142,72.64466,2026-09-02,Other/Unknown,Other/Unknown,0.0,Low
5377,446.0,21.10334,72.63613,2026-09-02,Other/Unknown,Other/Unknown,0.0,Low
5378,446.0,21.1071,72.64617,2026-09-02,Other/Unknown,Other/Unknown,0.0,Low
5379,446.0,21.10903,72.63763,2026-09-02,Other/Unknown,Other/Unknown,0.0,Low
5472,446.0,21.10352,72.63773,2026-08-24,Other/Unknown,Other/Unknown,0.0,Low
5473,446.0,21.10552,72.64716,2026-08-24,Other/Unknown,Other/Unknown,0.0,Low
5474,446.0,21.1091,72.64789,2026-08-24,Other/Unknown,Other/Unknown,0.0,Low
5475,446.0,21.11144,72.63482,2026-08-24,Other/Unknown,Other/Unknown,0.0,Low
5682,446.0,21.10119,72.63515,2026-08-25,Other/Unknown,Other/Unknown,0.0,Low
5683,446.0,21.10456,72.63571,2026-08-25,Other/Unknown,Other/Unknown,0.0,Low
5684,446.0,21.1062,72.64778,2026-08-25,Other/Unknown,Other/Unknown,0.0,Low
5685,446.0,21.10678,72.64395,2026-08-25,Other/Unknown,Other/Unknown,0.0,Low
5686,446.0,21.1113,72.63686,2026-08-25,Other/Unknown,Other/Unknown,0.0,Low
5715,446.0,21.10126,72.63638,2026-08-26,Other/Unknown,Other/Unknown,0.0,Low
5716,446.0,21.10306,72.64542,2026-08-26,Other/Unknown,Other/Unknown,0.0,Low
5902,446.0,21.10433,72.64272,2026-08-27,Other/Unknown,Other/Unknown,0.0,Low
6033,446.0,21.10043,72.63733,2026-08-28,Other/Unknown,Other/Unknown,0.0,Low
6034,446.0,21.1034,72.64882,2026-08-28,Other/Unknown,Other/Unknown,0.0,Low
6181,446.0,21.1031,72.63488,2026-08-19,Other/Unknown,Other/Unknown,0.0,Low
6426,446.0,21.10092,72.63459,2026-08-20,Other/Unknown,Other/Unknown,0.0,Low
6427,446.0,21.10331,72.64813,2026-08-20,Other/Unknown,Other/Unknown,0.0,Low
6428,446.0,21.10694,72.64742,2026-08-20,Other/Unknown,Other/Unknown,0.0,Low
6942,446.0,21.10145,72.63374,2026-08-22,Other/Unknown,Other/Unknown,0.0,Low
6943,446.0,21.10257,72.63496,2026-08-22,Other/Unknown,Other/Unknown,0.0,Low
6944,446.0,21.10692,72.64557,2026-08-22,Other/Unknown,Other/Unknown,0.0,Low
6945,446.0,21.10789,72.63438,2026-08-22,Other/Unknown,Other/Unknown,0.0,Low
6946,446.0,21.10811,72.64683,2026-08-22,Other/Unknown,Other/Unknown,0.0,Low
6947,446.0,21.109,72.63563,2026-08-22,Other/Unknown,Other/Unknown,0.0,Low
6981,446.0,21.10465,72.63463,2026-08-22,Other/Unknown,Other/Unknown,0.0,Low
6982,446.0,21.1083,72.64712,2026-08-22,Other/Unknown,Other/Unknown,0.0,Low
7291,446.0,21.10971,72.63481,2026-08-14,Other/Unknown,Other/Unknown,0.0,Low
7292,446.0,21.11126,72.64643,2026-08-14,Other/Unknown,Other/Unknown,0.0,Low
7413,446.0,21.10614,72.64859,2026-08-15,Other/Unknown,Other/Unknown,0.0,Low
7414,446.0,21.10682,72.64341,2026-08-15,Other/Unknown,Other/Unknown,0.0,Low
7653,446.0,21.10202,72.64528,2026-08-17,Other/Unknown,Other/Unknown,0.0,Low
7654,446.0,21.1071,72.64555,2026-08-17,Other/Unknown,Other/Unknown,0.0,Low
7956,446.0,21.10189,72.63857,2026-08-09,Other/Unknown,Other/Unknown,0.0,Low
7957,446.0,21.10246,72.63474,2026-08-09,Other/Unknown,Other/Unknown,0.0,Low
7958,446.0,21.10411,72.6468,2026-08-09,Other/Unknown,Other/Unknown,0.0,Low
7959,446.0,21.10468,72.64297,2026-08-09,Other/Unknown,Other/Unknown,0.0,Low
7960,446.0,21.10583,72.63531,2026-08-09,Other/Unknown,Other/Unknown,0.0,Low
7961,446.0,21.10748,72.64737,2026-08-09,Other/Unknown,Other/Unknown,0.0,Low
7962,446.0,21.10805,72.64354,2026-08-09,Other/Unknown,Other/Unknown,0.0,Low
7963,446.0,21.10862,72.63972,2026-08-09,Other/Unknown,Other/Unknown,0.0,Low
8549,446.0,21.1036,72.63686,2026-08-05,Other/Unknown,Other/Unknown,0.0,Low
8550,446.0,21.10476,72.64249,2026-08-05,Other/Unknown,Other/Unknown,0.0,Low
8551,446.0,21.10591,72.6481,2026-08-05,Other/Unknown,Other/Unknown,0.0,Low
9981,446.0,21.10058,72.63823,2026-07-26,Other/Unknown,Other/Unknown,0.0,Low
9982,446.0,21.1056,72.64758,2026-07-26,Other/Unknown,Other/Unknown,0.0,Low
9983,446.0,21.106,72.64323,2026-07-26,Other/Unknown,Other/Unknown,0.0,Low
9984,446.0,21.10641,72.63888,2026-07-26,Other/Unknown,Other/Unknown,0.0,Low
9985,446.0,21.11263,72.63515,2026-07-26,Other/Unknown,Other/Unknown,0.0,Low
10100,446.0,21.10308,72.63578,2026-07-27,Other/Unknown,Other/Unknown,0.0,Low
10101,446.0,21.10532,72.65086,2026-07-27,Other/Unknown,Other/Unknown,0.0,Low
10102,446.0,21.10607,72.64742,2026-07-27,Other/Unknown,Other/Unknown,0.0,Low
10103,446.0,21.10681,72.64397,2026-07-27,Other/Unknown,Other/Unknown,0.0,Low
10162,446.0,21.10238,72.63696,2026-07-28,Other/Unknown,Other/Unknown,0.0,Low
10163,446.0,21.10748,72.64648,2026-07-28,Other/Unknown,Other/Unknown,1.1,Low
10984,446.0,21.10338,72.63354,2026-07-16,Other/Unknown,Other/Unknown,0.0,Low
10985,446.0,21.10423,72.63415,2026-07-16,Other/Unknown,Other/Unknown,0.0,Low
10986,446.0,21.10608,72.64803,2026-07-16,Other/Unknown,Other/Unknown,0.0,Low
10987,446.0,21.10709,72.6437,2026-07-16,Other/Unknown,Other/Unknown,0.0,Low
10988,446.0,21.108,72.64435,2026-07-16,Other/Unknown,Other/Unknown,0.0,Low
128,447.0,22.21111,84.86725,2026-09-08,Other/Unknown,Other/Unknown,0.0,Low
1165,447.0,22.21111,84.86725,2026-09-08,Other/Unknown,Other/Unknown,0.0,Low
3505,447.0,22.20868,84.86357,2026-09-05,Other/Unknown,Other/Unknown,0.0,Low
4037,447.0,22.20925,84.86183,2026-09-07,Other/Unknown,Other/Unknown,0.0,Low
4085,447.0,22.20656,84.85925,2026-09-07,Other/Unknown,Other/Unknown,0.0,Low
4086,447.0,22.2093,84.86359,2026-09-07,Other/Unknown,Other/Unknown,0.0,Low
4087,447.0,22.21032,84.87914,2026-09-07,Other/Unknown,Other/Unknown,0.0,Low
4088,447.0,22.2109,84.8754,2026-09-07,Other/Unknown,Other/Unknown,0.0,Low
4089,447.0,22.21147,84.87166,2026-09-07,Other/Unknown,Other/Unknown,0.0,Low
4090,447.0,22.21205,84.86791,2026-09-07,Other/Unknown,Other/Unknown,0.0,Low
4091,447.0,22.21262,84.86417,2026-09-07,Other/Unknown,Other/Unknown,0.0,Low
4092,447.0,22.21537,84.8685,2026-09-07,Other/Unknown,Other/Unknown,0.0,Low
8297,447.0,22.20957,84.86221,2026-08-11,Other/Unknown,Other/Unknown,0.0,Low
8298,447.0,22.21289,84.86283,2026-08-11,Other/Unknown,Other/Unknown,0.0,Low
8646,447.0,22.21637,84.86812,2026-08-06,Other/Unknown,Other/Unknown,0.0,Low
9885,447.0,22.2125,84.87181,2026-07-26,Other/Unknown,Other/Unknown,0.0,Low
129,448.0,22.32055,82.56607,2026-09-08,Other/Unknown,Other/Unknown,0.0,Low
1166,448.0,22.32055,82.56607,2026-09-08,Other/Unknown,Other/Unknown,0.0,Low
2721,448.0,22.31921,82.56583,2026-09-04,Other/Unknown,Other/Unknown,0.0,Low
3849,448.0,22.31718,82.55957,2026-09-06,Other/Unknown,Other/Unknown,0.0,Low
4094,448.0,22.31799,82.5677,2026-09-07,Other/Unknown,Other/Unknown,0.0,Low
4095,448.0,22.31859,82.56335,2026-09-07,Other/Unknown,Other/Unknown,0.0,Low
8589,448.0,22.31735,82.56773,2026-08-05,Other/Unknown,Other/Unknown,0.0,Low
8590,448.0,22.31869,82.55992,2026-08-05,Other/Unknown,Other/Unknown,0.0,Low
8591,448.0,22.3214,82.56449,2026-08-05,Other/Unknown,Other/Unknown,0.0,Low
9255,448.0,22.31806,82.57056,2026-07-31,Other/Unknown,Other/Unknown,0.0,Low
9256,448.0,22.31865,82.56686,2026-07-31,Other/Unknown,Other/Unknown,0.0,Low
9257,448.0,22.31925,82.56316,2026-07-31,Other/Unknown,Other/Unknown,0.0,Low
9259,448.0,22.32255,82.56377,2026-07-31,Other/Unknown,Other/Unknown,0.0,Low
9406,448.0,22.31699,82.56023,2026-08-01,Other/Unknown,Other/Unknown,0.0,Low
9407,448.0,22.3195,82.57103,2026-08-01,Other/Unknown,Other/Unknown,0.0,Low
9408,448.0,22.32017,82.56593,2026-08-01,Other/Unknown,Other/Unknown,0.0,Low
10401,448.0,22.31859,82.56633,2026-07-29,Other/Unknown,Other/Unknown,0.0,Low
130,449.0,22.33052,82.60535,2026-09-08,Other/Unknown,Other/Unknown,0.0,Low
1167,449.0,22.33052,82.60535,2026-09-08,Other/Unknown,Other/Unknown,0.0,Low
3850,449.0,22.33014,82.60641,2026-09-06,Other/Unknown,Other/Unknown,0.0,Low
4099,449.0,22.33097,82.60513,2026-09-07,Other/Unknown,Other/Unknown,0.0,Low
9262,449.0,22.32982,82.60329,2026-07-31,Other/Unknown,Other/Unknown,0.0,Low
9410,449.0,22.33086,82.60378,2026-08-01,Other/Unknown,Other/Unknown,0.0,Low
131,450.0,22.4775,90.71188,2026-09-08,Industrial Fire,Industrial Fire,98.4,Critical
1168,450.0,22.4775,90.71188,2026-09-08,Industrial Fire,Industrial Fire,98.4,Critical
9505,450.0,22.47871,90.71017,2026-08-02,Industrial Fire,Industrial Fire,98.5,Critical
76,451.0,25.02114,68.23278,2026-09-08,Other/Unknown,Other/Unknown,0.0,Low
77,451.0,25.02487,68.23222,2026-09-08,Other/Unknown,Other/Unknown,0.0,Low
1113,451.0,25.02114,68.23278,2026-09-08,Other/Unknown,Other/Unknown,0.0,Low
1114,451.0,25.02487,68.23222,2026-09-08,Other/Unknown,Other/Unknown,0.0,Low
139,452.0,23.61153,87.1468,2026-09-08,Other/Unknown,Other/Unknown,0.0,Low
1176,452.0,23.61153,87.1468,2026-09-08,Other/Unknown,Other/Unknown,0.0,Low
8649,452.0,23.61129,87.14533,2026-08-06,Other/Unknown,Other/Unknown,0.0,Low
79,453.0,26.11402,68.94534,2026-09-08,Other/Unknown,Other/Unknown,0.0,Low
80,453.0,26.11474,68.94655,2026-09-08,Other/Unknown,Other/Unknown,0.0,Low
1116,453.0,26.11402,68.94534,2026-09-08,Other/Unknown,Other/Unknown,0.0,Low
1117,453.0,26.11474,68.94655,2026-09-08,Other/Unknown,Other/Unknown,0.0,Low
152,454.0,24.92294,84.15626,2026-09-08,Other/Unknown,Other/Unknown,0.0,Low
1189,454.0,24.92294,84.15626,2026-09-08,Other/Unknown,Other/Unknown,0.0,Low
8986,454.0,24.92216,84.15519,2026-07-30,Other/Unknown,Other/Unknown,0.0,Low
156,455.0,12.69771,76.40362,2026-09-08,Other/Unknown,Other/Unknown,0.0,Low
1193,455.0,12.69771,76.40362,2026-09-08,Other/Unknown,Other/Unknown,0.0,Low
157,456.0,14.60695,79.35424,2026-09-08,Other/Unknown,Other/Unknown,0.0,Low
1194,456.0,14.60695,79.35424,2026-09-08,Other/Unknown,Other/Unknown,0.0,Low
87,457.0,31.33438,72.16042,2026-09-08,Other/Unknown,Other/Unknown,0.0,Low
88,457.0,31.33746,72.16238,2026-09-08,Other/Unknown,Other/Unknown,0.0,Low
1124,457.0,31.33438,72.16042,2026-09-08,Other/Unknown,Other/Unknown,0.0,Low
1125,457.0,31.33746,72.16238,2026-09-08,Other/Unknown,Other/Unknown,0.0,Low
159,458.0,17.46397,80.65453,2026-09-08,Other/Unknown,Other/Unknown,0.0,Low
1196,458.0,17.46397,80.65453,2026-09-08,Other/Unknown,Other/Unknown,0.0,Low
3893,458.0,17.46283,80.65475,2026-09-06,Other/Unknown,Other/Unknown,0.0,Low
5899,458.0,17.46458,80.65409,2026-08-27,Other/Unknown,Other/Unknown,0.0,Low
6000,458.0,17.46277,80.65205,2026-08-28,Other/Unknown,Other/Unknown,0.0,Low
6001,458.0,17.46345,80.65358,2026-08-28,Other/Unknown,Other/Unknown,0.0,Low
8373,458.0,17.46195,80.6544,2026-08-11,Other/Unknown,Other/Unknown,0.0,Low
9548,458.0,17.46558,80.65414,2026-08-02,Other/Unknown,Other/Unknown,0.0,Low
162,459.0,6.78723,81.522,2026-09-08,Other/Unknown,Other/Unknown,4.0,Low
1199,459.0,6.78723,81.522,2026-09-08,Other/Unknown,Other/Unknown,4.0,Low
2516,459.0,6.79404,81.53845,2026-09-04,Other/Unknown,Other/Unknown,1.0,Low
3611,459.0,6.78676,81.53317,2026-09-06,Other/Unknown,Other/Unknown,4.3,Low
5520,459.0,6.7767,81.53517,2026-08-25,Other/Unknown,Other/Unknown,4.4,Low
6746,459.0,6.78047,81.52434,2026-08-22,Other/Unknown,Other/Unknown,4.3,Low
6964,459.0,6.78544,81.53284,2026-08-22,Other/Unknown,Other/Unknown,4.0,Low
7140,459.0,6.77589,81.53412,2026-08-14,Other/Unknown,Other/Unknown,4.7,Low
7141,459.0,6.77634,81.53474,2026-08-14,Other/Unknown,Other/Unknown,4.1,Low
7142,459.0,6.77998,81.53358,2026-08-14,Other/Unknown,Other/Unknown,4.1,Low
7143,459.0,6.78043,81.5342,2026-08-14,Other/Unknown,Other/Unknown,4.1,Low
7316,459.0,6.77933,81.5284,2026-08-15,Other/Unknown,Other/Unknown,4.1,Low
7317,459.0,6.78265,81.5279,2026-08-15,Other/Unknown,Other/Unknown,4.1,Low
163,460.0,7.74249,80.7152,2026-09-08,Other/Unknown,Other/Unknown,0.0,Low
1200,460.0,7.74249,80.7152,2026-09-08,Other/Unknown,Other/Unknown,0.0,Low
165,461.0,8.10951,79.96661,2026-09-08,Other/Unknown,Other/Unknown,0.0,Low
1202,461.0,8.10951,79.96661,2026-09-08,Other/Unknown,Other/Unknown,0.0,Low
168,462.0,9.93439,78.31834,2026-09-08,Other/Unknown,Other/Unknown,0.0,Low
1205,462.0,9.93439,78.31834,2026-09-08,Other/Unknown,Other/Unknown,0.0,Low
170,463.0,10.39128,79.30709,2026-09-08,Other/Unknown,Other/Unknown,0.0,Low
1207,463.0,10.39128,79.30709,2026-09-08,Other/Unknown,Other/Unknown,0.0,Low
171,464.0,28.34513,77.23094,2026-09-08,Other/Unknown,Other/Unknown,0.0,Low
1208,464.0,28.34513,77.23094,2026-09-08,Other/Unknown,Other/Unknown,0.0,Low
3757,464.0,28.34537,77.22824,2026-09-06,Other/Unknown,Other/Unknown,0.0,Low
4123,464.0,28.34664,77.22958,2026-09-07,Other/Unknown,Other/Unknown,0.0,Low
4737,464.0,28.34651,77.2308,2026-08-31,Other/Unknown,Other/Unknown,0.0,Low
6934,464.0,28.34062,77.22081,2026-08-22,Other/Unknown,Other/Unknown,0.0,Low
97,465.0,20.86284,84.98545,2026-09-08,Persistent Industrial Thermal Source,Persistent Industrial Thermal Source,58.8,High
98,465.0,20.86435,84.99242,2026-09-08,Persistent Industrial Thermal Source,Persistent Industrial Thermal Source,58.8,High
99,465.0,20.86501,84.98708,2026-09-08,Persistent Industrial Thermal Source,Persistent Industrial Thermal Source,58.9,High
100,465.0,20.86611,84.99142,2026-09-08,Persistent Industrial Thermal Source,Persistent Industrial Thermal Source,59.0,High
1134,465.0,20.86284,84.98545,2026-09-08,Persistent Industrial Thermal Source,Persistent Industrial Thermal Source,58.8,High
1135,465.0,20.86435,84.99242,2026-09-08,Persistent Industrial Thermal Source,Persistent Industrial Thermal Source,58.8,High
1136,465.0,20.86501,84.98708,2026-09-08,Persistent Industrial Thermal Source,Persistent Industrial Thermal Source,58.9,High
1137,465.0,20.86611,84.99142,2026-09-08,Persistent Industrial Thermal Source,Persistent Industrial Thermal Source,59.0,High
2776,465.0,20.86205,84.98914,2026-09-04,Persistent Industrial Thermal Source,Persistent Industrial Thermal Source,58.7,High
2777,465.0,20.86249,84.98462,2026-09-04,Persistent Industrial Thermal Source,Persistent Industrial Thermal Source,58.8,High
2778,465.0,20.86526,84.98695,2026-09-04,Persistent Industrial Thermal Source,Persistent Industrial Thermal Source,59.1,High
2853,465.0,20.86599,84.99335,2026-09-04,Persistent Industrial Thermal Source,Persistent Industrial Thermal Source,58.9,High
2854,465.0,20.86771,84.98637,2026-09-04,Persistent Industrial Thermal Source,Persistent Industrial Thermal Source,59.1,High
3371,465.0,20.86472,84.9909,2026-09-05,Persistent Industrial Thermal Source,Persistent Industrial Thermal Source,59.2,High
3465,465.0,20.86291,84.98999,2026-09-05,Persistent Industrial Thermal Source,Persistent Industrial Thermal Source,58.8,High
3466,465.0,20.86363,84.98669,2026-09-05,Persistent Industrial Thermal Source,Persistent Industrial Thermal Source,58.9,High
3467,465.0,20.8673,84.99452,2026-09-05,Persistent Industrial Thermal Source,Persistent Industrial Thermal Source,58.9,High
3468,465.0,20.86803,84.99112,2026-09-05,Persistent Industrial Thermal Source,Persistent Industrial Thermal Source,59.0,High
3784,465.0,20.86333,84.99149,2026-09-06,Persistent Industrial Thermal Source,Persistent Industrial Thermal Source,58.8,High
3785,465.0,20.86426,84.9864,2026-09-06,Persistent Industrial Thermal Source,Persistent Industrial Thermal Source,58.9,High
3786,465.0,20.86714,84.99224,2026-09-06,Persistent Industrial Thermal Source,Persistent Industrial Thermal Source,59.0,High
4013,465.0,20.86327,84.98638,2026-09-07,Persistent Industrial Thermal Source,Persistent Industrial Thermal Source,58.9,High
4014,465.0,20.86386,84.9901,2026-09-07,Persistent Industrial Thermal Source,Persistent Industrial Thermal Source,58.9,High
4015,465.0,20.86444,84.99381,2026-09-07,Persistent Industrial Thermal Source,Persistent Industrial Thermal Source,59.2,High
4016,465.0,20.87168,84.99634,2026-09-07,Persistent Industrial Thermal Source,Persistent Industrial Thermal Source,59.4,High
4161,465.0,20.86272,84.9882,2026-09-07,Persistent Industrial Thermal Source,Persistent Industrial Thermal Source,58.8,High
4162,465.0,20.86487,84.99614,2026-09-07,Persistent Industrial Thermal Source,Persistent Industrial Thermal Source,58.7,High
4163,465.0,20.86545,84.99247,2026-09-07,Persistent Industrial Thermal Source,Persistent Industrial Thermal Source,58.9,High
4164,465.0,20.86602,84.98879,2026-09-07,Persistent Industrial Thermal Source,Persistent Industrial Thermal Source,59.0,High
4165,465.0,20.86818,84.99673,2026-09-07,Persistent Industrial Thermal Source,Persistent Industrial Thermal Source,59.0,High
4166,465.0,20.86876,84.99306,2026-09-07,Persistent Industrial Thermal Source,Persistent Industrial Thermal Source,59.2,High
4167,465.0,20.87148,84.99731,2026-09-07,Persistent Industrial Thermal Source,Persistent Industrial Thermal Source,59.1,High
5746,465.0,20.86296,84.99215,2026-08-26,Persistent Industrial Thermal Source,Persistent Industrial Thermal Source,58.8,High
5747,465.0,20.86377,84.98796,2026-08-26,Persistent Industrial Thermal Source,Persistent Industrial Thermal Source,58.9,High
5748,465.0,20.86633,84.99726,2026-08-26,Persistent Industrial Thermal Source,Persistent Industrial Thermal Source,58.8,High
5749,465.0,20.86715,84.99306,2026-08-26,Persistent Industrial Thermal Source,Persistent Industrial Thermal Source,59.0,High
5842,465.0,20.86458,84.98833,2026-08-27,Persistent Industrial Thermal Source,Persistent Industrial Thermal Source,59.0,High
6283,465.0,20.86326,84.99146,2026-08-19,Persistent Industrial Thermal Source,Persistent Industrial Thermal Source,58.8,High
6822,465.0,20.86423,84.99176,2026-08-22,Persistent Industrial Thermal Source,Persistent Industrial Thermal Source,58.8,High
6823,465.0,20.86481,84.9881,2026-08-22,Persistent Industrial Thermal Source,Persistent Industrial Thermal Source,58.9,High
6824,465.0,20.87026,84.99661,2026-08-22,Persistent Industrial Thermal Source,Persistent Industrial Thermal Source,58.9,High
8157,465.0,20.86225,84.98945,2026-08-10,Persistent Industrial Thermal Source,Persistent Industrial Thermal Source,58.8,High
8158,465.0,20.86358,84.98724,2026-08-10,Persistent Industrial Thermal Source,Persistent Industrial Thermal Source,58.9,High
8159,465.0,20.86561,84.9946,2026-08-10,Persistent Industrial Thermal Source,Persistent Industrial Thermal Source,58.9,High
8160,465.0,20.86698,84.99238,2026-08-10,Persistent Industrial Thermal Source,Persistent Industrial Thermal Source,59.0,High
9011,465.0,20.86218,84.98868,2026-07-30,Persistent Industrial Thermal Source,Persistent Industrial Thermal Source,58.8,High
9012,465.0,20.86407,84.99048,2026-07-30,Persistent Industrial Thermal Source,Persistent Industrial Thermal Source,58.9,High
9013,465.0,20.86519,84.98512,2026-07-30,Persistent Industrial Thermal Source,Persistent Industrial Thermal Source,59.0,High
9014,465.0,20.86576,84.99511,2026-07-30,Persistent Industrial Thermal Source,Persistent Industrial Thermal Source,58.8,High
9015,465.0,20.86684,84.98969,2026-07-30,Persistent Industrial Thermal Source,Persistent Industrial Thermal Source,59.1,High
9016,465.0,20.86873,84.99149,2026-07-30,Persistent Industrial Thermal Source,Persistent Industrial Thermal Source,59.1,High
9209,465.0,20.86249,84.98907,2026-07-31,Persistent Industrial Thermal Source,Persistent Industrial Thermal Source,58.9,High
9210,465.0,20.86339,84.98931,2026-07-31,Persistent Industrial Thermal Source,Persistent Industrial Thermal Source,59.0,High
177,466.0,29.63118,77.24579,2026-09-08,Other/Unknown,Other/Unknown,0.0,Low
1214,466.0,29.63118,77.24579,2026-09-08,Other/Unknown,Other/Unknown,0.0,Low
178,467.0,32.28975,70.74053,2026-09-08,Other/Unknown,Other/Unknown,0.0,Low
1215,467.0,32.28975,70.74053,2026-09-08,Other/Unknown,Other/Unknown,0.0,Low
2834,467.0,32.28888,70.7403,2026-09-04,Other/Unknown,Other/Unknown,0.0,Low
3907,467.0,32.28823,70.73848,2026-09-06,Other/Unknown,Other/Unknown,0.0,Low
4367,467.0,32.29058,70.73904,2026-08-29,Other/Unknown,Other/Unknown,0.0,Low
5465,467.0,32.28942,70.74173,2026-08-24,Other/Unknown,Other/Unknown,0.0,Low
5466,467.0,32.29401,70.73388,2026-08-24,Other/Unknown,Other/Unknown,0.0,Low
5737,467.0,32.29348,70.72976,2026-08-26,Other/Unknown,Other/Unknown,0.0,Low
5797,467.0,32.29206,70.73114,2026-08-26,Other/Unknown,Other/Unknown,0.0,Low
6728,467.0,32.28937,70.73895,2026-08-21,Other/Unknown,Other/Unknown,0.0,Low
6729,467.0,32.29071,70.73856,2026-08-21,Other/Unknown,Other/Unknown,0.0,Low
6730,467.0,32.29176,70.73003,2026-08-21,Other/Unknown,Other/Unknown,0.0,Low
7124,467.0,32.29051,70.73896,2026-08-23,Other/Unknown,Other/Unknown,0.0,Low
7593,467.0,32.28855,70.73765,2026-08-16,Other/Unknown,Other/Unknown,0.0,Low
7594,467.0,32.29563,70.73203,2026-08-16,Other/Unknown,Other/Unknown,0.0,Low
7667,467.0,32.28934,70.74017,2026-08-17,Other/Unknown,Other/Unknown,0.0,Low
7792,467.0,32.2889,70.73969,2026-08-18,Other/Unknown,Other/Unknown,0.0,Low
7793,467.0,32.29366,70.73219,2026-08-18,Other/Unknown,Other/Unknown,0.0,Low
8511,467.0,32.28909,70.73813,2026-08-13,Other/Unknown,Other/Unknown,0.0,Low
8512,467.0,32.29366,70.73075,2026-08-13,Other/Unknown,Other/Unknown,0.0,Low
8740,467.0,32.2928,70.73085,2026-08-07,Other/Unknown,Other/Unknown,0.0,Low
8835,467.0,32.29091,70.73779,2026-08-08,Other/Unknown,Other/Unknown,0.0,Low
8836,467.0,32.29551,70.73,2026-08-08,Other/Unknown,Other/Unknown,0.0,Low
9584,467.0,32.28885,70.73775,2026-08-02,Other/Unknown,Other/Unknown,0.0,Low
9585,467.0,32.29361,70.73022,2026-08-02,Other/Unknown,Other/Unknown,0.0,Low
9718,467.0,32.29575,70.73047,2026-07-25,Other/Unknown,Other/Unknown,0.0,Low
9990,467.0,32.29308,70.73024,2026-07-26,Other/Unknown,Other/Unknown,0.0,Low
10235,467.0,32.29295,70.73016,2026-07-28,Other/Unknown,Other/Unknown,0.0,Low
10981,467.0,32.29468,70.73032,2026-07-16,Other/Unknown,Other/Unknown,0.0,Low
101,468.0,20.88556,84.98448,2026-09-08,Persistent Industrial Thermal Source,Persistent Industrial Thermal Source,58.6,High
102,468.0,20.89022,84.97961,2026-09-08,Persistent Industrial Thermal Source,Persistent Industrial Thermal Source,58.8,High
1138,468.0,20.88556,84.98448,2026-09-08,Persistent Industrial Thermal Source,Persistent Industrial Thermal Source,58.6,High
1139,468.0,20.89022,84.97961,2026-09-08,Persistent Industrial Thermal Source,Persistent Industrial Thermal Source,58.8,High
2779,468.0,20.89002,84.98002,2026-09-04,Persistent Industrial Thermal Source,Persistent Industrial Thermal Source,58.8,High
3469,468.0,20.88534,84.98534,2026-09-05,Persistent Industrial Thermal Source,Persistent Industrial Thermal Source,58.6,High
3470,468.0,20.88604,84.98206,2026-09-05,Persistent Industrial Thermal Source,Persistent Industrial Thermal Source,58.6,High
3787,468.0,20.88511,84.98045,2026-09-06,Persistent Industrial Thermal Source,Persistent Industrial Thermal Source,58.5,High
3788,468.0,20.8889,84.98129,2026-09-06,Persistent Industrial Thermal Source,Persistent Industrial Thermal Source,58.7,High
4017,468.0,20.88653,84.98221,2026-09-07,Persistent Industrial Thermal Source,Persistent Industrial Thermal Source,58.9,High
4018,468.0,20.88985,84.98161,2026-09-07,Persistent Industrial Thermal Source,Persistent Industrial Thermal Source,58.9,High
4168,468.0,20.88371,84.98437,2026-09-07,Persistent Industrial Thermal Source,Persistent Industrial Thermal Source,58.7,High
4169,468.0,20.88428,84.9807,2026-09-07,Persistent Industrial Thermal Source,Persistent Industrial Thermal Source,58.5,High
4170,468.0,20.88702,84.98495,2026-09-07,Persistent Industrial Thermal Source,Persistent Industrial Thermal Source,58.7,High
4171,468.0,20.88759,84.98129,2026-09-07,Persistent Industrial Thermal Source,Persistent Industrial Thermal Source,58.7,High
5843,468.0,20.884,84.98126,2026-08-27,Persistent Industrial Thermal Source,Persistent Industrial Thermal Source,58.6,High
6825,468.0,20.88578,84.98428,2026-08-22,Persistent Industrial Thermal Source,Persistent Industrial Thermal Source,58.6,High
9017,468.0,20.88481,84.98441,2026-07-30,Persistent Industrial Thermal Source,Persistent Industrial Thermal Source,58.6,High
183,469.0,33.80086,72.09872,2026-09-08,Other/Unknown,Other/Unknown,0.0,Low
1220,469.0,33.80086,72.09872,2026-09-08,Other/Unknown,Other/Unknown,0.0,Low
3423,469.0,33.80225,72.09641,2026-09-05,Other/Unknown,Other/Unknown,0.0,Low
5928,469.0,33.80159,72.09836,2026-08-27,Other/Unknown,Other/Unknown,0.0,Low
184,470.0,33.90252,74.64256,2026-09-08,Other/Unknown,Other/Unknown,0.0,Low
1221,470.0,33.90252,74.64256,2026-09-08,Other/Unknown,Other/Unknown,0.0,Low
103,471.0,20.95109,86.04737,2026-09-08,Persistent Industrial Thermal Source,Persistent Industrial Thermal Source,59.2,High
104,471.0,20.95175,86.04957,2026-09-08,Persistent Industrial Thermal Source,Persistent Industrial Thermal Source,59.3,High
1140,471.0,20.95109,86.04737,2026-09-08,Persistent Industrial Thermal Source,Persistent Industrial Thermal Source,59.2,High
1141,471.0,20.95175,86.04957,2026-09-08,Persistent Industrial Thermal Source,Persistent Industrial Thermal Source,59.3,High
2780,471.0,20.94963,86.04832,2026-09-04,Persistent Industrial Thermal Source,Persistent Industrial Thermal Source,59.2,High
2781,471.0,20.95,86.04442,2026-09-04,Persistent Industrial Thermal Source,Persistent Industrial Thermal Source,59.1,High
2782,471.0,20.9512,86.04997,2026-09-04,Persistent Industrial Thermal Source,Persistent Industrial Thermal Source,59.4,High
2783,471.0,20.95159,86.0461,2026-09-04,Persistent Industrial Thermal Source,Persistent Industrial Thermal Source,59.2,High
2784,471.0,20.95199,86.04217,2026-09-04,Persistent Industrial Thermal Source,Persistent Industrial Thermal Source,59.0,High
2785,471.0,20.95558,86.04523,2026-09-04,Persistent Industrial Thermal Source,Persistent Industrial Thermal Source,59.1,High
2856,471.0,20.95286,86.04846,2026-09-04,Persistent Industrial Thermal Source,Persistent Industrial Thermal Source,59.4,High
3471,471.0,20.95163,86.04891,2026-09-05,Persistent Industrial Thermal Source,Persistent Industrial Thermal Source,59.4,High
3472,471.0,20.9525,86.045,2026-09-05,Persistent Industrial Thermal Source,Persistent Industrial Thermal Source,59.3,High
5289,471.0,20.94712,86.04544,2026-09-02,Persistent Industrial Thermal Source,Persistent Industrial Thermal Source,59.1,High
5290,471.0,20.94769,86.04173,2026-09-02,Persistent Industrial Thermal Source,Persistent Industrial Thermal Source,58.9,High
5291,471.0,20.94987,86.04974,2026-09-02,Persistent Industrial Thermal Source,Persistent Industrial Thermal Source,59.3,High
5292,471.0,20.95044,86.04603,2026-09-02,Persistent Industrial Thermal Source,Persistent Industrial Thermal Source,59.2,High
5293,471.0,20.96373,86.04834,2026-09-02,Persistent Industrial Thermal Source,Persistent Industrial Thermal Source,59.4,High
6035,471.0,20.95116,86.04971,2026-08-19,Persistent Industrial Thermal Source,Persistent Industrial Thermal Source,59.5,High
6207,471.0,20.94607,86.04922,2026-08-19,Persistent Industrial Thermal Source,Persistent Industrial Thermal Source,59.0,High
6208,471.0,20.95163,86.04997,2026-08-19,Persistent Industrial Thermal Source,Persistent Industrial Thermal Source,59.3,High
6209,471.0,20.95201,86.04612,2026-08-19,Persistent Industrial Thermal Source,Persistent Industrial Thermal Source,59.3,High
6284,471.0,20.95084,86.04825,2026-08-19,Persistent Industrial Thermal Source,Persistent Industrial Thermal Source,59.3,High
6424,471.0,20.95271,86.0482,2026-08-20,Persistent Industrial Thermal Source,Persistent Industrial Thermal Source,59.4,High
6827,471.0,20.95027,86.04403,2026-08-22,Persistent Industrial Thermal Source,Persistent Industrial Thermal Source,59.0,High
8818,471.0,20.9495,86.05014,2026-08-08,Persistent Industrial Thermal Source,Persistent Industrial Thermal Source,59.3,High
8819,471.0,20.95013,86.04408,2026-08-08,Persistent Industrial Thermal Source,Persistent Industrial Thermal Source,59.1,High
9394,471.0,20.95089,86.04455,2026-08-01,Persistent Industrial Thermal Source,Persistent Industrial Thermal Source,59.0,High
9558,471.0,20.95151,86.04935,2026-08-02,Persistent Industrial Thermal Source,Persistent Industrial Thermal Source,59.3,High
9559,471.0,20.95197,86.04553,2026-08-02,Persistent Industrial Thermal Source,Persistent Industrial Thermal Source,59.1,High
9918,471.0,20.94907,86.0492,2026-07-26,Persistent Industrial Thermal Source,Persistent Industrial Thermal Source,59.3,High
9919,471.0,20.94978,86.04511,2026-07-26,Persistent Industrial Thermal Source,Persistent Industrial Thermal Source,59.1,High
9920,471.0,20.95253,86.04987,2026-07-26,Persistent Industrial Thermal Source,Persistent Industrial Thermal Source,59.3,High
9921,471.0,20.95325,86.04576,2026-07-26,Persistent Industrial Thermal Source,Persistent Industrial Thermal Source,59.1,High
9922,471.0,20.96292,86.05191,2026-07-26,Persistent Industrial Thermal Source,Persistent Industrial Thermal Source,59.3,High
11294,471.0,20.94676,86.04662,2026-07-18,Persistent Industrial Thermal Source,Persistent Industrial Thermal Source,59.0,High
11295,471.0,20.95229,86.04742,2026-07-18,Persistent Industrial Thermal Source,Persistent Industrial Thermal Source,59.2,High
11296,471.0,20.95267,86.04355,2026-07-18,Persistent Industrial Thermal Source,Persistent Industrial Thermal Source,59.0,High
11300,471.0,20.9634,86.04869,2026-07-18,Persistent Industrial Thermal Source,Persistent Industrial Thermal Source,59.3,High
194,472.0,26.09434,68.87854,2026-09-08,Other/Unknown,Other/Unknown,0.0,Low
1231,472.0,26.09434,68.87854,2026-09-08,Other/Unknown,Other/Unknown,0.0,Low
4279,472.0,26.09564,68.87837,2026-09-07,Other/Unknown,Other/Unknown,0.0,Low
4560,472.0,26.09499,68.87773,2026-08-30,Other/Unknown,Other/Unknown,0.0,Low
5677,472.0,26.09389,68.87976,2026-08-25,Other/Unknown,Other/Unknown,0.0,Low
6264,472.0,26.0932,68.88027,2026-08-19,Other/Unknown,Other/Unknown,0.0,Low
8038,472.0,26.09499,68.87696,2026-08-09,Other/Unknown,Other/Unknown,0.0,Low
8746,472.0,26.0948,68.87952,2026-08-07,Other/Unknown,Other/Unknown,0.0,Low
9069,472.0,26.09318,68.87784,2026-07-30,Other/Unknown,Other/Unknown,0.0,Low
9070,472.0,26.09326,68.87742,2026-07-30,Other/Unknown,Other/Unknown,0.0,Low
9989,472.0,26.09422,68.88193,2026-07-26,Other/Unknown,Other/Unknown,0.0,Low
10105,472.0,26.09556,68.87821,2026-07-27,Other/Unknown,Other/Unknown,0.0,Low
121,473.0,21.33592,78.96922,2026-09-08,Other/Unknown,Other/Unknown,4.3,Low
122,473.0,21.3374,78.96973,2026-09-08,Other/Unknown,Other/Unknown,4.3,Low
1158,473.0,21.33592,78.96922,2026-09-08,Other/Unknown,Other/Unknown,4.3,Low
1159,473.0,21.3374,78.96973,2026-09-08,Other/Unknown,Other/Unknown,4.3,Low
3498,473.0,21.33674,78.97054,2026-09-05,Other/Unknown,Other/Unknown,4.3,Low
3803,473.0,21.33653,78.97186,2026-09-06,Other/Unknown,Other/Unknown,4.3,Low
3804,473.0,21.33711,78.96799,2026-09-06,Other/Unknown,Other/Unknown,4.3,Low
4207,473.0,21.33333,78.96702,2026-09-07,Other/Unknown,Other/Unknown,4.1,Low
4208,473.0,21.33712,78.97202,2026-09-07,Other/Unknown,Other/Unknown,4.4,Low
4209,473.0,21.33766,78.96764,2026-09-07,Other/Unknown,Other/Unknown,4.2,Low
8421,473.0,21.33618,78.96775,2026-08-12,Other/Unknown,Other/Unknown,4.2,Low
9401,473.0,21.33393,78.9678,2026-08-01,Other/Unknown,Other/Unknown,4.2,Low
9763,473.0,21.33584,78.96739,2026-07-25,Other/Unknown,Other/Unknown,4.1,Low
9927,473.0,21.33723,78.96957,2026-07-26,Other/Unknown,Other/Unknown,4.3,Low
123,474.0,21.67748,84.04029,2026-09-08,Other/Unknown,Other/Unknown,3.9,Low
124,474.0,21.68175,84.04088,2026-09-08,Other/Unknown,Other/Unknown,3.9,Low
1160,474.0,21.67748,84.04029,2026-09-08,Other/Unknown,Other/Unknown,3.9,Low
1161,474.0,21.68175,84.04088,2026-09-08,Other/Unknown,Other/Unknown,3.9,Low
2803,474.0,21.67781,84.03859,2026-09-04,Other/Unknown,Other/Unknown,4.0,Low
2804,474.0,21.67952,84.03887,2026-09-04,Other/Unknown,Other/Unknown,3.9,Low
2880,474.0,21.67763,84.03689,2026-09-04,Other/Unknown,Other/Unknown,4.0,Low
3815,474.0,21.67737,84.04004,2026-09-06,Other/Unknown,Other/Unknown,4.0,Low
3816,474.0,21.68095,84.04077,2026-09-06,Other/Unknown,Other/Unknown,4.0,Low
4030,474.0,21.6799,84.03884,2026-09-07,Other/Unknown,Other/Unknown,4.1,Low
4215,474.0,21.67835,84.03706,2026-09-07,Other/Unknown,Other/Unknown,4.0,Low
4216,474.0,21.68114,84.04147,2026-09-07,Other/Unknown,Other/Unknown,4.0,Low
9374,474.0,21.67993,84.03944,2026-08-01,Other/Unknown,Other/Unknown,4.3,Low
9929,474.0,21.67803,84.04023,2026-07-26,Other/Unknown,Other/Unknown,3.9,Low
10360,474.0,21.67902,84.03615,2026-07-29,Other/Unknown,Other/Unknown,4.0,Low
125,475.0,21.91912,83.35267,2026-09-08,Other/Unknown,Other/Unknown,4.1,Low
126,475.0,21.91968,83.34795,2026-09-08,Other/Unknown,Other/Unknown,0.8,Low
127,475.0,21.92199,83.3504,2026-09-08,Other/Unknown,Other/Unknown,0.9,Low
888,475.0,21.92127,83.3507,2026-09-11,Other/Unknown,Other/Unknown,0.0,Low
1162,475.0,21.91912,83.35267,2026-09-08,Other/Unknown,Other/Unknown,4.1,Low
1163,475.0,21.91968,83.34795,2026-09-08,Other/Unknown,Other/Unknown,0.8,Low
1164,475.0,21.92199,83.3504,2026-09-08,Other/Unknown,Other/Unknown,0.9,Low
1925,475.0,21.92127,83.3507,2026-09-11,Other/Unknown,Other/Unknown,0.0,Low
2896,475.0,21.92071,83.35161,2026-09-04,Other/Unknown,Other/Unknown,3.7,Low
3383,475.0,21.92067,83.35186,2026-09-05,Other/Unknown,Other/Unknown,1.0,Low
3843,475.0,21.91899,83.3492,2026-09-06,Other/Unknown,Other/Unknown,0.8,Low
3844,475.0,21.92246,83.34988,2026-09-06,Other/Unknown,Other/Unknown,0.8,Low
4242,475.0,21.91873,83.35078,2026-09-07,Other/Unknown,Other/Unknown,0.9,Low
4243,475.0,21.91931,83.34677,2026-09-07,Other/Unknown,Other/Unknown,0.8,Low
4244,475.0,21.92216,83.35136,2026-09-07,Other/Unknown,Other/Unknown,0.9,Low
4245,475.0,21.92392,83.3393,2026-09-07,Other/Unknown,Other/Unknown,0.9,Low
7995,475.0,21.9223,83.35155,2026-08-09,Other/Unknown,Other/Unknown,0.9,Low
7996,475.0,21.92297,83.34842,2026-08-09,Other/Unknown,Other/Unknown,0.9,Low
7997,475.0,21.92497,83.3391,2026-08-09,Other/Unknown,Other/Unknown,0.9,Low
8423,475.0,21.92072,83.35049,2026-08-12,Other/Unknown,Other/Unknown,0.8,Low
9243,475.0,21.92035,83.35144,2026-07-31,Other/Unknown,Other/Unknown,1.0,Low
9244,475.0,21.92098,83.34766,2026-07-31,Other/Unknown,Other/Unknown,0.9,Low
9246,475.0,21.92369,83.35207,2026-07-31,Other/Unknown,Other/Unknown,4.2,Low
9935,475.0,21.91875,83.35335,2026-07-26,Other/Unknown,Other/Unknown,0.9,Low
9936,475.0,21.91932,83.34964,2026-07-26,Other/Unknown,Other/Unknown,0.9,Low
9937,475.0,21.92263,83.35023,2026-07-26,Other/Unknown,Other/Unknown,0.9,Low
217,476.0,19.82081,79.33638,2026-09-08,Other/Unknown,Other/Unknown,0.0,Low
1254,476.0,19.82081,79.33638,2026-09-08,Other/Unknown,Other/Unknown,0.0,Low
219,477.0,20.35331,72.95158,2026-09-08,Other/Unknown,Other/Unknown,0.0,Low
1256,477.0,20.35331,72.95158,2026-09-08,Other/Unknown,Other/Unknown,0.0,Low
2473,477.0,20.35351,72.95026,2026-09-03,Other/Unknown,Other/Unknown,0.0,Low
2474,477.0,20.35693,72.94828,2026-09-03,Other/Unknown,Other/Unknown,0.0,Low
4576,477.0,20.35619,72.94963,2026-08-30,Other/Unknown,Other/Unknown,0.0,Low
5470,477.0,20.35698,72.95097,2026-08-24,Other/Unknown,Other/Unknown,0.0,Low
132,478.0,22.78655,86.19794,2026-09-08,Other/Unknown,Other/Unknown,0.0,Low
133,478.0,22.79034,86.19852,2026-09-08,Other/Unknown,Other/Unknown,0.0,Low
134,478.0,22.79099,86.19352,2026-09-08,Other/Unknown,Other/Unknown,0.0,Low
1169,478.0,22.78655,86.19794,2026-09-08,Other/Unknown,Other/Unknown,0.0,Low
1170,478.0,22.79034,86.19852,2026-09-08,Other/Unknown,Other/Unknown,0.0,Low
1171,478.0,22.79099,86.19352,2026-09-08,Other/Unknown,Other/Unknown,0.0,Low
3525,478.0,22.78704,86.20657,2026-09-05,Other/Unknown,Other/Unknown,0.0,Low
3526,478.0,22.78784,86.20303,2026-09-05,Other/Unknown,Other/Unknown,0.0,Low
3527,478.0,22.78863,86.19949,2026-09-05,Other/Unknown,Other/Unknown,0.0,Low
3528,478.0,22.78942,86.19597,2026-09-05,Other/Unknown,Other/Unknown,0.0,Low
3529,478.0,22.7975,86.20966,2026-09-05,Other/Unknown,Other/Unknown,0.0,Low
3530,478.0,22.79832,86.20602,2026-09-05,Other/Unknown,Other/Unknown,0.0,Low
3740,478.0,22.78975,86.19833,2026-09-06,Other/Unknown,Other/Unknown,0.0,Low
5864,478.0,22.78921,86.19717,2026-08-27,Other/Unknown,Other/Unknown,0.0,Low
5865,478.0,22.79055,86.20983,2026-08-27,Other/Unknown,Other/Unknown,0.0,Low
6221,478.0,22.79074,86.20767,2026-08-19,Other/Unknown,Other/Unknown,0.0,Low
6251,478.0,22.78883,86.20107,2026-08-19,Other/Unknown,Other/Unknown,0.0,Low
6479,478.0,22.78398,86.20503,2026-08-20,Other/Unknown,Other/Unknown,0.0,Low
6480,478.0,22.78599,86.20644,2026-08-20,Other/Unknown,Other/Unknown,0.0,Low
6481,478.0,22.78678,86.20286,2026-08-20,Other/Unknown,Other/Unknown,0.0,Low
6482,478.0,22.78835,86.19575,2026-08-20,Other/Unknown,Other/Unknown,0.0,Low
6483,478.0,22.78925,86.20647,2026-08-20,Other/Unknown,Other/Unknown,0.0,Low
6484,478.0,22.79088,86.19932,2026-08-20,Other/Unknown,Other/Unknown,0.0,Low
6485,478.0,22.79169,86.19576,2026-08-20,Other/Unknown,Other/Unknown,0.0,Low
6486,478.0,22.79364,86.19712,2026-08-20,Other/Unknown,Other/Unknown,0.0,Low
6487,478.0,22.7945,86.20801,2026-08-20,Other/Unknown,Other/Unknown,0.0,Low
6488,478.0,22.7973,86.20584,2026-08-20,Other/Unknown,Other/Unknown,0.0,Low
6670,478.0,22.78901,86.19763,2026-08-21,Other/Unknown,Other/Unknown,0.0,Low
6846,478.0,22.792,86.20931,2026-08-22,Other/Unknown,Other/Unknown,0.0,Low
6847,478.0,22.79591,86.2062,2026-08-22,Other/Unknown,Other/Unknown,0.0,Low
7898,478.0,22.78946,86.20515,2026-08-09,Other/Unknown,Other/Unknown,0.0,Low
8161,478.0,22.79259,86.1953,2026-08-10,Other/Unknown,Other/Unknown,0.0,Low
8304,478.0,22.78914,86.20744,2026-08-11,Other/Unknown,Other/Unknown,0.0,Low
8305,478.0,22.79121,86.19544,2026-08-11,Other/Unknown,Other/Unknown,0.0,Low
8306,478.0,22.79186,86.21217,2026-08-11,Other/Unknown,Other/Unknown,0.0,Low
8307,478.0,22.79393,86.20012,2026-08-11,Other/Unknown,Other/Unknown,0.0,Low
8308,478.0,22.79597,86.20885,2026-08-11,Other/Unknown,Other/Unknown,0.0,Low
8309,478.0,22.79735,86.20081,2026-08-11,Other/Unknown,Other/Unknown,0.0,Low
9217,478.0,22.79742,86.20715,2026-07-31,Other/Unknown,Other/Unknown,0.0,Low
9273,478.0,22.78912,86.19611,2026-07-31,Other/Unknown,Other/Unknown,0.0,Low
9274,478.0,22.79021,86.21075,2026-07-31,Other/Unknown,Other/Unknown,0.0,Low
9275,478.0,22.79106,86.20612,2026-07-31,Other/Unknown,Other/Unknown,0.0,Low
9379,478.0,22.7971,86.2003,2026-08-01,Other/Unknown,Other/Unknown,0.0,Low
10363,478.0,22.7847,86.20504,2026-07-29,Other/Unknown,Other/Unknown,0.0,Low
11310,478.0,22.78067,86.20196,2026-07-18,Other/Unknown,Other/Unknown,0.0,Low
11311,478.0,22.78296,86.20487,2026-07-18,Other/Unknown,Other/Unknown,0.0,Low
11323,478.0,22.79062,86.20197,2026-07-18,Other/Unknown,Other/Unknown,0.0,Low
224,479.0,24.79702,94.19991,2026-09-09,Other/Unknown,Other/Unknown,0.0,Low
1261,479.0,24.79702,94.19991,2026-09-09,Other/Unknown,Other/Unknown,0.0,Low
225,480.0,27.37927,95.33396,2026-09-09,Persistent Industrial Thermal Source,Persistent Industrial Thermal Source,61.4,High
1262,480.0,27.37927,95.33396,2026-09-09,Persistent Industrial Thermal Source,Persistent Industrial Thermal Source,61.4,High
2276,480.0,27.37946,95.33263,2026-09-03,Persistent Industrial Thermal Source,Persistent Industrial Thermal Source,66.9,High
3401,480.0,27.37908,95.33517,2026-09-05,Persistent Industrial Thermal Source,Persistent Industrial Thermal Source,61.3,High
3751,480.0,27.37661,95.33383,2026-09-06,Persistent Industrial Thermal Source,Persistent Industrial Thermal Source,61.3,High
3752,480.0,27.37713,95.33389,2026-09-06,Persistent Industrial Thermal Source,Persistent Industrial Thermal Source,61.2,High
4122,480.0,27.3751,95.3355,2026-09-07,Persistent Industrial Thermal Source,Persistent Industrial Thermal Source,61.4,High
4342,480.0,27.37603,95.33333,2026-08-29,Persistent Industrial Thermal Source,Persistent Industrial Thermal Source,61.3,High
4344,480.0,27.37933,95.33401,2026-08-29,Persistent Industrial Thermal Source,Persistent Industrial Thermal Source,61.4,High
5288,480.0,27.37742,95.33333,2026-09-02,Persistent Industrial Thermal Source,Persistent Industrial Thermal Source,61.3,High
5982,480.0,27.37818,95.33735,2026-08-28,Persistent Industrial Thermal Source,Persistent Industrial Thermal Source,62.8,High
5983,480.0,27.37928,95.33176,2026-08-28,Persistent Industrial Thermal Source,Persistent Industrial Thermal Source,63.1,High
9916,480.0,27.37933,95.33691,2026-07-26,Persistent Industrial Thermal Source,Persistent Industrial Thermal Source,61.3,High
10668,480.0,27.37815,95.33618,2026-07-23,Persistent Industrial Thermal Source,Persistent Industrial Thermal Source,61.2,High
10669,480.0,27.37874,95.33226,2026-07-23,Persistent Industrial Thermal Source,Persistent Industrial Thermal Source,61.3,High
135,481.0,23.55746,87.24306,2026-09-08,Other/Unknown,Other/Unknown,0.0,Low
136,481.0,23.55808,87.23852,2026-09-08,Other/Unknown,Other/Unknown,0.0,Low
137,481.0,23.55933,87.22939,2026-09-08,Other/Unknown,Other/Unknown,0.0,Low
138,481.0,23.5617,87.2391,2026-09-08,Other/Unknown,Other/Unknown,0.0,Low
954,481.0,23.55926,87.23817,2026-09-11,Other/Unknown,Other/Unknown,0.0,Low
1172,481.0,23.55746,87.24306,2026-09-08,Other/Unknown,Other/Unknown,0.0,Low
1173,481.0,23.55808,87.23852,2026-09-08,Other/Unknown,Other/Unknown,0.0,Low
1174,481.0,23.55933,87.22939,2026-09-08,Other/Unknown,Other/Unknown,0.0,Low
1175,481.0,23.5617,87.2391,2026-09-08,Other/Unknown,Other/Unknown,0.0,Low
1991,481.0,23.55926,87.23817,2026-09-11,Other/Unknown,Other/Unknown,0.0,Low
3406,481.0,23.55211,87.24216,2026-09-05,Other/Unknown,Other/Unknown,0.0,Low
3407,481.0,23.55509,87.23924,2026-09-05,Other/Unknown,Other/Unknown,0.0,Low
4301,481.0,23.55899,87.24026,2026-08-29,Other/Unknown,Other/Unknown,0.0,Low
5447,481.0,23.55243,87.23839,2026-08-24,Other/Unknown,Other/Unknown,0.0,Low
5753,481.0,23.55976,87.23328,2026-08-26,Other/Unknown,Other/Unknown,0.0,Low
5754,481.0,23.56083,87.22818,2026-08-26,Other/Unknown,Other/Unknown,0.0,Low
5866,481.0,23.54881,87.24468,2026-08-27,Other/Unknown,Other/Unknown,0.0,Low
5867,481.0,23.55232,87.24541,2026-08-27,Other/Unknown,Other/Unknown,0.0,Low
5868,481.0,23.55659,87.24186,2026-08-27,Other/Unknown,Other/Unknown,0.0,Low
5869,481.0,23.56009,87.24259,2026-08-27,Other/Unknown,Other/Unknown,0.0,Low
5870,481.0,23.56085,87.2383,2026-08-27,Other/Unknown,Other/Unknown,0.0,Low
6493,481.0,23.5566,87.23922,2026-08-20,Other/Unknown,Other/Unknown,0.0,Low
6495,481.0,23.56212,87.24074,2026-08-20,Other/Unknown,Other/Unknown,0.0,Low
6644,481.0,23.56004,87.24049,2026-08-21,Other/Unknown,Other/Unknown,0.0,Low
6794,481.0,23.55723,87.24088,2026-08-22,Other/Unknown,Other/Unknown,0.0,Low
6795,481.0,23.55952,87.23223,2026-08-22,Other/Unknown,Other/Unknown,0.0,Low
6796,481.0,23.56066,87.24033,2026-08-22,Other/Unknown,Other/Unknown,0.0,Low
7899,481.0,23.56024,87.23846,2026-08-09,Other/Unknown,Other/Unknown,0.0,Low
8018,481.0,23.55688,87.24264,2026-08-09,Other/Unknown,Other/Unknown,0.0,Low
8019,481.0,23.55756,87.23849,2026-08-09,Other/Unknown,Other/Unknown,0.0,Low
8020,481.0,23.5581,87.23757,2026-08-09,Other/Unknown,Other/Unknown,0.0,Low
8021,481.0,23.5636,87.24025,2026-08-09,Other/Unknown,Other/Unknown,0.0,Low
9279,481.0,23.55083,87.24498,2026-07-31,Other/Unknown,Other/Unknown,0.0,Low
9280,481.0,23.55274,87.24358,2026-07-31,Other/Unknown,Other/Unknown,0.0,Low
9725,481.0,23.56026,87.22882,2026-07-25,Other/Unknown,Other/Unknown,0.0,Low
231,482.0,29.30994,88.86318,2026-09-09,Other/Unknown,Other/Unknown,0.0,Low
1268,482.0,29.30994,88.86318,2026-09-09,Other/Unknown,Other/Unknown,0.0,Low
140,483.0,23.66251,87.15499,2026-09-08,Other/Unknown,Other/Unknown,0.0,Low
141,483.0,23.66553,87.1602,2026-09-08,Other/Unknown,Other/Unknown,0.0,Low
956,483.0,23.66188,87.15467,2026-09-11,Other/Unknown,Other/Unknown,0.0,Low
1177,483.0,23.66251,87.15499,2026-09-08,Other/Unknown,Other/Unknown,0.0,Low
1178,483.0,23.66553,87.1602,2026-09-08,Other/Unknown,Other/Unknown,0.0,Low
1993,483.0,23.66188,87.15467,2026-09-11,Other/Unknown,Other/Unknown,0.0,Low
2366,483.0,23.66326,87.15506,2026-09-03,Other/Unknown,Other/Unknown,0.0,Low
3409,483.0,23.6648,87.15537,2026-09-05,Other/Unknown,Other/Unknown,0.0,Low
3540,483.0,23.66264,87.15807,2026-09-05,Other/Unknown,Other/Unknown,0.0,Low
3541,483.0,23.66354,87.15416,2026-09-05,Other/Unknown,Other/Unknown,0.0,Low
5871,483.0,23.66214,87.15569,2026-08-27,Other/Unknown,Other/Unknown,0.0,Low
5872,483.0,23.66489,87.16066,2026-08-27,Other/Unknown,Other/Unknown,0.0,Low
6504,483.0,23.66331,87.15736,2026-08-20,Other/Unknown,Other/Unknown,0.0,Low
6505,483.0,23.66421,87.1534,2026-08-20,Other/Unknown,Other/Unknown,0.0,Low
6614,483.0,23.66432,87.15331,2026-08-21,Other/Unknown,Other/Unknown,0.0,Low
6645,483.0,23.66372,87.15993,2026-08-21,Other/Unknown,Other/Unknown,0.0,Low
6797,483.0,23.66324,87.15393,2026-08-22,Other/Unknown,Other/Unknown,0.0,Low
6798,483.0,23.66381,87.15797,2026-08-22,Other/Unknown,Other/Unknown,0.0,Low
6858,483.0,23.66223,87.1543,2026-08-22,Other/Unknown,Other/Unknown,0.0,Low
6860,483.0,23.66493,87.15879,2026-08-22,Other/Unknown,Other/Unknown,0.0,Low
6861,483.0,23.66556,87.15495,2026-08-22,Other/Unknown,Other/Unknown,0.0,Low
8390,483.0,23.66504,87.15353,2026-08-12,Other/Unknown,Other/Unknown,0.0,Low
9726,483.0,23.66204,87.15629,2026-07-25,Other/Unknown,Other/Unknown,0.0,Low
9727,483.0,23.66309,87.15118,2026-07-25,Other/Unknown,Other/Unknown,0.0,Low
9888,483.0,23.66334,87.15623,2026-07-26,Other/Unknown,Other/Unknown,0.0,Low
10412,483.0,23.66551,87.15833,2026-07-29,Other/Unknown,Other/Unknown,0.0,Low
235,484.0,6.33895,80.99429,2026-09-09,Other/Unknown,Other/Unknown,0.0,Low
1272,484.0,6.33895,80.99429,2026-09-09,Other/Unknown,Other/Unknown,0.0,Low
145,485.0,23.7728,86.20103,2026-09-08,Other/Unknown,Other/Unknown,0.0,Low
146,485.0,23.77346,86.19588,2026-09-08,Other/Unknown,Other/Unknown,0.0,Low
147,485.0,23.77914,86.21259,2026-09-08,Other/Unknown,Other/Unknown,0.0,Low
148,485.0,23.7798,86.20742,2026-09-08,Other/Unknown,Other/Unknown,1.2,Low
983,485.0,23.77329,86.19618,2026-09-11,Other/Unknown,Other/Unknown,0.0,Low
984,485.0,23.7749,86.21031,2026-09-11,Other/Unknown,Other/Unknown,0.0,Low
985,485.0,23.77917,86.21124,2026-09-11,Other/Unknown,Other/Unknown,0.0,Low
986,485.0,23.78005,86.20687,2026-09-11,Other/Unknown,Other/Unknown,0.0,Low
1182,485.0,23.7728,86.20103,2026-09-08,Other/Unknown,Other/Unknown,0.0,Low
1183,485.0,23.77346,86.19588,2026-09-08,Other/Unknown,Other/Unknown,0.0,Low
1184,485.0,23.77914,86.21259,2026-09-08,Other/Unknown,Other/Unknown,0.0,Low
1185,485.0,23.7798,86.20742,2026-09-08,Other/Unknown,Other/Unknown,1.2,Low
2020,485.0,23.77329,86.19618,2026-09-11,Other/Unknown,Other/Unknown,0.0,Low
2021,485.0,23.7749,86.21031,2026-09-11,Other/Unknown,Other/Unknown,0.0,Low
2022,485.0,23.77917,86.21124,2026-09-11,Other/Unknown,Other/Unknown,0.0,Low
2023,485.0,23.78005,86.20687,2026-09-11,Other/Unknown,Other/Unknown,0.0,Low
2404,485.0,23.77853,86.20712,2026-09-03,Other/Unknown,Other/Unknown,1.2,Low
2755,485.0,23.77868,86.21198,2026-09-04,Other/Unknown,Other/Unknown,0.0,Low
2756,485.0,23.77907,86.2077,2026-09-04,Other/Unknown,Other/Unknown,1.2,Low
2758,485.0,23.77998,86.20918,2026-09-04,Other/Unknown,Other/Unknown,0.0,Low
2759,485.0,23.78033,86.20491,2026-09-04,Other/Unknown,Other/Unknown,0.0,Low
4110,485.0,23.77234,86.19652,2026-09-07,Other/Unknown,Other/Unknown,0.0,Low
6623,485.0,23.78134,86.2098,2026-08-21,Other/Unknown,Other/Unknown,0.0,Low
6904,485.0,23.77052,86.19984,2026-08-22,Other/Unknown,Other/Unknown,0.0,Low
6905,485.0,23.77112,86.19609,2026-08-22,Other/Unknown,Other/Unknown,0.0,Low
6908,485.0,23.77592,86.20858,2026-08-22,Other/Unknown,Other/Unknown,0.0,Low
6911,485.0,23.77922,86.20919,2026-08-22,Other/Unknown,Other/Unknown,0.0,Low
6916,485.0,23.78252,86.20982,2026-08-22,Other/Unknown,Other/Unknown,0.0,Low
7544,485.0,23.77923,86.20941,2026-08-16,Other/Unknown,Other/Unknown,0.0,Low
7546,485.0,23.78283,86.21016,2026-08-16,Other/Unknown,Other/Unknown,0.0,Low
8339,485.0,23.7731,86.19726,2026-08-11,Other/Unknown,Other/Unknown,0.0,Low
8340,485.0,23.77445,86.20985,2026-08-11,Other/Unknown,Other/Unknown,0.0,Low
8341,485.0,23.77784,86.21052,2026-08-11,Other/Unknown,Other/Unknown,0.0,Low
8342,485.0,23.77852,86.20654,2026-08-11,Other/Unknown,Other/Unknown,1.1,Low
8345,485.0,23.78123,86.21118,2026-08-11,Other/Unknown,Other/Unknown,0.0,Low
8652,485.0,23.77308,86.19608,2026-08-06,Other/Unknown,Other/Unknown,0.0,Low
8653,485.0,23.77788,86.20856,2026-08-06,Other/Unknown,Other/Unknown,0.0,Low
8656,485.0,23.78118,86.20918,2026-08-06,Other/Unknown,Other/Unknown,0.0,Low
9305,485.0,23.77909,86.21039,2026-07-31,Other/Unknown,Other/Unknown,0.0,Low
9306,485.0,23.78269,86.21114,2026-07-31,Other/Unknown,Other/Unknown,0.0,Low
9442,485.0,23.77836,86.21198,2026-08-01,Other/Unknown,Other/Unknown,0.0,Low
9443,485.0,23.77894,86.20814,2026-08-01,Other/Unknown,Other/Unknown,0.0,Low
9444,485.0,23.78228,86.20873,2026-08-01,Other/Unknown,Other/Unknown,0.0,Low
9530,485.0,23.77303,86.19574,2026-08-02,Other/Unknown,Other/Unknown,0.0,Low
9537,485.0,23.7799,86.20953,2026-08-02,Other/Unknown,Other/Unknown,0.0,Low
10068,485.0,23.77678,86.20694,2026-07-27,Other/Unknown,Other/Unknown,0.0,Low
10070,485.0,23.77969,86.21185,2026-07-27,Other/Unknown,Other/Unknown,0.0,Low
10071,485.0,23.7803,86.20756,2026-07-27,Other/Unknown,Other/Unknown,0.0,Low
242,486.0,6.58226,81.1302,2026-09-09,Other/Unknown,Other/Unknown,0.0,Low
1279,486.0,6.58226,81.1302,2026-09-09,Other/Unknown,Other/Unknown,0.0,Low
243,487.0,6.59408,81.17841,2026-09-09,Wildfire / Natural Fire,Wildfire / Natural Fire,16.7,Medium
1280,487.0,6.59408,81.17841,2026-09-09,Wildfire / Natural Fire,Wildfire / Natural Fire,16.7,Medium
245,488.0,6.73186,81.15031,2026-09-09,Other/Unknown,Other/Unknown,0.0,Low
1282,488.0,6.73186,81.15031,2026-09-09,Other/Unknown,Other/Unknown,0.0,Low
246,489.0,6.84331,81.76249,2026-09-09,Other/Unknown,Other/Unknown,0.0,Low
1283,489.0,6.84331,81.76249,2026-09-09,Other/Unknown,Other/Unknown,0.0,Low
250,490.0,7.1891,81.5724,2026-09-09,Other/Unknown,Other/Unknown,0.0,Low
1287,490.0,7.1891,81.5724,2026-09-09,Other/Unknown,Other/Unknown,0.0,Low
251,491.0,7.25047,81.77212,2026-09-09,Other/Unknown,Other/Unknown,0.0,Low
1288,491.0,7.25047,81.77212,2026-09-09,Other/Unknown,Other/Unknown,0.0,Low
252,492.0,7.28344,81.82129,2026-09-09,Other/Unknown,Other/Unknown,0.0,Low
1289,492.0,7.28344,81.82129,2026-09-09,Other/Unknown,Other/Unknown,0.0,Low
7636,492.0,7.27778,81.81866,2026-08-17,Other/Unknown,Other/Unknown,0.0,Low
7637,492.0,7.27832,81.82177,2026-08-17,Other/Unknown,Other/Unknown,0.0,Low
253,493.0,7.31883,81.84831,2026-09-09,Other/Unknown,Other/Unknown,1.0,Low
1290,493.0,7.31883,81.84831,2026-09-09,Other/Unknown,Other/Unknown,1.0,Low
5400,493.0,7.31644,81.84643,2026-08-24,Other/Unknown,Other/Unknown,14.2,Low
254,494.0,7.43295,81.12988,2026-09-09,Other/Unknown,Other/Unknown,0.0,Low
1291,494.0,7.43295,81.12988,2026-09-09,Other/Unknown,Other/Unknown,0.0,Low
7602,494.0,7.42405,81.13436,2026-08-17,Other/Unknown,Other/Unknown,0.5,Low
7604,494.0,7.42786,81.1346,2026-08-17,Other/Unknown,Other/Unknown,0.6,Low
7605,494.0,7.42945,81.13339,2026-08-17,Other/Unknown,Other/Unknown,0.5,Low
255,495.0,7.51097,80.19008,2026-09-09,Other/Unknown,Other/Unknown,0.0,Low
1292,495.0,7.51097,80.19008,2026-09-09,Other/Unknown,Other/Unknown,0.0,Low
256,496.0,7.54614,81.36263,2026-09-09,Other/Unknown,Other/Unknown,0.0,Low
1293,496.0,7.54614,81.36263,2026-09-09,Other/Unknown,Other/Unknown,0.0,Low
5577,496.0,7.54853,81.36391,2026-08-25,Other/Unknown,Other/Unknown,0.0,Low
257,497.0,7.55166,80.19073,2026-09-09,Other/Unknown,Other/Unknown,0.0,Low
1294,497.0,7.55166,80.19073,2026-09-09,Other/Unknown,Other/Unknown,0.0,Low
258,498.0,7.59074,81.05297,2026-09-09,Wildfire / Natural Fire,Wildfire / Natural Fire,19.3,Medium
1295,498.0,7.59074,81.05297,2026-09-09,Wildfire / Natural Fire,Wildfire / Natural Fire,19.3,Medium
2110,498.0,7.58269,81.05655,2026-09-12,Wildfire / Natural Fire,Wildfire / Natural Fire,19.5,Medium
2111,498.0,7.59294,81.03706,2026-09-12,Wildfire / Natural Fire,Wildfire / Natural Fire,19.4,Medium
3942,498.0,7.592,81.0443,2026-09-07,Wildfire / Natural Fire,Wildfire / Natural Fire,19.6,Medium
3943,498.0,7.59429,81.04045,2026-09-07,Wildfire / Natural Fire,Wildfire / Natural Fire,19.4,Medium
3944,498.0,7.59592,81.03794,2026-09-07,Wildfire / Natural Fire,Wildfire / Natural Fire,19.2,Medium
259,499.0,7.61807,81.03234,2026-09-09,Wildfire / Natural Fire,Wildfire / Natural Fire,16.6,Medium
1296,499.0,7.61807,81.03234,2026-09-09,Wildfire / Natural Fire,Wildfire / Natural Fire,16.6,Medium
2112,499.0,7.60983,81.02975,2026-09-12,Wildfire / Natural Fire,Wildfire / Natural Fire,16.7,Medium
260,500.0,7.70898,80.0405,2026-09-09,Other/Unknown,Other/Unknown,8.5,Low
1297,500.0,7.70898,80.0405,2026-09-09,Other/Unknown,Other/Unknown,8.5,Low
261,501.0,7.71594,81.0788,2026-09-09,Industrial Fire,Industrial Fire,94.4,Critical
1298,501.0,7.71594,81.0788,2026-09-09,Industrial Fire,Industrial Fire,94.4,Critical
3034,501.0,7.72235,81.0792,2026-09-05,Industrial Fire,Industrial Fire,97.2,Critical
262,502.0,7.77461,80.47596,2026-09-09,Wildfire / Natural Fire,Wildfire / Natural Fire,16.9,Medium
1299,502.0,7.77461,80.47596,2026-09-09,Wildfire / Natural Fire,Wildfire / Natural Fire,16.9,Medium
8364,502.0,7.77641,80.48136,2026-08-11,Wildfire / Natural Fire,Wildfire / Natural Fire,16.2,Medium
263,503.0,7.79754,80.64051,2026-09-09,Other/Unknown,Other/Unknown,0.0,Low
1300,503.0,7.79754,80.64051,2026-09-09,Other/Unknown,Other/Unknown,0.0,Low
264,504.0,7.80289,80.15063,2026-09-09,Other/Unknown,Other/Unknown,0.0,Low
1301,504.0,7.80289,80.15063,2026-09-09,Other/Unknown,Other/Unknown,0.0,Low
266,505.0,7.92872,80.28514,2026-09-09,Other/Unknown,Other/Unknown,0.0,Low
1303,505.0,7.92872,80.28514,2026-09-09,Other/Unknown,Other/Unknown,0.0,Low
149,506.0,23.80277,86.33076,2026-09-08,Other/Unknown,Other/Unknown,0.0,Low
687,506.0,23.80222,86.32877,2026-09-10,Other/Unknown,Other/Unknown,0.0,Low
688,506.0,23.80455,86.32764,2026-09-10,Other/Unknown,Other/Unknown,0.0,Low
991,506.0,23.80108,86.33093,2026-09-11,Other/Unknown,Other/Unknown,0.0,Low
992,506.0,23.80401,86.33302,2026-09-11,Other/Unknown,Other/Unknown,0.0,Low
993,506.0,23.80489,86.32858,2026-09-11,Other/Unknown,Other/Unknown,0.0,Low
994,506.0,23.80536,86.33195,2026-09-11,Other/Unknown,Other/Unknown,0.0,Low
995,506.0,23.80626,86.32754,2026-09-11,Other/Unknown,Other/Unknown,0.0,Low
1186,506.0,23.80277,86.33076,2026-09-08,Other/Unknown,Other/Unknown,0.0,Low
1724,506.0,23.80222,86.32877,2026-09-10,Other/Unknown,Other/Unknown,0.0,Low
1725,506.0,23.80455,86.32764,2026-09-10,Other/Unknown,Other/Unknown,0.0,Low
2028,506.0,23.80108,86.33093,2026-09-11,Other/Unknown,Other/Unknown,0.0,Low
2029,506.0,23.80401,86.33302,2026-09-11,Other/Unknown,Other/Unknown,0.0,Low
2030,506.0,23.80489,86.32858,2026-09-11,Other/Unknown,Other/Unknown,0.0,Low
2031,506.0,23.80536,86.33195,2026-09-11,Other/Unknown,Other/Unknown,0.0,Low
2032,506.0,23.80626,86.32754,2026-09-11,Other/Unknown,Other/Unknown,0.0,Low
2272,506.0,23.80334,86.3283,2026-09-03,Other/Unknown,Other/Unknown,0.0,Low
2413,506.0,23.80228,86.32954,2026-09-03,Other/Unknown,Other/Unknown,0.0,Low
2414,506.0,23.80646,86.33013,2026-09-03,Other/Unknown,Other/Unknown,0.0,Low
2415,506.0,23.80754,86.32885,2026-09-03,Other/Unknown,Other/Unknown,0.0,Low
2761,506.0,23.80416,86.3309,2026-09-04,Other/Unknown,Other/Unknown,0.0,Low
4054,506.0,23.80133,86.32993,2026-09-07,Other/Unknown,Other/Unknown,0.0,Low
4055,506.0,23.80467,86.32935,2026-09-07,Other/Unknown,Other/Unknown,0.0,Low
5316,506.0,23.80136,86.32924,2026-09-02,Other/Unknown,Other/Unknown,0.0,Low
5317,506.0,23.80471,86.32983,2026-09-02,Other/Unknown,Other/Unknown,0.0,Low
5318,506.0,23.80529,86.32597,2026-09-02,Other/Unknown,Other/Unknown,0.0,Low
6922,506.0,23.80076,86.32919,2026-08-22,Other/Unknown,Other/Unknown,0.0,Low
6923,506.0,23.80196,86.32169,2026-08-22,Other/Unknown,Other/Unknown,0.0,Low
6924,506.0,23.80406,86.32982,2026-08-22,Other/Unknown,Other/Unknown,0.0,Low
6925,506.0,23.80466,86.32607,2026-08-22,Other/Unknown,Other/Unknown,0.0,Low
7512,506.0,23.80482,86.32938,2026-08-16,Other/Unknown,Other/Unknown,0.0,Low
8348,506.0,23.8033,86.32986,2026-08-11,Other/Unknown,Other/Unknown,0.0,Low
8443,506.0,23.80264,86.33192,2026-08-13,Other/Unknown,Other/Unknown,0.0,Low
8812,506.0,23.80587,86.32827,2026-08-08,Other/Unknown,Other/Unknown,0.0,Low
9220,506.0,23.80275,86.33156,2026-07-31,Other/Unknown,Other/Unknown,0.0,Low
9447,506.0,23.80345,86.33042,2026-08-01,Other/Unknown,Other/Unknown,0.0,Low
9544,506.0,23.80063,86.3289,2026-08-02,Other/Unknown,Other/Unknown,0.0,Low
9545,506.0,23.80343,86.33026,2026-08-02,Other/Unknown,Other/Unknown,0.0,Low
9546,506.0,23.80479,86.32948,2026-08-02,Other/Unknown,Other/Unknown,0.0,Low
9712,506.0,23.80399,86.32874,2026-07-25,Other/Unknown,Other/Unknown,0.0,Low
9894,506.0,23.80299,86.32906,2026-07-26,Other/Unknown,Other/Unknown,0.0,Low
9895,506.0,23.80358,86.3334,2026-07-26,Other/Unknown,Other/Unknown,0.0,Low
10078,506.0,23.80239,86.33202,2026-07-27,Other/Unknown,Other/Unknown,0.0,Low
10079,506.0,23.80297,86.32778,2026-07-27,Other/Unknown,Other/Unknown,0.0,Low
10080,506.0,23.80647,86.32835,2026-07-27,Other/Unknown,Other/Unknown,0.0,Low
10221,506.0,23.80376,86.32871,2026-07-28,Other/Unknown,Other/Unknown,0.0,Low
150,507.0,23.83902,85.30463,2026-09-08,Other/Unknown,Other/Unknown,0.0,Low
151,507.0,23.83938,85.30389,2026-09-08,Other/Unknown,Other/Unknown,0.0,Low
1187,507.0,23.83902,85.30463,2026-09-08,Other/Unknown,Other/Unknown,0.0,Low
1188,507.0,23.83938,85.30389,2026-09-08,Other/Unknown,Other/Unknown,0.0,Low
5875,507.0,23.84105,85.30284,2026-08-27,Other/Unknown,Other/Unknown,0.0,Low
269,508.0,7.93867,80.57105,2026-09-09,Other/Unknown,Other/Unknown,0.0,Low
1306,508.0,7.93867,80.57105,2026-09-09,Other/Unknown,Other/Unknown,0.0,Low
3069,508.0,7.93164,80.56907,2026-09-05,Other/Unknown,Other/Unknown,0.0,Low
3070,508.0,7.93501,80.56857,2026-09-05,Other/Unknown,Other/Unknown,0.0,Low
271,509.0,7.94733,80.45666,2026-09-09,Other/Unknown,Other/Unknown,0.0,Low
1308,509.0,7.94733,80.45666,2026-09-09,Other/Unknown,Other/Unknown,0.0,Low
153,510.0,26.64162,79.47488,2026-09-08,Persistent Industrial Thermal Source,Persistent Industrial Thermal Source,52.1,High
393,510.0,26.64183,79.48302,2026-09-09,Persistent Industrial Thermal Source,Persistent Industrial Thermal Source,59.3,High
1190,510.0,26.64162,79.47488,2026-09-08,Persistent Industrial Thermal Source,Persistent Industrial Thermal Source,52.1,High
1430,510.0,26.64183,79.48302,2026-09-09,Persistent Industrial Thermal Source,Persistent Industrial Thermal Source,59.3,High
8415,510.0,26.64153,79.47498,2026-08-12,Persistent Industrial Thermal Source,Persistent Industrial Thermal Source,55.6,High
8434,510.0,26.64242,79.48309,2026-08-12,Persistent Industrial Thermal Source,Persistent Industrial Thermal Source,59.2,High
8435,510.0,26.64256,79.48462,2026-08-12,Persistent Industrial Thermal Source,Persistent Industrial Thermal Source,59.3,High
8699,510.0,26.64386,79.47507,2026-08-07,Persistent Industrial Thermal Source,Persistent Industrial Thermal Source,56.7,High
8846,510.0,26.64085,79.47772,2026-08-08,Persistent Industrial Thermal Source,Persistent Industrial Thermal Source,58.8,High
8847,510.0,26.6441,79.47943,2026-08-08,Persistent Industrial Thermal Source,Persistent Industrial Thermal Source,59.0,High
8988,510.0,26.64277,79.47996,2026-07-30,Persistent Industrial Thermal Source,Persistent Industrial Thermal Source,59.0,High
9323,510.0,26.64078,79.4791,2026-07-31,Persistent Industrial Thermal Source,Persistent Industrial Thermal Source,58.9,High
9324,510.0,26.64223,79.48099,2026-07-31,Persistent Industrial Thermal Source,Persistent Industrial Thermal Source,59.0,High
9325,510.0,26.64285,79.4761,2026-07-31,Persistent Industrial Thermal Source,Persistent Industrial Thermal Source,58.7,High
9326,510.0,26.64447,79.4797,2026-07-31,Persistent Industrial Thermal Source,Persistent Industrial Thermal Source,59.0,High
9749,510.0,26.64172,79.47929,2026-07-25,Persistent Industrial Thermal Source,Persistent Industrial Thermal Source,59.0,High
9949,510.0,26.64404,79.47814,2026-07-26,Persistent Industrial Thermal Source,Persistent Industrial Thermal Source,58.9,High
10055,510.0,26.64103,79.47578,2026-07-27,Persistent Industrial Thermal Source,Persistent Industrial Thermal Source,58.7,High
10056,510.0,26.64647,79.47639,2026-07-27,Persistent Industrial Thermal Source,Persistent Industrial Thermal Source,58.7,High
10416,510.0,26.64041,79.47852,2026-07-29,Persistent Industrial Thermal Source,Persistent Industrial Thermal Source,58.9,High
10568,510.0,26.63897,79.47527,2026-07-22,Persistent Industrial Thermal Source,Persistent Industrial Thermal Source,55.6,High
10569,510.0,26.64495,79.47585,2026-07-22,Persistent Industrial Thermal Source,Persistent Industrial Thermal Source,58.7,High
10858,510.0,26.64354,79.48151,2026-07-24,Persistent Industrial Thermal Source,Persistent Industrial Thermal Source,59.2,High
154,511.0,11.86825,79.20898,2026-09-08,Other/Unknown,Other/Unknown,0.0,Low
155,511.0,11.86972,79.20905,2026-09-08,Other/Unknown,Other/Unknown,0.0,Low
1191,511.0,11.86825,79.20898,2026-09-08,Other/Unknown,Other/Unknown,0.0,Low
1192,511.0,11.86972,79.20905,2026-09-08,Other/Unknown,Other/Unknown,0.0,Low
277,512.0,8.07086,80.09274,2026-09-09,Wildfire / Natural Fire,Wildfire / Natural Fire,16.3,Medium
1314,512.0,8.07086,80.09274,2026-09-09,Wildfire / Natural Fire,Wildfire / Natural Fire,16.3,Medium
6571,512.0,8.07838,80.0887,2026-08-21,Wildfire / Natural Fire,Wildfire / Natural Fire,17.1,Medium
278,513.0,8.09054,80.54442,2026-09-09,Other/Unknown,Other/Unknown,0.0,Low
1315,513.0,8.09054,80.54442,2026-09-09,Other/Unknown,Other/Unknown,0.0,Low
158,514.0,15.17607,76.65705,2026-09-08,Persistent Industrial Thermal Source,Persistent Industrial Thermal Source,47.7,High
199,514.0,15.17795,76.657,2026-09-08,Persistent Industrial Thermal Source,Persistent Industrial Thermal Source,49.0,High
200,514.0,15.17892,76.66013,2026-09-08,Persistent Industrial Thermal Source,Persistent Industrial Thermal Source,58.1,High
201,514.0,15.18275,76.67428,2026-09-08,Persistent Industrial Thermal Source,Persistent Industrial Thermal Source,58.2,High
347,514.0,15.17479,76.67694,2026-09-09,Persistent Industrial Thermal Source,Persistent Industrial Thermal Source,49.1,High
348,514.0,15.17643,76.65775,2026-09-09,Persistent Industrial Thermal Source,Persistent Industrial Thermal Source,48.0,High
349,514.0,15.18199,76.66843,2026-09-09,Persistent Industrial Thermal Source,Persistent Industrial Thermal Source,58.7,High
489,514.0,15.17594,76.67782,2026-09-09,Persistent Industrial Thermal Source,Persistent Industrial Thermal Source,48.9,High
490,514.0,15.17654,76.67481,2026-09-09,Persistent Industrial Thermal Source,Persistent Industrial Thermal Source,58.0,High
1001,514.0,15.16826,76.67259,2026-09-11,Persistent Industrial Thermal Source,Persistent Industrial Thermal Source,47.7,High
1004,514.0,15.17353,76.65462,2026-09-11,Persistent Industrial Thermal Source,Persistent Industrial Thermal Source,41.7,High
1006,514.0,15.17631,76.65878,2026-09-11,Persistent Industrial Thermal Source,Persistent Industrial Thermal Source,47.7,High
1007,514.0,15.17686,76.65517,2026-09-11,Persistent Industrial Thermal Source,Persistent Industrial Thermal Source,47.6,High
1008,514.0,15.1802,76.65571,2026-09-11,Persistent Industrial Thermal Source,Persistent Industrial Thermal Source,48.9,High
1195,514.0,15.17607,76.65705,2026-09-08,Persistent Industrial Thermal Source,Persistent Industrial Thermal Source,47.7,High
1236,514.0,15.17795,76.657,2026-09-08,Persistent Industrial Thermal Source,Persistent Industrial Thermal Source,49.0,High
1237,514.0,15.17892,76.66013,2026-09-08,Persistent Industrial Thermal Source,Persistent Industrial Thermal Source,58.1,High
1238,514.0,15.18275,76.67428,2026-09-08,Persistent Industrial Thermal Source,Persistent Industrial Thermal Source,58.2,High
1384,514.0,15.17479,76.67694,2026-09-09,Persistent Industrial Thermal Source,Persistent Industrial Thermal Source,49.1,High
1385,514.0,15.17643,76.65775,2026-09-09,Persistent Industrial Thermal Source,Persistent Industrial Thermal Source,48.0,High
1386,514.0,15.18199,76.66843,2026-09-09,Persistent Industrial Thermal Source,Persistent Industrial Thermal Source,58.7,High
1526,514.0,15.17594,76.67782,2026-09-09,Persistent Industrial Thermal Source,Persistent Industrial Thermal Source,48.9,High
1527,514.0,15.17654,76.67481,2026-09-09,Persistent Industrial Thermal Source,Persistent Industrial Thermal Source,58.0,High
2038,514.0,15.16826,76.67259,2026-09-11,Persistent Industrial Thermal Source,Persistent Industrial Thermal Source,47.7,High
2041,514.0,15.17353,76.65462,2026-09-11,Persistent Industrial Thermal Source,Persistent Industrial Thermal Source,41.7,High
2043,514.0,15.17631,76.65878,2026-09-11,Persistent Industrial Thermal Source,Persistent Industrial Thermal Source,47.7,High
2044,514.0,15.17686,76.65517,2026-09-11,Persistent Industrial Thermal Source,Persistent Industrial Thermal Source,47.6,High
2045,514.0,15.1802,76.65571,2026-09-11,Persistent Industrial Thermal Source,Persistent Industrial Thermal Source,48.9,High
2425,514.0,15.18083,76.6638,2026-09-03,Persistent Industrial Thermal Source,Persistent Industrial Thermal Source,58.3,High
2426,514.0,15.18106,76.67557,2026-09-03,Persistent Industrial Thermal Source,Persistent Industrial Thermal Source,58.1,High
2427,514.0,15.18172,76.66895,2026-09-03,Persistent Industrial Thermal Source,Persistent Industrial Thermal Source,58.4,High
2459,514.0,15.17781,76.65665,2026-09-03,Persistent Industrial Thermal Source,Persistent Industrial Thermal Source,47.8,High
2460,514.0,15.18179,76.66799,2026-09-03,Persistent Industrial Thermal Source,Persistent Industrial Thermal Source,58.4,High
2690,514.0,15.17642,76.65735,2026-09-04,Persistent Industrial Thermal Source,Persistent Industrial Thermal Source,47.9,High
2691,514.0,15.18196,76.64268,2026-09-04,Persistent Industrial Thermal Source,Other/Unknown,19.4,Medium
2942,514.0,15.17759,76.65895,2026-09-04,Persistent Industrial Thermal Source,Persistent Industrial Thermal Source,58.0,High
2944,514.0,15.1785,76.65421,2026-09-04,Persistent Industrial Thermal Source,Persistent Industrial Thermal Source,47.6,High
2945,514.0,15.1803,76.66946,2026-09-04,Persistent Industrial Thermal Source,Persistent Industrial Thermal Source,58.4,High
2946,514.0,15.18121,76.66469,2026-09-04,Persistent Industrial Thermal Source,Persistent Industrial Thermal Source,58.2,High
3345,514.0,15.17266,76.66496,2026-09-05,Persistent Industrial Thermal Source,Persistent Industrial Thermal Source,49.2,High
3346,514.0,15.17484,76.65714,2026-09-05,Persistent Industrial Thermal Source,Persistent Industrial Thermal Source,47.7,High
3347,514.0,15.17818,76.65657,2026-09-05,Persistent Industrial Thermal Source,Persistent Industrial Thermal Source,47.8,High
3428,514.0,15.16829,76.67445,2026-09-05,Persistent Industrial Thermal Source,Persistent Industrial Thermal Source,47.6,High
3430,514.0,15.16894,76.67054,2026-09-05,Persistent Industrial Thermal Source,Persistent Industrial Thermal Source,47.6,High
3433,514.0,15.17453,76.67966,2026-09-05,Persistent Industrial Thermal Source,Persistent Industrial Thermal Source,47.6,High
3435,514.0,15.17504,76.65553,2026-09-05,Persistent Industrial Thermal Source,Persistent Industrial Thermal Source,46.7,High
3436,514.0,15.17519,76.67574,2026-09-05,Persistent Industrial Thermal Source,Persistent Industrial Thermal Source,57.9,High
3438,514.0,15.17783,76.66007,2026-09-05,Persistent Industrial Thermal Source,Persistent Industrial Thermal Source,58.0,High
3439,514.0,15.17849,76.65616,2026-09-05,Persistent Industrial Thermal Source,Persistent Industrial Thermal Source,47.7,High
3440,514.0,15.17865,76.67638,2026-09-05,Persistent Industrial Thermal Source,Persistent Industrial Thermal Source,58.1,High
3442,514.0,15.18062,76.66463,2026-09-05,Persistent Industrial Thermal Source,Persistent Industrial Thermal Source,58.2,High
3443,514.0,15.18342,76.66917,2026-09-05,Persistent Industrial Thermal Source,Persistent Industrial Thermal Source,58.4,High
3444,514.0,15.18408,76.66525,2026-09-05,Persistent Industrial Thermal Source,Persistent Industrial Thermal Source,58.4,High
3446,514.0,15.18671,76.64958,2026-09-05,Persistent Industrial Thermal Source,Persistent Industrial Thermal Source,34.7,Medium
3726,514.0,15.17639,76.65804,2026-09-06,Persistent Industrial Thermal Source,Persistent Industrial Thermal Source,47.9,High
3727,514.0,15.18268,76.66901,2026-09-06,Persistent Industrial Thermal Source,Persistent Industrial Thermal Source,58.6,High
3875,514.0,15.17216,76.66468,2026-09-06,Persistent Industrial Thermal Source,Persistent Industrial Thermal Source,47.7,High
3876,514.0,15.17275,76.66071,2026-09-06,Persistent Industrial Thermal Source,Persistent Industrial Thermal Source,47.6,High
3877,514.0,15.17334,76.65672,2026-09-06,Persistent Industrial Thermal Source,Persistent Industrial Thermal Source,34.7,Medium
3879,514.0,15.17682,76.65726,2026-09-06,Persistent Industrial Thermal Source,Persistent Industrial Thermal Source,47.7,High
3880,514.0,15.17737,76.67767,2026-09-06,Persistent Industrial Thermal Source,Persistent Industrial Thermal Source,58.0,High
3881,514.0,15.17741,76.65328,2026-09-06,Persistent Industrial Thermal Source,Persistent Industrial Thermal Source,34.7,Medium
3882,514.0,15.17796,76.6737,2026-09-06,Persistent Industrial Thermal Source,Persistent Industrial Thermal Source,58.1,High
3883,514.0,15.18145,76.67422,2026-09-06,Persistent Industrial Thermal Source,Persistent Industrial Thermal Source,58.2,High
3884,514.0,15.18263,76.66628,2026-09-06,Persistent Industrial Thermal Source,Persistent Industrial Thermal Source,58.4,High
3885,514.0,15.18494,76.67477,2026-09-06,Persistent Industrial Thermal Source,Persistent Industrial Thermal Source,58.1,High
3886,514.0,15.1873,76.65886,2026-09-06,Persistent Industrial Thermal Source,Persistent Industrial Thermal Source,58.1,High
4589,514.0,15.16888,76.67051,2026-08-30,Persistent Industrial Thermal Source,Persistent Industrial Thermal Source,47.5,High
4592,514.0,15.1757,76.65623,2026-08-30,Persistent Industrial Thermal Source,Persistent Industrial Thermal Source,47.7,High
4593,514.0,15.17636,76.67603,2026-08-30,Persistent Industrial Thermal Source,Persistent Industrial Thermal Source,58.0,High
4594,514.0,15.17842,76.66464,2026-08-30,Persistent Industrial Thermal Source,Persistent Industrial Thermal Source,58.1,High
4595,514.0,15.18182,76.66927,2026-08-30,Persistent Industrial Thermal Source,Persistent Industrial Thermal Source,58.4,High
4596,514.0,15.1825,76.66548,2026-08-30,Persistent Industrial Thermal Source,Persistent Industrial Thermal Source,58.3,High
5073,514.0,15.17649,76.65758,2026-09-01,Persistent Industrial Thermal Source,Persistent Industrial Thermal Source,47.7,High
5074,514.0,15.17715,76.65287,2026-09-01,Persistent Industrial Thermal Source,Persistent Industrial Thermal Source,34.8,Medium
5075,514.0,15.18272,76.66805,2026-09-01,Persistent Industrial Thermal Source,Persistent Industrial Thermal Source,58.5,High
5076,514.0,15.18291,76.63927,2026-09-01,Persistent Industrial Thermal Source,Other/Unknown,0.8,Low
5077,514.0,15.18782,76.65921,2026-09-01,Persistent Industrial Thermal Source,Persistent Industrial Thermal Source,58.2,High
5320,514.0,15.17321,76.65722,2026-09-02,Persistent Industrial Thermal Source,Persistent Industrial Thermal Source,34.8,Medium
5321,514.0,15.17359,76.65408,2026-09-02,Persistent Industrial Thermal Source,Persistent Industrial Thermal Source,32.0,Medium
5322,514.0,15.17838,76.65782,2026-09-02,Persistent Industrial Thermal Source,Persistent Industrial Thermal Source,58.0,High
5323,514.0,15.17876,76.65467,2026-09-02,Persistent Industrial Thermal Source,Persistent Industrial Thermal Source,47.6,High
5324,514.0,15.18241,76.66785,2026-09-02,Persistent Industrial Thermal Source,Persistent Industrial Thermal Source,58.4,High
5655,514.0,15.17508,76.67832,2026-08-25,Persistent Industrial Thermal Source,Persistent Industrial Thermal Source,47.7,High
5656,514.0,15.1759,76.67371,2026-08-25,Persistent Industrial Thermal Source,Persistent Industrial Thermal Source,58.0,High
5657,514.0,15.17962,76.67442,2026-08-25,Persistent Industrial Thermal Source,Persistent Industrial Thermal Source,58.1,High
5710,514.0,15.17995,76.68201,2026-08-26,Persistent Industrial Thermal Source,Persistent Industrial Thermal Source,47.7,High
5766,514.0,15.16735,76.6746,2026-08-26,Persistent Industrial Thermal Source,Persistent Industrial Thermal Source,48.8,High
5767,514.0,15.16791,76.67098,2026-08-26,Persistent Industrial Thermal Source,Persistent Industrial Thermal Source,47.7,High
5772,514.0,15.17348,76.65711,2026-08-26,Persistent Industrial Thermal Source,Persistent Industrial Thermal Source,34.7,Medium
5773,514.0,15.17403,76.65352,2026-08-26,Persistent Industrial Thermal Source,Persistent Industrial Thermal Source,32.0,Medium
5776,514.0,15.17624,76.66125,2026-08-26,Persistent Industrial Thermal Source,Persistent Industrial Thermal Source,58.0,High
5777,514.0,15.1768,76.65766,2026-08-26,Persistent Industrial Thermal Source,Persistent Industrial Thermal Source,47.8,High
5778,514.0,15.17733,76.67619,2026-08-26,Persistent Industrial Thermal Source,Persistent Industrial Thermal Source,58.1,High
5779,514.0,15.17736,76.65406,2026-08-26,Persistent Industrial Thermal Source,Persistent Industrial Thermal Source,47.7,High
5781,514.0,15.17922,76.67965,2026-08-26,Persistent Industrial Thermal Source,Persistent Industrial Thermal Source,48.9,High
5782,514.0,15.18088,76.66885,2026-08-26,Persistent Industrial Thermal Source,Persistent Industrial Thermal Source,58.5,High
5783,514.0,15.18143,76.66524,2026-08-26,Persistent Industrial Thermal Source,Persistent Industrial Thermal Source,58.3,High
5784,514.0,15.18476,76.64362,2026-08-26,Persistent Industrial Thermal Source,Other/Unknown,21.7,Medium
5785,514.0,15.18476,76.66579,2026-08-26,Persistent Industrial Thermal Source,Persistent Industrial Thermal Source,58.4,High
5921,514.0,15.17371,76.65434,2026-08-27,Persistent Industrial Thermal Source,Persistent Industrial Thermal Source,41.5,High
5988,514.0,15.17508,76.67622,2026-08-28,Persistent Industrial Thermal Source,Persistent Industrial Thermal Source,57.9,High
5989,514.0,15.17742,76.65607,2026-08-28,Persistent Industrial Thermal Source,Persistent Industrial Thermal Source,47.7,High
5990,514.0,15.17891,76.65431,2026-08-28,Persistent Industrial Thermal Source,Persistent Industrial Thermal Source,47.6,High
5991,514.0,15.18081,76.67679,2026-08-28,Persistent Industrial Thermal Source,Persistent Industrial Thermal Source,58.1,High
5992,514.0,15.18128,76.67277,2026-08-28,Persistent Industrial Thermal Source,Persistent Industrial Thermal Source,58.3,High
5993,514.0,15.18174,76.66875,2026-08-28,Persistent Industrial Thermal Source,Persistent Industrial Thermal Source,58.4,High
5994,514.0,15.18244,76.67507,2026-08-28,Persistent Industrial Thermal Source,Persistent Industrial Thermal Source,58.2,High
5995,514.0,15.18288,76.67104,2026-08-28,Persistent Industrial Thermal Source,Persistent Industrial Thermal Source,58.3,High
5996,514.0,15.18332,76.66703,2026-08-28,Persistent Industrial Thermal Source,Persistent Industrial Thermal Source,58.3,High
5997,514.0,15.18653,76.67741,2026-08-28,Persistent Industrial Thermal Source,Persistent Industrial Thermal Source,58.0,High
6179,514.0,15.17723,76.65598,2026-08-19,Persistent Industrial Thermal Source,Persistent Industrial Thermal Source,47.9,High
6458,514.0,15.16689,76.67173,2026-08-20,Persistent Industrial Thermal Source,Persistent Industrial Thermal Source,48.9,High
6460,514.0,15.16889,76.67329,2026-08-20,Persistent Industrial Thermal Source,Persistent Industrial Thermal Source,47.6,High
6461,514.0,15.17304,76.65667,2026-08-20,Persistent Industrial Thermal Source,Persistent Industrial Thermal Source,34.7,Medium
6462,514.0,15.17371,76.65274,2026-08-20,Persistent Industrial Thermal Source,Persistent Industrial Thermal Source,41.2,High
6464,514.0,15.17649,76.6573,2026-08-20,Persistent Industrial Thermal Source,Persistent Industrial Thermal Source,47.9,High
6465,514.0,15.17659,76.6776,2026-08-20,Persistent Industrial Thermal Source,Persistent Industrial Thermal Source,58.0,High
6466,514.0,15.17717,76.65337,2026-08-20,Persistent Industrial Thermal Source,Persistent Industrial Thermal Source,34.9,Medium
6467,514.0,15.18207,76.66643,2026-08-20,Persistent Industrial Thermal Source,Persistent Industrial Thermal Source,58.4,High
6683,514.0,15.16701,76.67386,2026-08-21,Persistent Industrial Thermal Source,Persistent Industrial Thermal Source,48.9,High
6687,514.0,15.17346,76.65458,2026-08-21,Persistent Industrial Thermal Source,Persistent Industrial Thermal Source,41.5,High
6688,514.0,15.17382,76.66235,2026-08-21,Persistent Industrial Thermal Source,Persistent Industrial Thermal Source,47.7,High
6689,514.0,15.17439,76.65839,2026-08-21,Persistent Industrial Thermal Source,Persistent Industrial Thermal Source,47.6,High
6690,514.0,15.17497,76.65443,2026-08-21,Persistent Industrial Thermal Source,Persistent Industrial Thermal Source,34.8,Medium
6692,514.0,15.17635,76.65906,2026-08-21,Persistent Industrial Thermal Source,Persistent Industrial Thermal Source,48.9,High
6693,514.0,15.17694,76.65511,2026-08-21,Persistent Industrial Thermal Source,Persistent Industrial Thermal Source,47.6,High
6694,514.0,15.17787,76.65893,2026-08-21,Persistent Industrial Thermal Source,Persistent Industrial Thermal Source,58.0,High
6695,514.0,15.17844,76.65497,2026-08-21,Persistent Industrial Thermal Source,Persistent Industrial Thermal Source,47.7,High
6696,514.0,15.17905,76.67529,2026-08-21,Persistent Industrial Thermal Source,Persistent Industrial Thermal Source,58.1,High
6698,514.0,15.17962,76.67133,2026-08-21,Persistent Industrial Thermal Source,Persistent Industrial Thermal Source,58.3,High
6699,514.0,15.1802,76.66738,2026-08-21,Persistent Industrial Thermal Source,Persistent Industrial Thermal Source,58.4,High
6700,514.0,15.18368,76.66792,2026-08-21,Persistent Industrial Thermal Source,Persistent Industrial Thermal Source,58.4,High
6701,514.0,15.18423,76.63964,2026-08-21,Persistent Industrial Thermal Source,Other/Unknown,0.8,Low
6702,514.0,15.18658,76.6724,2026-08-21,Persistent Industrial Thermal Source,Persistent Industrial Thermal Source,58.1,High
6936,514.0,15.17784,76.67703,2026-08-22,Persistent Industrial Thermal Source,Persistent Industrial Thermal Source,58.1,High
6937,514.0,15.17907,76.67417,2026-08-22,Persistent Industrial Thermal Source,Persistent Industrial Thermal Source,58.2,High
6938,514.0,15.18033,76.66441,2026-08-22,Persistent Industrial Thermal Source,Persistent Industrial Thermal Source,58.2,High
6939,514.0,15.18365,76.66782,2026-08-22,Persistent Industrial Thermal Source,Persistent Industrial Thermal Source,58.5,High
6940,514.0,15.18495,76.66499,2026-08-22,Persistent Industrial Thermal Source,Persistent Industrial Thermal Source,58.4,High
7223,514.0,15.17222,76.66235,2026-08-14,Persistent Industrial Thermal Source,Persistent Industrial Thermal Source,47.8,High
7297,514.0,15.18089,76.67749,2026-08-14,Persistent Industrial Thermal Source,Persistent Industrial Thermal Source,58.1,High
7298,514.0,15.18296,76.66602,2026-08-14,Persistent Industrial Thermal Source,Persistent Industrial Thermal Source,58.4,High
7567,514.0,15.16656,76.67412,2026-08-16,Persistent Industrial Thermal Source,Persistent Industrial Thermal Source,57.9,High
7569,514.0,15.17668,76.65643,2026-08-16,Persistent Industrial Thermal Source,Persistent Industrial Thermal Source,47.7,High
7570,514.0,15.17785,76.67564,2026-08-16,Persistent Industrial Thermal Source,Persistent Industrial Thermal Source,58.1,High
7572,514.0,15.1829,76.66685,2026-08-16,Persistent Industrial Thermal Source,Persistent Industrial Thermal Source,58.3,High
7929,514.0,15.17016,76.66847,2026-08-09,Persistent Industrial Thermal Source,Persistent Industrial Thermal Source,47.6,High
7932,514.0,15.17551,76.65991,2026-08-09,Persistent Industrial Thermal Source,Persistent Industrial Thermal Source,47.7,High
7933,514.0,15.176,76.67924,2026-08-09,Persistent Industrial Thermal Source,Persistent Industrial Thermal Source,47.7,High
7934,514.0,15.17632,76.65526,2026-08-09,Persistent Industrial Thermal Source,Persistent Industrial Thermal Source,47.6,High
7936,514.0,15.18005,76.65598,2026-08-09,Persistent Industrial Thermal Source,Persistent Industrial Thermal Source,48.9,High
7937,514.0,15.18752,76.65742,2026-08-09,Persistent Industrial Thermal Source,Persistent Industrial Thermal Source,58.1,High
8600,514.0,15.16628,76.67182,2026-08-05,Persistent Industrial Thermal Source,Persistent Industrial Thermal Source,47.7,High
8602,514.0,15.17558,76.6571,2026-08-05,Persistent Industrial Thermal Source,Persistent Industrial Thermal Source,47.7,High
8603,514.0,15.17612,76.67731,2026-08-05,Persistent Industrial Thermal Source,Persistent Industrial Thermal Source,49.0,High
8604,514.0,15.17617,76.65316,2026-08-05,Persistent Industrial Thermal Source,Persistent Industrial Thermal Source,34.8,Medium
8605,514.0,15.18018,76.67391,2026-08-05,Persistent Industrial Thermal Source,Persistent Industrial Thermal Source,58.3,High
8606,514.0,15.18135,76.66604,2026-08-05,Persistent Industrial Thermal Source,Persistent Industrial Thermal Source,49.5,High
8864,514.0,15.17642,76.65977,2026-08-08,Persistent Industrial Thermal Source,Persistent Industrial Thermal Source,48.9,High
8865,514.0,15.17704,76.6567,2026-08-08,Persistent Industrial Thermal Source,Persistent Industrial Thermal Source,47.6,High
8866,514.0,15.17765,76.65363,2026-08-08,Persistent Industrial Thermal Source,Persistent Industrial Thermal Source,47.6,High
8867,514.0,15.17838,76.67624,2026-08-08,Persistent Industrial Thermal Source,Persistent Industrial Thermal Source,49.0,High
8868,514.0,15.18023,76.66703,2026-08-08,Persistent Industrial Thermal Source,Persistent Industrial Thermal Source,58.2,High
8869,514.0,15.18526,76.66817,2026-08-08,Persistent Industrial Thermal Source,Persistent Industrial Thermal Source,58.2,High
281,515.0,8.12681,80.0978,2026-09-09,Other/Unknown,Other/Unknown,0.0,Low
1318,515.0,8.12681,80.0978,2026-09-09,Other/Unknown,Other/Unknown,0.0,Low
3955,515.0,8.13301,80.09626,2026-09-07,Other/Unknown,Other/Unknown,0.0,Low
160,516.0,17.60929,83.20439,2026-09-08,Persistent Industrial Thermal Source,Persistent Industrial Thermal Source,59.7,High
440,516.0,17.61107,83.20312,2026-09-09,Persistent Industrial Thermal Source,Persistent Industrial Thermal Source,59.6,High
1197,516.0,17.60929,83.20439,2026-09-08,Persistent Industrial Thermal Source,Persistent Industrial Thermal Source,59.7,High
1477,516.0,17.61107,83.20312,2026-09-09,Persistent Industrial Thermal Source,Persistent Industrial Thermal Source,59.6,High
2836,516.0,17.60933,83.20343,2026-09-04,Persistent Industrial Thermal Source,Persistent Industrial Thermal Source,59.9,High
3457,516.0,17.60749,83.20487,2026-09-05,Persistent Industrial Thermal Source,Persistent Industrial Thermal Source,59.9,High
3458,516.0,17.61234,83.206,2026-09-05,Persistent Industrial Thermal Source,Persistent Industrial Thermal Source,59.6,High
3576,516.0,17.60913,83.20568,2026-09-05,Persistent Industrial Thermal Source,Persistent Industrial Thermal Source,60.0,High
3730,516.0,17.6088,83.20451,2026-09-06,Persistent Industrial Thermal Source,Persistent Industrial Thermal Source,59.9,High
3762,516.0,17.60352,83.2003,2026-09-06,Persistent Industrial Thermal Source,Persistent Industrial Thermal Source,59.6,High
3763,516.0,17.60715,83.201,2026-09-06,Persistent Industrial Thermal Source,Persistent Industrial Thermal Source,59.8,High
3764,516.0,17.61002,83.20612,2026-09-06,Persistent Industrial Thermal Source,Persistent Industrial Thermal Source,59.7,High
4131,516.0,17.60513,83.20155,2026-09-07,Persistent Industrial Thermal Source,Persistent Industrial Thermal Source,59.8,High
4132,516.0,17.61128,83.20637,2026-09-07,Persistent Industrial Thermal Source,Persistent Industrial Thermal Source,59.5,High
5326,516.0,17.60491,83.19991,2026-09-02,Persistent Industrial Thermal Source,Persistent Industrial Thermal Source,59.6,High
5327,516.0,17.60785,83.20464,2026-09-02,Persistent Industrial Thermal Source,Persistent Industrial Thermal Source,59.7,High
5328,516.0,17.61139,83.20518,2026-09-02,Persistent Industrial Thermal Source,Persistent Industrial Thermal Source,59.6,High
6612,516.0,17.60843,83.20383,2026-08-21,Persistent Industrial Thermal Source,Persistent Industrial Thermal Source,60.0,High
7100,516.0,17.60466,83.20252,2026-08-23,Persistent Industrial Thermal Source,Persistent Industrial Thermal Source,59.8,High
7101,516.0,17.6089,83.2031,2026-08-23,Persistent Industrial Thermal Source,Persistent Industrial Thermal Source,59.8,High
7655,516.0,17.60581,83.20076,2026-08-17,Persistent Industrial Thermal Source,Persistent Industrial Thermal Source,59.7,High
7656,516.0,17.60875,83.20546,2026-08-17,Persistent Industrial Thermal Source,Persistent Industrial Thermal Source,59.7,High
8852,516.0,17.60958,83.20309,2026-08-08,Persistent Industrial Thermal Source,Persistent Industrial Thermal Source,59.9,High
8853,516.0,17.61204,83.20204,2026-08-08,Persistent Industrial Thermal Source,Persistent Industrial Thermal Source,59.8,High
9479,516.0,17.6107,83.20548,2026-08-02,Persistent Industrial Thermal Source,Persistent Industrial Thermal Source,59.7,High
9549,516.0,17.60139,83.19848,2026-08-02,Persistent Industrial Thermal Source,Persistent Industrial Thermal Source,59.7,High
9550,516.0,17.61015,83.20491,2026-08-02,Persistent Industrial Thermal Source,Persistent Industrial Thermal Source,59.7,High
10433,516.0,17.61235,83.20256,2026-07-20,Persistent Industrial Thermal Source,Persistent Industrial Thermal Source,59.7,High
10513,516.0,17.61091,83.20271,2026-07-21,Persistent Industrial Thermal Source,Persistent Industrial Thermal Source,59.6,High
10673,516.0,17.61269,83.20255,2026-07-23,Persistent Industrial Thermal Source,Persistent Industrial Thermal Source,59.5,High
11335,516.0,17.60077,83.19767,2026-07-18,Persistent Industrial Thermal Source,Persistent Industrial Thermal Source,59.7,High
11336,516.0,17.60249,83.19764,2026-07-18,Persistent Industrial Thermal Source,Persistent Industrial Thermal Source,59.8,High
11337,516.0,17.60729,83.19928,2026-07-18,Persistent Industrial Thermal Source,Persistent Industrial Thermal Source,59.7,High
11338,516.0,17.60769,83.20507,2026-07-18,Persistent Industrial Thermal Source,Persistent Industrial Thermal Source,59.9,High
11339,516.0,17.60899,83.1993,2026-07-18,Persistent Industrial Thermal Source,Persistent Industrial Thermal Source,59.7,High
11340,516.0,17.61379,83.20097,2026-07-18,Persistent Industrial Thermal Source,Persistent Industrial Thermal Source,59.5,High
11426,516.0,17.60953,83.20609,2026-07-19,Persistent Industrial Thermal Source,Persistent Industrial Thermal Source,59.7,High
164,517.0,7.87005,80.20573,2026-09-08,Other/Unknown,Other/Unknown,0.0,Low
265,517.0,7.87047,80.20759,2026-09-09,Other/Unknown,Other/Unknown,0.0,Low
1201,517.0,7.87005,80.20573,2026-09-08,Other/Unknown,Other/Unknown,0.0,Low
1302,517.0,7.87047,80.20759,2026-09-09,Other/Unknown,Other/Unknown,0.0,Low
166,518.0,8.16852,80.86479,2026-09-08,Other/Unknown,Other/Unknown,0.0,Low
167,518.0,8.17287,80.86552,2026-09-08,Other/Unknown,Other/Unknown,0.0,Low
1203,518.0,8.16852,80.86479,2026-09-08,Other/Unknown,Other/Unknown,0.0,Low
1204,518.0,8.17287,80.86552,2026-09-08,Other/Unknown,Other/Unknown,0.0,Low
292,519.0,8.30616,80.48454,2026-09-09,Other/Unknown,Other/Unknown,0.0,Low
1329,519.0,8.30616,80.48454,2026-09-09,Other/Unknown,Other/Unknown,0.0,Low
294,520.0,8.31061,80.6608,2026-09-09,Wildfire / Natural Fire,Wildfire / Natural Fire,16.8,Medium
1331,520.0,8.31061,80.6608,2026-09-09,Wildfire / Natural Fire,Wildfire / Natural Fire,16.8,Medium
6107,520.0,8.31046,80.65611,2026-08-19,Wildfire / Natural Fire,Wildfire / Natural Fire,16.6,Medium
295,521.0,8.31722,81.01086,2026-09-09,Other/Unknown,Other/Unknown,0.0,Low
1332,521.0,8.31722,81.01086,2026-09-09,Other/Unknown,Other/Unknown,0.0,Low
298,522.0,8.3732,80.40456,2026-09-09,Other/Unknown,Other/Unknown,0.0,Low
1335,522.0,8.3732,80.40456,2026-09-09,Other/Unknown,Other/Unknown,0.0,Low
172,523.0,28.744,76.92703,2026-09-08,Other/Unknown,Other/Unknown,1.3,Low
173,523.0,28.74435,76.92632,2026-09-08,Other/Unknown,Other/Unknown,1.4,Low
1209,523.0,28.744,76.92703,2026-09-08,Other/Unknown,Other/Unknown,1.3,Low
1210,523.0,28.74435,76.92632,2026-09-08,Other/Unknown,Other/Unknown,1.4,Low
4569,523.0,28.74306,76.92912,2026-08-30,Other/Unknown,Other/Unknown,1.3,Low
7916,523.0,28.74297,76.93353,2026-08-09,Other/Unknown,Other/Unknown,7.3,Low
8997,523.0,28.74383,76.93636,2026-07-30,Other/Unknown,Other/Unknown,0.0,Low
8998,523.0,28.74503,76.92786,2026-07-30,Other/Unknown,Other/Unknown,7.6,Low
10377,523.0,28.7445,76.93399,2026-07-29,Other/Unknown,Other/Unknown,3.9,Low
10690,523.0,28.74357,76.92528,2026-07-23,Other/Unknown,Other/Unknown,7.7,Low
302,524.0,8.46447,80.82089,2026-09-09,Other/Unknown,Other/Unknown,5.1,Low
591,524.0,8.48641,80.82534,2026-09-10,Other/Unknown,Other/Unknown,4.3,Low
1339,524.0,8.46447,80.82089,2026-09-09,Other/Unknown,Other/Unknown,5.1,Low
1628,524.0,8.48641,80.82534,2026-09-10,Other/Unknown,Other/Unknown,4.3,Low
2188,524.0,8.4922,80.82288,2026-09-12,Other/Unknown,Other/Unknown,4.7,Low
2190,524.0,8.49359,80.82508,2026-09-12,Other/Unknown,Other/Unknown,4.7,Low
3157,524.0,8.47329,80.8303,2026-09-05,Other/Unknown,Other/Unknown,3.9,Low
3162,524.0,8.48008,80.82928,2026-09-05,Other/Unknown,Other/Unknown,3.7,Low
3163,524.0,8.48063,80.83294,2026-09-05,Other/Unknown,Other/Unknown,3.7,Low
3165,524.0,8.48918,80.82043,2026-09-05,Other/Unknown,Other/Unknown,4.8,Low
3676,524.0,8.48052,80.82955,2026-09-06,Other/Unknown,Other/Unknown,4.3,Low
3679,524.0,8.50583,80.82543,2026-09-06,Other/Unknown,Other/Unknown,5.4,Low
4662,524.0,8.47952,80.82387,2026-08-31,Other/Unknown,Other/Unknown,3.8,Low
4664,524.0,8.49225,80.81834,2026-08-31,Other/Unknown,Other/Unknown,4.2,Low
4666,524.0,8.49889,80.81732,2026-08-31,Other/Unknown,Other/Unknown,3.8,Low
4889,524.0,8.4955,80.82083,2026-09-01,Other/Unknown,Other/Unknown,5.5,Low
4890,524.0,8.49863,80.81506,2026-09-01,Other/Unknown,Other/Unknown,4.6,Low
4891,524.0,8.49946,80.82017,2026-09-01,Other/Unknown,Other/Unknown,4.6,Low
5103,524.0,8.49787,80.81718,2026-09-01,Other/Unknown,Other/Unknown,4.5,Low
5220,524.0,8.47271,80.81999,2026-09-02,Other/Unknown,Other/Unknown,3.9,Low
5221,524.0,8.47463,80.83051,2026-09-02,Other/Unknown,Other/Unknown,4.1,Low
5222,524.0,8.47527,80.83401,2026-09-02,Other/Unknown,Other/Unknown,5.0,Low
5223,524.0,8.47878,80.82249,2026-09-02,Other/Unknown,Other/Unknown,3.9,Low
5224,524.0,8.47942,80.826,2026-09-02,Other/Unknown,Other/Unknown,4.8,Low
5410,524.0,8.49439,80.82851,2026-08-24,Other/Unknown,Other/Unknown,5.4,Low
6114,524.0,8.50443,80.82825,2026-08-19,Other/Unknown,Other/Unknown,4.7,Low
6772,524.0,8.50192,80.8325,2026-08-22,Other/Unknown,Other/Unknown,4.7,Low
9167,524.0,8.5029,80.80785,2026-07-31,Other/Unknown,Other/Unknown,3.9,Low
11384,524.0,8.4955,80.83011,2026-07-19,Other/Unknown,Other/Unknown,3.8,Low
11385,524.0,8.49605,80.83381,2026-07-19,Other/Unknown,Other/Unknown,3.8,Low
11386,524.0,8.49947,80.8333,2026-07-19,Other/Unknown,Other/Unknown,3.8,Low
303,525.0,8.46842,80.24854,2026-09-09,Other/Unknown,Other/Unknown,0.0,Low
1340,525.0,8.46842,80.24854,2026-09-09,Other/Unknown,Other/Unknown,0.0,Low
304,526.0,8.50964,80.51556,2026-09-09,Other/Unknown,Other/Unknown,0.0,Low
1341,526.0,8.50964,80.51556,2026-09-09,Other/Unknown,Other/Unknown,0.0,Low
305,527.0,8.53304,78.12076,2026-09-09,Other/Unknown,Other/Unknown,9.2,Low
1342,527.0,8.53304,78.12076,2026-09-09,Other/Unknown,Other/Unknown,9.2,Low
306,528.0,8.59542,80.85155,2026-09-09,Other/Unknown,Other/Unknown,0.0,Low
1343,528.0,8.59542,80.85155,2026-09-09,Other/Unknown,Other/Unknown,0.0,Low
2206,528.0,8.59622,80.84927,2026-09-12,Other/Unknown,Other/Unknown,0.0,Low
308,529.0,8.61346,80.4192,2026-09-09,Other/Unknown,Other/Unknown,4.0,Low
1345,529.0,8.61346,80.4192,2026-09-09,Other/Unknown,Other/Unknown,4.0,Low
2323,529.0,8.62868,80.4115,2026-09-03,Other/Unknown,Other/Unknown,4.0,Low
2324,529.0,8.62922,80.41586,2026-09-03,Other/Unknown,Other/Unknown,4.0,Low
2325,529.0,8.63185,80.41512,2026-09-03,Other/Unknown,Other/Unknown,4.2,Low
2625,529.0,8.62115,80.41457,2026-09-04,Other/Unknown,Other/Unknown,4.1,Low
2629,529.0,8.63034,80.41752,2026-09-04,Other/Unknown,Other/Unknown,3.9,Low
10297,529.0,8.63653,80.41798,2026-07-29,Other/Unknown,Other/Unknown,3.9,Low
309,530.0,8.64196,81.08068,2026-09-09,Other/Unknown,Other/Unknown,0.0,Low
1346,530.0,8.64196,81.08068,2026-09-09,Other/Unknown,Other/Unknown,0.0,Low
310,531.0,8.7018,80.28503,2026-09-09,Other/Unknown,Other/Unknown,0.0,Low
1347,531.0,8.7018,80.28503,2026-09-09,Other/Unknown,Other/Unknown,0.0,Low
3226,531.0,8.69899,80.28534,2026-09-05,Other/Unknown,Other/Unknown,0.0,Low
311,532.0,8.70837,80.40471,2026-09-09,Other/Unknown,Other/Unknown,0.0,Low
1348,532.0,8.70837,80.40471,2026-09-09,Other/Unknown,Other/Unknown,0.0,Low
314,533.0,8.88306,77.78769,2026-09-09,Industrial Fire,Industrial Fire,95.4,Critical
1351,533.0,8.88306,77.78769,2026-09-09,Industrial Fire,Industrial Fire,95.4,Critical
4481,533.0,8.88687,77.78855,2026-08-30,Industrial Fire,Industrial Fire,98.5,Critical
7696,533.0,8.88123,77.79373,2026-08-18,Industrial Fire,Industrial Fire,94.8,Critical
315,534.0,8.91723,80.44055,2026-09-09,Wildfire / Natural Fire,Wildfire / Natural Fire,16.7,Medium
1352,534.0,8.91723,80.44055,2026-09-09,Wildfire / Natural Fire,Wildfire / Natural Fire,16.7,Medium
3708,534.0,8.91521,80.44745,2026-09-06,Wildfire / Natural Fire,Wildfire / Natural Fire,16.6,Medium
316,535.0,8.93182,80.89063,2026-09-09,Other/Unknown,Other/Unknown,0.0,Low
1353,535.0,8.93182,80.89063,2026-09-09,Other/Unknown,Other/Unknown,0.0,Low
317,536.0,8.94801,80.85964,2026-09-09,Wildfire / Natural Fire,Wildfire / Natural Fire,16.6,Medium
1354,536.0,8.94801,80.85964,2026-09-09,Wildfire / Natural Fire,Wildfire / Natural Fire,16.6,Medium
318,537.0,9.05835,80.58269,2026-09-09,Other/Unknown,Other/Unknown,0.0,Low
1355,537.0,9.05835,80.58269,2026-09-09,Other/Unknown,Other/Unknown,0.0,Low
319,538.0,9.38469,80.47755,2026-09-09,Other/Unknown,Other/Unknown,11.7,Low
1356,538.0,9.38469,80.47755,2026-09-09,Other/Unknown,Other/Unknown,11.7,Low
320,539.0,9.63687,78.10203,2026-09-09,Other/Unknown,Other/Unknown,0.0,Low
1357,539.0,9.63687,78.10203,2026-09-09,Other/Unknown,Other/Unknown,0.0,Low
321,540.0,9.80809,77.51385,2026-09-09,Other/Unknown,Other/Unknown,0.0,Low
1358,540.0,9.80809,77.51385,2026-09-09,Other/Unknown,Other/Unknown,0.0,Low
174,541.0,28.77183,77.56693,2026-09-08,Other/Unknown,Other/Unknown,0.3,Low
429,541.0,28.77395,77.56806,2026-09-09,Other/Unknown,Other/Unknown,0.3,Low
1211,541.0,28.77183,77.56693,2026-09-08,Other/Unknown,Other/Unknown,0.3,Low
1466,541.0,28.77395,77.56806,2026-09-09,Other/Unknown,Other/Unknown,0.3,Low
6652,541.0,28.77367,77.56798,2026-08-21,Other/Unknown,Other/Unknown,0.0,Low
10875,541.0,28.77386,77.56726,2026-07-24,Other/Unknown,Other/Unknown,0.4,Low
175,542.0,29.47554,76.86042,2026-09-08,Other/Unknown,Other/Unknown,0.0,Low
176,542.0,29.47636,76.85699,2026-09-08,Other/Unknown,Other/Unknown,0.0,Low
763,542.0,29.47655,76.85686,2026-09-10,Other/Unknown,Other/Unknown,0.0,Low
1212,542.0,29.47554,76.86042,2026-09-08,Other/Unknown,Other/Unknown,0.0,Low
1213,542.0,29.47636,76.85699,2026-09-08,Other/Unknown,Other/Unknown,0.0,Low
1800,542.0,29.47655,76.85686,2026-09-10,Other/Unknown,Other/Unknown,0.0,Low
2444,542.0,29.47329,76.85825,2026-09-03,Other/Unknown,Other/Unknown,0.0,Low
2445,542.0,29.47491,76.86111,2026-09-03,Other/Unknown,Other/Unknown,0.0,Low
2446,542.0,29.47618,76.85554,2026-09-03,Other/Unknown,Other/Unknown,1.3,Low
2447,542.0,29.4779,76.85962,2026-09-03,Other/Unknown,Other/Unknown,0.0,Low
3418,542.0,29.47524,76.8587,2026-09-05,Other/Unknown,Other/Unknown,0.0,Low
3758,542.0,29.47619,76.85919,2026-09-06,Other/Unknown,Other/Unknown,0.0,Low
3759,542.0,29.47667,76.85507,2026-09-06,Other/Unknown,Other/Unknown,4.4,Low
4282,542.0,29.47196,76.86069,2026-09-07,Other/Unknown,Other/Unknown,0.0,Low
4571,542.0,29.4759,76.85623,2026-08-30,Other/Unknown,Other/Unknown,1.1,Low
4740,542.0,29.47525,76.859,2026-08-31,Other/Unknown,Other/Unknown,0.0,Low
5929,542.0,29.47338,76.864,2026-08-27,Other/Unknown,Other/Unknown,0.0,Low
7921,542.0,29.47577,76.85696,2026-08-09,Other/Unknown,Other/Unknown,0.0,Low
9001,542.0,29.47497,76.85839,2026-07-30,Other/Unknown,Other/Unknown,0.0,Low
9583,542.0,29.47635,76.85744,2026-08-02,Other/Unknown,Other/Unknown,0.0,Low
10380,542.0,29.47426,76.8594,2026-07-29,Other/Unknown,Other/Unknown,0.0,Low
324,543.0,10.09023,77.69757,2026-09-09,Other/Unknown,Other/Unknown,15.6,Medium
1361,543.0,10.09023,77.69757,2026-09-09,Other/Unknown,Other/Unknown,15.6,Medium
7721,543.0,10.08387,77.69878,2026-08-18,Other/Unknown,Other/Unknown,5.0,Low
7722,543.0,10.08427,77.70177,2026-08-18,Other/Unknown,Other/Unknown,5.2,Low
7723,543.0,10.08683,77.69904,2026-08-18,Other/Unknown,Other/Unknown,5.2,Low
7724,543.0,10.08721,77.70203,2026-08-18,Other/Unknown,Other/Unknown,5.2,Low
328,544.0,10.31302,78.61387,2026-09-09,Other/Unknown,Other/Unknown,0.0,Low
1365,544.0,10.31302,78.61387,2026-09-09,Other/Unknown,Other/Unknown,0.0,Low
179,545.0,32.65488,70.47535,2026-09-08,Other/Unknown,Other/Unknown,0.0,Low
433,545.0,32.65298,70.47419,2026-09-09,Other/Unknown,Other/Unknown,0.0,Low
1216,545.0,32.65488,70.47535,2026-09-08,Other/Unknown,Other/Unknown,0.0,Low
1470,545.0,32.65298,70.47419,2026-09-09,Other/Unknown,Other/Unknown,0.0,Low
3908,545.0,32.65387,70.47578,2026-09-06,Other/Unknown,Other/Unknown,0.0,Low
4275,545.0,32.65364,70.47669,2026-09-07,Other/Unknown,Other/Unknown,0.0,Low
4276,545.0,32.65474,70.47163,2026-09-07,Other/Unknown,Other/Unknown,0.0,Low
4277,545.0,32.65506,70.47351,2026-09-07,Other/Unknown,Other/Unknown,0.0,Low
180,546.0,32.88793,71.61536,2026-09-08,Other/Unknown,Other/Unknown,0.0,Low
436,546.0,32.8899,71.61823,2026-09-09,Other/Unknown,Other/Unknown,0.0,Low
716,546.0,32.8899,71.61734,2026-09-10,Other/Unknown,Other/Unknown,0.0,Low
1217,546.0,32.88793,71.61536,2026-09-08,Other/Unknown,Other/Unknown,0.0,Low
1473,546.0,32.8899,71.61823,2026-09-09,Other/Unknown,Other/Unknown,0.0,Low
1753,546.0,32.8899,71.61734,2026-09-10,Other/Unknown,Other/Unknown,0.0,Low
2451,546.0,32.88893,71.61838,2026-09-03,Other/Unknown,Other/Unknown,0.0,Low
4340,546.0,32.88894,71.61886,2026-08-29,Other/Unknown,Other/Unknown,0.0,Low
4537,546.0,32.8883,71.61584,2026-08-30,Other/Unknown,Other/Unknown,0.0,Low
4554,546.0,32.88999,71.6175,2026-08-30,Other/Unknown,Other/Unknown,0.0,Low
4743,546.0,32.8878,71.61481,2026-08-31,Other/Unknown,Other/Unknown,0.0,Low
4744,546.0,32.88905,71.61505,2026-08-31,Other/Unknown,Other/Unknown,0.0,Low
5115,546.0,32.88779,71.6153,2026-09-01,Other/Unknown,Other/Unknown,0.0,Low
5436,546.0,32.88841,71.6194,2026-08-24,Other/Unknown,Other/Unknown,0.0,Low
5469,546.0,32.88977,71.61715,2026-08-24,Other/Unknown,Other/Unknown,0.0,Low
5739,546.0,32.88788,71.61542,2026-08-26,Other/Unknown,Other/Unknown,0.0,Low
5798,546.0,32.88802,71.61938,2026-08-26,Other/Unknown,Other/Unknown,0.0,Low
5926,546.0,32.88834,71.61575,2026-08-27,Other/Unknown,Other/Unknown,0.0,Low
6023,546.0,32.88881,71.6145,2026-08-28,Other/Unknown,Other/Unknown,0.0,Low
6654,546.0,32.88974,71.61488,2026-08-21,Other/Unknown,Other/Unknown,0.0,Low
7125,546.0,32.88889,71.6182,2026-08-23,Other/Unknown,Other/Unknown,0.0,Low
7272,546.0,32.88853,71.61611,2026-08-14,Other/Unknown,Other/Unknown,0.0,Low
7588,546.0,32.88736,71.61448,2026-08-16,Other/Unknown,Other/Unknown,0.0,Low
7668,546.0,32.89033,71.61874,2026-08-17,Other/Unknown,Other/Unknown,0.0,Low
7795,546.0,32.88902,71.61536,2026-08-18,Other/Unknown,Other/Unknown,0.0,Low
8383,546.0,32.88791,71.61516,2026-08-11,Other/Unknown,Other/Unknown,0.0,Low
8513,546.0,32.88816,71.61708,2026-08-13,Other/Unknown,Other/Unknown,0.0,Low
8742,546.0,32.88826,71.61584,2026-08-07,Other/Unknown,Other/Unknown,0.0,Low
9588,546.0,32.8896,71.61601,2026-08-02,Other/Unknown,Other/Unknown,0.0,Low
10236,546.0,32.88711,71.61441,2026-07-28,Other/Unknown,Other/Unknown,0.0,Low
10687,546.0,32.88788,71.61497,2026-07-23,Other/Unknown,Other/Unknown,0.0,Low
10982,546.0,32.88779,71.61594,2026-07-16,Other/Unknown,Other/Unknown,0.0,Low
11130,546.0,32.89009,71.61652,2026-07-17,Other/Unknown,Other/Unknown,0.0,Low
11315,546.0,32.88791,71.61462,2026-07-18,Other/Unknown,Other/Unknown,0.0,Low
331,547.0,10.43343,77.19473,2026-09-09,Wildfire / Natural Fire,Wildfire / Natural Fire,16.7,Medium
1368,547.0,10.43343,77.19473,2026-09-09,Wildfire / Natural Fire,Wildfire / Natural Fire,16.7,Medium
332,548.0,10.44232,77.11541,2026-09-09,Other/Unknown,Other/Unknown,0.0,Low
1369,548.0,10.44232,77.11541,2026-09-09,Other/Unknown,Other/Unknown,0.0,Low
333,549.0,10.53283,78.61864,2026-09-09,Other/Unknown,Other/Unknown,0.0,Low
1370,549.0,10.53283,78.61864,2026-09-09,Other/Unknown,Other/Unknown,0.0,Low
334,550.0,10.67141,78.88138,2026-09-09,Other/Unknown,Other/Unknown,0.0,Low
1371,550.0,10.67141,78.88138,2026-09-09,Other/Unknown,Other/Unknown,0.0,Low
335,551.0,10.68338,79.27805,2026-09-09,Other/Unknown,Other/Unknown,0.0,Low
1372,551.0,10.68338,79.27805,2026-09-09,Other/Unknown,Other/Unknown,0.0,Low
336,552.0,10.90465,78.49009,2026-09-09,Other/Unknown,Other/Unknown,0.0,Low
1373,552.0,10.90465,78.49009,2026-09-09,Other/Unknown,Other/Unknown,0.0,Low
181,553.0,33.29699,71.18787,2026-09-08,Other/Unknown,Other/Unknown,0.0,Low
928,553.0,33.29487,71.18565,2026-09-11,Other/Unknown,Other/Unknown,0.0,Low
1218,553.0,33.29699,71.18787,2026-09-08,Other/Unknown,Other/Unknown,0.0,Low
1965,553.0,33.29487,71.18565,2026-09-11,Other/Unknown,Other/Unknown,0.0,Low
2452,553.0,33.2953,71.1847,2026-09-03,Other/Unknown,Other/Unknown,0.0,Low
2813,553.0,33.29619,71.18684,2026-09-04,Other/Unknown,Other/Unknown,0.0,Low
3422,553.0,33.29705,71.18685,2026-09-05,Other/Unknown,Other/Unknown,0.0,Low
3909,553.0,33.29656,71.18871,2026-09-06,Other/Unknown,Other/Unknown,0.0,Low
3910,553.0,33.2976,71.18477,2026-09-06,Other/Unknown,Other/Unknown,0.0,Low
4555,553.0,33.29611,71.18341,2026-08-30,Other/Unknown,Other/Unknown,0.0,Low
4556,553.0,33.29622,71.18803,2026-08-30,Other/Unknown,Other/Unknown,0.0,Low
5116,553.0,33.29609,71.18719,2026-09-01,Other/Unknown,Other/Unknown,0.0,Low
5368,553.0,33.29454,71.18691,2026-09-02,Other/Unknown,Other/Unknown,0.0,Low
5369,553.0,33.29733,71.18526,2026-09-02,Other/Unknown,Other/Unknown,0.0,Low
5451,553.0,33.29536,71.18689,2026-08-24,Other/Unknown,Other/Unknown,0.0,Low
5652,553.0,33.2966,71.18492,2026-08-25,Other/Unknown,Other/Unknown,0.0,Low
5740,553.0,33.29676,71.18489,2026-08-26,Other/Unknown,Other/Unknown,0.0,Low
5927,553.0,33.29675,71.1889,2026-08-27,Other/Unknown,Other/Unknown,0.0,Low
6026,553.0,33.29671,71.18774,2026-08-28,Other/Unknown,Other/Unknown,0.0,Low
7126,553.0,33.29773,71.18772,2026-08-23,Other/Unknown,Other/Unknown,0.0,Low
7276,553.0,33.29664,71.1873,2026-08-14,Other/Unknown,Other/Unknown,0.0,Low
7591,553.0,33.29679,71.18593,2026-08-16,Other/Unknown,Other/Unknown,0.0,Low
7669,553.0,33.29498,71.1871,2026-08-17,Other/Unknown,Other/Unknown,0.0,Low
8437,553.0,33.29638,71.18766,2026-08-12,Other/Unknown,Other/Unknown,0.0,Low
10878,553.0,33.29638,71.18298,2026-07-24,Other/Unknown,Other/Unknown,0.0,Low
182,554.0,33.54652,71.54891,2026-09-08,Other/Unknown,Other/Unknown,0.0,Low
437,554.0,33.54676,71.54985,2026-09-09,Other/Unknown,Other/Unknown,0.0,Low
1219,554.0,33.54652,71.54891,2026-09-08,Other/Unknown,Other/Unknown,0.0,Low
1474,554.0,33.54676,71.54985,2026-09-09,Other/Unknown,Other/Unknown,0.0,Low
2454,554.0,33.54525,71.54886,2026-09-03,Other/Unknown,Other/Unknown,0.0,Low
2814,554.0,33.54585,71.55032,2026-09-04,Other/Unknown,Other/Unknown,0.0,Low
4371,554.0,33.54621,71.55232,2026-08-29,Other/Unknown,Other/Unknown,0.0,Low
5452,554.0,33.54464,71.54842,2026-08-24,Other/Unknown,Other/Unknown,0.0,Low
7127,554.0,33.5474,71.55044,2026-08-23,Other/Unknown,Other/Unknown,0.0,Low
7796,554.0,33.54516,71.54924,2026-08-18,Other/Unknown,Other/Unknown,0.0,Low
8744,554.0,33.5473,71.54827,2026-08-07,Other/Unknown,Other/Unknown,0.0,Low
9473,554.0,33.54581,71.54897,2026-08-01,Other/Unknown,Other/Unknown,0.0,Low
9581,554.0,33.54551,71.54941,2026-08-02,Other/Unknown,Other/Unknown,0.0,Low
10098,554.0,33.54667,71.54915,2026-07-27,Other/Unknown,Other/Unknown,0.0,Low
339,555.0,11.02803,77.51046,2026-09-09,Other/Unknown,Other/Unknown,0.0,Low
1376,555.0,11.02803,77.51046,2026-09-09,Other/Unknown,Other/Unknown,0.0,Low
340,556.0,12.06407,79.16139,2026-09-09,Other/Unknown,Other/Unknown,0.0,Low
1377,556.0,12.06407,79.16139,2026-09-09,Other/Unknown,Other/Unknown,0.0,Low
341,557.0,12.56395,79.11487,2026-09-09,Wildfire / Natural Fire,Wildfire / Natural Fire,17.1,Medium
1378,557.0,12.56395,79.11487,2026-09-09,Wildfire / Natural Fire,Wildfire / Natural Fire,17.1,Medium
342,558.0,13.86723,77.47733,2026-09-09,Other/Unknown,Other/Unknown,0.0,Low
1379,558.0,13.86723,77.47733,2026-09-09,Other/Unknown,Other/Unknown,0.0,Low
343,559.0,14.04664,79.93987,2026-09-09,Other/Unknown,Other/Unknown,0.0,Low
1380,559.0,14.04664,79.93987,2026-09-09,Other/Unknown,Other/Unknown,0.0,Low
344,560.0,14.5568,78.02254,2026-09-09,Other/Unknown,Other/Unknown,0.0,Low
1381,560.0,14.5568,78.02254,2026-09-09,Other/Unknown,Other/Unknown,0.0,Low
345,561.0,14.70121,79.99017,2026-09-09,Industrial Fire,Industrial Fire,97.9,Critical
1382,561.0,14.70121,79.99017,2026-09-09,Industrial Fire,Industrial Fire,97.9,Critical
346,562.0,14.79568,79.02826,2026-09-09,Wildfire / Natural Fire,Wildfire / Natural Fire,16.8,Medium
1383,562.0,14.79568,79.02826,2026-09-09,Wildfire / Natural Fire,Wildfire / Natural Fire,16.8,Medium
185,563.0,35.96978,68.6861,2026-09-08,Other/Unknown,Other/Unknown,0.0,Low
779,563.0,35.96773,68.68616,2026-09-10,Other/Unknown,Other/Unknown,0.0,Low
1222,563.0,35.96978,68.6861,2026-09-08,Other/Unknown,Other/Unknown,0.0,Low
1816,563.0,35.96773,68.68616,2026-09-10,Other/Unknown,Other/Unknown,0.0,Low
2816,563.0,35.96602,68.68536,2026-09-04,Other/Unknown,Other/Unknown,0.0,Low
2817,563.0,35.96709,68.68774,2026-09-04,Other/Unknown,Other/Unknown,0.0,Low
2818,563.0,35.97013,68.68588,2026-09-04,Other/Unknown,Other/Unknown,0.0,Low
3424,563.0,35.96627,68.68471,2026-09-05,Other/Unknown,Other/Unknown,0.0,Low
4745,563.0,35.96856,68.68645,2026-08-31,Other/Unknown,Other/Unknown,0.0,Low
5654,563.0,35.96903,68.68799,2026-08-25,Other/Unknown,Other/Unknown,0.0,Low
5733,563.0,35.96835,68.68652,2026-08-26,Other/Unknown,Other/Unknown,0.0,Low
7278,563.0,35.9678,68.6875,2026-08-14,Other/Unknown,Other/Unknown,0.0,Low
7405,563.0,35.96585,68.68399,2026-08-15,Other/Unknown,Other/Unknown,0.0,Low
7592,563.0,35.96718,68.68407,2026-08-16,Other/Unknown,Other/Unknown,0.0,Low
7670,563.0,35.9673,68.68782,2026-08-17,Other/Unknown,Other/Unknown,0.0,Low
7790,563.0,35.96759,68.68444,2026-08-18,Other/Unknown,Other/Unknown,0.0,Low
8133,563.0,35.96609,68.6862,2026-08-10,Other/Unknown,Other/Unknown,0.0,Low
8191,563.0,35.96784,68.68665,2026-08-10,Other/Unknown,Other/Unknown,0.0,Low
8384,563.0,35.96798,68.68655,2026-08-11,Other/Unknown,Other/Unknown,0.0,Low
8438,563.0,35.96698,68.68506,2026-08-12,Other/Unknown,Other/Unknown,0.0,Low
8509,563.0,35.96593,68.68664,2026-08-13,Other/Unknown,Other/Unknown,0.0,Low
8665,563.0,35.96618,68.6852,2026-08-06,Other/Unknown,Other/Unknown,0.0,Low
8982,563.0,35.96353,68.686,2026-07-30,Other/Unknown,Other/Unknown,0.0,Low
8983,563.0,35.96939,68.68619,2026-07-30,Other/Unknown,Other/Unknown,0.0,Low
9100,563.0,35.96777,68.68401,2026-07-30,Other/Unknown,Other/Unknown,0.0,Low
9362,563.0,35.96978,68.68703,2026-07-31,Other/Unknown,Other/Unknown,0.0,Low
9474,563.0,35.96622,68.68608,2026-08-01,Other/Unknown,Other/Unknown,0.0,Low
10239,563.0,35.96868,68.68646,2026-07-28,Other/Unknown,Other/Unknown,0.0,Low
350,564.0,17.38081,75.72618,2026-09-09,Other/Unknown,Other/Unknown,0.0,Low
1387,564.0,17.38081,75.72618,2026-09-09,Other/Unknown,Other/Unknown,0.0,Low
351,565.0,18.37337,74.35523,2026-09-09,Other/Unknown,Other/Unknown,0.0,Low
1388,565.0,18.37337,74.35523,2026-09-09,Other/Unknown,Other/Unknown,0.0,Low
352,566.0,18.48067,73.98694,2026-09-09,Other/Unknown,Other/Unknown,0.0,Low
1389,566.0,18.48067,73.98694,2026-09-09,Other/Unknown,Other/Unknown,0.0,Low
186,567.0,22.26371,75.1344,2026-09-08,Industrial Fire,Industrial Fire,98.4,Critical
454,567.0,22.26339,75.13261,2026-09-09,Industrial Fire,Industrial Fire,98.4,Critical
1223,567.0,22.26371,75.1344,2026-09-08,Industrial Fire,Industrial Fire,98.4,Critical
1491,567.0,22.26339,75.13261,2026-09-09,Industrial Fire,Industrial Fire,98.4,Critical
9765,567.0,22.26651,75.1311,2026-07-25,Industrial Fire,Industrial Fire,98.2,Critical
187,568.0,23.2817,72.41914,2026-09-08,Other/Unknown,Other/Unknown,0.5,Low
188,568.0,23.28408,72.41761,2026-09-08,Other/Unknown,Other/Unknown,0.5,Low
1224,568.0,23.2817,72.41914,2026-09-08,Other/Unknown,Other/Unknown,0.5,Low
1225,568.0,23.28408,72.41761,2026-09-08,Other/Unknown,Other/Unknown,0.5,Low
355,569.0,18.62244,74.55608,2026-09-09,Other/Unknown,Other/Unknown,0.0,Low
1392,569.0,18.62244,74.55608,2026-09-09,Other/Unknown,Other/Unknown,0.0,Low
356,570.0,18.64365,74.65992,2026-09-09,Other/Unknown,Other/Unknown,0.0,Low
1393,570.0,18.64365,74.65992,2026-09-09,Other/Unknown,Other/Unknown,0.0,Low
189,571.0,24.6623,74.63559,2026-09-08,Persistent Industrial Thermal Source,Persistent Industrial Thermal Source,58.8,High
190,571.0,24.66258,74.636,2026-09-08,Persistent Industrial Thermal Source,Persistent Industrial Thermal Source,58.8,High
471,571.0,24.66075,74.63564,2026-09-09,Persistent Industrial Thermal Source,Persistent Industrial Thermal Source,58.8,High
472,571.0,24.66097,74.634,2026-09-09,Persistent Industrial Thermal Source,Persistent Industrial Thermal Source,58.8,High
1226,571.0,24.6623,74.63559,2026-09-08,Persistent Industrial Thermal Source,Persistent Industrial Thermal Source,58.8,High
1227,571.0,24.66258,74.636,2026-09-08,Persistent Industrial Thermal Source,Persistent Industrial Thermal Source,58.8,High
1508,571.0,24.66075,74.63564,2026-09-09,Persistent Industrial Thermal Source,Persistent Industrial Thermal Source,58.8,High
1509,571.0,24.66097,74.634,2026-09-09,Persistent Industrial Thermal Source,Persistent Industrial Thermal Source,58.8,High
4373,571.0,24.66208,74.63699,2026-08-29,Persistent Industrial Thermal Source,Persistent Industrial Thermal Source,58.7,High
4374,571.0,24.66288,74.63297,2026-08-29,Persistent Industrial Thermal Source,Persistent Industrial Thermal Source,58.7,High
6028,571.0,24.66053,74.63365,2026-08-28,Persistent Industrial Thermal Source,Persistent Industrial Thermal Source,58.9,High
6931,571.0,24.66097,74.6322,2026-08-22,Persistent Industrial Thermal Source,Persistent Industrial Thermal Source,58.8,High
6978,571.0,24.66165,74.63514,2026-08-22,Persistent Industrial Thermal Source,Persistent Industrial Thermal Source,58.8,High
8515,571.0,24.66126,74.63389,2026-08-13,Persistent Industrial Thermal Source,Persistent Industrial Thermal Source,58.8,High
11328,571.0,24.66183,74.63266,2026-07-18,Persistent Industrial Thermal Source,Persistent Industrial Thermal Source,59.9,High
360,572.0,18.99486,74.43908,2026-09-09,Other/Unknown,Other/Unknown,0.0,Low
1397,572.0,18.99486,74.43908,2026-09-09,Other/Unknown,Other/Unknown,0.0,Low
361,573.0,19.65047,74.57458,2026-09-09,Other/Unknown,Other/Unknown,0.0,Low
1398,573.0,19.65047,74.57458,2026-09-09,Other/Unknown,Other/Unknown,0.0,Low
191,574.0,24.69026,73.00349,2026-09-08,Persistent Industrial Thermal Source,Persistent Industrial Thermal Source,59.2,High
741,574.0,24.6893,73.00108,2026-09-10,Persistent Industrial Thermal Source,Persistent Industrial Thermal Source,59.1,High
1228,574.0,24.69026,73.00349,2026-09-08,Persistent Industrial Thermal Source,Persistent Industrial Thermal Source,59.2,High
1778,574.0,24.6893,73.00108,2026-09-10,Persistent Industrial Thermal Source,Persistent Industrial Thermal Source,59.1,High
2442,574.0,24.68892,73.00289,2026-09-03,Persistent Industrial Thermal Source,Persistent Industrial Thermal Source,59.2,High
2922,574.0,24.69059,73.00319,2026-09-04,Persistent Industrial Thermal Source,Persistent Industrial Thermal Source,59.2,High
4375,574.0,24.69089,73.00126,2026-08-29,Persistent Industrial Thermal Source,Persistent Industrial Thermal Source,59.1,High
4557,574.0,24.68952,73.00175,2026-08-30,Persistent Industrial Thermal Source,Persistent Industrial Thermal Source,59.1,High
5488,574.0,24.68826,72.99875,2026-08-24,Persistent Industrial Thermal Source,Persistent Industrial Thermal Source,59.0,High
7128,574.0,24.68984,73.00451,2026-08-23,Persistent Industrial Thermal Source,Persistent Industrial Thermal Source,59.1,High
10990,574.0,24.69148,73.0022,2026-07-16,Persistent Industrial Thermal Source,Persistent Industrial Thermal Source,59.2,High
11329,574.0,24.68869,73.00282,2026-07-18,Persistent Industrial Thermal Source,Persistent Industrial Thermal Source,59.1,High
192,575.0,24.93405,74.6332,2026-09-08,Industrial Fire,Industrial Fire,98.7,Critical
474,575.0,24.93354,74.6346,2026-09-09,Industrial Fire,Industrial Fire,98.8,Critical
745,575.0,24.93236,74.63454,2026-09-10,Industrial Fire,Industrial Fire,98.8,Critical
1229,575.0,24.93405,74.6332,2026-09-08,Industrial Fire,Industrial Fire,98.7,Critical
1511,575.0,24.93354,74.6346,2026-09-09,Industrial Fire,Industrial Fire,98.8,Critical
1782,575.0,24.93236,74.63454,2026-09-10,Industrial Fire,Industrial Fire,98.8,Critical
8527,575.0,24.9348,74.63297,2026-08-04,Industrial Fire,Industrial Fire,98.7,Critical
9592,575.0,24.93391,74.63229,2026-08-02,Industrial Fire,Industrial Fire,98.7,Critical
10413,575.0,24.93318,74.6346,2026-07-29,Industrial Fire,Industrial Fire,98.9,Critical
193,576.0,25.38731,68.58466,2026-09-08,Persistent Industrial Thermal Source,Persistent Industrial Thermal Source,60.7,High
388,576.0,25.38771,68.58407,2026-09-09,Persistent Industrial Thermal Source,Persistent Industrial Thermal Source,60.9,High
475,576.0,25.38741,68.58442,2026-09-09,Persistent Industrial Thermal Source,Persistent Industrial Thermal Source,60.6,High
476,576.0,25.38799,68.58036,2026-09-09,Persistent Industrial Thermal Source,Persistent Industrial Thermal Source,60.7,High
746,576.0,25.38889,68.58051,2026-09-10,Persistent Industrial Thermal Source,Persistent Industrial Thermal Source,60.7,High
1033,576.0,25.38903,68.58649,2026-09-11,Persistent Industrial Thermal Source,Persistent Industrial Thermal Source,60.5,High
1230,576.0,25.38731,68.58466,2026-09-08,Persistent Industrial Thermal Source,Persistent Industrial Thermal Source,60.7,High
1425,576.0,25.38771,68.58407,2026-09-09,Persistent Industrial Thermal Source,Persistent Industrial Thermal Source,60.9,High
1512,576.0,25.38741,68.58442,2026-09-09,Persistent Industrial Thermal Source,Persistent Industrial Thermal Source,60.6,High
1513,576.0,25.38799,68.58036,2026-09-09,Persistent Industrial Thermal Source,Persistent Industrial Thermal Source,60.7,High
1783,576.0,25.38889,68.58051,2026-09-10,Persistent Industrial Thermal Source,Persistent Industrial Thermal Source,60.7,High
2070,576.0,25.38903,68.58649,2026-09-11,Persistent Industrial Thermal Source,Persistent Industrial Thermal Source,60.5,High
2354,576.0,25.3869,68.5815,2026-09-03,Persistent Industrial Thermal Source,Persistent Industrial Thermal Source,60.8,High
2923,576.0,25.38672,68.58044,2026-09-04,Persistent Industrial Thermal Source,Persistent Industrial Thermal Source,60.7,High
2924,576.0,25.39035,68.58104,2026-09-04,Persistent Industrial Thermal Source,Persistent Industrial Thermal Source,60.5,High
3562,576.0,25.38617,68.58049,2026-09-05,Persistent Industrial Thermal Source,Persistent Industrial Thermal Source,60.8,High
3563,576.0,25.38985,68.5817,2026-09-05,Persistent Industrial Thermal Source,Persistent Industrial Thermal Source,60.6,High
3911,576.0,25.38699,68.58179,2026-09-06,Persistent Industrial Thermal Source,Persistent Industrial Thermal Source,60.8,High
4296,576.0,25.38737,68.58277,2026-09-07,Persistent Industrial Thermal Source,Persistent Industrial Thermal Source,60.8,High
4297,576.0,25.388,68.58441,2026-09-07,Persistent Industrial Thermal Source,Persistent Industrial Thermal Source,60.8,High
4331,576.0,25.38717,68.58321,2026-08-29,Persistent Industrial Thermal Source,Persistent Industrial Thermal Source,60.8,High
4753,576.0,25.3894,68.57961,2026-08-31,Persistent Industrial Thermal Source,Persistent Industrial Thermal Source,60.6,High
5118,576.0,25.38806,68.58345,2026-09-01,Persistent Industrial Thermal Source,Persistent Industrial Thermal Source,60.7,High
5372,576.0,25.38768,68.58337,2026-09-02,Persistent Industrial Thermal Source,Persistent Industrial Thermal Source,60.7,High
5373,576.0,25.38928,68.58535,2026-09-02,Persistent Industrial Thermal Source,Persistent Industrial Thermal Source,60.6,High
5490,576.0,25.38534,68.57845,2026-08-24,Persistent Industrial Thermal Source,Persistent Industrial Thermal Source,60.8,High
5675,576.0,25.38861,68.58073,2026-08-25,Persistent Industrial Thermal Source,Persistent Industrial Thermal Source,60.7,High
6261,576.0,25.38654,68.58464,2026-08-19,Persistent Industrial Thermal Source,Persistent Industrial Thermal Source,60.7,High
6262,576.0,25.38717,68.58005,2026-08-19,Persistent Industrial Thermal Source,Persistent Industrial Thermal Source,60.7,High
6544,576.0,25.39003,68.58031,2026-08-20,Persistent Industrial Thermal Source,Persistent Industrial Thermal Source,60.6,High
6819,576.0,25.38739,68.584,2026-08-22,Persistent Industrial Thermal Source,Persistent Industrial Thermal Source,60.7,High
7281,576.0,25.3884,68.58215,2026-08-14,Persistent Industrial Thermal Source,Persistent Industrial Thermal Source,60.8,High
7416,576.0,25.39021,68.58022,2026-08-15,Persistent Industrial Thermal Source,Persistent Industrial Thermal Source,60.5,High
7671,576.0,25.38917,68.58541,2026-08-17,Persistent Industrial Thermal Source,Persistent Industrial Thermal Source,60.6,High
7744,576.0,25.3872,68.58287,2026-08-18,Persistent Industrial Thermal Source,Persistent Industrial Thermal Source,60.8,High
7797,576.0,25.38887,68.5822,2026-08-18,Persistent Industrial Thermal Source,Persistent Industrial Thermal Source,60.7,High
8035,576.0,25.3889,68.5837,2026-08-09,Persistent Industrial Thermal Source,Persistent Industrial Thermal Source,60.6,High
8036,576.0,25.3894,68.57915,2026-08-09,Persistent Industrial Thermal Source,Persistent Industrial Thermal Source,60.6,High
8172,576.0,25.38742,68.58064,2026-08-10,Persistent Industrial Thermal Source,Persistent Industrial Thermal Source,60.7,High
8439,576.0,25.38832,68.58551,2026-08-12,Persistent Industrial Thermal Source,Persistent Industrial Thermal Source,60.7,High
8477,576.0,25.38725,68.58302,2026-08-13,Persistent Industrial Thermal Source,Persistent Industrial Thermal Source,60.8,High
8528,576.0,25.38999,68.58211,2026-08-04,Persistent Industrial Thermal Source,Persistent Industrial Thermal Source,60.7,High
8666,576.0,25.38972,68.58502,2026-08-06,Persistent Industrial Thermal Source,Persistent Industrial Thermal Source,60.6,High
8667,576.0,25.39073,68.58144,2026-08-06,Persistent Industrial Thermal Source,Persistent Industrial Thermal Source,60.5,High
8745,576.0,25.38842,68.58425,2026-08-07,Persistent Industrial Thermal Source,Persistent Industrial Thermal Source,60.6,High
8844,576.0,25.38646,68.58366,2026-08-08,Persistent Industrial Thermal Source,Persistent Industrial Thermal Source,60.7,High
8845,576.0,25.38986,68.58427,2026-08-08,Persistent Industrial Thermal Source,Persistent Industrial Thermal Source,60.5,High
10104,576.0,25.38781,68.58343,2026-07-27,Persistent Industrial Thermal Source,Persistent Industrial Thermal Source,60.8,High
10167,576.0,25.38848,68.58327,2026-07-28,Persistent Industrial Thermal Source,Persistent Industrial Thermal Source,60.7,High
10240,576.0,25.38837,68.58214,2026-07-28,Persistent Industrial Thermal Source,Persistent Industrial Thermal Source,60.6,High
10994,576.0,25.38745,68.58328,2026-07-16,Persistent Industrial Thermal Source,Persistent Industrial Thermal Source,60.7,High
11133,576.0,25.38968,68.58178,2026-07-17,Persistent Industrial Thermal Source,Persistent Industrial Thermal Source,60.6,High
368,577.0,21.45597,72.9502,2026-09-09,Other/Unknown,Other/Unknown,0.0,Low
1405,577.0,21.45597,72.9502,2026-09-09,Other/Unknown,Other/Unknown,0.0,Low
369,578.0,21.96141,72.51338,2026-09-09,Other/Unknown,Other/Unknown,0.0,Low
1406,578.0,21.96141,72.51338,2026-09-09,Other/Unknown,Other/Unknown,0.0,Low
370,579.0,22.35983,82.30304,2026-09-09,Other/Unknown,Other/Unknown,0.0,Low
1407,579.0,22.35983,82.30304,2026-09-09,Other/Unknown,Other/Unknown,0.0,Low
2912,579.0,22.35826,82.30389,2026-09-04,Other/Unknown,Other/Unknown,0.0,Low
2913,579.0,22.3592,82.29978,2026-09-04,Other/Unknown,Other/Unknown,0.0,Low
3738,579.0,22.35737,82.30364,2026-09-06,Other/Unknown,Other/Unknown,0.0,Low
3739,579.0,22.36074,82.30308,2026-09-06,Other/Unknown,Other/Unknown,0.0,Low
3851,579.0,22.357,82.30401,2026-09-06,Other/Unknown,Other/Unknown,0.0,Low
3852,579.0,22.35765,82.30017,2026-09-06,Other/Unknown,Other/Unknown,1.0,Low
3853,579.0,22.361,82.30081,2026-09-06,Other/Unknown,Other/Unknown,1.0,Low
4038,579.0,22.3571,82.30258,2026-09-07,Other/Unknown,Other/Unknown,0.0,Low
4100,579.0,22.35425,82.30378,2026-09-07,Other/Unknown,Other/Unknown,0.0,Low
4102,579.0,22.35786,82.30437,2026-09-07,Other/Unknown,Other/Unknown,0.0,Low
4103,579.0,22.35847,82.2999,2026-09-07,Other/Unknown,Other/Unknown,1.0,Low
5720,579.0,22.35679,82.30565,2026-08-26,Other/Unknown,Other/Unknown,0.0,Low
8426,579.0,22.35942,82.30392,2026-08-12,Other/Unknown,Other/Unknown,0.9,Low
9264,579.0,22.35717,82.30317,2026-07-31,Other/Unknown,Other/Unknown,0.0,Low
9266,579.0,22.36047,82.30377,2026-07-31,Other/Unknown,Other/Unknown,1.0,Low
9267,579.0,22.36106,82.30007,2026-07-31,Other/Unknown,Other/Unknown,1.0,Low
9412,579.0,22.35836,82.30158,2026-08-01,Other/Unknown,Other/Unknown,1.0,Low
10402,579.0,22.35427,82.30293,2026-07-29,Other/Unknown,Other/Unknown,1.0,Low
10403,579.0,22.35499,82.29959,2026-07-29,Other/Unknown,Other/Unknown,1.0,Low
10404,579.0,22.35554,82.30311,2026-07-29,Other/Unknown,Other/Unknown,0.0,Low
10405,579.0,22.35628,82.29979,2026-07-29,Other/Unknown,Other/Unknown,1.0,Low
10406,579.0,22.3594,82.30417,2026-07-29,Other/Unknown,Other/Unknown,1.0,Low
10407,579.0,22.36012,82.30084,2026-07-29,Other/Unknown,Other/Unknown,0.0,Low
10408,579.0,22.36067,82.30434,2026-07-29,Other/Unknown,Other/Unknown,1.0,Low
10409,579.0,22.36141,82.30103,2026-07-29,Other/Unknown,Other/Unknown,1.0,Low
10856,579.0,22.35982,82.30302,2026-07-24,Other/Unknown,Other/Unknown,1.3,Low
10887,579.0,22.35543,82.29885,2026-07-24,Other/Unknown,Other/Unknown,4.4,Low
10888,579.0,22.35792,82.30394,2026-07-24,Other/Unknown,Other/Unknown,1.1,Low
10889,579.0,22.35896,82.30521,2026-07-24,Other/Unknown,Other/Unknown,4.4,Low
10890,579.0,22.35901,82.29864,2026-07-24,Other/Unknown,Other/Unknown,4.4,Low
10891,579.0,22.36008,82.29993,2026-07-24,Other/Unknown,Other/Unknown,4.4,Low
10892,579.0,22.36367,82.29972,2026-07-24,Other/Unknown,Other/Unknown,0.9,Low
371,580.0,22.4838,70.93859,2026-09-09,Other/Unknown,Other/Unknown,0.0,Low
1408,580.0,22.4838,70.93859,2026-09-09,Other/Unknown,Other/Unknown,0.0,Low
372,581.0,22.55157,71.63312,2026-09-09,Other/Unknown,Other/Unknown,0.0,Low
1409,581.0,22.55157,71.63312,2026-09-09,Other/Unknown,Other/Unknown,0.0,Low
373,582.0,22.78069,69.46031,2026-09-09,Other/Unknown,Other/Unknown,0.0,Low
1410,582.0,22.78069,69.46031,2026-09-09,Other/Unknown,Other/Unknown,0.0,Low
374,583.0,22.87284,69.57805,2026-09-09,Other/Unknown,Other/Unknown,0.0,Low
1411,583.0,22.87284,69.57805,2026-09-09,Other/Unknown,Other/Unknown,0.0,Low
375,584.0,22.89505,69.89949,2026-09-09,Industrial Fire,Industrial Fire,98.4,Critical
1412,584.0,22.89505,69.89949,2026-09-09,Industrial Fire,Industrial Fire,98.4,Critical
195,585.0,26.87394,73.51777,2026-09-08,Other/Unknown,Other/Unknown,0.0,Low
415,585.0,26.87392,73.51785,2026-09-09,Other/Unknown,Other/Unknown,0.0,Low
416,585.0,26.87812,73.51436,2026-09-09,Other/Unknown,Other/Unknown,0.0,Low
751,585.0,26.87366,73.51543,2026-09-10,Other/Unknown,Other/Unknown,0.0,Low
752,585.0,26.87709,73.51604,2026-09-10,Other/Unknown,Other/Unknown,0.0,Low
1232,585.0,26.87394,73.51777,2026-09-08,Other/Unknown,Other/Unknown,0.0,Low
1452,585.0,26.87392,73.51785,2026-09-09,Other/Unknown,Other/Unknown,0.0,Low
1453,585.0,26.87812,73.51436,2026-09-09,Other/Unknown,Other/Unknown,0.0,Low
1788,585.0,26.87366,73.51543,2026-09-10,Other/Unknown,Other/Unknown,0.0,Low
1789,585.0,26.87709,73.51604,2026-09-10,Other/Unknown,Other/Unknown,0.0,Low
2489,585.0,26.87735,73.51431,2026-09-03,Other/Unknown,Other/Unknown,0.0,Low
4358,585.0,26.8731,73.51817,2026-08-29,Other/Unknown,Other/Unknown,0.0,Low
4359,585.0,26.87508,73.5155,2026-08-29,Other/Unknown,Other/Unknown,0.0,Low
4562,585.0,26.87274,73.51597,2026-08-30,Other/Unknown,Other/Unknown,0.0,Low
4563,585.0,26.87605,73.51661,2026-08-30,Other/Unknown,Other/Unknown,0.0,Low
4564,585.0,26.87664,73.51275,2026-08-30,Other/Unknown,Other/Unknown,0.0,Low
5459,585.0,26.87662,73.51538,2026-08-24,Other/Unknown,Other/Unknown,0.0,Low
6266,585.0,26.87381,73.5167,2026-08-19,Other/Unknown,Other/Unknown,1.3,Low
6267,585.0,26.87778,73.51348,2026-08-19,Other/Unknown,Other/Unknown,0.0,Low
7285,585.0,26.87478,73.51643,2026-08-14,Other/Unknown,Other/Unknown,0.0,Low
7286,585.0,26.87868,73.51321,2026-08-14,Other/Unknown,Other/Unknown,0.0,Low
10896,585.0,26.87887,73.5134,2026-07-24,Other/Unknown,Other/Unknown,1.2,Low
11331,585.0,26.8752,73.51662,2026-07-18,Other/Unknown,Other/Unknown,1.2,Low
11332,585.0,26.87918,73.51339,2026-07-18,Other/Unknown,Other/Unknown,1.1,Low
196,586.0,27.66834,76.12954,2026-09-08,Persistent Industrial Thermal Source,Persistent Industrial Thermal Source,59.1,High
419,586.0,27.66891,76.13161,2026-09-09,Persistent Industrial Thermal Source,Persistent Industrial Thermal Source,59.1,High
755,586.0,27.66628,76.12898,2026-09-10,Persistent Industrial Thermal Source,Persistent Industrial Thermal Source,59.1,High
756,586.0,27.66895,76.13351,2026-09-10,Persistent Industrial Thermal Source,Persistent Industrial Thermal Source,58.9,High
757,586.0,27.66957,76.12965,2026-09-10,Persistent Industrial Thermal Source,Persistent Industrial Thermal Source,59.0,High
1233,586.0,27.66834,76.12954,2026-09-08,Persistent Industrial Thermal Source,Persistent Industrial Thermal Source,59.1,High
1456,586.0,27.66891,76.13161,2026-09-09,Persistent Industrial Thermal Source,Persistent Industrial Thermal Source,59.1,High
1792,586.0,27.66628,76.12898,2026-09-10,Persistent Industrial Thermal Source,Persistent Industrial Thermal Source,59.1,High
1793,586.0,27.66895,76.13351,2026-09-10,Persistent Industrial Thermal Source,Persistent Industrial Thermal Source,58.9,High
1794,586.0,27.66957,76.12965,2026-09-10,Persistent Industrial Thermal Source,Persistent Industrial Thermal Source,59.0,High
4565,586.0,27.66868,76.13271,2026-08-30,Persistent Industrial Thermal Source,Persistent Industrial Thermal Source,58.9,High
4566,586.0,27.66938,76.12862,2026-08-30,Persistent Industrial Thermal Source,Persistent Industrial Thermal Source,59.0,High
7117,586.0,27.66743,76.13509,2026-08-23,Persistent Industrial Thermal Source,Persistent Industrial Thermal Source,58.9,High
8850,586.0,27.66929,76.13332,2026-08-08,Persistent Industrial Thermal Source,Persistent Industrial Thermal Source,59.0,High
8989,586.0,27.66919,76.12913,2026-07-30,Persistent Industrial Thermal Source,Persistent Industrial Thermal Source,60.3,High
10418,586.0,27.66788,76.13313,2026-07-29,Persistent Industrial Thermal Source,Persistent Industrial Thermal Source,59.0,High
10419,586.0,27.66858,76.12903,2026-07-29,Persistent Industrial Thermal Source,Persistent Industrial Thermal Source,59.1,High
10590,586.0,27.66849,76.13383,2026-07-22,Persistent Industrial Thermal Source,Persistent Industrial Thermal Source,58.9,High
10591,586.0,27.66928,76.13039,2026-07-22,Persistent Industrial Thermal Source,Persistent Industrial Thermal Source,59.0,High
197,587.0,28.42417,69.70237,2026-09-08,Persistent Industrial Thermal Source,Persistent Industrial Thermal Source,60.6,High
402,587.0,28.42417,69.70093,2026-09-09,Persistent Industrial Thermal Source,Persistent Industrial Thermal Source,60.8,High
427,587.0,28.42315,69.70135,2026-09-09,Persistent Industrial Thermal Source,Persistent Industrial Thermal Source,60.6,High
428,587.0,28.42652,69.70199,2026-09-09,Persistent Industrial Thermal Source,Persistent Industrial Thermal Source,60.7,High
759,587.0,28.42366,69.70142,2026-09-10,Persistent Industrial Thermal Source,Persistent Industrial Thermal Source,60.6,High
925,587.0,28.42292,69.69965,2026-09-11,Persistent Industrial Thermal Source,Persistent Industrial Thermal Source,60.6,High
1234,587.0,28.42417,69.70237,2026-09-08,Persistent Industrial Thermal Source,Persistent Industrial Thermal Source,60.6,High
1439,587.0,28.42417,69.70093,2026-09-09,Persistent Industrial Thermal Source,Persistent Industrial Thermal Source,60.8,High
1464,587.0,28.42315,69.70135,2026-09-09,Persistent Industrial Thermal Source,Persistent Industrial Thermal Source,60.6,High
1465,587.0,28.42652,69.70199,2026-09-09,Persistent Industrial Thermal Source,Persistent Industrial Thermal Source,60.7,High
1796,587.0,28.42366,69.70142,2026-09-10,Persistent Industrial Thermal Source,Persistent Industrial Thermal Source,60.6,High
1962,587.0,28.42292,69.69965,2026-09-11,Persistent Industrial Thermal Source,Persistent Industrial Thermal Source,60.6,High
2443,587.0,28.42567,69.70049,2026-09-03,Persistent Industrial Thermal Source,Persistent Industrial Thermal Source,60.7,High
2703,587.0,28.42405,69.7006,2026-09-04,Persistent Industrial Thermal Source,Persistent Industrial Thermal Source,60.8,High
2833,587.0,28.4265,69.70227,2026-09-04,Persistent Industrial Thermal Source,Persistent Industrial Thermal Source,60.6,High
4281,587.0,28.42394,69.70216,2026-09-07,Persistent Industrial Thermal Source,Persistent Industrial Thermal Source,60.6,High
4361,587.0,28.42461,69.70064,2026-08-29,Persistent Industrial Thermal Source,Persistent Industrial Thermal Source,60.7,High
4568,587.0,28.42588,69.698,2026-08-30,Persistent Industrial Thermal Source,Persistent Industrial Thermal Source,60.8,High
4755,587.0,28.42419,69.70075,2026-08-31,Persistent Industrial Thermal Source,Persistent Industrial Thermal Source,60.6,High
5114,587.0,28.42366,69.70154,2026-09-01,Persistent Industrial Thermal Source,Persistent Industrial Thermal Source,60.6,High
5375,587.0,28.42361,69.70264,2026-09-02,Persistent Industrial Thermal Source,Persistent Industrial Thermal Source,60.6,High
5427,587.0,28.42584,69.70153,2026-08-24,Persistent Industrial Thermal Source,Persistent Industrial Thermal Source,60.8,High
5460,587.0,28.42683,69.69943,2026-08-24,Persistent Industrial Thermal Source,Persistent Industrial Thermal Source,60.7,High
5678,587.0,28.42473,69.69848,2026-08-25,Persistent Industrial Thermal Source,Persistent Industrial Thermal Source,60.7,High
5925,587.0,28.42398,69.70206,2026-08-27,Persistent Industrial Thermal Source,Persistent Industrial Thermal Source,60.6,High
6030,587.0,28.42477,69.69869,2026-08-28,Persistent Industrial Thermal Source,Persistent Industrial Thermal Source,60.7,High
6031,587.0,28.42534,69.70181,2026-08-28,Persistent Industrial Thermal Source,Persistent Industrial Thermal Source,60.6,High
6269,587.0,28.42477,69.7021,2026-08-19,Persistent Industrial Thermal Source,Persistent Industrial Thermal Source,60.6,High
6980,587.0,28.42265,69.70271,2026-08-22,Persistent Industrial Thermal Source,Persistent Industrial Thermal Source,60.5,High
7129,587.0,28.425,69.69938,2026-08-23,Persistent Industrial Thermal Source,Persistent Industrial Thermal Source,60.7,High
7407,587.0,28.4244,69.69858,2026-08-15,Persistent Industrial Thermal Source,Persistent Industrial Thermal Source,60.6,High
7408,587.0,28.42625,69.69794,2026-08-15,Persistent Industrial Thermal Source,Persistent Industrial Thermal Source,60.7,High
7791,587.0,28.4253,69.70142,2026-08-18,Persistent Industrial Thermal Source,Persistent Industrial Thermal Source,60.7,High
8382,587.0,28.42528,69.70116,2026-08-11,Persistent Industrial Thermal Source,Persistent Industrial Thermal Source,60.6,High
8518,587.0,28.42711,69.6979,2026-08-04,Persistent Industrial Thermal Source,Persistent Industrial Thermal Source,60.8,High
8738,587.0,28.42482,69.70239,2026-08-07,Persistent Industrial Thermal Source,Persistent Industrial Thermal Source,60.9,High
8851,587.0,28.42521,69.70253,2026-08-08,Persistent Industrial Thermal Source,Persistent Industrial Thermal Source,60.7,High
10174,587.0,28.42443,69.70238,2026-07-28,Persistent Industrial Thermal Source,Persistent Industrial Thermal Source,61.0,High
10242,587.0,28.42562,69.70078,2026-07-28,Persistent Industrial Thermal Source,Persistent Industrial Thermal Source,60.7,High
10420,587.0,28.42324,69.70116,2026-07-29,Persistent Industrial Thermal Source,Persistent Industrial Thermal Source,60.7,High
10689,587.0,28.42503,69.70135,2026-07-23,Persistent Industrial Thermal Source,Persistent Industrial Thermal Source,60.6,High
10972,587.0,28.42743,69.70058,2026-07-16,Persistent Industrial Thermal Source,Persistent Industrial Thermal Source,60.7,High
11136,587.0,28.42537,69.69985,2026-07-17,Persistent Industrial Thermal Source,Persistent Industrial Thermal Source,60.7,High
11334,587.0,28.42444,69.70191,2026-07-18,Persistent Industrial Thermal Source,Persistent Industrial Thermal Source,60.6,High
380,588.0,23.03181,69.53057,2026-09-09,Other/Unknown,Other/Unknown,0.0,Low
1417,588.0,23.03181,69.53057,2026-09-09,Other/Unknown,Other/Unknown,0.0,Low
381,589.0,23.05331,69.64938,2026-09-09,Other/Unknown,Other/Unknown,0.0,Low
1418,589.0,23.05331,69.64938,2026-09-09,Other/Unknown,Other/Unknown,0.0,Low
382,590.0,23.10171,72.47737,2026-09-09,Industrial Fire,Industrial Fire,95.2,Critical
1419,590.0,23.10171,72.47737,2026-09-09,Industrial Fire,Industrial Fire,95.2,Critical
383,591.0,23.50802,72.15764,2026-09-09,Other/Unknown,Other/Unknown,0.0,Low
1420,591.0,23.50802,72.15764,2026-09-09,Other/Unknown,Other/Unknown,0.0,Low
384,592.0,23.57267,72.47577,2026-09-09,Other/Unknown,Other/Unknown,0.0,Low
1421,592.0,23.57267,72.47577,2026-09-09,Other/Unknown,Other/Unknown,0.0,Low
385,593.0,24.48032,69.0869,2026-09-09,Other/Unknown,Other/Unknown,0.0,Low
1422,593.0,24.48032,69.0869,2026-09-09,Other/Unknown,Other/Unknown,0.0,Low
386,594.0,25.00024,69.17052,2026-09-09,Other/Unknown,Other/Unknown,0.0,Low
1423,594.0,25.00024,69.17052,2026-09-09,Other/Unknown,Other/Unknown,0.0,Low
387,595.0,25.35773,69.0938,2026-09-09,Other/Unknown,Other/Unknown,0.0,Low
1424,595.0,25.35773,69.0938,2026-09-09,Other/Unknown,Other/Unknown,0.0,Low
198,596.0,15.13748,76.71239,2026-09-08,Industrial Fire,Industrial Fire,98.9,Critical
488,596.0,15.13735,76.7136,2026-09-09,Industrial Fire,Industrial Fire,98.7,Critical
1235,596.0,15.13748,76.71239,2026-09-08,Industrial Fire,Industrial Fire,98.9,Critical
1525,596.0,15.13735,76.7136,2026-09-09,Industrial Fire,Industrial Fire,98.7,Critical
3427,596.0,15.13741,76.7094,2026-09-05,Industrial Fire,Industrial Fire,98.8,Critical
6456,596.0,15.13803,76.70839,2026-08-20,Industrial Fire,Industrial Fire,98.8,Critical
6682,596.0,15.13683,76.70946,2026-08-21,Industrial Fire,Industrial Fire,98.8,Critical
8863,596.0,15.1377,76.70893,2026-08-08,Industrial Fire,Industrial Fire,98.7,Critical
389,597.0,25.41987,68.99232,2026-09-09,Other/Unknown,Other/Unknown,0.0,Low
1426,597.0,25.41987,68.99232,2026-09-09,Other/Unknown,Other/Unknown,0.0,Low
390,598.0,25.79195,68.59055,2026-09-09,Other/Unknown,Other/Unknown,0.0,Low
1427,598.0,25.79195,68.59055,2026-09-09,Other/Unknown,Other/Unknown,0.0,Low
391,599.0,25.89977,68.76244,2026-09-09,Other/Unknown,Other/Unknown,0.0,Low
1428,599.0,25.89977,68.76244,2026-09-09,Other/Unknown,Other/Unknown,0.0,Low
392,600.0,26.14395,68.98871,2026-09-09,Other/Unknown,Other/Unknown,0.0,Low
1429,600.0,26.14395,68.98871,2026-09-09,Other/Unknown,Other/Unknown,0.0,Low
202,601.0,15.22613,76.76373,2026-09-08,Persistent Industrial Thermal Source,Persistent Industrial Thermal Source,59.2,High
491,601.0,15.22533,76.76504,2026-09-09,Persistent Industrial Thermal Source,Persistent Industrial Thermal Source,59.2,High
670,601.0,15.22531,76.76296,2026-09-10,Persistent Industrial Thermal Source,Persistent Industrial Thermal Source,59.2,High
1009,601.0,15.22512,76.76299,2026-09-11,Persistent Industrial Thermal Source,Persistent Industrial Thermal Source,59.2,High
1239,601.0,15.22613,76.76373,2026-09-08,Persistent Industrial Thermal Source,Persistent Industrial Thermal Source,59.2,High
1528,601.0,15.22533,76.76504,2026-09-09,Persistent Industrial Thermal Source,Persistent Industrial Thermal Source,59.2,High
1707,601.0,15.22531,76.76296,2026-09-10,Persistent Industrial Thermal Source,Persistent Industrial Thermal Source,59.2,High
2046,601.0,15.22512,76.76299,2026-09-11,Persistent Industrial Thermal Source,Persistent Industrial Thermal Source,59.2,High
3349,601.0,15.22651,76.76752,2026-09-05,Persistent Industrial Thermal Source,Persistent Industrial Thermal Source,59.6,High
3447,601.0,15.22608,76.76495,2026-09-05,Persistent Industrial Thermal Source,Persistent Industrial Thermal Source,59.2,High
3448,601.0,15.22675,76.76101,2026-09-05,Persistent Industrial Thermal Source,Persistent Industrial Thermal Source,59.1,High
3887,601.0,15.22602,76.76505,2026-09-06,Persistent Industrial Thermal Source,Persistent Industrial Thermal Source,59.2,High
3888,601.0,15.2266,76.76109,2026-09-06,Persistent Industrial Thermal Source,Persistent Industrial Thermal Source,59.0,High
6468,601.0,15.22626,76.76389,2026-08-20,Persistent Industrial Thermal Source,Persistent Industrial Thermal Source,59.2,High
7299,601.0,15.22681,76.76525,2026-08-14,Persistent Industrial Thermal Source,Persistent Industrial Thermal Source,59.2,High
7300,601.0,15.22752,76.76139,2026-08-14,Persistent Industrial Thermal Source,Persistent Industrial Thermal Source,59.0,High
7573,601.0,15.22664,76.76346,2026-08-16,Persistent Industrial Thermal Source,Persistent Industrial Thermal Source,59.1,High
7938,601.0,15.22696,76.76333,2026-08-09,Persistent Industrial Thermal Source,Persistent Industrial Thermal Source,59.2,High
203,602.0,15.65884,73.9893,2026-09-08,Other/Unknown,Other/Unknown,4.1,Low
204,602.0,15.6609,73.98779,2026-09-08,Other/Unknown,Other/Unknown,4.1,Low
1010,602.0,15.65624,73.99073,2026-09-11,Other/Unknown,Other/Unknown,4.0,Low
1240,602.0,15.65884,73.9893,2026-09-08,Other/Unknown,Other/Unknown,4.1,Low
1241,602.0,15.6609,73.98779,2026-09-08,Other/Unknown,Other/Unknown,4.1,Low
2047,602.0,15.65624,73.99073,2026-09-11,Other/Unknown,Other/Unknown,4.0,Low
3453,602.0,15.65858,73.99101,2026-09-05,Other/Unknown,Other/Unknown,4.0,Low
3454,602.0,15.65914,73.98743,2026-09-05,Other/Unknown,Other/Unknown,4.0,Low
3891,602.0,15.65793,73.98854,2026-09-06,Other/Unknown,Other/Unknown,4.0,Low
4757,602.0,15.65919,73.98986,2026-08-31,Other/Unknown,Other/Unknown,4.1,Low
5998,602.0,15.65942,73.98846,2026-08-28,Other/Unknown,Other/Unknown,4.0,Low
5999,602.0,15.66104,73.9874,2026-08-28,Other/Unknown,Other/Unknown,4.0,Low
6300,602.0,15.65748,73.98986,2026-08-19,Other/Unknown,Other/Unknown,4.0,Low
6301,602.0,15.65996,73.98722,2026-08-19,Other/Unknown,Other/Unknown,4.1,Low
7574,602.0,15.65948,73.98701,2026-08-16,Other/Unknown,Other/Unknown,4.1,Low
9778,602.0,15.65747,73.98943,2026-07-25,Other/Unknown,Other/Unknown,4.0,Low
205,603.0,18.57086,74.15802,2026-09-08,Other/Unknown,Other/Unknown,0.0,Low
206,603.0,18.57162,74.15484,2026-09-08,Other/Unknown,Other/Unknown,0.0,Low
1242,603.0,18.57086,74.15802,2026-09-08,Other/Unknown,Other/Unknown,0.0,Low
1243,603.0,18.57162,74.15484,2026-09-08,Other/Unknown,Other/Unknown,0.0,Low
207,604.0,18.68038,73.04181,2026-09-08,Other/Unknown,Other/Unknown,1.7,Low
208,604.0,18.68104,73.0387,2026-09-08,Other/Unknown,Other/Unknown,1.5,Low
209,604.0,18.6817,73.03559,2026-09-08,Other/Unknown,Other/Unknown,1.5,Low
210,604.0,18.68233,73.04176,2026-09-08,Other/Unknown,Other/Unknown,1.6,Low
211,604.0,18.68296,73.03863,2026-09-08,Other/Unknown,Other/Unknown,1.6,Low
212,604.0,18.68424,73.03241,2026-09-08,Other/Unknown,Other/Unknown,1.6,Low
213,604.0,18.68609,73.03984,2026-09-08,Other/Unknown,Other/Unknown,1.3,Low
214,604.0,18.6874,73.03365,2026-09-08,Other/Unknown,Other/Unknown,1.6,Low
215,604.0,18.69113,73.041,2026-09-08,Other/Unknown,Other/Unknown,1.4,Low
216,604.0,18.69305,73.04095,2026-09-08,Other/Unknown,Other/Unknown,0.0,Low
357,604.0,18.68402,73.04089,2026-09-09,Other/Unknown,Other/Unknown,1.1,Low
358,604.0,18.68637,73.03223,2026-09-09,Other/Unknown,Other/Unknown,0.0,Low
359,604.0,18.691,73.03982,2026-09-09,Other/Unknown,Other/Unknown,2.1,Low
495,604.0,18.68556,73.03335,2026-09-09,Other/Unknown,Other/Unknown,1.6,Low
496,604.0,18.68642,73.02856,2026-09-09,Other/Unknown,Other/Unknown,1.5,Low
730,604.0,18.68038,73.03343,2026-09-10,Other/Unknown,Other/Unknown,1.6,Low
884,604.0,18.69317,73.04006,2026-09-11,Other/Unknown,Other/Unknown,0.0,Low
1013,604.0,18.68483,73.02999,2026-09-11,Other/Unknown,Other/Unknown,1.6,Low
1014,604.0,18.69148,73.0425,2026-09-11,Other/Unknown,Other/Unknown,1.4,Low
1015,604.0,18.69197,73.03873,2026-09-11,Other/Unknown,Other/Unknown,0.0,Low
1244,604.0,18.68038,73.04181,2026-09-08,Other/Unknown,Other/Unknown,1.7,Low
1245,604.0,18.68104,73.0387,2026-09-08,Other/Unknown,Other/Unknown,1.5,Low
1246,604.0,18.6817,73.03559,2026-09-08,Other/Unknown,Other/Unknown,1.5,Low
1247,604.0,18.68233,73.04176,2026-09-08,Other/Unknown,Other/Unknown,1.6,Low
1248,604.0,18.68296,73.03863,2026-09-08,Other/Unknown,Other/Unknown,1.6,Low
1249,604.0,18.68424,73.03241,2026-09-08,Other/Unknown,Other/Unknown,1.6,Low
1250,604.0,18.68609,73.03984,2026-09-08,Other/Unknown,Other/Unknown,1.3,Low
1251,604.0,18.6874,73.03365,2026-09-08,Other/Unknown,Other/Unknown,1.6,Low
1252,604.0,18.69113,73.041,2026-09-08,Other/Unknown,Other/Unknown,1.4,Low
1253,604.0,18.69305,73.04095,2026-09-08,Other/Unknown,Other/Unknown,0.0,Low
1394,604.0,18.68402,73.04089,2026-09-09,Other/Unknown,Other/Unknown,1.1,Low
1395,604.0,18.68637,73.03223,2026-09-09,Other/Unknown,Other/Unknown,0.0,Low
1396,604.0,18.691,73.03982,2026-09-09,Other/Unknown,Other/Unknown,2.1,Low
1532,604.0,18.68556,73.03335,2026-09-09,Other/Unknown,Other/Unknown,1.6,Low
1533,604.0,18.68642,73.02856,2026-09-09,Other/Unknown,Other/Unknown,1.5,Low
1767,604.0,18.68038,73.03343,2026-09-10,Other/Unknown,Other/Unknown,1.6,Low
1921,604.0,18.69317,73.04006,2026-09-11,Other/Unknown,Other/Unknown,0.0,Low
2050,604.0,18.68483,73.02999,2026-09-11,Other/Unknown,Other/Unknown,1.6,Low
2051,604.0,18.69148,73.0425,2026-09-11,Other/Unknown,Other/Unknown,1.4,Low
2052,604.0,18.69197,73.03873,2026-09-11,Other/Unknown,Other/Unknown,0.0,Low
2349,604.0,18.69169,73.04173,2026-09-03,Other/Unknown,Other/Unknown,0.0,Low
2465,604.0,18.68138,73.03857,2026-09-03,Other/Unknown,Other/Unknown,1.6,Low
2466,604.0,18.68235,73.03365,2026-09-03,Other/Unknown,Other/Unknown,1.6,Low
2467,604.0,18.68331,73.0287,2026-09-03,Other/Unknown,Other/Unknown,1.6,Low
2468,604.0,18.68517,73.04121,2026-09-03,Other/Unknown,Other/Unknown,0.0,Low
2469,604.0,18.68594,73.03958,2026-09-03,Other/Unknown,Other/Unknown,0.0,Low
2470,604.0,18.68717,73.03136,2026-09-03,Other/Unknown,Other/Unknown,0.0,Low
2471,604.0,18.69051,73.04059,2026-09-03,Other/Unknown,Other/Unknown,0.0,Low
2841,604.0,18.68064,73.03526,2026-09-04,Other/Unknown,Other/Unknown,1.6,Low
2842,604.0,18.6904,73.04131,2026-09-04,Other/Unknown,Other/Unknown,1.6,Low
2843,604.0,18.69389,73.04198,2026-09-04,Other/Unknown,Other/Unknown,1.6,Low
3896,604.0,18.69176,73.03945,2026-09-06,Other/Unknown,Other/Unknown,1.4,Low
4381,604.0,18.68072,73.03546,2026-08-29,Other/Unknown,Other/Unknown,1.5,Low
4382,604.0,18.68258,73.03453,2026-08-29,Other/Unknown,Other/Unknown,1.6,Low
4383,604.0,18.68334,73.03059,2026-08-29,Other/Unknown,Other/Unknown,1.6,Low
4384,604.0,18.68747,73.03146,2026-08-29,Other/Unknown,Other/Unknown,1.6,Low
4573,604.0,18.68969,73.04101,2026-08-30,Other/Unknown,Other/Unknown,1.4,Low
4574,604.0,18.69302,73.0416,2026-08-30,Other/Unknown,Other/Unknown,0.0,Low
4762,604.0,18.68149,73.03835,2026-08-31,Other/Unknown,Other/Unknown,1.7,Low
4763,604.0,18.68213,73.03376,2026-08-31,Other/Unknown,Other/Unknown,1.6,Low
4764,604.0,18.68646,73.02973,2026-08-31,Other/Unknown,Other/Unknown,1.6,Low
5329,604.0,18.68321,73.04121,2026-09-02,Other/Unknown,Other/Unknown,1.7,Low
5330,604.0,18.68376,73.03494,2026-09-02,Other/Unknown,Other/Unknown,1.6,Low
5331,604.0,18.6843,73.02866,2026-09-02,Other/Unknown,Other/Unknown,1.6,Low
5491,604.0,18.68346,73.03221,2026-08-24,Other/Unknown,Other/Unknown,1.6,Low
5492,604.0,18.68722,73.03297,2026-08-24,Other/Unknown,Other/Unknown,1.6,Low
5790,604.0,18.68293,73.03869,2026-08-26,Other/Unknown,Other/Unknown,1.6,Low
5791,604.0,18.68391,73.0312,2026-08-26,Other/Unknown,Other/Unknown,1.7,Low
6180,604.0,18.67997,73.0383,2026-08-19,Other/Unknown,Other/Unknown,1.7,Low
6272,604.0,18.68423,73.03175,2026-08-19,Other/Unknown,Other/Unknown,1.5,Low
7230,604.0,18.68664,73.04058,2026-08-14,Other/Unknown,Other/Unknown,0.0,Low
7430,604.0,18.68268,73.04128,2026-08-15,Other/Unknown,Other/Unknown,1.7,Low
7431,604.0,18.68394,73.03215,2026-08-15,Other/Unknown,Other/Unknown,1.8,Low
7432,604.0,18.69004,73.0424,2026-08-15,Other/Unknown,Other/Unknown,1.8,Low
8053,604.0,18.68412,73.03049,2026-08-09,Other/Unknown,Other/Unknown,0.0,Low
8054,604.0,18.68744,73.03105,2026-08-09,Other/Unknown,Other/Unknown,0.0,Low
9759,604.0,18.6845,73.03544,2026-07-25,Other/Unknown,Other/Unknown,1.7,Low
10915,604.0,18.687,73.03345,2026-07-16,Other/Unknown,Other/Unknown,1.6,Low
403,605.0,30.3203,69.8423,2026-09-09,Other/Unknown,Other/Unknown,0.0,Low
1440,605.0,30.3203,69.8423,2026-09-09,Other/Unknown,Other/Unknown,0.0,Low
404,606.0,30.46224,73.80231,2026-09-09,Other/Unknown,Other/Unknown,0.0,Low
1441,606.0,30.46224,73.80231,2026-09-09,Other/Unknown,Other/Unknown,0.0,Low
407,607.0,31.12966,74.65249,2026-09-09,Other/Unknown,Other/Unknown,0.0,Low
1444,607.0,31.12966,74.65249,2026-09-09,Other/Unknown,Other/Unknown,0.0,Low
4734,607.0,31.1293,74.65489,2026-08-31,Other/Unknown,Other/Unknown,0.0,Low
408,608.0,31.39262,73.96021,2026-09-09,Other/Unknown,Other/Unknown,0.0,Low
1445,608.0,31.39262,73.96021,2026-09-09,Other/Unknown,Other/Unknown,0.0,Low
409,609.0,36.79524,81.54149,2026-09-09,Other/Unknown,Other/Unknown,0.0,Low
1446,609.0,36.79524,81.54149,2026-09-09,Other/Unknown,Other/Unknown,0.0,Low
410,610.0,28.58281,96.94934,2026-09-09,Other/Unknown,Other/Unknown,0.0,Low
1447,610.0,28.58281,96.94934,2026-09-09,Other/Unknown,Other/Unknown,0.0,Low
411,611.0,20.99799,86.01233,2026-09-09,Industrial Fire,Industrial Fire,98.4,Critical
1448,611.0,20.99799,86.01233,2026-09-09,Industrial Fire,Industrial Fire,98.4,Critical
2797,611.0,20.99819,86.01408,2026-09-04,Industrial Fire,Industrial Fire,98.5,Critical
2798,611.0,20.99857,86.01012,2026-09-04,Industrial Fire,Industrial Fire,98.3,Critical
6212,611.0,20.99886,86.01447,2026-08-19,Industrial Fire,Industrial Fire,98.5,Critical
6213,611.0,20.99923,86.01053,2026-08-19,Industrial Fire,Industrial Fire,98.3,Critical
6214,611.0,21.00053,86.01202,2026-08-19,Industrial Fire,Industrial Fire,98.4,Critical
11306,611.0,21.00098,86.00986,2026-07-18,Industrial Fire,Industrial Fire,98.3,Critical
412,612.0,6.72036,81.1439,2026-09-09,Other/Unknown,Other/Unknown,0.0,Low
1449,612.0,6.72036,81.1439,2026-09-09,Other/Unknown,Other/Unknown,0.0,Low
414,613.0,26.702,77.84742,2026-09-09,Industrial Fire,Industrial Fire,98.4,Critical
1451,613.0,26.702,77.84742,2026-09-09,Industrial Fire,Industrial Fire,98.4,Critical
420,614.0,28.275,77.1826,2026-09-09,Other/Unknown,Other/Unknown,0.0,Low
1457,614.0,28.275,77.1826,2026-09-09,Other/Unknown,Other/Unknown,0.0,Low
6446,614.0,28.27534,77.18294,2026-08-20,Other/Unknown,Other/Unknown,0.0,Low
8990,614.0,28.27302,77.18317,2026-07-30,Other/Unknown,Other/Unknown,0.0,Low
8991,614.0,28.27642,77.18379,2026-07-30,Other/Unknown,Other/Unknown,0.0,Low
421,615.0,28.27803,77.27264,2026-09-09,Industrial Fire,Industrial Fire,98.4,Critical
1458,615.0,28.27803,77.27264,2026-09-09,Industrial Fire,Industrial Fire,98.4,Critical
8992,615.0,28.27749,77.27287,2026-07-30,Industrial Fire,Industrial Fire,98.4,Critical
424,616.0,28.35967,77.24104,2026-09-09,Other/Unknown,Other/Unknown,17.0,Medium
1461,616.0,28.35967,77.24104,2026-09-09,Other/Unknown,Other/Unknown,17.0,Medium
218,617.0,19.93463,73.71231,2026-09-08,Other/Unknown,Other/Unknown,0.0,Low
441,617.0,19.93405,73.71447,2026-09-09,Other/Unknown,Other/Unknown,0.0,Low
442,617.0,19.93644,73.71235,2026-09-09,Other/Unknown,Other/Unknown,0.0,Low
736,617.0,19.93596,73.71201,2026-09-10,Other/Unknown,Other/Unknown,0.0,Low
1020,617.0,19.93491,73.71051,2026-09-11,Other/Unknown,Other/Unknown,4.0,Low
1255,617.0,19.93463,73.71231,2026-09-08,Other/Unknown,Other/Unknown,0.0,Low
1478,617.0,19.93405,73.71447,2026-09-09,Other/Unknown,Other/Unknown,0.0,Low
1479,617.0,19.93644,73.71235,2026-09-09,Other/Unknown,Other/Unknown,0.0,Low
1773,617.0,19.93596,73.71201,2026-09-10,Other/Unknown,Other/Unknown,0.0,Low
2057,617.0,19.93491,73.71051,2026-09-11,Other/Unknown,Other/Unknown,4.0,Low
3777,617.0,19.93615,73.71325,2026-09-06,Other/Unknown,Other/Unknown,0.0,Low
4146,617.0,19.93666,73.71207,2026-09-07,Other/Unknown,Other/Unknown,0.0,Low
4575,617.0,19.93695,73.71136,2026-08-30,Other/Unknown,Other/Unknown,0.7,Low
10057,617.0,19.9355,73.71036,2026-07-27,Other/Unknown,Other/Unknown,0.7,Low
10058,617.0,19.93936,73.71189,2026-07-27,Other/Unknown,Other/Unknown,0.7,Low
220,618.0,20.91132,71.46037,2026-09-08,Other/Unknown,Other/Unknown,0.0,Low
445,618.0,20.90956,71.46092,2026-09-09,Other/Unknown,Other/Unknown,0.0,Low
1257,618.0,20.91132,71.46037,2026-09-08,Other/Unknown,Other/Unknown,0.0,Low
1482,618.0,20.90956,71.46092,2026-09-09,Other/Unknown,Other/Unknown,0.0,Low
2476,618.0,20.90932,71.46124,2026-09-03,Other/Unknown,Other/Unknown,0.0,Low
2477,618.0,20.91002,71.45757,2026-09-03,Other/Unknown,Other/Unknown,0.0,Low
2855,618.0,20.91163,71.45867,2026-09-04,Other/Unknown,Other/Unknown,0.0,Low
3583,618.0,20.90938,71.45822,2026-09-05,Other/Unknown,Other/Unknown,0.0,Low
4291,618.0,20.90812,71.4603,2026-09-07,Other/Unknown,Other/Unknown,0.0,Low
4292,618.0,20.91152,71.45925,2026-09-07,Other/Unknown,Other/Unknown,0.0,Low
5471,618.0,20.91151,71.45895,2026-08-24,Other/Unknown,Other/Unknown,0.0,Low
6032,618.0,20.9107,71.46196,2026-08-28,Other/Unknown,Other/Unknown,0.0,Low
8525,618.0,20.91014,71.45751,2026-08-04,Other/Unknown,Other/Unknown,0.0,Low
8855,618.0,20.90929,71.46087,2026-08-08,Other/Unknown,Other/Unknown,0.0,Low
9475,618.0,20.90794,71.4593,2026-08-01,Other/Unknown,Other/Unknown,0.0,Low
11341,618.0,20.91065,71.45998,2026-07-18,Other/Unknown,Other/Unknown,0.0,Low
430,619.0,29.02955,73.97697,2026-09-09,Other/Unknown,Other/Unknown,0.0,Low
1467,619.0,29.02955,73.97697,2026-09-09,Other/Unknown,Other/Unknown,0.0,Low
431,620.0,31.25911,76.92336,2026-09-09,Other/Unknown,Other/Unknown,1.0,Low
722,620.0,31.25028,76.92976,2026-09-10,Other/Unknown,Other/Unknown,0.9,Low
1468,620.0,31.25911,76.92336,2026-09-09,Other/Unknown,Other/Unknown,1.0,Low
1759,620.0,31.25028,76.92976,2026-09-10,Other/Unknown,Other/Unknown,0.9,Low
2448,620.0,31.26022,76.92496,2026-09-03,Other/Unknown,Other/Unknown,0.8,Low
3419,620.0,31.25029,76.9273,2026-09-05,Other/Unknown,Other/Unknown,0.9,Low
4271,620.0,31.25737,76.92625,2026-09-07,Other/Unknown,Other/Unknown,0.7,Low
4272,620.0,31.25916,76.92676,2026-09-07,Other/Unknown,Other/Unknown,0.8,Low
5462,620.0,31.25866,76.92591,2026-08-24,Other/Unknown,Other/Unknown,1.0,Low
6244,620.0,31.24975,76.93059,2026-08-19,Other/Unknown,Other/Unknown,0.7,Low
6245,620.0,31.25838,76.92349,2026-08-19,Other/Unknown,Other/Unknown,0.7,Low
6450,620.0,31.2492,76.92705,2026-08-20,Other/Unknown,Other/Unknown,1.0,Low
6451,620.0,31.25985,76.92484,2026-08-20,Other/Unknown,Other/Unknown,0.9,Low
7122,620.0,31.25972,76.92417,2026-08-23,Other/Unknown,Other/Unknown,1.0,Low
7123,620.0,31.26044,76.92447,2026-08-23,Other/Unknown,Other/Unknown,1.0,Low
8436,620.0,31.25882,76.92647,2026-08-12,Other/Unknown,Other/Unknown,0.0,Low
10233,620.0,31.24981,76.92992,2026-07-28,Other/Unknown,Other/Unknown,1.0,Low
10234,620.0,31.2597,76.92422,2026-07-28,Other/Unknown,Other/Unknown,0.0,Low
10381,620.0,31.25142,76.92837,2026-07-29,Other/Unknown,Other/Unknown,0.0,Low
223,621.0,22.92725,70.10981,2026-09-08,Persistent Industrial Thermal Source,Persistent Industrial Thermal Source,59.0,High
376,621.0,22.92988,70.10869,2026-09-09,Persistent Industrial Thermal Source,Persistent Industrial Thermal Source,59.0,High
464,621.0,22.92927,70.10672,2026-09-09,Persistent Industrial Thermal Source,Persistent Industrial Thermal Source,58.7,High
689,621.0,22.92957,70.10769,2026-09-10,Persistent Industrial Thermal Source,Persistent Industrial Thermal Source,59.0,High
1260,621.0,22.92725,70.10981,2026-09-08,Persistent Industrial Thermal Source,Persistent Industrial Thermal Source,59.0,High
1413,621.0,22.92988,70.10869,2026-09-09,Persistent Industrial Thermal Source,Persistent Industrial Thermal Source,59.0,High
1501,621.0,22.92927,70.10672,2026-09-09,Persistent Industrial Thermal Source,Persistent Industrial Thermal Source,58.7,High
1726,621.0,22.92957,70.10769,2026-09-10,Persistent Industrial Thermal Source,Persistent Industrial Thermal Source,59.0,High
2352,621.0,22.92752,70.11013,2026-09-03,Persistent Industrial Thermal Source,Persistent Industrial Thermal Source,58.8,High
2698,621.0,22.92779,70.1069,2026-09-04,Persistent Industrial Thermal Source,Persistent Industrial Thermal Source,59.0,High
5479,621.0,22.92933,70.10716,2026-08-24,Persistent Industrial Thermal Source,Persistent Industrial Thermal Source,58.7,High
5971,621.0,22.92944,70.106,2026-08-28,Persistent Industrial Thermal Source,Persistent Industrial Thermal Source,58.9,High
8635,621.0,22.92897,70.10838,2026-08-06,Persistent Industrial Thermal Source,Persistent Industrial Thermal Source,59.0,High
8674,621.0,22.92664,70.10907,2026-08-07,Persistent Industrial Thermal Source,Persistent Industrial Thermal Source,59.0,High
11195,621.0,22.92764,70.10865,2026-07-18,Persistent Industrial Thermal Source,Persistent Industrial Thermal Source,59.1,High
11325,621.0,22.92864,70.10606,2026-07-18,Persistent Industrial Thermal Source,Persistent Industrial Thermal Source,58.8,High
435,622.0,32.72005,72.92374,2026-09-09,Other/Unknown,Other/Unknown,0.0,Low
1472,622.0,32.72005,72.92374,2026-09-09,Other/Unknown,Other/Unknown,0.0,Low
2450,622.0,32.72092,72.92194,2026-09-03,Other/Unknown,Other/Unknown,0.0,Low
2812,622.0,32.72226,72.92528,2026-09-04,Other/Unknown,Other/Unknown,0.0,Low
4278,622.0,32.72151,72.92504,2026-09-07,Other/Unknown,Other/Unknown,0.0,Low
8741,622.0,32.72197,72.92547,2026-08-07,Other/Unknown,Other/Unknown,0.0,Low
8837,622.0,32.72028,72.92399,2026-08-08,Other/Unknown,Other/Unknown,0.0,Low
9472,622.0,32.72144,72.9237,2026-08-01,Other/Unknown,Other/Unknown,0.0,Low
9586,622.0,32.72001,72.92347,2026-08-02,Other/Unknown,Other/Unknown,0.0,Low
10684,622.0,32.72265,72.92538,2026-07-23,Other/Unknown,Other/Unknown,0.0,Low
11314,622.0,32.72125,72.92389,2026-07-18,Other/Unknown,Other/Unknown,0.0,Low
226,623.0,27.87187,96.85019,2026-09-09,Other/Unknown,Other/Unknown,0.0,Low
227,623.0,27.87366,96.83576,2026-09-09,Other/Unknown,Other/Unknown,0.0,Low
228,623.0,27.87488,96.84531,2026-09-09,Other/Unknown,Other/Unknown,0.0,Low
1263,623.0,27.87187,96.85019,2026-09-09,Other/Unknown,Other/Unknown,0.0,Low
1264,623.0,27.87366,96.83576,2026-09-09,Other/Unknown,Other/Unknown,0.0,Low
1265,623.0,27.87488,96.84531,2026-09-09,Other/Unknown,Other/Unknown,0.0,Low
439,624.0,33.90514,71.91456,2026-09-09,Other/Unknown,Other/Unknown,0.0,Low
1476,624.0,33.90514,71.91456,2026-09-09,Other/Unknown,Other/Unknown,0.0,Low
2455,624.0,33.90302,71.91702,2026-09-03,Other/Unknown,Other/Unknown,0.0,Low
5455,624.0,33.90289,71.91724,2026-08-24,Other/Unknown,Other/Unknown,0.0,Low
229,625.0,27.93021,96.76659,2026-09-09,Other/Unknown,Other/Unknown,0.0,Low
783,625.0,27.92588,96.77444,2026-09-11,Other/Unknown,Other/Unknown,0.0,Low
784,625.0,27.93463,96.77489,2026-09-11,Other/Unknown,Other/Unknown,0.0,Low
1266,625.0,27.93021,96.76659,2026-09-09,Other/Unknown,Other/Unknown,0.0,Low
1820,625.0,27.92588,96.77444,2026-09-11,Other/Unknown,Other/Unknown,0.0,Low
1821,625.0,27.93463,96.77489,2026-09-11,Other/Unknown,Other/Unknown,0.0,Low
443,626.0,20.86701,70.56599,2026-09-09,Other/Unknown,Other/Unknown,0.0,Low
1480,626.0,20.86701,70.56599,2026-09-09,Other/Unknown,Other/Unknown,0.0,Low
2475,626.0,20.86657,70.56716,2026-09-03,Other/Unknown,Other/Unknown,0.0,Low
8057,626.0,20.86897,70.56341,2026-08-09,Other/Unknown,Other/Unknown,0.0,Low
444,627.0,20.86824,71.39729,2026-09-09,Other/Unknown,Other/Unknown,0.0,Low
1481,627.0,20.86824,71.39729,2026-09-09,Other/Unknown,Other/Unknown,0.0,Low
4372,627.0,20.86841,71.39706,2026-08-29,Other/Unknown,Other/Unknown,0.0,Low
230,628.0,28.01827,96.64623,2026-09-09,Other/Unknown,Other/Unknown,0.0,Low
505,628.0,28.0171,96.64835,2026-09-10,Other/Unknown,Other/Unknown,0.0,Low
1267,628.0,28.01827,96.64623,2026-09-09,Other/Unknown,Other/Unknown,0.0,Low
1542,628.0,28.0171,96.64835,2026-09-10,Other/Unknown,Other/Unknown,0.0,Low
232,629.0,29.55372,90.96186,2026-09-09,Industrial Fire,Industrial Fire,98.6,Critical
233,629.0,29.5571,90.96114,2026-09-09,Industrial Fire,Industrial Fire,98.7,Critical
512,629.0,29.55354,90.96339,2026-09-10,Industrial Fire,Industrial Fire,98.6,Critical
1269,629.0,29.55372,90.96186,2026-09-09,Industrial Fire,Industrial Fire,98.6,Critical
1270,629.0,29.5571,90.96114,2026-09-09,Industrial Fire,Industrial Fire,98.7,Critical
1549,629.0,29.55354,90.96339,2026-09-10,Industrial Fire,Industrial Fire,98.6,Critical
7131,629.0,29.55282,90.96188,2026-08-14,Industrial Fire,Industrial Fire,98.6,Critical
234,630.0,29.56206,90.99042,2026-09-09,Industrial Fire,Industrial Fire,98.9,Critical
511,630.0,29.5509,90.99295,2026-09-10,Industrial Fire,Industrial Fire,98.9,Critical
513,630.0,29.55512,90.99184,2026-09-10,Industrial Fire,Industrial Fire,99.0,Critical
514,630.0,29.55596,90.98885,2026-09-10,Industrial Fire,Industrial Fire,99.0,Critical
1271,630.0,29.56206,90.99042,2026-09-09,Industrial Fire,Industrial Fire,98.9,Critical
1548,630.0,29.5509,90.99295,2026-09-10,Industrial Fire,Industrial Fire,98.9,Critical
1550,630.0,29.55512,90.99184,2026-09-10,Industrial Fire,Industrial Fire,99.0,Critical
1551,630.0,29.55596,90.98885,2026-09-10,Industrial Fire,Industrial Fire,99.0,Critical
4389,630.0,29.55473,90.99751,2026-08-30,Industrial Fire,Industrial Fire,98.9,Critical
4390,630.0,29.55749,90.99095,2026-08-30,Industrial Fire,Industrial Fire,99.1,Critical
9488,630.0,29.55462,90.9945,2026-08-02,Industrial Fire,Industrial Fire,99.1,Critical
9489,630.0,29.55521,90.99853,2026-08-02,Industrial Fire,Industrial Fire,99.0,Critical
11004,630.0,29.55605,90.99005,2026-07-17,Industrial Fire,Industrial Fire,99.1,Critical
236,631.0,6.36096,80.77393,2026-09-09,Other/Unknown,Other/Unknown,0.0,Low
237,631.0,6.36174,80.77742,2026-09-09,Other/Unknown,Other/Unknown,0.0,Low
1273,631.0,6.36096,80.77393,2026-09-09,Other/Unknown,Other/Unknown,0.0,Low
1274,631.0,6.36174,80.77742,2026-09-09,Other/Unknown,Other/Unknown,0.0,Low
238,632.0,6.36473,80.94134,2026-09-09,Other/Unknown,Other/Unknown,9.1,Low
239,632.0,6.36599,80.94292,2026-09-09,Other/Unknown,Other/Unknown,5.2,Low
790,632.0,6.3591,80.94524,2026-09-11,Other/Unknown,Other/Unknown,4.6,Low
1275,632.0,6.36473,80.94134,2026-09-09,Other/Unknown,Other/Unknown,9.1,Low
1276,632.0,6.36599,80.94292,2026-09-09,Other/Unknown,Other/Unknown,5.2,Low
1827,632.0,6.3591,80.94524,2026-09-11,Other/Unknown,Other/Unknown,4.6,Low
2967,632.0,6.35271,80.94569,2026-09-05,Other/Unknown,Other/Unknown,4.5,Low
240,633.0,6.39418,81.13857,2026-09-09,Wildfire / Natural Fire,Wildfire / Natural Fire,16.5,Medium
241,633.0,6.39629,81.13673,2026-09-09,Wildfire / Natural Fire,Wildfire / Natural Fire,16.4,Medium
1277,633.0,6.39418,81.13857,2026-09-09,Wildfire / Natural Fire,Wildfire / Natural Fire,16.5,Medium
1278,633.0,6.39629,81.13673,2026-09-09,Wildfire / Natural Fire,Wildfire / Natural Fire,16.4,Medium
9595,633.0,6.39856,81.12965,2026-07-25,Wildfire / Natural Fire,Wildfire / Natural Fire,16.7,Medium
455,634.0,22.33705,69.86613,2026-09-09,Persistent Industrial Thermal Source,Persistent Industrial Thermal Source,60.4,High
456,634.0,22.33882,69.85501,2026-09-09,Persistent Industrial Thermal Source,Persistent Industrial Thermal Source,58.9,High
771,634.0,22.33524,69.86731,2026-09-10,Persistent Industrial Thermal Source,Persistent Industrial Thermal Source,60.3,High
1492,634.0,22.33705,69.86613,2026-09-09,Persistent Industrial Thermal Source,Persistent Industrial Thermal Source,60.4,High
1493,634.0,22.33882,69.85501,2026-09-09,Persistent Industrial Thermal Source,Persistent Industrial Thermal Source,58.9,High
1808,634.0,22.33524,69.86731,2026-09-10,Persistent Industrial Thermal Source,Persistent Industrial Thermal Source,60.3,High
2432,634.0,22.33898,69.85583,2026-09-03,Persistent Industrial Thermal Source,Persistent Industrial Thermal Source,60.1,High
560,684.0,7.99371,80.15654,2026-09-10,Other/Unknown,Other/Unknown,0.0,Low
2910,634.0,22.33719,69.86794,2026-09-04,Persistent Industrial Thermal Source,Persistent Industrial Thermal Source,60.4,High
2911,634.0,22.33891,69.85638,2026-09-04,Persistent Industrial Thermal Source,Persistent Industrial Thermal Source,60.2,High
5476,634.0,22.3408,69.85459,2026-08-24,Persistent Industrial Thermal Source,Persistent Industrial Thermal Source,61.1,High
5477,634.0,22.34174,69.87002,2026-08-24,Persistent Industrial Thermal Source,Persistent Industrial Thermal Source,60.1,High
5478,634.0,22.34504,69.87063,2026-08-24,Persistent Industrial Thermal Source,Persistent Industrial Thermal Source,58.8,High
7293,634.0,22.3395,69.85548,2026-08-14,Persistent Industrial Thermal Source,Persistent Industrial Thermal Source,60.1,High
8011,634.0,22.33633,69.86706,2026-08-09,Persistent Industrial Thermal Source,Persistent Industrial Thermal Source,59.1,High
11319,634.0,22.3335,69.86872,2026-07-18,Persistent Industrial Thermal Source,Persistent Industrial Thermal Source,60.1,High
11320,634.0,22.33407,69.86489,2026-07-18,Persistent Industrial Thermal Source,Persistent Industrial Thermal Source,60.1,High
11321,634.0,22.33686,69.8693,2026-07-18,Persistent Industrial Thermal Source,Persistent Industrial Thermal Source,60.2,High
11322,634.0,22.33743,69.86547,2026-07-18,Persistent Industrial Thermal Source,Persistent Industrial Thermal Source,60.2,High
460,635.0,22.80195,70.89373,2026-09-09,Industrial Fire,Industrial Fire,97.9,Critical
1497,635.0,22.80195,70.89373,2026-09-09,Industrial Fire,Industrial Fire,97.9,Critical
244,636.0,6.71685,81.32734,2026-09-09,Wildfire / Natural Fire,Wildfire / Natural Fire,16.8,Medium
529,636.0,6.71681,81.31925,2026-09-10,Wildfire / Natural Fire,Wildfire / Natural Fire,16.6,Medium
1281,636.0,6.71685,81.32734,2026-09-09,Wildfire / Natural Fire,Wildfire / Natural Fire,16.8,Medium
1566,636.0,6.71681,81.31925,2026-09-10,Wildfire / Natural Fire,Wildfire / Natural Fire,16.6,Medium
2513,636.0,6.71661,81.32898,2026-09-04,Wildfire / Natural Fire,Wildfire / Natural Fire,16.4,Medium
468,637.0,23.05618,69.9922,2026-09-09,Other/Unknown,Other/Unknown,0.0,Low
1505,637.0,23.05618,69.9922,2026-09-09,Other/Unknown,Other/Unknown,0.0,Low
5483,637.0,23.05546,69.99567,2026-08-24,Other/Unknown,Other/Unknown,0.0,Low
469,638.0,23.25672,70.26176,2026-09-09,Industrial Fire,Industrial Fire,98.6,Critical
953,638.0,23.26521,70.25777,2026-09-11,Industrial Fire,Industrial Fire,98.8,Critical
1506,638.0,23.25672,70.26176,2026-09-09,Industrial Fire,Industrial Fire,98.6,Critical
1990,638.0,23.26521,70.25777,2026-09-11,Industrial Fire,Industrial Fire,98.8,Critical
2918,638.0,23.26578,70.25954,2026-09-04,Industrial Fire,Industrial Fire,98.7,Critical
5486,638.0,23.25788,70.26331,2026-08-24,Industrial Fire,Industrial Fire,98.5,Critical
8016,638.0,23.26503,70.2586,2026-08-09,Industrial Fire,Industrial Fire,98.7,Critical
8859,638.0,23.26628,70.25836,2026-08-08,Industrial Fire,Industrial Fire,98.8,Critical
470,639.0,23.31528,70.4887,2026-09-09,Industrial Fire,Industrial Fire,98.8,Critical
1507,639.0,23.31528,70.4887,2026-09-09,Industrial Fire,Industrial Fire,98.8,Critical
2920,639.0,23.31575,70.48792,2026-09-04,Industrial Fire,Industrial Fire,98.8,Critical
5487,639.0,23.3162,70.48951,2026-08-24,Industrial Fire,Industrial Fire,98.8,Critical
7280,639.0,23.31558,70.4867,2026-08-14,Industrial Fire,Industrial Fire,98.7,Critical
8017,639.0,23.31598,70.48666,2026-08-09,Industrial Fire,Industrial Fire,98.7,Critical
247,640.0,6.98842,81.59173,2026-09-09,Other/Unknown,Other/Unknown,0.0,Low
797,640.0,6.97968,81.59059,2026-09-11,Other/Unknown,Other/Unknown,1.2,Low
798,640.0,7.00834,81.58915,2026-09-11,Other/Unknown,Other/Unknown,0.0,Low
1284,640.0,6.98842,81.59173,2026-09-09,Other/Unknown,Other/Unknown,0.0,Low
1834,640.0,6.97968,81.59059,2026-09-11,Other/Unknown,Other/Unknown,1.2,Low
1835,640.0,7.00834,81.58915,2026-09-11,Other/Unknown,Other/Unknown,0.0,Low
2522,640.0,6.97485,81.5989,2026-09-04,Other/Unknown,Other/Unknown,5.0,Low
3623,640.0,6.98437,81.59746,2026-09-06,Other/Unknown,Other/Unknown,1.6,Low
3624,640.0,6.986,81.5849,2026-09-06,Other/Unknown,Other/Unknown,1.7,Low
3625,640.0,6.98664,81.5889,2026-09-06,Other/Unknown,Other/Unknown,1.8,Low
3626,640.0,6.99438,81.5918,2026-09-06,Other/Unknown,Other/Unknown,0.0,Low
3627,640.0,6.99694,81.60781,2026-09-06,Other/Unknown,Other/Unknown,0.0,Low
4599,640.0,6.99914,81.59812,2026-08-31,Other/Unknown,Other/Unknown,1.2,Low
4600,640.0,6.99967,81.60159,2026-08-31,Other/Unknown,Other/Unknown,0.0,Low
4601,640.0,7.00193,81.59413,2026-08-31,Other/Unknown,Other/Unknown,4.5,Low
4602,640.0,7.00246,81.59761,2026-08-31,Other/Unknown,Other/Unknown,4.5,Low
4603,640.0,7.00911,81.5966,2026-08-31,Other/Unknown,Other/Unknown,0.0,Low
5087,640.0,6.96968,81.59444,2026-09-01,Other/Unknown,Other/Unknown,4.5,Low
5088,640.0,6.97034,81.59041,2026-09-01,Other/Unknown,Other/Unknown,3.5,Low
5089,640.0,6.97323,81.59503,2026-09-01,Other/Unknown,Other/Unknown,4.5,Low
5090,640.0,6.97389,81.591,2026-09-01,Other/Unknown,Other/Unknown,4.4,Low
6971,640.0,6.96207,81.59312,2026-08-22,Other/Unknown,Other/Unknown,4.6,Low
6990,640.0,6.98739,81.59515,2026-08-23,Other/Unknown,Other/Unknown,1.2,Low
8210,640.0,6.96249,81.588,2026-08-11,Other/Unknown,Other/Unknown,4.4,Low
8211,640.0,6.96316,81.59194,2026-08-11,Other/Unknown,Other/Unknown,4.7,Low
8212,640.0,6.96741,81.59118,2026-08-11,Other/Unknown,Other/Unknown,4.8,Low
8612,640.0,6.98357,81.58679,2026-08-06,Other/Unknown,Other/Unknown,1.2,Low
8613,640.0,6.98379,81.58831,2026-08-06,Other/Unknown,Other/Unknown,1.2,Low
9359,640.0,6.96586,81.6012,2026-07-31,Other/Unknown,Other/Unknown,4.8,Low
9360,640.0,6.96654,81.59714,2026-07-31,Other/Unknown,Other/Unknown,4.6,Low
248,641.0,6.99588,81.58228,2026-09-09,Other/Unknown,Other/Unknown,0.0,Low
249,641.0,6.99729,81.58129,2026-09-09,Other/Unknown,Other/Unknown,0.0,Low
1285,641.0,6.99588,81.58228,2026-09-09,Other/Unknown,Other/Unknown,0.0,Low
1286,641.0,6.99729,81.58129,2026-09-09,Other/Unknown,Other/Unknown,0.0,Low
479,642.0,25.95813,68.36952,2026-09-09,Other/Unknown,Other/Unknown,0.0,Low
1516,642.0,25.95813,68.36952,2026-09-09,Other/Unknown,Other/Unknown,0.0,Low
487,643.0,13.89847,76.565,2026-09-09,Industrial Fire,Industrial Fire,95.8,Critical
1524,643.0,13.89847,76.565,2026-09-09,Industrial Fire,Industrial Fire,95.8,Critical
2935,643.0,13.89855,76.56493,2026-09-04,Industrial Fire,Industrial Fire,95.9,Critical
3573,643.0,13.89843,76.56497,2026-09-05,Industrial Fire,Industrial Fire,95.9,Critical
5068,643.0,13.89658,76.56571,2026-09-01,Industrial Fire,Industrial Fire,95.8,Critical
6677,643.0,13.89879,76.56554,2026-08-21,Industrial Fire,Industrial Fire,95.9,Critical
8381,643.0,13.8981,76.56383,2026-08-11,Industrial Fire,Industrial Fire,95.8,Critical
492,644.0,16.64885,74.31091,2026-09-09,Other/Unknown,Other/Unknown,0.0,Low
1529,644.0,16.64885,74.31091,2026-09-09,Other/Unknown,Other/Unknown,0.0,Low
8871,644.0,16.6483,74.31618,2026-08-08,Other/Unknown,Other/Unknown,0.0,Low
493,645.0,18.39037,74.80548,2026-09-09,Other/Unknown,Other/Unknown,0.0,Low
1530,645.0,18.39037,74.80548,2026-09-09,Other/Unknown,Other/Unknown,0.0,Low
494,646.0,18.56875,74.52725,2026-09-09,Other/Unknown,Other/Unknown,0.0,Low
1531,646.0,18.56875,74.52725,2026-09-09,Other/Unknown,Other/Unknown,0.0,Low
267,647.0,7.93467,81.38467,2026-09-09,Other/Unknown,Other/Unknown,0.0,Low
268,647.0,7.9366,81.38432,2026-09-09,Other/Unknown,Other/Unknown,0.0,Low
270,647.0,7.93974,81.38399,2026-09-09,Other/Unknown,Other/Unknown,0.0,Low
1304,647.0,7.93467,81.38467,2026-09-09,Other/Unknown,Other/Unknown,0.0,Low
1305,647.0,7.9366,81.38432,2026-09-09,Other/Unknown,Other/Unknown,0.0,Low
1307,647.0,7.93974,81.38399,2026-09-09,Other/Unknown,Other/Unknown,0.0,Low
2133,647.0,7.9456,81.38625,2026-09-12,Other/Unknown,Other/Unknown,0.0,Low
5805,647.0,7.93105,81.38248,2026-08-27,Other/Unknown,Other/Unknown,0.0,Low
5807,647.0,7.93412,81.38229,2026-08-27,Other/Unknown,Other/Unknown,0.0,Low
499,648.0,19.17833,70.94522,2026-09-09,Other/Unknown,Other/Unknown,0.0,Low
1536,648.0,19.17833,70.94522,2026-09-09,Other/Unknown,Other/Unknown,0.0,Low
7288,648.0,19.17778,70.94668,2026-08-14,Other/Unknown,Other/Unknown,0.0,Low
8056,648.0,19.17647,70.94337,2026-08-09,Other/Unknown,Other/Unknown,0.0,Low
504,649.0,27.86725,96.95296,2026-09-10,Wildfire / Natural Fire,Wildfire / Natural Fire,16.7,Medium
1541,649.0,27.86725,96.95296,2026-09-10,Wildfire / Natural Fire,Wildfire / Natural Fire,16.7,Medium
506,650.0,28.03857,96.65233,2026-09-10,Other/Unknown,Other/Unknown,0.0,Low
1543,650.0,28.03857,96.65233,2026-09-10,Other/Unknown,Other/Unknown,0.0,Low
507,651.0,28.14016,96.67348,2026-09-10,Other/Unknown,Other/Unknown,0.0,Low
1544,651.0,28.14016,96.67348,2026-09-10,Other/Unknown,Other/Unknown,0.0,Low
273,652.0,8.03355,80.4838,2026-09-09,Other/Unknown,Other/Unknown,0.0,Low
274,652.0,8.03416,80.48712,2026-09-09,Other/Unknown,Other/Unknown,0.0,Low
1310,652.0,8.03355,80.4838,2026-09-09,Other/Unknown,Other/Unknown,0.0,Low
1311,652.0,8.03416,80.48712,2026-09-09,Other/Unknown,Other/Unknown,0.0,Low
275,653.0,8.0565,80.40259,2026-09-09,Other/Unknown,Other/Unknown,0.0,Low
276,653.0,8.0572,80.40765,2026-09-09,Other/Unknown,Other/Unknown,0.0,Low
1312,653.0,8.0565,80.40259,2026-09-09,Other/Unknown,Other/Unknown,0.0,Low
1313,653.0,8.0572,80.40765,2026-09-09,Other/Unknown,Other/Unknown,0.0,Low
515,654.0,29.64131,90.97839,2026-09-10,Industrial Fire,Industrial Fire,98.5,Critical
1552,654.0,29.64131,90.97839,2026-09-10,Industrial Fire,Industrial Fire,98.5,Critical
516,655.0,36.85529,93.2654,2026-09-10,Industrial Fire,Industrial Fire,98.0,Critical
1553,655.0,36.85529,93.2654,2026-09-10,Industrial Fire,Industrial Fire,98.0,Critical
517,656.0,6.18368,81.11115,2026-09-10,Other/Unknown,Other/Unknown,0.9,Low
1554,656.0,6.18368,81.11115,2026-09-10,Other/Unknown,Other/Unknown,0.9,Low
518,657.0,6.22965,80.91109,2026-09-10,Other/Unknown,Other/Unknown,0.0,Low
1555,657.0,6.22965,80.91109,2026-09-10,Other/Unknown,Other/Unknown,0.0,Low
521,658.0,6.43301,80.75185,2026-09-10,Other/Unknown,Other/Unknown,0.0,Low
1558,658.0,6.43301,80.75185,2026-09-10,Other/Unknown,Other/Unknown,0.0,Low
522,659.0,6.53781,80.99404,2026-09-10,Other/Unknown,Other/Unknown,0.0,Low
1559,659.0,6.53781,80.99404,2026-09-10,Other/Unknown,Other/Unknown,0.0,Low
279,660.0,8.12141,80.80586,2026-09-09,Wildfire / Natural Fire,Wildfire / Natural Fire,16.5,Medium
280,660.0,8.1263,80.8052,2026-09-09,Wildfire / Natural Fire,Wildfire / Natural Fire,16.5,Medium
1316,660.0,8.12141,80.80586,2026-09-09,Wildfire / Natural Fire,Wildfire / Natural Fire,16.5,Medium
1317,660.0,8.1263,80.8052,2026-09-09,Wildfire / Natural Fire,Wildfire / Natural Fire,16.5,Medium
3111,660.0,8.12158,80.80904,2026-09-05,Wildfire / Natural Fire,Wildfire / Natural Fire,16.8,Medium
3112,660.0,8.12212,80.81266,2026-09-05,Wildfire / Natural Fire,Wildfire / Natural Fire,16.8,Medium
3113,660.0,8.12266,80.8163,2026-09-05,Wildfire / Natural Fire,Wildfire / Natural Fire,16.7,Medium
3114,660.0,8.12496,80.80852,2026-09-05,Wildfire / Natural Fire,Wildfire / Natural Fire,16.7,Medium
3115,660.0,8.1255,80.81214,2026-09-05,Wildfire / Natural Fire,Wildfire / Natural Fire,16.7,Medium
3116,660.0,8.12604,80.81579,2026-09-05,Wildfire / Natural Fire,Wildfire / Natural Fire,16.6,Medium
4264,660.0,8.11407,80.81003,2026-09-07,Wildfire / Natural Fire,Wildfire / Natural Fire,16.5,Medium
4265,660.0,8.11463,80.80643,2026-09-07,Wildfire / Natural Fire,Wildfire / Natural Fire,17.5,Medium
4266,660.0,8.11519,80.8028,2026-09-07,Wildfire / Natural Fire,Wildfire / Natural Fire,17.5,Medium
4267,660.0,8.11745,80.81055,2026-09-07,Wildfire / Natural Fire,Wildfire / Natural Fire,18.8,Medium
4268,660.0,8.11801,80.80695,2026-09-07,Wildfire / Natural Fire,Wildfire / Natural Fire,17.1,Medium
4269,660.0,8.12139,80.80746,2026-09-07,Wildfire / Natural Fire,Wildfire / Natural Fire,17.1,Medium
6011,660.0,8.11868,80.81451,2026-08-28,Wildfire / Natural Fire,Wildfire / Natural Fire,16.5,Medium
6012,660.0,8.11915,80.81272,2026-08-28,Wildfire / Natural Fire,Wildfire / Natural Fire,16.4,Medium
6013,660.0,8.1194,80.80952,2026-08-28,Wildfire / Natural Fire,Wildfire / Natural Fire,16.2,Medium
6014,660.0,8.1199,80.80773,2026-08-28,Wildfire / Natural Fire,Wildfire / Natural Fire,16.4,Medium
6015,660.0,8.12011,80.80454,2026-08-28,Wildfire / Natural Fire,Wildfire / Natural Fire,16.4,Medium
6016,660.0,8.12065,80.80275,2026-08-28,Wildfire / Natural Fire,Wildfire / Natural Fire,16.4,Medium
6017,660.0,8.12404,80.80512,2026-08-28,Wildfire / Natural Fire,Wildfire / Natural Fire,16.4,Medium
528,661.0,6.71419,81.1232,2026-09-10,Other/Unknown,Other/Unknown,0.0,Low
1565,661.0,6.71419,81.1232,2026-09-10,Other/Unknown,Other/Unknown,0.0,Low
282,662.0,8.21031,80.56414,2026-09-09,Other/Unknown,Other/Unknown,0.0,Low
283,662.0,8.21103,80.56943,2026-09-09,Other/Unknown,Other/Unknown,0.0,Low
1319,662.0,8.21031,80.56414,2026-09-09,Other/Unknown,Other/Unknown,0.0,Low
1320,662.0,8.21103,80.56943,2026-09-09,Other/Unknown,Other/Unknown,0.0,Low
7830,662.0,8.20783,80.57188,2026-08-09,Other/Unknown,Other/Unknown,0.0,Low
284,663.0,8.21852,81.07156,2026-09-09,Wildfire / Natural Fire,Wildfire / Natural Fire,16.5,Medium
285,663.0,8.2188,81.07023,2026-09-09,Wildfire / Natural Fire,Wildfire / Natural Fire,16.8,Medium
286,663.0,8.22351,81.07091,2026-09-09,Wildfire / Natural Fire,Wildfire / Natural Fire,16.5,Medium
287,663.0,8.22378,81.06954,2026-09-09,Wildfire / Natural Fire,Wildfire / Natural Fire,16.3,Medium
1321,663.0,8.21852,81.07156,2026-09-09,Wildfire / Natural Fire,Wildfire / Natural Fire,16.5,Medium
1322,663.0,8.2188,81.07023,2026-09-09,Wildfire / Natural Fire,Wildfire / Natural Fire,16.8,Medium
1323,663.0,8.22351,81.07091,2026-09-09,Wildfire / Natural Fire,Wildfire / Natural Fire,16.5,Medium
1324,663.0,8.22378,81.06954,2026-09-09,Wildfire / Natural Fire,Wildfire / Natural Fire,16.3,Medium
532,664.0,6.74246,81.39359,2026-09-10,Other/Unknown,Other/Unknown,4.1,Low
1569,664.0,6.74246,81.39359,2026-09-10,Other/Unknown,Other/Unknown,4.1,Low
2515,664.0,6.75082,81.39299,2026-09-04,Other/Unknown,Other/Unknown,3.6,Low
2981,664.0,6.73964,81.38676,2026-09-05,Other/Unknown,Other/Unknown,7.0,Low
3921,664.0,6.74498,81.37678,2026-09-07,Other/Unknown,Other/Unknown,0.0,Low
5516,664.0,6.74745,81.38467,2026-08-25,Other/Unknown,Other/Unknown,7.9,Low
5517,664.0,6.75111,81.38413,2026-08-25,Other/Unknown,Other/Unknown,3.4,Low
7311,664.0,6.75534,81.39326,2026-08-15,Other/Unknown,Other/Unknown,3.3,Low
10515,664.0,6.74456,81.39413,2026-07-21,Other/Unknown,Other/Unknown,3.2,Low
10707,664.0,6.74193,81.39944,2026-07-24,Other/Unknown,Other/Unknown,3.3,Low
533,665.0,6.79604,81.27726,2026-09-10,Other/Unknown,Other/Unknown,0.0,Low
1570,665.0,6.79604,81.27726,2026-09-10,Other/Unknown,Other/Unknown,0.0,Low
534,666.0,6.80416,81.43225,2026-09-10,Other/Unknown,Other/Unknown,0.0,Low
1571,666.0,6.80416,81.43225,2026-09-10,Other/Unknown,Other/Unknown,0.0,Low
8882,666.0,6.80987,81.43709,2026-07-30,Other/Unknown,Other/Unknown,0.0,Low
8883,666.0,6.8104,81.44057,2026-07-30,Other/Unknown,Other/Unknown,0.0,Low
535,667.0,6.85638,81.54122,2026-09-10,Other/Unknown,Other/Unknown,0.8,Low
1024,667.0,6.8708,81.53381,2026-09-11,Other/Unknown,Other/Unknown,0.0,Low
1572,667.0,6.85638,81.54122,2026-09-10,Other/Unknown,Other/Unknown,0.8,Low
2061,667.0,6.8708,81.53381,2026-09-11,Other/Unknown,Other/Unknown,0.0,Low
5084,667.0,6.85561,81.53905,2026-09-01,Other/Unknown,Other/Unknown,3.9,Low
6009,667.0,6.86092,81.53809,2026-08-28,Other/Unknown,Other/Unknown,0.0,Low
8430,667.0,6.8556,81.5332,2026-08-12,Other/Unknown,Other/Unknown,3.8,Low
9956,667.0,6.86114,81.53722,2026-07-26,Other/Unknown,Other/Unknown,0.0,Low
9957,667.0,6.86508,81.53419,2026-07-26,Other/Unknown,Other/Unknown,0.0,Low
536,668.0,6.85811,81.50098,2026-09-10,Other/Unknown,Other/Unknown,0.0,Low
1573,668.0,6.85811,81.50098,2026-09-10,Other/Unknown,Other/Unknown,0.0,Low
537,669.0,7.2688,81.12688,2026-09-10,Other/Unknown,Other/Unknown,0.0,Low
1574,669.0,7.2688,81.12688,2026-09-10,Other/Unknown,Other/Unknown,0.0,Low
540,670.0,7.52287,80.01469,2026-09-10,Other/Unknown,Other/Unknown,0.0,Low
1577,670.0,7.52287,80.01469,2026-09-10,Other/Unknown,Other/Unknown,0.0,Low
541,671.0,7.57065,81.38146,2026-09-10,Other/Unknown,Other/Unknown,0.0,Low
1578,671.0,7.57065,81.38146,2026-09-10,Other/Unknown,Other/Unknown,0.0,Low
542,672.0,7.57501,80.85505,2026-09-10,Other/Unknown,Other/Unknown,0.0,Low
1579,672.0,7.57501,80.85505,2026-09-10,Other/Unknown,Other/Unknown,0.0,Low
6367,672.0,7.57791,80.85709,2026-08-20,Other/Unknown,Other/Unknown,0.0,Low
288,673.0,8.26615,80.16025,2026-09-09,Wildfire / Natural Fire,Wildfire / Natural Fire,16.8,Medium
289,673.0,8.27084,80.15961,2026-09-09,Wildfire / Natural Fire,Wildfire / Natural Fire,16.8,Medium
1325,673.0,8.26615,80.16025,2026-09-09,Wildfire / Natural Fire,Wildfire / Natural Fire,16.8,Medium
1326,673.0,8.27084,80.15961,2026-09-09,Wildfire / Natural Fire,Wildfire / Natural Fire,16.8,Medium
545,674.0,7.72321,80.02804,2026-09-10,Other/Unknown,Other/Unknown,0.0,Low
1582,674.0,7.72321,80.02804,2026-09-10,Other/Unknown,Other/Unknown,0.0,Low
546,675.0,7.78208,80.6227,2026-09-10,Other/Unknown,Other/Unknown,0.0,Low
1583,675.0,7.78208,80.6227,2026-09-10,Other/Unknown,Other/Unknown,0.0,Low
547,676.0,7.79099,79.91326,2026-09-10,Other/Unknown,Other/Unknown,0.0,Low
1584,676.0,7.79099,79.91326,2026-09-10,Other/Unknown,Other/Unknown,0.0,Low
548,677.0,7.79616,81.06741,2026-09-10,Other/Unknown,Other/Unknown,0.0,Low
1585,677.0,7.79616,81.06741,2026-09-10,Other/Unknown,Other/Unknown,0.0,Low
3046,677.0,7.79956,81.0602,2026-09-05,Other/Unknown,Other/Unknown,0.0,Low
549,678.0,7.80208,79.89999,2026-09-10,Other/Unknown,Other/Unknown,0.0,Low
1586,678.0,7.80208,79.89999,2026-09-10,Other/Unknown,Other/Unknown,0.0,Low
550,679.0,7.81471,80.60565,2026-09-10,Other/Unknown,Other/Unknown,0.0,Low
1587,679.0,7.81471,80.60565,2026-09-10,Other/Unknown,Other/Unknown,0.0,Low
290,680.0,8.30223,81.01012,2026-09-09,Other/Unknown,Other/Unknown,8.2,Low
291,680.0,8.3023,81.01288,2026-09-09,Other/Unknown,Other/Unknown,5.5,Low
293,680.0,8.30727,81.0122,2026-09-09,Other/Unknown,Other/Unknown,0.0,Low
1327,680.0,8.30223,81.01012,2026-09-09,Other/Unknown,Other/Unknown,8.2,Low
1328,680.0,8.3023,81.01288,2026-09-09,Other/Unknown,Other/Unknown,5.5,Low
1330,680.0,8.30727,81.0122,2026-09-09,Other/Unknown,Other/Unknown,0.0,Low
3670,680.0,8.30794,81.00919,2026-09-06,Other/Unknown,Other/Unknown,0.0,Low
4856,680.0,8.30368,81.01878,2026-09-01,Other/Unknown,Other/Unknown,5.7,Low
4857,680.0,8.3076,81.01814,2026-09-01,Other/Unknown,Other/Unknown,4.9,Low
553,681.0,7.88685,80.23586,2026-09-10,Other/Unknown,Other/Unknown,0.0,Low
1590,681.0,7.88685,80.23586,2026-09-10,Other/Unknown,Other/Unknown,0.0,Low
554,682.0,7.93977,81.18617,2026-09-10,Other/Unknown,Other/Unknown,0.0,Low
1591,682.0,7.93977,81.18617,2026-09-10,Other/Unknown,Other/Unknown,0.0,Low
3071,682.0,7.93732,81.18658,2026-09-05,Other/Unknown,Other/Unknown,0.0,Low
559,683.0,7.98573,80.10244,2026-09-10,Other/Unknown,Other/Unknown,0.0,Low
1596,683.0,7.98573,80.10244,2026-09-10,Other/Unknown,Other/Unknown,0.0,Low
1597,684.0,7.99371,80.15654,2026-09-10,Other/Unknown,Other/Unknown,0.0,Low
6380,684.0,7.9938,80.16321,2026-08-20,Other/Unknown,Other/Unknown,0.0,Low
561,685.0,8.00195,80.11581,2026-09-10,Other/Unknown,Other/Unknown,0.0,Low
1598,685.0,8.00195,80.11581,2026-09-10,Other/Unknown,Other/Unknown,0.0,Low
562,686.0,8.01429,80.03149,2026-09-10,Other/Unknown,Other/Unknown,0.0,Low
1599,686.0,8.01429,80.03149,2026-09-10,Other/Unknown,Other/Unknown,0.0,Low
563,687.0,8.03297,80.39876,2026-09-10,Wildfire / Natural Fire,Wildfire / Natural Fire,16.6,Medium
1600,687.0,8.03297,80.39876,2026-09-10,Wildfire / Natural Fire,Wildfire / Natural Fire,16.6,Medium
564,688.0,8.03946,80.09521,2026-09-10,Other/Unknown,Other/Unknown,0.0,Low
1601,688.0,8.03946,80.09521,2026-09-10,Other/Unknown,Other/Unknown,0.0,Low
565,689.0,8.0436,80.3488,2026-09-10,Other/Unknown,Other/Unknown,0.0,Low
1602,689.0,8.0436,80.3488,2026-09-10,Other/Unknown,Other/Unknown,0.0,Low
3652,689.0,8.03835,80.35418,2026-09-06,Other/Unknown,Other/Unknown,0.0,Low
570,690.0,8.09644,79.8333,2026-09-10,Other/Unknown,Other/Unknown,0.0,Low
1607,690.0,8.09644,79.8333,2026-09-10,Other/Unknown,Other/Unknown,0.0,Low
571,691.0,8.12294,80.154,2026-09-10,Other/Unknown,Other/Unknown,0.0,Low
1608,691.0,8.12294,80.154,2026-09-10,Other/Unknown,Other/Unknown,0.0,Low
3110,691.0,8.11574,80.15222,2026-09-05,Other/Unknown,Other/Unknown,0.0,Low
572,692.0,8.13631,80.58918,2026-09-10,Other/Unknown,Other/Unknown,0.0,Low
1609,692.0,8.13631,80.58918,2026-09-10,Other/Unknown,Other/Unknown,0.0,Low
296,693.0,8.37003,80.74961,2026-09-09,Other/Unknown,Other/Unknown,0.0,Low
854,693.0,8.37158,80.75124,2026-09-11,Other/Unknown,Other/Unknown,0.0,Low
1333,693.0,8.37003,80.74961,2026-09-09,Other/Unknown,Other/Unknown,0.0,Low
1891,693.0,8.37158,80.75124,2026-09-11,Other/Unknown,Other/Unknown,0.0,Low
574,694.0,8.21551,80.41754,2026-09-10,Other/Unknown,Other/Unknown,0.0,Low
1611,694.0,8.21551,80.41754,2026-09-10,Other/Unknown,Other/Unknown,0.0,Low
575,695.0,8.25431,80.53484,2026-09-10,Other/Unknown,Other/Unknown,0.0,Low
1612,695.0,8.25431,80.53484,2026-09-10,Other/Unknown,Other/Unknown,0.0,Low
576,696.0,8.2586,80.31792,2026-09-10,Other/Unknown,Other/Unknown,0.0,Low
1613,696.0,8.2586,80.31792,2026-09-10,Other/Unknown,Other/Unknown,0.0,Low
2166,696.0,8.25494,80.3275,2026-09-12,Other/Unknown,Other/Unknown,0.0,Low
3126,696.0,8.2587,80.32465,2026-09-05,Other/Unknown,Other/Unknown,0.0,Low
3958,696.0,8.25063,80.33293,2026-09-07,Other/Unknown,Other/Unknown,1.9,Low
577,697.0,8.26426,80.72923,2026-09-10,Other/Unknown,Other/Unknown,0.0,Low
1614,697.0,8.26426,80.72923,2026-09-10,Other/Unknown,Other/Unknown,0.0,Low
297,698.0,8.37234,77.62077,2026-09-09,Other/Unknown,Other/Unknown,0.0,Low
299,698.0,8.37381,77.62325,2026-09-09,Other/Unknown,Other/Unknown,0.0,Low
1334,698.0,8.37234,77.62077,2026-09-09,Other/Unknown,Other/Unknown,0.0,Low
1336,698.0,8.37381,77.62325,2026-09-09,Other/Unknown,Other/Unknown,0.0,Low
580,699.0,8.35593,81.05505,2026-09-10,Other/Unknown,Other/Unknown,0.0,Low
1617,699.0,8.35593,81.05505,2026-09-10,Other/Unknown,Other/Unknown,0.0,Low
4647,699.0,8.36229,81.05286,2026-08-31,Other/Unknown,Other/Unknown,0.0,Low
581,700.0,8.3942,80.80408,2026-09-10,Other/Unknown,Other/Unknown,0.0,Low
1618,700.0,8.3942,80.80408,2026-09-10,Other/Unknown,Other/Unknown,0.0,Low
582,701.0,8.41038,80.19921,2026-09-10,Other/Unknown,Other/Unknown,0.0,Low
1619,701.0,8.41038,80.19921,2026-09-10,Other/Unknown,Other/Unknown,0.0,Low
583,702.0,8.43785,77.62556,2026-09-10,Other/Unknown,Other/Unknown,0.0,Low
1620,702.0,8.43785,77.62556,2026-09-10,Other/Unknown,Other/Unknown,0.0,Low
584,703.0,8.45284,80.87688,2026-09-10,Wildfire / Natural Fire,Wildfire / Natural Fire,16.8,Medium
1621,703.0,8.45284,80.87688,2026-09-10,Wildfire / Natural Fire,Wildfire / Natural Fire,16.8,Medium
4657,703.0,8.44716,80.87873,2026-08-31,Wildfire / Natural Fire,Wildfire / Natural Fire,16.8,Medium
6110,703.0,8.44913,80.87863,2026-08-19,Wildfire / Natural Fire,Wildfire / Natural Fire,16.7,Medium
7692,703.0,8.44541,80.87798,2026-08-18,Wildfire / Natural Fire,Wildfire / Natural Fire,16.7,Medium
300,704.0,8.44805,80.62918,2026-09-09,Wildfire / Natural Fire,Wildfire / Natural Fire,16.7,Medium
301,704.0,8.44878,80.63449,2026-09-09,Wildfire / Natural Fire,Wildfire / Natural Fire,16.8,Medium
1337,704.0,8.44805,80.62918,2026-09-09,Wildfire / Natural Fire,Wildfire / Natural Fire,16.7,Medium
1338,704.0,8.44878,80.63449,2026-09-09,Wildfire / Natural Fire,Wildfire / Natural Fire,16.8,Medium
589,705.0,8.4756,80.77567,2026-09-10,Other/Unknown,Other/Unknown,0.7,Low
590,705.0,8.47682,80.75847,2026-09-10,Other/Unknown,Other/Unknown,0.0,Low
862,705.0,8.47301,80.75362,2026-09-11,Other/Unknown,Other/Unknown,0.6,Low
863,705.0,8.47641,80.75307,2026-09-11,Other/Unknown,Other/Unknown,0.0,Low
1626,705.0,8.4756,80.77567,2026-09-10,Other/Unknown,Other/Unknown,0.7,Low
1627,705.0,8.47682,80.75847,2026-09-10,Other/Unknown,Other/Unknown,0.0,Low
1899,705.0,8.47301,80.75362,2026-09-11,Other/Unknown,Other/Unknown,0.6,Low
1900,705.0,8.47641,80.75307,2026-09-11,Other/Unknown,Other/Unknown,0.0,Low
3160,705.0,8.47708,80.76251,2026-09-05,Other/Unknown,Other/Unknown,0.0,Low
4659,705.0,8.46928,80.77913,2026-08-31,Other/Unknown,Other/Unknown,0.9,Low
4661,705.0,8.47485,80.77115,2026-08-31,Other/Unknown,Other/Unknown,0.5,Low
595,706.0,8.50423,80.27431,2026-09-10,Other/Unknown,Other/Unknown,0.0,Low
1632,706.0,8.50423,80.27431,2026-09-10,Other/Unknown,Other/Unknown,0.0,Low
599,707.0,8.52043,80.57953,2026-09-10,Other/Unknown,Other/Unknown,0.0,Low
1636,707.0,8.52043,80.57953,2026-09-10,Other/Unknown,Other/Unknown,0.0,Low
600,708.0,8.53261,80.71205,2026-09-10,Other/Unknown,Other/Unknown,0.6,Low
1637,708.0,8.53261,80.71205,2026-09-10,Other/Unknown,Other/Unknown,0.6,Low
2199,708.0,8.52719,80.7099,2026-09-12,Other/Unknown,Other/Unknown,0.0,Low
2200,708.0,8.52794,80.71426,2026-09-12,Other/Unknown,Other/Unknown,0.0,Low
5602,708.0,8.52343,80.70296,2026-08-25,Other/Unknown,Other/Unknown,0.5,Low
601,709.0,8.53792,80.43253,2026-09-10,Other/Unknown,Other/Unknown,0.0,Low
1638,709.0,8.53792,80.43253,2026-09-10,Other/Unknown,Other/Unknown,0.0,Low
2612,709.0,8.52532,80.4322,2026-09-04,Other/Unknown,Other/Unknown,0.0,Low
2613,709.0,8.52704,80.43185,2026-09-04,Other/Unknown,Other/Unknown,0.0,Low
2614,709.0,8.52962,80.43159,2026-09-04,Other/Unknown,Other/Unknown,0.0,Low
3974,709.0,8.53558,80.43092,2026-09-07,Other/Unknown,Other/Unknown,0.0,Low
602,710.0,8.54136,80.84736,2026-09-10,Other/Unknown,Other/Unknown,0.0,Low
1639,710.0,8.54136,80.84736,2026-09-10,Other/Unknown,Other/Unknown,0.0,Low
3178,710.0,8.53882,80.85044,2026-09-05,Other/Unknown,Other/Unknown,0.0,Low
604,711.0,8.55859,80.7635,2026-09-10,Other/Unknown,Other/Unknown,0.0,Low
1641,711.0,8.55859,80.7635,2026-09-10,Other/Unknown,Other/Unknown,0.0,Low
5237,711.0,8.55356,80.76841,2026-09-02,Other/Unknown,Other/Unknown,0.0,Low
312,712.0,8.74929,81.1545,2026-09-09,Other/Unknown,Other/Unknown,0.0,Low
313,712.0,8.75256,81.15276,2026-09-09,Other/Unknown,Other/Unknown,0.0,Low
1349,712.0,8.74929,81.1545,2026-09-09,Other/Unknown,Other/Unknown,0.0,Low
1350,712.0,8.75256,81.15276,2026-09-09,Other/Unknown,Other/Unknown,0.0,Low
608,713.0,8.56803,80.48994,2026-09-10,Other/Unknown,Other/Unknown,0.0,Low
1645,713.0,8.56803,80.48994,2026-09-10,Other/Unknown,Other/Unknown,0.0,Low
4905,713.0,8.56902,80.48644,2026-09-01,Other/Unknown,Other/Unknown,0.0,Low
609,714.0,8.58175,80.3605,2026-09-10,Other/Unknown,Other/Unknown,0.0,Low
1646,714.0,8.58175,80.3605,2026-09-10,Other/Unknown,Other/Unknown,0.0,Low
3187,714.0,8.58073,80.36644,2026-09-05,Other/Unknown,Other/Unknown,0.0,Low
3188,714.0,8.58355,80.36236,2026-09-05,Other/Unknown,Other/Unknown,0.0,Low
3189,714.0,8.58409,80.36593,2026-09-05,Other/Unknown,Other/Unknown,0.0,Low
610,715.0,8.59828,80.34993,2026-09-10,Other/Unknown,Other/Unknown,0.0,Low
1647,715.0,8.59828,80.34993,2026-09-10,Other/Unknown,Other/Unknown,0.0,Low
611,716.0,8.60132,80.66886,2026-09-10,Other/Unknown,Other/Unknown,0.0,Low
1648,716.0,8.60132,80.66886,2026-09-10,Other/Unknown,Other/Unknown,0.0,Low
5244,716.0,8.59681,80.66502,2026-09-02,Other/Unknown,Other/Unknown,0.0,Low
612,717.0,8.61125,80.33987,2026-09-10,Other/Unknown,Other/Unknown,0.0,Low
1649,717.0,8.61125,80.33987,2026-09-10,Other/Unknown,Other/Unknown,0.0,Low
613,718.0,8.62137,77.9171,2026-09-10,Other/Unknown,Other/Unknown,0.0,Low
1650,718.0,8.62137,77.9171,2026-09-10,Other/Unknown,Other/Unknown,0.0,Low
614,719.0,8.65117,80.70818,2026-09-10,Other/Unknown,Other/Unknown,0.0,Low
1651,719.0,8.65117,80.70818,2026-09-10,Other/Unknown,Other/Unknown,0.0,Low
615,720.0,8.66123,80.41534,2026-09-10,Other/Unknown,Other/Unknown,0.0,Low
1652,720.0,8.66123,80.41534,2026-09-10,Other/Unknown,Other/Unknown,0.0,Low
616,721.0,8.67276,80.85483,2026-09-10,Wildfire / Natural Fire,Wildfire / Natural Fire,16.5,Medium
1653,721.0,8.67276,80.85483,2026-09-10,Wildfire / Natural Fire,Wildfire / Natural Fire,16.5,Medium
2212,721.0,8.6687,80.85074,2026-09-12,Wildfire / Natural Fire,Wildfire / Natural Fire,16.5,Medium
3214,721.0,8.67016,80.84117,2026-09-05,Wildfire / Natural Fire,Wildfire / Natural Fire,16.8,Medium
3215,721.0,8.67071,80.84486,2026-09-05,Wildfire / Natural Fire,Wildfire / Natural Fire,17.8,Medium
3216,721.0,8.67411,80.84435,2026-09-05,Wildfire / Natural Fire,Wildfire / Natural Fire,17.8,Medium
6386,721.0,8.68008,80.83871,2026-08-20,Wildfire / Natural Fire,Wildfire / Natural Fire,16.5,Medium
619,722.0,8.67813,80.65878,2026-09-10,Other/Unknown,Other/Unknown,0.0,Low
1656,722.0,8.67813,80.65878,2026-09-10,Other/Unknown,Other/Unknown,0.0,Low
622,723.0,8.7021,80.74874,2026-09-10,Other/Unknown,Other/Unknown,0.0,Low
1659,723.0,8.7021,80.74874,2026-09-10,Other/Unknown,Other/Unknown,0.0,Low
623,724.0,8.70693,80.80807,2026-09-10,Other/Unknown,Other/Unknown,0.0,Low
1660,724.0,8.70693,80.80807,2026-09-10,Other/Unknown,Other/Unknown,0.0,Low
630,725.0,8.77444,77.74644,2026-09-10,Other/Unknown,Other/Unknown,0.0,Low
1667,725.0,8.77444,77.74644,2026-09-10,Other/Unknown,Other/Unknown,0.0,Low
631,726.0,8.80572,81.10435,2026-09-10,Other/Unknown,Other/Unknown,0.0,Low
1668,726.0,8.80572,81.10435,2026-09-10,Other/Unknown,Other/Unknown,0.0,Low
322,727.0,9.83046,77.55689,2026-09-09,Other/Unknown,Other/Unknown,0.0,Low
323,727.0,9.83092,77.56013,2026-09-09,Other/Unknown,Other/Unknown,0.0,Low
1359,727.0,9.83046,77.55689,2026-09-09,Other/Unknown,Other/Unknown,0.0,Low
1360,727.0,9.83092,77.56013,2026-09-09,Other/Unknown,Other/Unknown,0.0,Low
635,728.0,8.83364,80.99052,2026-09-10,Wildfire / Natural Fire,Wildfire / Natural Fire,19.4,Medium
1672,728.0,8.83364,80.99052,2026-09-10,Wildfire / Natural Fire,Wildfire / Natural Fire,19.4,Medium
3247,728.0,8.83201,80.99429,2026-09-05,Wildfire / Natural Fire,Wildfire / Natural Fire,16.5,Medium
8230,728.0,8.84146,80.9937,2026-08-11,Wildfire / Natural Fire,Wildfire / Natural Fire,16.5,Medium
636,729.0,8.83971,80.33202,2026-09-10,Other/Unknown,Other/Unknown,0.0,Low
1673,729.0,8.83971,80.33202,2026-09-10,Other/Unknown,Other/Unknown,0.0,Low
638,730.0,8.86325,80.85946,2026-09-10,Other/Unknown,Other/Unknown,0.0,Low
1675,730.0,8.86325,80.85946,2026-09-10,Other/Unknown,Other/Unknown,0.0,Low
325,731.0,10.25719,77.25083,2026-09-09,Wildfire / Natural Fire,Wildfire / Natural Fire,19.3,Medium
326,731.0,10.25788,77.24821,2026-09-09,Wildfire / Natural Fire,Wildfire / Natural Fire,19.3,Medium
327,731.0,10.26118,77.24303,2026-09-09,Wildfire / Natural Fire,Wildfire / Natural Fire,17.8,Medium
1362,731.0,10.25719,77.25083,2026-09-09,Wildfire / Natural Fire,Wildfire / Natural Fire,19.3,Medium
1363,731.0,10.25788,77.24821,2026-09-09,Wildfire / Natural Fire,Wildfire / Natural Fire,19.3,Medium
1364,731.0,10.26118,77.24303,2026-09-09,Wildfire / Natural Fire,Wildfire / Natural Fire,17.8,Medium
640,732.0,8.87069,80.70781,2026-09-10,Other/Unknown,Other/Unknown,0.0,Low
1677,732.0,8.87069,80.70781,2026-09-10,Other/Unknown,Other/Unknown,0.0,Low
2333,732.0,8.8697,80.70795,2026-09-03,Other/Unknown,Other/Unknown,0.0,Low
642,733.0,8.88205,80.68487,2026-09-10,Other/Unknown,Other/Unknown,0.0,Low
1679,733.0,8.88205,80.68487,2026-09-10,Other/Unknown,Other/Unknown,0.0,Low
644,734.0,8.90645,80.56729,2026-09-10,Wildfire / Natural Fire,Wildfire / Natural Fire,16.7,Medium
1681,734.0,8.90645,80.56729,2026-09-10,Wildfire / Natural Fire,Wildfire / Natural Fire,16.7,Medium
645,735.0,8.92134,80.41907,2026-09-10,Wildfire / Natural Fire,Wildfire / Natural Fire,16.6,Medium
1682,735.0,8.92134,80.41907,2026-09-10,Wildfire / Natural Fire,Wildfire / Natural Fire,16.6,Medium
4697,735.0,8.91568,80.42508,2026-08-31,Wildfire / Natural Fire,Wildfire / Natural Fire,18.1,Medium
4934,735.0,8.91162,80.4194,2026-09-01,Wildfire / Natural Fire,Wildfire / Natural Fire,16.6,Medium
4936,735.0,8.92028,80.4216,2026-09-01,Wildfire / Natural Fire,Wildfire / Natural Fire,16.8,Medium
646,736.0,8.92612,80.47646,2026-09-10,Other/Unknown,Other/Unknown,3.1,Low
1683,736.0,8.92612,80.47646,2026-09-10,Other/Unknown,Other/Unknown,3.1,Low
7383,736.0,8.92352,80.47691,2026-08-15,Other/Unknown,Other/Unknown,2.9,Low
647,737.0,8.93338,80.57601,2026-09-10,Other/Unknown,Other/Unknown,0.0,Low
1684,737.0,8.93338,80.57601,2026-09-10,Other/Unknown,Other/Unknown,0.0,Low
9787,737.0,8.93249,80.57452,2026-07-25,Other/Unknown,Other/Unknown,0.0,Low
9788,737.0,8.93301,80.57276,2026-07-25,Other/Unknown,Other/Unknown,0.0,Low
329,738.0,10.34718,79.41057,2026-09-09,Other/Unknown,Other/Unknown,0.0,Low
330,738.0,10.34748,79.41254,2026-09-09,Other/Unknown,Other/Unknown,0.0,Low
1366,738.0,10.34718,79.41057,2026-09-09,Other/Unknown,Other/Unknown,0.0,Low
1367,738.0,10.34748,79.41254,2026-09-09,Other/Unknown,Other/Unknown,0.0,Low
650,739.0,8.95275,80.68353,2026-09-10,Other/Unknown,Other/Unknown,0.0,Low
1687,739.0,8.95275,80.68353,2026-09-10,Other/Unknown,Other/Unknown,0.0,Low
652,740.0,8.96166,80.89814,2026-09-10,Wildfire / Natural Fire,Wildfire / Natural Fire,16.6,Medium
1689,740.0,8.96166,80.89814,2026-09-10,Wildfire / Natural Fire,Wildfire / Natural Fire,16.6,Medium
654,741.0,9.02902,80.24326,2026-09-10,Other/Unknown,Other/Unknown,0.0,Low
1691,741.0,9.02902,80.24326,2026-09-10,Other/Unknown,Other/Unknown,0.0,Low
655,742.0,9.08842,80.89799,2026-09-10,Other/Unknown,Other/Unknown,0.0,Low
1692,742.0,9.08842,80.89799,2026-09-10,Other/Unknown,Other/Unknown,0.0,Low
656,743.0,9.20652,80.63198,2026-09-10,Other/Unknown,Other/Unknown,0.0,Low
1693,743.0,9.20652,80.63198,2026-09-10,Other/Unknown,Other/Unknown,0.0,Low
2668,743.0,9.20664,80.63229,2026-09-04,Other/Unknown,Other/Unknown,0.0,Low
657,744.0,9.3272,80.36589,2026-09-10,Other/Unknown,Other/Unknown,0.0,Low
1694,744.0,9.3272,80.36589,2026-09-10,Other/Unknown,Other/Unknown,0.0,Low
658,745.0,9.00893,77.79801,2026-09-10,Wildfire / Natural Fire,Wildfire / Natural Fire,17.0,Medium
1695,745.0,9.00893,77.79801,2026-09-10,Wildfire / Natural Fire,Wildfire / Natural Fire,17.0,Medium
659,746.0,9.24757,77.89983,2026-09-10,Industrial Fire,Industrial Fire,98.5,Critical
1696,746.0,9.24757,77.89983,2026-09-10,Industrial Fire,Industrial Fire,98.5,Critical
660,747.0,9.3672,80.43958,2026-09-10,Other/Unknown,Other/Unknown,0.0,Low
1697,747.0,9.3672,80.43958,2026-09-10,Other/Unknown,Other/Unknown,0.0,Low
661,748.0,9.41302,80.28743,2026-09-10,Other/Unknown,Other/Unknown,0.0,Low
1698,748.0,9.41302,80.28743,2026-09-10,Other/Unknown,Other/Unknown,0.0,Low
662,749.0,9.81509,78.59298,2026-09-10,Other/Unknown,Other/Unknown,0.0,Low
1699,749.0,9.81509,78.59298,2026-09-10,Other/Unknown,Other/Unknown,0.0,Low
663,750.0,13.56128,76.31514,2026-09-10,Other/Unknown,Other/Unknown,0.0,Low
1700,750.0,13.56128,76.31514,2026-09-10,Other/Unknown,Other/Unknown,0.0,Low
664,751.0,14.14186,76.48392,2026-09-10,Other/Unknown,Other/Unknown,0.0,Low
1701,751.0,14.14186,76.48392,2026-09-10,Other/Unknown,Other/Unknown,0.0,Low
669,752.0,15.22379,78.51904,2026-09-10,Other/Unknown,Other/Unknown,0.0,Low
1706,752.0,15.22379,78.51904,2026-09-10,Other/Unknown,Other/Unknown,0.0,Low
671,753.0,15.40017,77.02663,2026-09-10,Other/Unknown,Other/Unknown,0.0,Low
1708,753.0,15.40017,77.02663,2026-09-10,Other/Unknown,Other/Unknown,0.0,Low
672,754.0,15.82326,76.42226,2026-09-10,Other/Unknown,Other/Unknown,0.0,Low
1709,754.0,15.82326,76.42226,2026-09-10,Other/Unknown,Other/Unknown,0.0,Low
673,755.0,15.87121,80.60237,2026-09-10,Other/Unknown,Other/Unknown,0.0,Low
1710,755.0,15.87121,80.60237,2026-09-10,Other/Unknown,Other/Unknown,0.0,Low
674,756.0,16.61314,75.89799,2026-09-10,Other/Unknown,Other/Unknown,0.0,Low
1711,756.0,16.61314,75.89799,2026-09-10,Other/Unknown,Other/Unknown,0.0,Low
675,757.0,17.30929,77.62043,2026-09-10,Industrial Fire,Industrial Fire,98.2,Critical
1712,757.0,17.30929,77.62043,2026-09-10,Industrial Fire,Industrial Fire,98.2,Critical
676,758.0,17.69838,75.36028,2026-09-10,Other/Unknown,Other/Unknown,0.0,Low
1713,758.0,17.69838,75.36028,2026-09-10,Other/Unknown,Other/Unknown,0.0,Low
677,759.0,17.97609,74.36363,2026-09-10,Other/Unknown,Other/Unknown,0.0,Low
1714,759.0,17.97609,74.36363,2026-09-10,Other/Unknown,Other/Unknown,0.0,Low
337,760.0,10.91727,78.97856,2026-09-09,Other/Unknown,Other/Unknown,0.0,Low
338,760.0,10.91968,78.97959,2026-09-09,Other/Unknown,Other/Unknown,0.0,Low
1374,760.0,10.91727,78.97856,2026-09-09,Other/Unknown,Other/Unknown,0.0,Low
1375,760.0,10.91968,78.97959,2026-09-09,Other/Unknown,Other/Unknown,0.0,Low
685,761.0,21.80279,83.89226,2026-09-10,Other/Unknown,Other/Unknown,0.0,Low
1722,761.0,21.80279,83.89226,2026-09-10,Other/Unknown,Other/Unknown,0.0,Low
3838,761.0,21.80195,83.89095,2026-09-06,Other/Unknown,Other/Unknown,0.0,Low
4036,761.0,21.80306,83.89296,2026-09-07,Other/Unknown,Other/Unknown,0.0,Low
4234,761.0,21.79533,83.883,2026-09-07,Other/Unknown,Other/Unknown,0.0,Low
4235,761.0,21.80094,83.89191,2026-09-07,Other/Unknown,Other/Unknown,0.0,Low
5669,761.0,21.80047,83.89091,2026-08-25,Other/Unknown,Other/Unknown,0.0,Low
690,762.0,23.10672,72.22006,2026-09-10,Other/Unknown,Other/Unknown,0.0,Low
1727,762.0,23.10672,72.22006,2026-09-10,Other/Unknown,Other/Unknown,0.0,Low
691,763.0,25.61475,75.90067,2026-09-10,Other/Unknown,Other/Unknown,0.0,Low
1728,763.0,25.61475,75.90067,2026-09-10,Other/Unknown,Other/Unknown,0.0,Low
693,764.0,26.07044,74.30474,2026-09-10,Other/Unknown,Other/Unknown,0.0,Low
1730,764.0,26.07044,74.30474,2026-09-10,Other/Unknown,Other/Unknown,0.0,Low
694,765.0,28.03975,75.82047,2026-09-10,Other/Unknown,Other/Unknown,0.0,Low
1731,765.0,28.03975,75.82047,2026-09-10,Other/Unknown,Other/Unknown,0.0,Low
695,766.0,28.77153,71.01676,2026-09-10,Wildfire / Natural Fire,Wildfire / Natural Fire,16.6,Medium
1732,766.0,28.77153,71.01676,2026-09-10,Wildfire / Natural Fire,Wildfire / Natural Fire,16.6,Medium
696,767.0,29.7994,72.815,2026-09-10,Other/Unknown,Other/Unknown,0.0,Low
1733,767.0,29.7994,72.815,2026-09-10,Other/Unknown,Other/Unknown,0.0,Low
697,768.0,29.89805,72.95081,2026-09-10,Other/Unknown,Other/Unknown,0.0,Low
1734,768.0,29.89805,72.95081,2026-09-10,Other/Unknown,Other/Unknown,0.0,Low
701,769.0,30.72232,73.71585,2026-09-10,Other/Unknown,Other/Unknown,0.0,Low
1738,769.0,30.72232,73.71585,2026-09-10,Other/Unknown,Other/Unknown,0.0,Low
702,770.0,31.12557,74.68327,2026-09-10,Other/Unknown,Other/Unknown,0.0,Low
1739,770.0,31.12557,74.68327,2026-09-10,Other/Unknown,Other/Unknown,0.0,Low
703,771.0,31.13243,74.62755,2026-09-10,Other/Unknown,Other/Unknown,0.0,Low
1740,771.0,31.13243,74.62755,2026-09-10,Other/Unknown,Other/Unknown,0.0,Low
704,772.0,31.3569,75.92867,2026-09-10,Other/Unknown,Other/Unknown,0.0,Low
1741,772.0,31.3569,75.92867,2026-09-10,Other/Unknown,Other/Unknown,0.0,Low
705,773.0,31.40409,73.5051,2026-09-10,Other/Unknown,Other/Unknown,0.0,Low
1742,773.0,31.40409,73.5051,2026-09-10,Other/Unknown,Other/Unknown,0.0,Low
706,774.0,31.41759,75.8811,2026-09-10,Other/Unknown,Other/Unknown,0.0,Low
1743,774.0,31.41759,75.8811,2026-09-10,Other/Unknown,Other/Unknown,0.0,Low
707,775.0,31.53902,74.82557,2026-09-10,Other/Unknown,Other/Unknown,0.0,Low
1744,775.0,31.53902,74.82557,2026-09-10,Other/Unknown,Other/Unknown,0.0,Low
708,776.0,31.56346,74.60093,2026-09-10,Other/Unknown,Other/Unknown,0.0,Low
1745,776.0,31.56346,74.60093,2026-09-10,Other/Unknown,Other/Unknown,0.0,Low
709,777.0,31.62473,75.01824,2026-09-10,Other/Unknown,Other/Unknown,0.0,Low
1746,777.0,31.62473,75.01824,2026-09-10,Other/Unknown,Other/Unknown,0.0,Low
712,778.0,31.6471,75.02378,2026-09-10,Other/Unknown,Other/Unknown,0.0,Low
1749,778.0,31.6471,75.02378,2026-09-10,Other/Unknown,Other/Unknown,0.0,Low
713,779.0,31.73356,74.64149,2026-09-10,Other/Unknown,Other/Unknown,0.0,Low
1750,779.0,31.73356,74.64149,2026-09-10,Other/Unknown,Other/Unknown,0.0,Low
714,780.0,31.76258,74.94447,2026-09-10,Other/Unknown,Other/Unknown,0.0,Low
1751,780.0,31.76258,74.94447,2026-09-10,Other/Unknown,Other/Unknown,0.0,Low
715,781.0,32.62136,71.96693,2026-09-10,Other/Unknown,Other/Unknown,0.0,Low
1752,781.0,32.62136,71.96693,2026-09-10,Other/Unknown,Other/Unknown,0.0,Low
717,782.0,27.31865,95.26725,2026-09-10,Other/Unknown,Other/Unknown,0.0,Low
922,782.0,27.325,95.27734,2026-09-11,Other/Unknown,Other/Unknown,7.7,Low
1754,782.0,27.31865,95.26725,2026-09-10,Other/Unknown,Other/Unknown,0.0,Low
1959,782.0,27.325,95.27734,2026-09-11,Other/Unknown,Other/Unknown,7.7,Low
2716,782.0,27.31744,95.26737,2026-09-04,Other/Unknown,Other/Unknown,0.0,Low
3753,782.0,27.31435,95.26549,2026-09-06,Other/Unknown,Other/Unknown,0.0,Low
3754,782.0,27.3204,95.2675,2026-09-06,Other/Unknown,Other/Unknown,0.0,Low
4120,782.0,27.32268,95.27859,2026-09-07,Other/Unknown,Other/Unknown,15.4,Medium
4121,782.0,27.32445,95.27393,2026-09-07,Other/Unknown,Other/Unknown,7.6,Low
5648,782.0,27.31814,95.26488,2026-08-25,Other/Unknown,Other/Unknown,0.0,Low
5649,782.0,27.32489,95.27836,2026-08-25,Other/Unknown,Other/Unknown,20.1,Medium
5980,782.0,27.32473,95.27738,2026-08-28,Other/Unknown,Other/Unknown,7.7,Low
5981,782.0,27.326,95.27651,2026-08-28,Other/Unknown,Other/Unknown,7.7,Low
740,792.0,24.65848,73.87827,2026-09-10,Industrial Fire,Industrial Fire,98.5,Critical
6205,782.0,27.32527,95.27496,2026-08-19,Other/Unknown,Other/Unknown,7.7,Low
7274,782.0,27.32576,95.27875,2026-08-14,Other/Unknown,Other/Unknown,24.8,Medium
7553,782.0,27.32653,95.27569,2026-08-16,Other/Unknown,Other/Unknown,7.7,Low
7758,782.0,27.31664,95.26646,2026-08-18,Other/Unknown,Other/Unknown,0.0,Low
7759,782.0,27.32538,95.27692,2026-08-18,Other/Unknown,Other/Unknown,7.8,Low
8128,782.0,27.31815,95.26571,2026-08-10,Other/Unknown,Other/Unknown,0.0,Low
8583,782.0,27.32435,95.27443,2026-08-05,Other/Unknown,Other/Unknown,17.3,Medium
10667,782.0,27.31842,95.26553,2026-07-23,Other/Unknown,Other/Unknown,0.0,Low
718,783.0,27.46212,95.47769,2026-09-10,Other/Unknown,Other/Unknown,4.3,Low
1755,783.0,27.46212,95.47769,2026-09-10,Other/Unknown,Other/Unknown,4.3,Low
3755,783.0,27.45938,95.47556,2026-09-06,Other/Unknown,Other/Unknown,4.5,Low
7761,783.0,27.46271,95.47729,2026-08-18,Other/Unknown,Other/Unknown,4.4,Low
8129,783.0,27.46151,95.47781,2026-08-10,Other/Unknown,Other/Unknown,4.4,Low
8568,783.0,27.45947,95.47298,2026-08-05,Other/Unknown,Other/Unknown,4.7,Low
8569,783.0,27.46189,95.4748,2026-08-05,Other/Unknown,Other/Unknown,1.3,Low
8725,783.0,27.46227,95.47478,2026-08-07,Other/Unknown,Other/Unknown,4.5,Low
10189,783.0,27.4608,95.47796,2026-07-28,Other/Unknown,Other/Unknown,4.4,Low
10670,783.0,27.46193,95.47674,2026-07-23,Other/Unknown,Other/Unknown,4.4,Low
353,784.0,18.55479,74.31213,2026-09-09,Wildfire / Natural Fire,Wildfire / Natural Fire,16.6,Medium
354,784.0,18.55849,74.3116,2026-09-09,Wildfire / Natural Fire,Wildfire / Natural Fire,16.6,Medium
1390,784.0,18.55479,74.31213,2026-09-09,Wildfire / Natural Fire,Wildfire / Natural Fire,16.6,Medium
1391,784.0,18.55849,74.3116,2026-09-09,Wildfire / Natural Fire,Wildfire / Natural Fire,16.6,Medium
723,785.0,31.32711,76.89539,2026-09-10,Other/Unknown,Other/Unknown,0.0,Low
1760,785.0,31.32711,76.89539,2026-09-10,Other/Unknown,Other/Unknown,0.0,Low
724,786.0,31.61421,74.37569,2026-09-10,Other/Unknown,Other/Unknown,0.0,Low
1761,786.0,31.61421,74.37569,2026-09-10,Other/Unknown,Other/Unknown,0.0,Low
4546,786.0,31.61482,74.37532,2026-08-30,Other/Unknown,Other/Unknown,0.0,Low
5650,786.0,31.61505,74.37461,2026-08-25,Other/Unknown,Other/Unknown,0.0,Low
7409,786.0,31.61599,74.3751,2026-08-15,Other/Unknown,Other/Unknown,0.0,Low
727,787.0,33.26874,71.30938,2026-09-10,Other/Unknown,Other/Unknown,0.0,Low
1764,787.0,33.26874,71.30938,2026-09-10,Other/Unknown,Other/Unknown,0.0,Low
5799,787.0,33.2675,71.31137,2026-08-26,Other/Unknown,Other/Unknown,0.0,Low
5800,787.0,33.27002,71.31249,2026-08-26,Other/Unknown,Other/Unknown,0.0,Low
729,788.0,36.99753,80.1908,2026-09-10,Other/Unknown,Other/Unknown,0.0,Low
1766,788.0,36.99753,80.1908,2026-09-10,Other/Unknown,Other/Unknown,0.0,Low
10466,788.0,36.9972,80.19514,2026-07-20,Other/Unknown,Other/Unknown,0.0,Low
10914,788.0,36.99879,80.18955,2026-07-16,Other/Unknown,Other/Unknown,0.0,Low
10971,788.0,36.99781,80.19159,2026-07-16,Other/Unknown,Other/Unknown,0.0,Low
731,789.0,18.80503,74.26031,2026-09-10,Other/Unknown,Other/Unknown,0.0,Low
1768,789.0,18.80503,74.26031,2026-09-10,Other/Unknown,Other/Unknown,0.0,Low
5662,789.0,18.80515,74.26173,2026-08-25,Other/Unknown,Other/Unknown,0.0,Low
6660,789.0,18.8016,74.25277,2026-08-21,Other/Unknown,Other/Unknown,0.0,Low
733,790.0,19.41766,71.39006,2026-09-10,Other/Unknown,Other/Unknown,0.0,Low
1770,790.0,19.41766,71.39006,2026-09-10,Other/Unknown,Other/Unknown,0.0,Low
739,791.0,24.57784,74.80502,2026-09-10,Industrial Fire,Industrial Fire,71.4,Critical
1776,791.0,24.57784,74.80502,2026-09-10,Industrial Fire,Industrial Fire,71.4,Critical
1777,792.0,24.65848,73.87827,2026-09-10,Industrial Fire,Industrial Fire,98.5,Critical
742,793.0,24.6917,74.68143,2026-09-10,Industrial Fire,Industrial Fire,98.4,Critical
1779,793.0,24.6917,74.68143,2026-09-10,Industrial Fire,Industrial Fire,98.4,Critical
743,794.0,24.76389,74.60896,2026-09-10,Persistent Industrial Thermal Source,Persistent Industrial Thermal Source,60.2,High
1780,794.0,24.76389,74.60896,2026-09-10,Persistent Industrial Thermal Source,Persistent Industrial Thermal Source,60.2,High
3864,794.0,24.76391,74.60693,2026-09-06,Persistent Industrial Thermal Source,Persistent Industrial Thermal Source,60.2,High
4117,794.0,24.76122,74.60571,2026-09-07,Persistent Industrial Thermal Source,Persistent Industrial Thermal Source,60.0,High
4118,794.0,24.76444,74.60759,2026-09-07,Persistent Industrial Thermal Source,Persistent Industrial Thermal Source,60.2,High
4751,794.0,24.76271,74.60774,2026-08-31,Persistent Industrial Thermal Source,Persistent Industrial Thermal Source,60.1,High
4752,794.0,24.76335,74.60571,2026-08-31,Persistent Industrial Thermal Source,Persistent Industrial Thermal Source,60.0,High
6671,794.0,24.76452,74.60926,2026-08-21,Persistent Industrial Thermal Source,Persistent Industrial Thermal Source,60.1,High
8526,794.0,24.76383,74.6097,2026-08-04,Persistent Industrial Thermal Source,Persistent Industrial Thermal Source,58.9,High
8574,794.0,24.7634,74.60711,2026-08-05,Persistent Industrial Thermal Source,Persistent Industrial Thermal Source,58.9,High
749,795.0,26.29624,74.1245,2026-09-10,Industrial Fire,Industrial Fire,98.2,Critical
1786,795.0,26.29624,74.1245,2026-09-10,Industrial Fire,Industrial Fire,98.2,Critical
750,796.0,26.60533,73.68541,2026-09-10,Industrial Fire,Industrial Fire,98.6,Critical
1787,796.0,26.60533,73.68541,2026-09-10,Industrial Fire,Industrial Fire,98.6,Critical
4561,796.0,26.60605,73.68385,2026-08-30,Industrial Fire,Industrial Fire,98.7,Critical
7284,796.0,26.60479,73.68352,2026-08-14,Industrial Fire,Industrial Fire,98.7,Critical
9748,796.0,26.60645,73.6841,2026-07-25,Industrial Fire,Industrial Fire,98.7,Critical
760,797.0,28.72888,77.15527,2026-09-10,Industrial Fire,Industrial Fire,98.2,Critical
1797,797.0,28.72888,77.15527,2026-09-10,Industrial Fire,Industrial Fire,98.2,Critical
761,798.0,28.77258,76.70015,2026-09-10,Other/Unknown,Other/Unknown,5.1,Low
1798,798.0,28.77258,76.70015,2026-09-10,Other/Unknown,Other/Unknown,5.1,Low
6447,798.0,28.77214,76.70122,2026-08-20,Other/Unknown,Other/Unknown,5.1,Low
10378,798.0,28.77164,76.6983,2026-07-29,Other/Unknown,Other/Unknown,0.0,Low
10379,798.0,28.77504,76.69907,2026-07-29,Other/Unknown,Other/Unknown,0.0,Low
762,799.0,28.83644,77.14004,2026-09-10,Industrial Fire,Industrial Fire,97.1,Critical
1799,799.0,28.83644,77.14004,2026-09-10,Industrial Fire,Industrial Fire,97.1,Critical
377,800.0,22.9318,69.69779,2026-09-09,Persistent Industrial Thermal Source,Persistent Industrial Thermal Source,59.3,High
378,800.0,22.93237,69.70152,2026-09-09,Persistent Industrial Thermal Source,Persistent Industrial Thermal Source,59.5,High
379,800.0,22.93511,69.6972,2026-09-09,Persistent Industrial Thermal Source,Persistent Industrial Thermal Source,59.2,High
465,800.0,22.92957,69.69656,2026-09-09,Persistent Industrial Thermal Source,Persistent Industrial Thermal Source,59.2,High
466,800.0,22.93229,69.70088,2026-09-09,Persistent Industrial Thermal Source,Persistent Industrial Thermal Source,59.4,High
467,800.0,22.93287,69.69716,2026-09-09,Persistent Industrial Thermal Source,Persistent Industrial Thermal Source,59.6,High
776,800.0,22.93274,69.70058,2026-09-10,Persistent Industrial Thermal Source,Persistent Industrial Thermal Source,59.4,High
777,800.0,22.93341,69.69515,2026-09-10,Persistent Industrial Thermal Source,Persistent Industrial Thermal Source,59.1,High
778,800.0,22.93421,69.69978,2026-09-10,Persistent Industrial Thermal Source,Persistent Industrial Thermal Source,59.4,High
951,800.0,22.93276,69.70088,2026-09-11,Persistent Industrial Thermal Source,Persistent Industrial Thermal Source,59.3,High
952,800.0,22.9331,69.69727,2026-09-11,Persistent Industrial Thermal Source,Persistent Industrial Thermal Source,59.1,High
1414,800.0,22.9318,69.69779,2026-09-09,Persistent Industrial Thermal Source,Persistent Industrial Thermal Source,59.3,High
1415,800.0,22.93237,69.70152,2026-09-09,Persistent Industrial Thermal Source,Persistent Industrial Thermal Source,59.5,High
1416,800.0,22.93511,69.6972,2026-09-09,Persistent Industrial Thermal Source,Persistent Industrial Thermal Source,59.2,High
1502,800.0,22.92957,69.69656,2026-09-09,Persistent Industrial Thermal Source,Persistent Industrial Thermal Source,59.2,High
1503,800.0,22.93229,69.70088,2026-09-09,Persistent Industrial Thermal Source,Persistent Industrial Thermal Source,59.4,High
1504,800.0,22.93287,69.69716,2026-09-09,Persistent Industrial Thermal Source,Persistent Industrial Thermal Source,59.6,High
766,802.0,15.57361,73.74066,2026-09-10,Other/Unknown,Other/Unknown,0.0,Low
1813,800.0,22.93274,69.70058,2026-09-10,Persistent Industrial Thermal Source,Persistent Industrial Thermal Source,59.4,High
1814,800.0,22.93341,69.69515,2026-09-10,Persistent Industrial Thermal Source,Persistent Industrial Thermal Source,59.1,High
1815,800.0,22.93421,69.69978,2026-09-10,Persistent Industrial Thermal Source,Persistent Industrial Thermal Source,59.4,High
1988,800.0,22.93276,69.70088,2026-09-11,Persistent Industrial Thermal Source,Persistent Industrial Thermal Source,59.3,High
1989,800.0,22.9331,69.69727,2026-09-11,Persistent Industrial Thermal Source,Persistent Industrial Thermal Source,59.1,High
2353,800.0,22.93244,69.69634,2026-09-03,Persistent Industrial Thermal Source,Persistent Industrial Thermal Source,59.3,High
2435,800.0,22.93135,69.70153,2026-09-03,Persistent Industrial Thermal Source,Persistent Industrial Thermal Source,59.4,High
2436,800.0,22.93212,69.69724,2026-09-03,Persistent Industrial Thermal Source,Persistent Industrial Thermal Source,59.2,High
2437,800.0,22.93487,69.70225,2026-09-03,Persistent Industrial Thermal Source,Persistent Industrial Thermal Source,59.3,High
2438,800.0,22.93564,69.69796,2026-09-03,Persistent Industrial Thermal Source,Persistent Industrial Thermal Source,59.1,High
2699,800.0,22.93431,69.69743,2026-09-04,Persistent Industrial Thermal Source,Persistent Industrial Thermal Source,59.3,High
2915,800.0,22.93078,69.69768,2026-09-04,Persistent Industrial Thermal Source,Persistent Industrial Thermal Source,59.2,High
2916,800.0,22.93359,69.7022,2026-09-04,Persistent Industrial Thermal Source,Persistent Industrial Thermal Source,59.4,High
2917,800.0,22.93417,69.69827,2026-09-04,Persistent Industrial Thermal Source,Persistent Industrial Thermal Source,59.3,High
5480,800.0,22.93312,69.69794,2026-08-24,Persistent Industrial Thermal Source,Persistent Industrial Thermal Source,59.3,High
5481,800.0,22.93583,69.70226,2026-08-24,Persistent Industrial Thermal Source,Persistent Industrial Thermal Source,59.4,High
5482,800.0,22.93641,69.69853,2026-08-24,Persistent Industrial Thermal Source,Persistent Industrial Thermal Source,59.2,High
5673,800.0,22.93243,69.69887,2026-08-25,Persistent Industrial Thermal Source,Persistent Industrial Thermal Source,59.3,High
5674,800.0,22.93312,69.69748,2026-08-25,Persistent Industrial Thermal Source,Persistent Industrial Thermal Source,59.2,High
7279,800.0,22.9329,69.70402,2026-08-14,Persistent Industrial Thermal Source,Persistent Industrial Thermal Source,59.3,High
8015,800.0,22.93463,69.69802,2026-08-09,Persistent Industrial Thermal Source,Persistent Industrial Thermal Source,59.2,High
8856,800.0,22.93194,69.69582,2026-08-08,Persistent Industrial Thermal Source,Persistent Industrial Thermal Source,59.2,High
8857,800.0,22.93406,69.70388,2026-08-08,Persistent Industrial Thermal Source,Persistent Industrial Thermal Source,59.3,High
8858,800.0,22.93524,69.69643,2026-08-08,Persistent Industrial Thermal Source,Persistent Industrial Thermal Source,59.1,High
11140,800.0,22.93179,69.69843,2026-07-17,Persistent Industrial Thermal Source,Persistent Industrial Thermal Source,59.3,High
11196,800.0,22.933,69.6968,2026-07-18,Persistent Industrial Thermal Source,Persistent Industrial Thermal Source,59.4,High
765,801.0,15.33521,76.28432,2026-09-10,Persistent Industrial Thermal Source,Persistent Industrial Thermal Source,59.4,High
1802,801.0,15.33521,76.28432,2026-09-10,Persistent Industrial Thermal Source,Persistent Industrial Thermal Source,59.4,High
2948,801.0,15.33428,76.28631,2026-09-04,Persistent Industrial Thermal Source,Persistent Industrial Thermal Source,59.3,High
3451,801.0,15.33179,76.28551,2026-09-05,Persistent Industrial Thermal Source,Persistent Industrial Thermal Source,59.3,High
3452,801.0,15.3352,76.28614,2026-09-05,Persistent Industrial Thermal Source,Persistent Industrial Thermal Source,59.3,High
3889,801.0,15.33194,76.28572,2026-09-06,Persistent Industrial Thermal Source,Persistent Industrial Thermal Source,59.3,High
5078,801.0,15.33235,76.28368,2026-09-01,Persistent Industrial Thermal Source,Persistent Industrial Thermal Source,59.4,High
5787,801.0,15.33239,76.28411,2026-08-26,Persistent Industrial Thermal Source,Persistent Industrial Thermal Source,59.3,High
5923,801.0,15.33388,76.28443,2026-08-27,Persistent Industrial Thermal Source,Persistent Industrial Thermal Source,59.4,High
6469,801.0,15.3343,76.28691,2026-08-20,Persistent Industrial Thermal Source,Persistent Industrial Thermal Source,59.3,High
6703,801.0,15.33276,76.28716,2026-08-21,Persistent Industrial Thermal Source,Persistent Industrial Thermal Source,59.2,High
6704,801.0,15.33696,76.27781,2026-08-21,Persistent Industrial Thermal Source,Persistent Industrial Thermal Source,59.3,High
6705,801.0,15.33752,76.27949,2026-08-21,Persistent Industrial Thermal Source,Persistent Industrial Thermal Source,59.4,High
7429,801.0,15.33481,76.28645,2026-08-15,Persistent Industrial Thermal Source,Persistent Industrial Thermal Source,59.3,High
7940,801.0,15.33398,76.28428,2026-08-09,Persistent Industrial Thermal Source,Persistent Industrial Thermal Source,59.4,High
7941,801.0,15.3384,76.28057,2026-08-09,Persistent Industrial Thermal Source,Persistent Industrial Thermal Source,59.4,High
8607,801.0,15.33476,76.28623,2026-08-05,Persistent Industrial Thermal Source,Persistent Industrial Thermal Source,59.4,High
8870,801.0,15.33485,76.28472,2026-08-08,Persistent Industrial Thermal Source,Persistent Industrial Thermal Source,59.4,High
9775,801.0,15.33394,76.28632,2026-07-25,Persistent Industrial Thermal Source,Persistent Industrial Thermal Source,59.4,High
1803,802.0,15.57361,73.74066,2026-09-10,Other/Unknown,Other/Unknown,0.0,Low
774,803.0,22.85678,71.53668,2026-09-10,Other/Unknown,Other/Unknown,0.0,Low
1811,803.0,22.85678,71.53668,2026-09-10,Other/Unknown,Other/Unknown,0.0,Low
782,804.0,27.76703,96.05153,2026-09-11,Other/Unknown,Other/Unknown,0.0,Low
1819,804.0,27.76703,96.05153,2026-09-11,Other/Unknown,Other/Unknown,0.0,Low
785,805.0,27.95016,95.23589,2026-09-11,Other/Unknown,Other/Unknown,0.0,Low
1822,805.0,27.95016,95.23589,2026-09-11,Other/Unknown,Other/Unknown,0.0,Low
789,806.0,6.32772,80.99232,2026-09-11,Wildfire / Natural Fire,Wildfire / Natural Fire,16.7,Medium
1826,806.0,6.32772,80.99232,2026-09-11,Wildfire / Natural Fire,Wildfire / Natural Fire,16.7,Medium
791,807.0,6.43032,81.0219,2026-09-11,Other/Unknown,Other/Unknown,0.0,Low
1828,807.0,6.43032,81.0219,2026-09-11,Other/Unknown,Other/Unknown,0.0,Low
2508,807.0,6.42538,81.01639,2026-09-04,Other/Unknown,Other/Unknown,0.0,Low
2509,807.0,6.42972,81.01575,2026-09-04,Other/Unknown,Other/Unknown,0.0,Low
792,808.0,6.45361,80.75334,2026-09-11,Wildfire / Natural Fire,Wildfire / Natural Fire,16.4,Medium
1829,808.0,6.45361,80.75334,2026-09-11,Wildfire / Natural Fire,Wildfire / Natural Fire,16.4,Medium
11143,808.0,6.45595,80.76112,2026-07-18,Wildfire / Natural Fire,Wildfire / Natural Fire,17.2,Medium
11144,808.0,6.45768,80.76083,2026-07-18,Wildfire / Natural Fire,Wildfire / Natural Fire,17.2,Medium
793,809.0,6.55016,80.87274,2026-09-11,Wildfire / Natural Fire,Wildfire / Natural Fire,16.6,Medium
1830,809.0,6.55016,80.87274,2026-09-11,Wildfire / Natural Fire,Wildfire / Natural Fire,16.6,Medium
4399,809.0,6.55183,80.87236,2026-08-30,Wildfire / Natural Fire,Wildfire / Natural Fire,16.9,Medium
4400,809.0,6.55189,80.87561,2026-08-30,Wildfire / Natural Fire,Wildfire / Natural Fire,16.7,Medium
794,810.0,6.87345,81.516,2026-09-11,Other/Unknown,Other/Unknown,0.0,Low
1831,810.0,6.87345,81.516,2026-09-11,Other/Unknown,Other/Unknown,0.0,Low
5527,810.0,6.87901,81.52132,2026-08-25,Other/Unknown,Other/Unknown,0.0,Low
5528,810.0,6.87965,81.52573,2026-08-25,Other/Unknown,Other/Unknown,0.0,Low
5529,810.0,6.88271,81.52078,2026-08-25,Other/Unknown,Other/Unknown,8.4,Low
5530,810.0,6.88335,81.52519,2026-08-25,Other/Unknown,Other/Unknown,8.4,Low
394,811.0,26.78156,72.00723,2026-09-09,Industrial Fire,Industrial Fire,95.8,Critical
395,811.0,26.78459,72.00198,2026-09-09,Industrial Fire,Industrial Fire,95.8,Critical
396,811.0,26.78636,72.01598,2026-09-09,Industrial Fire,Industrial Fire,96.6,Critical
397,811.0,26.78939,72.01074,2026-09-09,Industrial Fire,Industrial Fire,96.2,Critical
398,811.0,26.79242,72.0055,2026-09-09,Industrial Fire,Industrial Fire,96.3,Critical
399,811.0,26.7936,72.01483,2026-09-09,Industrial Fire,Industrial Fire,95.9,Critical
400,811.0,26.79663,72.00959,2026-09-09,Industrial Fire,Industrial Fire,95.6,Critical
401,811.0,26.79723,72.01426,2026-09-09,Industrial Fire,Industrial Fire,95.6,Critical
1431,811.0,26.78156,72.00723,2026-09-09,Industrial Fire,Industrial Fire,95.8,Critical
1432,811.0,26.78459,72.00198,2026-09-09,Industrial Fire,Industrial Fire,95.8,Critical
1433,811.0,26.78636,72.01598,2026-09-09,Industrial Fire,Industrial Fire,96.6,Critical
1434,811.0,26.78939,72.01074,2026-09-09,Industrial Fire,Industrial Fire,96.2,Critical
1435,811.0,26.79242,72.0055,2026-09-09,Industrial Fire,Industrial Fire,96.3,Critical
1436,811.0,26.7936,72.01483,2026-09-09,Industrial Fire,Industrial Fire,95.9,Critical
1437,811.0,26.79663,72.00959,2026-09-09,Industrial Fire,Industrial Fire,95.6,Critical
1438,811.0,26.79723,72.01426,2026-09-09,Industrial Fire,Industrial Fire,95.6,Critical
8552,811.0,26.78024,72.00262,2026-08-05,Industrial Fire,Industrial Fire,94.6,Critical
799,812.0,7.04885,81.36258,2026-09-11,Other/Unknown,Other/Unknown,0.0,Low
1836,812.0,7.04885,81.36258,2026-09-11,Other/Unknown,Other/Unknown,0.0,Low
800,813.0,7.28462,81.12443,2026-09-11,Other/Unknown,Other/Unknown,0.0,Low
1837,813.0,7.28462,81.12443,2026-09-11,Other/Unknown,Other/Unknown,0.0,Low
803,814.0,7.29222,80.90644,2026-09-11,Wildfire / Natural Fire,Wildfire / Natural Fire,16.7,Medium
1840,814.0,7.29222,80.90644,2026-09-11,Wildfire / Natural Fire,Wildfire / Natural Fire,16.7,Medium
804,815.0,7.35999,80.85026,2026-09-11,Other/Unknown,Other/Unknown,0.0,Low
1841,815.0,7.35999,80.85026,2026-09-11,Other/Unknown,Other/Unknown,0.0,Low
805,816.0,7.39979,81.1692,2026-09-11,Other/Unknown,Other/Unknown,0.0,Low
1842,816.0,7.39979,81.1692,2026-09-11,Other/Unknown,Other/Unknown,0.0,Low
806,817.0,7.43177,81.0183,2026-09-11,Other/Unknown,Other/Unknown,0.0,Low
1843,817.0,7.43177,81.0183,2026-09-11,Other/Unknown,Other/Unknown,0.0,Low
807,818.0,7.4521,81.65658,2026-09-11,Other/Unknown,Other/Unknown,0.0,Low
1844,818.0,7.4521,81.65658,2026-09-11,Other/Unknown,Other/Unknown,0.0,Low
808,819.0,7.45285,81.26469,2026-09-11,Other/Unknown,Other/Unknown,0.0,Low
1845,819.0,7.45285,81.26469,2026-09-11,Other/Unknown,Other/Unknown,0.0,Low
809,820.0,7.46692,81.26621,2026-09-11,Wildfire / Natural Fire,Wildfire / Natural Fire,16.3,Medium
1846,820.0,7.46692,81.26621,2026-09-11,Wildfire / Natural Fire,Wildfire / Natural Fire,16.3,Medium
7361,820.0,7.46924,81.26571,2026-08-15,Wildfire / Natural Fire,Wildfire / Natural Fire,16.6,Medium
7362,820.0,7.46977,81.26918,2026-08-15,Wildfire / Natural Fire,Wildfire / Natural Fire,16.9,Medium
8930,820.0,7.47719,81.26723,2026-07-30,Wildfire / Natural Fire,Wildfire / Natural Fire,16.3,Medium
812,821.0,7.50022,81.00719,2026-09-11,Wildfire / Natural Fire,Wildfire / Natural Fire,16.9,Medium
1849,821.0,7.50022,81.00719,2026-09-11,Wildfire / Natural Fire,Wildfire / Natural Fire,16.9,Medium
813,822.0,7.51028,81.56757,2026-09-11,Other/Unknown,Other/Unknown,0.0,Low
1850,822.0,7.51028,81.56757,2026-09-11,Other/Unknown,Other/Unknown,0.0,Low
814,823.0,7.56389,80.63634,2026-09-11,Industrial Fire,Industrial Fire,98.2,Critical
1851,823.0,7.56389,80.63634,2026-09-11,Industrial Fire,Industrial Fire,98.2,Critical
815,824.0,7.60552,80.9675,2026-09-11,Wildfire / Natural Fire,Wildfire / Natural Fire,16.9,Medium
1852,824.0,7.60552,80.9675,2026-09-11,Wildfire / Natural Fire,Wildfire / Natural Fire,16.9,Medium
6368,824.0,7.61121,80.964,2026-08-20,Wildfire / Natural Fire,Wildfire / Natural Fire,16.4,Medium
6369,824.0,7.61461,80.96349,2026-08-20,Wildfire / Natural Fire,Wildfire / Natural Fire,16.4,Medium
7606,824.0,7.59237,80.9697,2026-08-17,Wildfire / Natural Fire,Wildfire / Natural Fire,16.4,Medium
7689,824.0,7.59886,80.97195,2026-08-18,Wildfire / Natural Fire,Wildfire / Natural Fire,16.5,Medium
816,825.0,7.61301,81.01514,2026-09-11,Wildfire / Natural Fire,Wildfire / Natural Fire,16.1,Medium
1853,825.0,7.61301,81.01514,2026-09-11,Wildfire / Natural Fire,Wildfire / Natural Fire,16.1,Medium
2113,825.0,7.61131,81.0117,2026-09-12,Wildfire / Natural Fire,Wildfire / Natural Fire,16.3,Medium
2114,825.0,7.61204,81.01603,2026-09-12,Wildfire / Natural Fire,Wildfire / Natural Fire,16.8,Medium
817,826.0,7.61714,80.84123,2026-09-11,Other/Unknown,Other/Unknown,0.0,Low
1854,826.0,7.61714,80.84123,2026-09-11,Other/Unknown,Other/Unknown,0.0,Low
3018,826.0,7.62369,80.83762,2026-09-05,Other/Unknown,Other/Unknown,0.0,Low
3020,826.0,7.62707,80.83712,2026-09-05,Other/Unknown,Other/Unknown,0.0,Low
818,827.0,7.71343,80.83015,2026-09-11,Wildfire / Natural Fire,Wildfire / Natural Fire,16.8,Medium
1855,827.0,7.71343,80.83015,2026-09-11,Wildfire / Natural Fire,Wildfire / Natural Fire,16.8,Medium
819,828.0,7.79306,81.22885,2026-09-11,Wildfire / Natural Fire,Wildfire / Natural Fire,17.0,Medium
1856,828.0,7.79306,81.22885,2026-09-11,Wildfire / Natural Fire,Wildfire / Natural Fire,17.0,Medium
820,829.0,7.82195,81.20905,2026-09-11,Other/Unknown,Other/Unknown,0.0,Low
1857,829.0,7.82195,81.20905,2026-09-11,Other/Unknown,Other/Unknown,0.0,Low
3048,829.0,7.81826,81.20822,2026-09-05,Other/Unknown,Other/Unknown,0.0,Low
821,830.0,7.82437,80.31818,2026-09-11,Other/Unknown,Other/Unknown,0.0,Low
1858,830.0,7.82437,80.31818,2026-09-11,Other/Unknown,Other/Unknown,0.0,Low
822,831.0,7.8662,80.01651,2026-09-11,Wildfire / Natural Fire,Wildfire / Natural Fire,16.8,Medium
1859,831.0,7.8662,80.01651,2026-09-11,Wildfire / Natural Fire,Wildfire / Natural Fire,16.8,Medium
823,832.0,7.89431,80.01201,2026-09-11,Wildfire / Natural Fire,Wildfire / Natural Fire,17.6,Medium
1860,832.0,7.89431,80.01201,2026-09-11,Wildfire / Natural Fire,Wildfire / Natural Fire,17.6,Medium
826,833.0,7.93462,80.06189,2026-09-11,Other/Unknown,Other/Unknown,0.0,Low
1863,833.0,7.93462,80.06189,2026-09-11,Other/Unknown,Other/Unknown,0.0,Low
829,834.0,7.95865,81.19073,2026-09-11,Other/Unknown,Other/Unknown,0.0,Low
1866,834.0,7.95865,81.19073,2026-09-11,Other/Unknown,Other/Unknown,0.0,Low
3648,834.0,7.95897,81.18918,2026-09-06,Other/Unknown,Other/Unknown,0.0,Low
832,835.0,7.99013,81.21532,2026-09-11,Other/Unknown,Other/Unknown,0.0,Low
1869,835.0,7.99013,81.21532,2026-09-11,Other/Unknown,Other/Unknown,0.0,Low
833,836.0,8.02441,81.07615,2026-09-11,Other/Unknown,Other/Unknown,0.0,Low
1870,836.0,8.02441,81.07615,2026-09-11,Other/Unknown,Other/Unknown,0.0,Low
834,837.0,8.02976,80.57709,2026-09-11,Other/Unknown,Other/Unknown,0.0,Low
1871,837.0,8.02976,80.57709,2026-09-11,Other/Unknown,Other/Unknown,0.0,Low
405,838.0,31.11923,74.6719,2026-09-09,Wildfire / Natural Fire,Wildfire / Natural Fire,16.8,Medium
406,838.0,31.12366,74.67133,2026-09-09,Wildfire / Natural Fire,Wildfire / Natural Fire,16.5,Medium
1442,838.0,31.11923,74.6719,2026-09-09,Wildfire / Natural Fire,Wildfire / Natural Fire,16.8,Medium
1443,838.0,31.12366,74.67133,2026-09-09,Wildfire / Natural Fire,Wildfire / Natural Fire,16.5,Medium
838,839.0,8.15112,80.08427,2026-09-11,Wildfire / Natural Fire,Wildfire / Natural Fire,16.8,Medium
1875,839.0,8.15112,80.08427,2026-09-11,Wildfire / Natural Fire,Wildfire / Natural Fire,16.8,Medium
839,840.0,8.20834,79.98703,2026-09-11,Other/Unknown,Other/Unknown,0.0,Low
1876,840.0,8.20834,79.98703,2026-09-11,Other/Unknown,Other/Unknown,0.0,Low
840,841.0,8.22219,81.02239,2026-09-11,Wildfire / Natural Fire,Wildfire / Natural Fire,16.6,Medium
1877,841.0,8.22219,81.02239,2026-09-11,Wildfire / Natural Fire,Wildfire / Natural Fire,16.6,Medium
841,842.0,8.23207,80.26948,2026-09-11,Other/Unknown,Other/Unknown,0.0,Low
1878,842.0,8.23207,80.26948,2026-09-11,Other/Unknown,Other/Unknown,0.0,Low
844,843.0,8.29414,80.21237,2026-09-11,Wildfire / Natural Fire,Wildfire / Natural Fire,16.8,Medium
1881,843.0,8.29414,80.21237,2026-09-11,Wildfire / Natural Fire,Wildfire / Natural Fire,16.8,Medium
4270,843.0,8.29047,80.20461,2026-09-07,Wildfire / Natural Fire,Wildfire / Natural Fire,16.6,Medium
4640,843.0,8.29091,80.21081,2026-08-31,Wildfire / Natural Fire,Wildfire / Natural Fire,16.8,Medium
5586,843.0,8.29243,80.20691,2026-08-25,Wildfire / Natural Fire,Wildfire / Natural Fire,17.2,Medium
7831,843.0,8.2831,80.20823,2026-08-09,Wildfire / Natural Fire,Wildfire / Natural Fire,17.0,Medium
11381,843.0,8.28383,80.2071,2026-07-19,Wildfire / Natural Fire,Wildfire / Natural Fire,16.5,Medium
11382,843.0,8.28436,80.21067,2026-07-19,Wildfire / Natural Fire,Wildfire / Natural Fire,16.7,Medium
847,844.0,8.30266,77.63816,2026-09-11,Other/Unknown,Other/Unknown,0.0,Low
1884,844.0,8.30266,77.63816,2026-09-11,Other/Unknown,Other/Unknown,0.0,Low
5911,844.0,8.30407,77.63763,2026-08-27,Other/Unknown,Other/Unknown,0.0,Low
5912,844.0,8.30766,77.63818,2026-08-27,Other/Unknown,Other/Unknown,0.0,Low
848,845.0,8.30716,80.17469,2026-09-11,Other/Unknown,Other/Unknown,0.0,Low
1885,845.0,8.30716,80.17469,2026-09-11,Other/Unknown,Other/Unknown,0.0,Low
851,846.0,8.33641,80.40082,2026-09-11,Other/Unknown,Other/Unknown,5.8,Low
1888,846.0,8.33641,80.40082,2026-09-11,Other/Unknown,Other/Unknown,5.8,Low
852,847.0,8.34312,80.37651,2026-09-11,Other/Unknown,Other/Unknown,0.0,Low
1889,847.0,8.34312,80.37651,2026-09-11,Other/Unknown,Other/Unknown,0.0,Low
853,848.0,8.36264,80.8055,2026-09-11,Wildfire / Natural Fire,Wildfire / Natural Fire,16.9,Medium
1890,848.0,8.36264,80.8055,2026-09-11,Wildfire / Natural Fire,Wildfire / Natural Fire,16.9,Medium
2178,848.0,8.35896,80.80308,2026-09-12,Wildfire / Natural Fire,Wildfire / Natural Fire,17.1,Medium
4646,848.0,8.35775,80.80066,2026-08-31,Wildfire / Natural Fire,Wildfire / Natural Fire,16.9,Medium
5204,848.0,8.35486,80.79696,2026-09-02,Wildfire / Natural Fire,Wildfire / Natural Fire,16.7,Medium
7832,848.0,8.35285,80.79776,2026-08-09,Wildfire / Natural Fire,Wildfire / Natural Fire,16.9,Medium
7833,848.0,8.35344,80.7984,2026-08-09,Wildfire / Natural Fire,Wildfire / Natural Fire,17.0,Medium
413,849.0,26.25893,74.09446,2026-09-09,Other/Unknown,Other/Unknown,0.0,Low
748,849.0,26.25889,74.09734,2026-09-10,Other/Unknown,Other/Unknown,0.0,Low
1450,849.0,26.25893,74.09446,2026-09-09,Other/Unknown,Other/Unknown,0.0,Low
1785,849.0,26.25889,74.09734,2026-09-10,Other/Unknown,Other/Unknown,0.0,Low
5458,849.0,26.25756,74.09525,2026-08-24,Other/Unknown,Other/Unknown,0.0,Low
6265,849.0,26.25635,74.09737,2026-08-19,Other/Unknown,Other/Unknown,0.0,Low
6979,849.0,26.25974,74.09682,2026-08-22,Other/Unknown,Other/Unknown,0.0,Low
7798,849.0,26.25886,74.09746,2026-08-18,Other/Unknown,Other/Unknown,0.0,Low
855,850.0,8.37283,80.80388,2026-09-11,Other/Unknown,Other/Unknown,0.0,Low
1892,850.0,8.37283,80.80388,2026-09-11,Other/Unknown,Other/Unknown,0.0,Low
856,851.0,8.38194,80.42064,2026-09-11,Industrial Fire,Industrial Fire,98.5,Critical
1893,851.0,8.38194,80.42064,2026-09-11,Industrial Fire,Industrial Fire,98.5,Critical
857,852.0,8.3827,80.4476,2026-09-11,Other/Unknown,Other/Unknown,8.5,Low
1894,852.0,8.3827,80.4476,2026-09-11,Other/Unknown,Other/Unknown,8.5,Low
858,853.0,8.39982,80.53334,2026-09-11,Other/Unknown,Other/Unknown,0.0,Low
1895,853.0,8.39982,80.53334,2026-09-11,Other/Unknown,Other/Unknown,0.0,Low
859,854.0,8.40384,80.33569,2026-09-11,Other/Unknown,Other/Unknown,0.0,Low
1896,854.0,8.40384,80.33569,2026-09-11,Other/Unknown,Other/Unknown,0.0,Low
417,855.0,26.92571,73.46764,2026-09-09,Other/Unknown,Other/Unknown,0.0,Low
753,855.0,26.926,73.46916,2026-09-10,Other/Unknown,Other/Unknown,0.0,Low
1454,855.0,26.92571,73.46764,2026-09-09,Other/Unknown,Other/Unknown,0.0,Low
1790,855.0,26.926,73.46916,2026-09-10,Other/Unknown,Other/Unknown,0.0,Low
864,856.0,8.48565,80.52334,2026-09-11,Other/Unknown,Other/Unknown,0.0,Low
1901,856.0,8.48565,80.52334,2026-09-11,Other/Unknown,Other/Unknown,0.0,Low
418,857.0,27.28872,73.83931,2026-09-09,Other/Unknown,Other/Unknown,0.0,Low
754,857.0,27.28744,73.8385,2026-09-10,Other/Unknown,Other/Unknown,0.0,Low
1455,857.0,27.28872,73.83931,2026-09-09,Other/Unknown,Other/Unknown,0.0,Low
1791,857.0,27.28744,73.8385,2026-09-10,Other/Unknown,Other/Unknown,0.0,Low
2491,857.0,27.28717,73.83929,2026-09-03,Other/Unknown,Other/Unknown,0.0,Low
5374,857.0,27.28717,73.83898,2026-09-02,Other/Unknown,Other/Unknown,0.0,Low
8849,857.0,27.2877,73.83897,2026-08-08,Other/Unknown,Other/Unknown,0.0,Low
10417,857.0,27.2882,73.83845,2026-07-29,Other/Unknown,Other/Unknown,0.0,Low
867,858.0,8.5069,80.7668,2026-09-11,Other/Unknown,Other/Unknown,0.0,Low
1904,858.0,8.5069,80.7668,2026-09-11,Other/Unknown,Other/Unknown,0.0,Low
3172,858.0,8.50867,80.7652,2026-09-05,Other/Unknown,Other/Unknown,0.0,Low
3173,858.0,8.51206,80.76469,2026-09-05,Other/Unknown,Other/Unknown,0.0,Low
9168,858.0,8.51208,80.76475,2026-07-31,Other/Unknown,Other/Unknown,0.0,Low
870,859.0,8.58726,80.3494,2026-09-11,Other/Unknown,Other/Unknown,0.0,Low
1907,859.0,8.58726,80.3494,2026-09-11,Other/Unknown,Other/Unknown,0.0,Low
871,860.0,8.61787,80.4757,2026-09-11,Other/Unknown,Other/Unknown,0.0,Low
1908,860.0,8.61787,80.4757,2026-09-11,Other/Unknown,Other/Unknown,0.0,Low
872,861.0,8.61995,78.07992,2026-09-11,Other/Unknown,Other/Unknown,0.0,Low
1909,861.0,8.61995,78.07992,2026-09-11,Other/Unknown,Other/Unknown,0.0,Low
873,862.0,8.64889,81.00204,2026-09-11,Other/Unknown,Other/Unknown,0.0,Low
1910,862.0,8.64889,81.00204,2026-09-11,Other/Unknown,Other/Unknown,0.0,Low
2631,862.0,8.63132,81.00479,2026-09-04,Other/Unknown,Other/Unknown,0.0,Low
2632,862.0,8.63193,81.00928,2026-09-04,Other/Unknown,Other/Unknown,0.0,Low
2633,862.0,8.63581,81.0042,2026-09-04,Other/Unknown,Other/Unknown,0.0,Low
2634,862.0,8.64029,81.00357,2026-09-04,Other/Unknown,Other/Unknown,0.0,Low
2635,862.0,8.6409,81.00806,2026-09-04,Other/Unknown,Other/Unknown,0.0,Low
2636,862.0,8.64538,81.00743,2026-09-04,Other/Unknown,Other/Unknown,0.0,Low
3197,862.0,8.62532,81.01054,2026-09-05,Other/Unknown,Other/Unknown,0.0,Low
3199,862.0,8.6293,81.01375,2026-09-05,Other/Unknown,Other/Unknown,0.0,Low
3202,862.0,8.62985,81.01746,2026-09-05,Other/Unknown,Other/Unknown,0.0,Low
3203,862.0,8.63106,81.0021,2026-09-05,Other/Unknown,Other/Unknown,0.0,Low
3204,862.0,8.63271,81.01324,2026-09-05,Other/Unknown,Other/Unknown,0.0,Low
3205,862.0,8.63327,81.01696,2026-09-05,Other/Unknown,Other/Unknown,0.0,Low
3206,862.0,8.63503,81.0053,2026-09-05,Other/Unknown,Other/Unknown,0.0,Low
874,863.0,8.68756,80.91789,2026-09-11,Other/Unknown,Other/Unknown,0.0,Low
1911,863.0,8.68756,80.91789,2026-09-11,Other/Unknown,Other/Unknown,0.0,Low
875,864.0,8.71449,80.17688,2026-09-11,Other/Unknown,Other/Unknown,0.0,Low
1912,864.0,8.71449,80.17688,2026-09-11,Other/Unknown,Other/Unknown,0.0,Low
876,865.0,8.72995,77.52225,2026-09-11,Other/Unknown,Other/Unknown,0.0,Low
1913,865.0,8.72995,77.52225,2026-09-11,Other/Unknown,Other/Unknown,0.0,Low
877,866.0,8.77848,77.56741,2026-09-11,Industrial Fire,Industrial Fire,98.0,Critical
1914,866.0,8.77848,77.56741,2026-09-11,Industrial Fire,Industrial Fire,98.0,Critical
878,867.0,8.92184,77.48255,2026-09-11,Wildfire / Natural Fire,Wildfire / Natural Fire,16.6,Medium
1915,867.0,8.92184,77.48255,2026-09-11,Wildfire / Natural Fire,Wildfire / Natural Fire,16.6,Medium
879,868.0,8.96205,80.7947,2026-09-11,Wildfire / Natural Fire,Wildfire / Natural Fire,15.9,Medium
1916,868.0,8.96205,80.7947,2026-09-11,Wildfire / Natural Fire,Wildfire / Natural Fire,15.9,Medium
880,869.0,8.97476,80.89706,2026-09-11,Wildfire / Natural Fire,Wildfire / Natural Fire,16.6,Medium
1917,869.0,8.97476,80.89706,2026-09-11,Wildfire / Natural Fire,Wildfire / Natural Fire,16.6,Medium
881,870.0,9.38751,80.61357,2026-09-11,Industrial Fire,Industrial Fire,97.1,Critical
1918,870.0,9.38751,80.61357,2026-09-11,Industrial Fire,Industrial Fire,97.1,Critical
882,871.0,18.21146,74.44026,2026-09-11,Other/Unknown,Other/Unknown,0.0,Low
1919,871.0,18.21146,74.44026,2026-09-11,Other/Unknown,Other/Unknown,0.0,Low
883,872.0,18.26146,75.48334,2026-09-11,Other/Unknown,Other/Unknown,0.0,Low
1920,872.0,18.26146,75.48334,2026-09-11,Other/Unknown,Other/Unknown,0.0,Low
887,873.0,21.1883,81.39214,2026-09-11,Persistent Industrial Thermal Source,Persistent Industrial Thermal Source,59.2,High
1924,873.0,21.1883,81.39214,2026-09-11,Persistent Industrial Thermal Source,Persistent Industrial Thermal Source,59.2,High
2873,873.0,21.18306,81.38803,2026-09-04,Persistent Industrial Thermal Source,Persistent Industrial Thermal Source,59.1,High
2874,873.0,21.18765,81.39323,2026-09-04,Persistent Industrial Thermal Source,Persistent Industrial Thermal Source,59.0,High
2875,873.0,21.18848,81.38943,2026-09-04,Persistent Industrial Thermal Source,Persistent Industrial Thermal Source,59.0,High
3793,873.0,21.17992,81.38543,2026-09-06,Persistent Industrial Thermal Source,Persistent Industrial Thermal Source,59.0,High
3794,873.0,21.18324,81.38604,2026-09-06,Persistent Industrial Thermal Source,Persistent Industrial Thermal Source,59.1,High
3795,873.0,21.18384,81.38232,2026-09-06,Persistent Industrial Thermal Source,Persistent Industrial Thermal Source,59.0,High
3796,873.0,21.18595,81.39038,2026-09-06,Persistent Industrial Thermal Source,Persistent Industrial Thermal Source,59.1,High
3797,873.0,21.18927,81.39099,2026-09-06,Persistent Industrial Thermal Source,Persistent Industrial Thermal Source,59.0,High
3799,873.0,21.19259,81.39162,2026-09-06,Persistent Industrial Thermal Source,Persistent Industrial Thermal Source,58.8,High
4198,873.0,21.1822,81.38818,2026-09-07,Persistent Industrial Thermal Source,Persistent Industrial Thermal Source,59.1,High
4199,873.0,21.18283,81.38342,2026-09-07,Persistent Industrial Thermal Source,Persistent Industrial Thermal Source,58.9,High
4200,873.0,21.18593,81.38875,2026-09-07,Persistent Industrial Thermal Source,Persistent Industrial Thermal Source,59.1,High
4201,873.0,21.19211,81.39938,2026-09-07,Persistent Industrial Thermal Source,Persistent Industrial Thermal Source,58.5,High
7964,873.0,21.18384,81.38453,2026-08-09,Persistent Industrial Thermal Source,Persistent Industrial Thermal Source,59.1,High
8587,873.0,21.17995,81.38754,2026-08-05,Persistent Industrial Thermal Source,Persistent Industrial Thermal Source,59.1,High
8588,873.0,21.18328,81.38815,2026-08-05,Persistent Industrial Thermal Source,Persistent Industrial Thermal Source,59.3,High
9031,873.0,21.18401,81.38397,2026-07-30,Persistent Industrial Thermal Source,Persistent Industrial Thermal Source,59.0,High
9032,873.0,21.18686,81.38953,2026-07-30,Persistent Industrial Thermal Source,Persistent Industrial Thermal Source,59.2,High
9033,873.0,21.1943,81.39109,2026-07-30,Persistent Industrial Thermal Source,Persistent Industrial Thermal Source,58.7,High
9338,873.0,21.17979,81.38728,2026-07-31,Persistent Industrial Thermal Source,Persistent Industrial Thermal Source,59.0,High
9339,873.0,21.18311,81.38786,2026-07-31,Persistent Industrial Thermal Source,Persistent Industrial Thermal Source,59.2,High
9340,873.0,21.18368,81.38416,2026-07-31,Persistent Industrial Thermal Source,Persistent Industrial Thermal Source,59.1,High
9341,873.0,21.18848,81.39189,2026-07-31,Persistent Industrial Thermal Source,Persistent Industrial Thermal Source,59.0,High
9342,873.0,21.1918,81.39248,2026-07-31,Persistent Industrial Thermal Source,Persistent Industrial Thermal Source,58.8,High
9397,873.0,21.18271,81.38761,2026-08-01,Persistent Industrial Thermal Source,Persistent Industrial Thermal Source,59.1,High
9398,873.0,21.18629,81.39201,2026-08-01,Persistent Industrial Thermal Source,Persistent Industrial Thermal Source,59.1,High
9399,873.0,21.18678,81.38819,2026-08-01,Persistent Industrial Thermal Source,Persistent Industrial Thermal Source,59.0,High
9400,873.0,21.19393,81.39698,2026-08-01,Persistent Industrial Thermal Source,Persistent Industrial Thermal Source,58.6,High
422,874.0,28.34753,77.25915,2026-09-09,Industrial Fire,Industrial Fire,94.4,Critical
423,874.0,28.34835,77.25511,2026-09-09,Industrial Fire,Industrial Fire,89.6,Critical
1459,874.0,28.34753,77.25915,2026-09-09,Industrial Fire,Industrial Fire,94.4,Critical
1460,874.0,28.34835,77.25511,2026-09-09,Industrial Fire,Industrial Fire,89.6,Critical
8360,874.0,28.34927,77.25589,2026-08-11,Industrial Fire,Industrial Fire,65.1,High
889,875.0,23.16489,82.34189,2026-09-11,Other/Unknown,Other/Unknown,1.1,Low
1926,875.0,23.16489,82.34189,2026-09-11,Other/Unknown,Other/Unknown,1.1,Low
3854,875.0,23.16375,82.34019,2026-09-06,Other/Unknown,Other/Unknown,4.2,Low
3855,875.0,23.16438,82.33635,2026-09-06,Other/Unknown,Other/Unknown,0.0,Low
3856,875.0,23.16645,82.34466,2026-09-06,Other/Unknown,Other/Unknown,4.2,Low
3857,875.0,23.16709,82.34083,2026-09-06,Other/Unknown,Other/Unknown,0.0,Low
6851,875.0,23.16562,82.3415,2026-08-22,Other/Unknown,Other/Unknown,0.0,Low
7415,875.0,23.16633,82.3391,2026-08-15,Other/Unknown,Other/Unknown,0.0,Low
8389,875.0,23.16594,82.33984,2026-08-12,Other/Unknown,Other/Unknown,0.0,Low
8573,875.0,23.16576,82.3386,2026-08-05,Other/Unknown,Other/Unknown,0.0,Low
9420,875.0,23.1645,82.33836,2026-08-01,Other/Unknown,Other/Unknown,0.0,Low
9722,875.0,23.16504,82.34126,2026-07-25,Other/Unknown,Other/Unknown,0.0,Low
9723,875.0,23.1658,82.33695,2026-07-25,Other/Unknown,Other/Unknown,0.0,Low
9724,875.0,23.16856,82.34196,2026-07-25,Other/Unknown,Other/Unknown,0.0,Low
10196,875.0,23.16798,82.3386,2026-07-28,Other/Unknown,Other/Unknown,0.0,Low
10410,875.0,23.1655,82.33852,2026-07-29,Other/Unknown,Other/Unknown,0.0,Low
10411,875.0,23.16623,82.33518,2026-07-29,Other/Unknown,Other/Unknown,0.0,Low
892,876.0,25.27196,69.08585,2026-09-11,Other/Unknown,Other/Unknown,0.0,Low
1929,876.0,25.27196,69.08585,2026-09-11,Other/Unknown,Other/Unknown,0.0,Low
425,877.0,28.37098,77.22699,2026-09-09,Persistent Industrial Thermal Source,Persistent Industrial Thermal Source,61.0,High
426,877.0,28.3718,77.22294,2026-09-09,Persistent Industrial Thermal Source,Persistent Industrial Thermal Source,60.8,High
758,877.0,28.37354,77.22604,2026-09-10,Persistent Industrial Thermal Source,Persistent Industrial Thermal Source,61.1,High
1462,877.0,28.37098,77.22699,2026-09-09,Persistent Industrial Thermal Source,Persistent Industrial Thermal Source,61.0,High
1463,877.0,28.3718,77.22294,2026-09-09,Persistent Industrial Thermal Source,Persistent Industrial Thermal Source,60.8,High
1795,877.0,28.37354,77.22604,2026-09-10,Persistent Industrial Thermal Source,Persistent Industrial Thermal Source,61.1,High
4124,877.0,28.37362,77.22543,2026-09-07,Persistent Industrial Thermal Source,Persistent Industrial Thermal Source,60.9,High
4360,877.0,28.37428,77.22549,2026-08-29,Persistent Industrial Thermal Source,Persistent Industrial Thermal Source,60.9,High
4738,877.0,28.37152,77.22688,2026-08-31,Persistent Industrial Thermal Source,Persistent Industrial Thermal Source,61.0,High
7915,877.0,28.37205,77.22668,2026-08-09,Persistent Industrial Thermal Source,Persistent Industrial Thermal Source,58.7,High
8994,877.0,28.37166,77.22602,2026-07-30,Persistent Industrial Thermal Source,Persistent Industrial Thermal Source,58.7,High
10374,877.0,28.37241,77.22707,2026-07-29,Persistent Industrial Thermal Source,Persistent Industrial Thermal Source,58.8,High
898,878.0,26.95863,68.40443,2026-09-11,Other/Unknown,Other/Unknown,0.0,Low
1935,878.0,26.95863,68.40443,2026-09-11,Other/Unknown,Other/Unknown,0.0,Low
432,879.0,32.57447,72.56104,2026-09-09,Other/Unknown,Other/Unknown,0.0,Low
725,879.0,32.57674,72.56385,2026-09-10,Other/Unknown,Other/Unknown,0.0,Low
1469,879.0,32.57447,72.56104,2026-09-09,Other/Unknown,Other/Unknown,0.0,Low
1762,879.0,32.57674,72.56385,2026-09-10,Other/Unknown,Other/Unknown,0.0,Low
2835,879.0,32.5767,72.56184,2026-09-04,Other/Unknown,Other/Unknown,0.0,Low
3760,879.0,32.57378,72.56132,2026-09-06,Other/Unknown,Other/Unknown,0.0,Low
4368,879.0,32.57529,72.56393,2026-08-29,Other/Unknown,Other/Unknown,0.0,Low
4552,879.0,32.57351,72.56357,2026-08-30,Other/Unknown,Other/Unknown,0.0,Low
4742,879.0,32.5747,72.56332,2026-08-31,Other/Unknown,Other/Unknown,0.0,Low
5467,879.0,32.57596,72.56307,2026-08-24,Other/Unknown,Other/Unknown,0.0,Low
5639,879.0,32.57449,72.56425,2026-08-25,Other/Unknown,Other/Unknown,0.0,Low
5728,879.0,32.5758,72.56439,2026-08-26,Other/Unknown,Other/Unknown,0.0,Low
5738,879.0,32.57602,72.56142,2026-08-26,Other/Unknown,Other/Unknown,0.0,Low
6452,879.0,32.57539,72.56554,2026-08-20,Other/Unknown,Other/Unknown,0.0,Low
6453,879.0,32.57585,72.56123,2026-08-20,Other/Unknown,Other/Unknown,0.0,Low
6653,879.0,32.57627,72.55994,2026-08-21,Other/Unknown,Other/Unknown,0.0,Low
7794,879.0,32.57403,72.5666,2026-08-18,Other/Unknown,Other/Unknown,0.0,Low
8572,879.0,32.57634,72.56051,2026-08-05,Other/Unknown,Other/Unknown,0.0,Low
10683,879.0,32.57362,72.5653,2026-07-23,Other/Unknown,Other/Unknown,0.0,Low
434,880.0,32.7166,72.77676,2026-09-09,Other/Unknown,Other/Unknown,0.0,Low
726,880.0,32.71613,72.77508,2026-09-10,Other/Unknown,Other/Unknown,0.0,Low
1471,880.0,32.7166,72.77676,2026-09-09,Other/Unknown,Other/Unknown,0.0,Low
1763,880.0,32.71613,72.77508,2026-09-10,Other/Unknown,Other/Unknown,0.0,Low
5468,880.0,32.71789,72.77715,2026-08-24,Other/Unknown,Other/Unknown,0.0,Low
904,881.0,29.13163,75.77078,2026-09-11,Industrial Fire,Industrial Fire,99.0,Critical
1941,881.0,29.13163,75.77078,2026-09-11,Industrial Fire,Industrial Fire,99.0,Critical
4362,881.0,29.12339,75.77961,2026-08-29,Industrial Fire,Industrial Fire,98.1,Critical
6270,881.0,29.12563,75.77744,2026-08-19,Industrial Fire,Industrial Fire,99.0,Critical
8519,881.0,29.12459,75.77742,2026-08-04,Industrial Fire,Industrial Fire,98.9,Critical
9000,881.0,29.12459,75.77606,2026-07-30,Industrial Fire,Industrial Fire,99.1,Critical
10876,881.0,29.12566,75.77786,2026-07-24,Industrial Fire,Industrial Fire,99.0,Critical
905,882.0,30.48006,73.87495,2026-09-11,Other/Unknown,Other/Unknown,0.0,Low
1942,882.0,30.48006,73.87495,2026-09-11,Other/Unknown,Other/Unknown,0.0,Low
906,883.0,30.72791,76.34161,2026-09-11,Other/Unknown,Other/Unknown,0.0,Low
1943,883.0,30.72791,76.34161,2026-09-11,Other/Unknown,Other/Unknown,0.0,Low
907,884.0,30.87024,70.64391,2026-09-11,Other/Unknown,Other/Unknown,0.0,Low
1944,884.0,30.87024,70.64391,2026-09-11,Other/Unknown,Other/Unknown,0.0,Low
908,885.0,30.87769,75.94084,2026-09-11,Other/Unknown,Other/Unknown,0.0,Low
1945,885.0,30.87769,75.94084,2026-09-11,Other/Unknown,Other/Unknown,0.0,Low
909,886.0,30.98912,74.20541,2026-09-11,Other/Unknown,Other/Unknown,0.0,Low
1946,886.0,30.98912,74.20541,2026-09-11,Other/Unknown,Other/Unknown,0.0,Low
910,887.0,31.25864,74.47987,2026-09-11,Other/Unknown,Other/Unknown,0.0,Low
1947,887.0,31.25864,74.47987,2026-09-11,Other/Unknown,Other/Unknown,0.0,Low
911,888.0,31.45933,74.51919,2026-09-11,Other/Unknown,Other/Unknown,0.0,Low
1948,888.0,31.45933,74.51919,2026-09-11,Other/Unknown,Other/Unknown,0.0,Low
912,889.0,31.59567,74.82895,2026-09-11,Other/Unknown,Other/Unknown,0.0,Low
1949,889.0,31.59567,74.82895,2026-09-11,Other/Unknown,Other/Unknown,0.0,Low
913,890.0,31.74919,74.49052,2026-09-11,Other/Unknown,Other/Unknown,0.0,Low
1950,890.0,31.74919,74.49052,2026-09-11,Other/Unknown,Other/Unknown,0.0,Low
914,891.0,31.78289,75.174,2026-09-11,Other/Unknown,Other/Unknown,0.0,Low
1951,891.0,31.78289,75.174,2026-09-11,Other/Unknown,Other/Unknown,0.0,Low
915,892.0,31.86762,75.00837,2026-09-11,Other/Unknown,Other/Unknown,0.0,Low
1952,892.0,31.86762,75.00837,2026-09-11,Other/Unknown,Other/Unknown,0.0,Low
916,893.0,32.1289,73.31739,2026-09-11,Other/Unknown,Other/Unknown,0.0,Low
1953,893.0,32.1289,73.31739,2026-09-11,Other/Unknown,Other/Unknown,0.0,Low
438,894.0,33.68788,72.7118,2026-09-09,Other/Unknown,Other/Unknown,0.0,Low
728,894.0,33.69003,72.71127,2026-09-10,Other/Unknown,Other/Unknown,0.0,Low
1475,894.0,33.68788,72.7118,2026-09-09,Other/Unknown,Other/Unknown,0.0,Low
1765,894.0,33.69003,72.71127,2026-09-10,Other/Unknown,Other/Unknown,0.0,Low
2815,894.0,33.68994,72.7104,2026-09-04,Other/Unknown,Other/Unknown,0.9,Low
3761,894.0,33.68644,72.71115,2026-09-06,Other/Unknown,Other/Unknown,0.9,Low
5453,894.0,33.68822,72.71246,2026-08-24,Other/Unknown,Other/Unknown,0.0,Low
5653,894.0,33.6881,72.71527,2026-08-25,Other/Unknown,Other/Unknown,0.0,Low
7277,894.0,33.68887,72.71381,2026-08-14,Other/Unknown,Other/Unknown,0.0,Low
7926,894.0,33.68818,72.70954,2026-08-09,Other/Unknown,Other/Unknown,1.0,Low
8840,894.0,33.68829,72.71162,2026-08-08,Other/Unknown,Other/Unknown,0.0,Low
10688,894.0,33.68776,72.71284,2026-07-23,Other/Unknown,Other/Unknown,0.0,Low
11316,894.0,33.68733,72.71353,2026-07-18,Other/Unknown,Other/Unknown,0.0,Low
926,895.0,30.44506,70.56732,2026-09-11,Other/Unknown,Other/Unknown,0.0,Low
1963,895.0,30.44506,70.56732,2026-09-11,Other/Unknown,Other/Unknown,0.0,Low
927,896.0,32.29601,74.31258,2026-09-11,Other/Unknown,Other/Unknown,0.0,Low
1964,896.0,32.29601,74.31258,2026-09-11,Other/Unknown,Other/Unknown,0.0,Low
4071,896.0,32.30096,74.31669,2026-09-07,Other/Unknown,Other/Unknown,0.0,Low
6021,896.0,32.29657,74.31654,2026-08-28,Other/Unknown,Other/Unknown,0.0,Low
9471,896.0,32.29587,74.31384,2026-08-01,Other/Unknown,Other/Unknown,0.0,Low
9917,896.0,32.29519,74.31212,2026-07-26,Other/Unknown,Other/Unknown,0.0,Low
929,897.0,33.71712,73.97829,2026-09-11,Other/Unknown,Other/Unknown,0.0,Low
1966,897.0,33.71712,73.97829,2026-09-11,Other/Unknown,Other/Unknown,0.0,Low
930,898.0,20.75914,85.29253,2026-09-11,Other/Unknown,Other/Unknown,0.8,Low
1967,898.0,20.75914,85.29253,2026-09-11,Other/Unknown,Other/Unknown,0.8,Low
2770,898.0,20.7613,85.29581,2026-09-04,Other/Unknown,Other/Unknown,0.9,Low
2771,898.0,20.76171,85.29136,2026-09-04,Other/Unknown,Other/Unknown,0.9,Low
2848,898.0,20.76145,85.29849,2026-09-04,Other/Unknown,Other/Unknown,0.9,Low
2849,898.0,20.76308,85.292,2026-09-04,Other/Unknown,Other/Unknown,4.1,Low
3461,898.0,20.75956,85.29154,2026-09-05,Other/Unknown,Other/Unknown,0.9,Low
3781,898.0,20.75904,85.29414,2026-09-06,Other/Unknown,Other/Unknown,0.9,Low
4009,898.0,20.76041,85.29862,2026-09-07,Other/Unknown,Other/Unknown,0.0,Low
4148,898.0,20.75949,85.2986,2026-09-07,Other/Unknown,Other/Unknown,4.1,Low
4149,898.0,20.76007,85.29493,2026-09-07,Other/Unknown,Other/Unknown,4.0,Low
4150,898.0,20.76065,85.29126,2026-09-07,Other/Unknown,Other/Unknown,4.0,Low
6276,898.0,20.75702,85.29877,2026-08-19,Other/Unknown,Other/Unknown,0.9,Low
6277,898.0,20.75727,85.29929,2026-08-19,Other/Unknown,Other/Unknown,0.9,Low
6278,898.0,20.75867,85.29228,2026-08-19,Other/Unknown,Other/Unknown,0.9,Low
6279,898.0,20.75887,85.29279,2026-08-19,Other/Unknown,Other/Unknown,4.1,Low
9393,898.0,20.76011,85.29779,2026-08-01,Other/Unknown,Other/Unknown,0.0,Low
9553,898.0,20.75994,85.29595,2026-08-02,Other/Unknown,Other/Unknown,0.0,Low
9554,898.0,20.76046,85.29165,2026-08-02,Other/Unknown,Other/Unknown,0.0,Low
942,899.0,22.05133,88.12428,2026-09-11,Other/Unknown,Other/Unknown,4.1,Low
1979,899.0,22.05133,88.12428,2026-09-11,Other/Unknown,Other/Unknown,4.1,Low
3501,899.0,22.05124,88.12263,2026-09-05,Other/Unknown,Other/Unknown,4.2,Low
3502,899.0,22.05524,88.12738,2026-09-05,Other/Unknown,Other/Unknown,4.2,Low
3503,899.0,22.05639,88.1225,2026-09-05,Other/Unknown,Other/Unknown,4.2,Low
3504,899.0,22.05721,88.12426,2026-09-05,Other/Unknown,Other/Unknown,4.2,Low
6476,899.0,22.0552,88.12618,2026-08-20,Other/Unknown,Other/Unknown,4.1,Low
6477,899.0,22.05638,88.12125,2026-08-20,Other/Unknown,Other/Unknown,4.1,Low
6661,899.0,22.05068,88.12516,2026-08-21,Other/Unknown,Other/Unknown,4.2,Low
6662,899.0,22.05519,88.12621,2026-08-21,Other/Unknown,Other/Unknown,4.2,Low
7047,899.0,22.04995,88.12524,2026-08-23,Other/Unknown,Other/Unknown,4.1,Low
7048,899.0,22.05338,88.12582,2026-08-23,Other/Unknown,Other/Unknown,4.1,Low
8503,899.0,22.06258,88.11909,2026-08-13,Other/Unknown,Other/Unknown,4.3,Low
8504,899.0,22.06281,88.12262,2026-08-13,Other/Unknown,Other/Unknown,4.3,Low
8505,899.0,22.06327,88.11887,2026-08-13,Other/Unknown,Other/Unknown,4.2,Low
8506,899.0,22.06728,88.11946,2026-08-13,Other/Unknown,Other/Unknown,4.3,Low
8793,899.0,22.05452,88.1247,2026-08-08,Other/Unknown,Other/Unknown,4.3,Low
10192,899.0,22.05366,88.12421,2026-07-28,Other/Unknown,Other/Unknown,4.2,Low
11121,899.0,22.05552,88.12594,2026-07-17,Other/Unknown,Other/Unknown,0.0,Low
11122,899.0,22.05614,88.12135,2026-07-17,Other/Unknown,Other/Unknown,0.0,Low
11307,899.0,22.05271,88.12284,2026-07-18,Other/Unknown,Other/Unknown,0.0,Low
943,900.0,22.2472,87.39132,2026-09-11,Other/Unknown,Other/Unknown,0.0,Low
1980,900.0,22.2472,87.39132,2026-09-11,Other/Unknown,Other/Unknown,0.0,Low
3506,900.0,22.24478,87.38964,2026-09-05,Other/Unknown,Other/Unknown,0.0,Low
5296,900.0,22.24434,87.38933,2026-09-02,Other/Unknown,Other/Unknown,0.0,Low
5640,900.0,22.24567,87.3872,2026-08-25,Other/Unknown,Other/Unknown,0.0,Low
5859,900.0,22.24742,87.38844,2026-08-27,Other/Unknown,Other/Unknown,0.0,Low
7049,900.0,22.24415,87.38719,2026-08-23,Other/Unknown,Other/Unknown,0.0,Low
8299,900.0,22.24713,87.38735,2026-08-11,Other/Unknown,Other/Unknown,0.0,Low
9252,900.0,22.24585,87.38941,2026-07-31,Other/Unknown,Other/Unknown,0.0,Low
9405,900.0,22.24395,87.38752,2026-08-01,Other/Unknown,Other/Unknown,0.0,Low
945,901.0,22.36546,87.01844,2026-09-11,Other/Unknown,Other/Unknown,0.0,Low
1982,901.0,22.36546,87.01844,2026-09-11,Other/Unknown,Other/Unknown,0.0,Low
3403,901.0,22.3653,87.01733,2026-09-05,Other/Unknown,Other/Unknown,0.0,Low
3507,901.0,22.36147,87.01765,2026-09-05,Other/Unknown,Other/Unknown,0.0,Low
3509,901.0,22.36706,87.01907,2026-09-05,Other/Unknown,Other/Unknown,0.0,Low
4347,901.0,22.36034,87.01775,2026-08-29,Other/Unknown,Other/Unknown,0.0,Low
4348,901.0,22.36468,87.01837,2026-08-29,Other/Unknown,Other/Unknown,0.0,Low
5439,901.0,22.36139,87.01068,2026-08-24,Other/Unknown,Other/Unknown,0.0,Low
5440,901.0,22.36172,87.01392,2026-08-24,Other/Unknown,Other/Unknown,0.0,Low
5642,901.0,22.36498,87.01769,2026-08-25,Other/Unknown,Other/Unknown,0.0,Low
5960,901.0,22.36216,87.01751,2026-08-28,Other/Unknown,Other/Unknown,0.0,Low
6217,901.0,22.36426,87.01864,2026-08-19,Other/Unknown,Other/Unknown,0.0,Low
6435,901.0,22.36236,87.01414,2026-08-20,Other/Unknown,Other/Unknown,0.0,Low
6436,901.0,22.36499,87.0154,2026-08-20,Other/Unknown,Other/Unknown,0.0,Low
6663,901.0,22.36072,87.01704,2026-08-21,Other/Unknown,Other/Unknown,0.0,Low
6664,901.0,22.36491,87.01798,2026-08-21,Other/Unknown,Other/Unknown,0.0,Low
7051,901.0,22.36347,87.01639,2026-08-23,Other/Unknown,Other/Unknown,0.0,Low
7053,901.0,22.36707,87.01698,2026-08-23,Other/Unknown,Other/Unknown,0.0,Low
7895,901.0,22.36211,87.01589,2026-08-09,Other/Unknown,Other/Unknown,0.0,Low
7896,901.0,22.36279,87.01665,2026-08-09,Other/Unknown,Other/Unknown,0.0,Low
7897,901.0,22.36856,87.01659,2026-08-09,Other/Unknown,Other/Unknown,0.0,Low
8647,901.0,22.36406,87.0181,2026-08-06,Other/Unknown,Other/Unknown,0.0,Low
8648,901.0,22.36742,87.01875,2026-08-06,Other/Unknown,Other/Unknown,0.0,Low
9265,901.0,22.36033,87.01907,2026-07-31,Other/Unknown,Other/Unknown,0.0,Low
9413,901.0,22.36079,87.01614,2026-08-01,Other/Unknown,Other/Unknown,0.0,Low
11308,901.0,22.35911,87.0171,2026-07-18,Other/Unknown,Other/Unknown,0.0,Low
11309,901.0,22.36441,87.01776,2026-07-18,Other/Unknown,Other/Unknown,0.0,Low
453,902.0,21.69743,72.53883,2026-09-09,Industrial Fire,Industrial Fire,98.3,Critical
769,902.0,21.6959,72.5407,2026-09-10,Industrial Fire,Industrial Fire,98.5,Critical
770,902.0,21.6993,72.54128,2026-09-10,Industrial Fire,Industrial Fire,98.4,Critical
1490,902.0,21.69743,72.53883,2026-09-09,Industrial Fire,Industrial Fire,98.3,Critical
1806,902.0,21.6959,72.5407,2026-09-10,Industrial Fire,Industrial Fire,98.5,Critical
1807,902.0,21.6993,72.54128,2026-09-10,Industrial Fire,Industrial Fire,98.4,Critical
948,903.0,22.37859,87.28189,2026-09-11,Other/Unknown,Other/Unknown,0.0,Low
1985,903.0,22.37859,87.28189,2026-09-11,Other/Unknown,Other/Unknown,0.0,Low
3384,903.0,22.3772,87.27846,2026-09-05,Other/Unknown,Other/Unknown,0.0,Low
3404,903.0,22.37548,87.27741,2026-09-05,Other/Unknown,Other/Unknown,0.0,Low
3405,903.0,22.38052,87.27566,2026-09-05,Other/Unknown,Other/Unknown,0.0,Low
3514,903.0,22.37874,87.28191,2026-09-05,Other/Unknown,Other/Unknown,0.0,Low
3515,903.0,22.37881,87.27996,2026-09-05,Other/Unknown,Other/Unknown,0.0,Low
3516,903.0,22.37973,87.27766,2026-09-05,Other/Unknown,Other/Unknown,0.0,Low
4106,903.0,22.37614,87.27805,2026-09-07,Other/Unknown,Other/Unknown,0.0,Low
4298,903.0,22.37586,87.27822,2026-08-29,Other/Unknown,Other/Unknown,0.0,Low
4299,903.0,22.37665,87.28234,2026-08-29,Other/Unknown,Other/Unknown,0.0,Low
4350,903.0,22.37698,87.28178,2026-08-29,Other/Unknown,Other/Unknown,0.0,Low
4351,903.0,22.37749,87.27749,2026-08-29,Other/Unknown,Other/Unknown,0.0,Low
5441,903.0,22.37227,87.27415,2026-08-24,Other/Unknown,Other/Unknown,0.0,Low
5644,903.0,22.37608,87.27892,2026-08-25,Other/Unknown,Other/Unknown,0.0,Low
5645,903.0,22.37654,87.27341,2026-08-25,Other/Unknown,Other/Unknown,0.0,Low
5646,903.0,22.37812,87.2802,2026-08-25,Other/Unknown,Other/Unknown,0.0,Low
5647,903.0,22.37854,87.27468,2026-08-25,Other/Unknown,Other/Unknown,0.0,Low
5862,903.0,22.3763,87.27986,2026-08-27,Other/Unknown,Other/Unknown,0.0,Low
5863,903.0,22.3771,87.27546,2026-08-27,Other/Unknown,Other/Unknown,0.0,Low
5961,903.0,22.377,87.2805,2026-08-28,Other/Unknown,Other/Unknown,0.0,Low
6666,903.0,22.37519,87.27901,2026-08-21,Other/Unknown,Other/Unknown,0.0,Low
6667,903.0,22.37663,87.28174,2026-08-21,Other/Unknown,Other/Unknown,0.0,Low
6668,903.0,22.37751,87.2774,2026-08-21,Other/Unknown,Other/Unknown,0.0,Low
6669,903.0,22.37945,87.28,2026-08-21,Other/Unknown,Other/Unknown,0.0,Low
6793,903.0,22.3785,87.27773,2026-08-22,Other/Unknown,Other/Unknown,0.0,Low
7054,903.0,22.37646,87.2821,2026-08-23,Other/Unknown,Other/Unknown,0.0,Low
7055,903.0,22.37705,87.27776,2026-08-23,Other/Unknown,Other/Unknown,0.0,Low
7056,903.0,22.37808,87.27902,2026-08-23,Other/Unknown,Other/Unknown,0.0,Low
7057,903.0,22.37884,87.29135,2026-08-23,Other/Unknown,Other/Unknown,0.0,Low
7058,903.0,22.37943,87.28702,2026-08-23,Other/Unknown,Other/Unknown,0.0,Low
7059,903.0,22.38041,87.28827,2026-08-23,Other/Unknown,Other/Unknown,0.0,Low
7510,903.0,22.37709,87.27881,2026-08-16,Other/Unknown,Other/Unknown,0.0,Low
9051,903.0,22.37656,87.28073,2026-07-30,Other/Unknown,Other/Unknown,0.0,Low
9052,903.0,22.37732,87.2773,2026-07-30,Other/Unknown,Other/Unknown,0.0,Low
9270,903.0,22.37564,87.2798,2026-07-31,Other/Unknown,Other/Unknown,0.0,Low
9271,903.0,22.37952,87.28065,2026-07-31,Other/Unknown,Other/Unknown,0.0,Low
9272,903.0,22.38054,87.27535,2026-07-31,Other/Unknown,Other/Unknown,0.0,Low
9378,903.0,22.37792,87.2805,2026-08-01,Other/Unknown,Other/Unknown,0.0,Low
9417,903.0,22.37601,87.28139,2026-08-01,Other/Unknown,Other/Unknown,0.0,Low
9418,903.0,22.3766,87.27768,2026-08-01,Other/Unknown,Other/Unknown,0.0,Low
9419,903.0,22.3799,87.27829,2026-08-01,Other/Unknown,Other/Unknown,0.0,Low
9721,903.0,22.37681,87.27899,2026-07-25,Other/Unknown,Other/Unknown,0.0,Low
10194,903.0,22.37802,87.28059,2026-07-28,Other/Unknown,Other/Unknown,0.0,Low
10195,903.0,22.37854,87.27636,2026-07-28,Other/Unknown,Other/Unknown,0.0,Low
457,904.0,22.41555,69.03904,2026-09-09,Persistent Industrial Thermal Source,Persistent Industrial Thermal Source,59.2,High
458,904.0,22.41887,69.03963,2026-09-09,Persistent Industrial Thermal Source,Persistent Industrial Thermal Source,59.0,High
772,904.0,22.41582,69.04021,2026-09-10,Persistent Industrial Thermal Source,Persistent Industrial Thermal Source,59.1,High
949,904.0,22.41649,69.03779,2026-09-11,Persistent Industrial Thermal Source,Persistent Industrial Thermal Source,59.1,High
1494,904.0,22.41555,69.03904,2026-09-09,Persistent Industrial Thermal Source,Persistent Industrial Thermal Source,59.2,High
1495,904.0,22.41887,69.03963,2026-09-09,Persistent Industrial Thermal Source,Persistent Industrial Thermal Source,59.0,High
1809,904.0,22.41582,69.04021,2026-09-10,Persistent Industrial Thermal Source,Persistent Industrial Thermal Source,59.1,High
1986,904.0,22.41649,69.03779,2026-09-11,Persistent Industrial Thermal Source,Persistent Industrial Thermal Source,59.1,High
2351,904.0,22.4173,69.04085,2026-09-03,Persistent Industrial Thermal Source,Persistent Industrial Thermal Source,59.3,High
2697,904.0,22.41645,69.03945,2026-09-04,Persistent Industrial Thermal Source,Persistent Industrial Thermal Source,59.4,High
5687,904.0,22.4152,69.03896,2026-08-25,Persistent Industrial Thermal Source,Persistent Industrial Thermal Source,59.1,High
8012,904.0,22.41452,69.03976,2026-08-09,Persistent Industrial Thermal Source,Persistent Industrial Thermal Source,59.1,High
10245,904.0,22.41543,69.03886,2026-07-28,Persistent Industrial Thermal Source,Persistent Industrial Thermal Source,59.1,High
10246,904.0,22.41875,69.0395,2026-07-28,Persistent Industrial Thermal Source,Persistent Industrial Thermal Source,59.0,High
955,905.0,23.5627,87.08546,2026-09-11,Other/Unknown,Other/Unknown,3.9,Low
1992,905.0,23.5627,87.08546,2026-09-11,Other/Unknown,Other/Unknown,3.9,Low
2359,905.0,23.56118,87.08237,2026-09-03,Other/Unknown,Other/Unknown,4.0,Low
6222,905.0,23.56008,87.08398,2026-08-19,Other/Unknown,Other/Unknown,3.9,Low
6223,905.0,23.56234,87.08282,2026-08-19,Other/Unknown,Other/Unknown,3.9,Low
6494,905.0,23.5599,87.08255,2026-08-20,Other/Unknown,Other/Unknown,3.9,Low
6496,905.0,23.56388,87.08366,2026-08-20,Other/Unknown,Other/Unknown,3.9,Low
8794,905.0,23.5617,87.08315,2026-08-08,Other/Unknown,Other/Unknown,4.1,Low
8795,905.0,23.56486,87.08422,2026-08-08,Other/Unknown,Other/Unknown,0.7,Low
9281,905.0,23.56294,87.08233,2026-07-31,Other/Unknown,Other/Unknown,4.0,Low
9421,905.0,23.5629,87.08395,2026-08-01,Other/Unknown,Other/Unknown,1.8,Low
459,906.0,22.65471,70.98373,2026-09-09,Other/Unknown,Other/Unknown,0.0,Low
773,906.0,22.65436,70.98223,2026-09-10,Other/Unknown,Other/Unknown,0.0,Low
1496,906.0,22.65471,70.98373,2026-09-09,Other/Unknown,Other/Unknown,0.0,Low
1810,906.0,22.65436,70.98223,2026-09-10,Other/Unknown,Other/Unknown,0.0,Low
461,907.0,22.90915,69.69665,2026-09-09,Other/Unknown,Other/Unknown,0.0,Low
462,907.0,22.91245,69.69726,2026-09-09,Other/Unknown,Other/Unknown,0.0,Low
775,907.0,22.90592,69.70102,2026-09-10,Other/Unknown,Other/Unknown,0.0,Low
1498,907.0,22.90915,69.69665,2026-09-09,Other/Unknown,Other/Unknown,0.0,Low
1499,907.0,22.91245,69.69726,2026-09-09,Other/Unknown,Other/Unknown,0.0,Low
1812,907.0,22.90592,69.70102,2026-09-10,Other/Unknown,Other/Unknown,0.0,Low
463,908.0,22.92675,69.82255,2026-09-09,Industrial Fire,Industrial Fire,98.9,Critical
950,908.0,22.9267,69.82265,2026-09-11,Industrial Fire,Industrial Fire,98.9,Critical
1500,908.0,22.92675,69.82255,2026-09-09,Industrial Fire,Industrial Fire,98.9,Critical
1987,908.0,22.9267,69.82265,2026-09-11,Industrial Fire,Industrial Fire,98.9,Critical
2434,908.0,22.92733,69.82601,2026-09-03,Industrial Fire,Industrial Fire,98.9,Critical
2914,908.0,22.92655,69.82481,2026-09-04,Industrial Fire,Industrial Fire,98.9,Critical
5750,908.0,22.9245,69.82229,2026-08-26,Industrial Fire,Industrial Fire,98.8,Critical
5751,908.0,22.92565,69.82343,2026-08-26,Industrial Fire,Industrial Fire,98.8,Critical
11324,908.0,22.92603,69.82461,2026-07-18,Industrial Fire,Industrial Fire,98.9,Critical
970,909.0,23.69408,85.36958,2026-09-11,Other/Unknown,Other/Unknown,0.0,Low
2007,909.0,23.69408,85.36958,2026-09-11,Other/Unknown,Other/Unknown,0.0,Low
2376,909.0,23.69792,85.36774,2026-09-03,Other/Unknown,Other/Unknown,0.0,Low
2824,909.0,23.69545,85.36923,2026-09-04,Other/Unknown,Other/Unknown,0.0,Low
3549,909.0,23.69439,85.372,2026-09-05,Other/Unknown,Other/Unknown,0.0,Low
3550,909.0,23.6945,85.37199,2026-09-05,Other/Unknown,Other/Unknown,0.0,Low
5298,909.0,23.69712,85.35915,2026-09-02,Other/Unknown,Other/Unknown,0.0,Low
6523,909.0,23.69603,85.37061,2026-08-20,Other/Unknown,Other/Unknown,0.0,Low
6876,909.0,23.69452,85.36971,2026-08-22,Other/Unknown,Other/Unknown,0.0,Low
7536,909.0,23.69622,85.37119,2026-08-16,Other/Unknown,Other/Unknown,0.0,Low
8023,909.0,23.69139,85.37067,2026-08-09,Other/Unknown,Other/Unknown,0.0,Low
8024,909.0,23.69188,85.37228,2026-08-09,Other/Unknown,Other/Unknown,0.0,Low
8025,909.0,23.69277,85.36834,2026-08-09,Other/Unknown,Other/Unknown,0.0,Low
8026,909.0,23.69682,85.37211,2026-08-09,Other/Unknown,Other/Unknown,0.0,Low
8027,909.0,23.6982,85.36979,2026-08-09,Other/Unknown,Other/Unknown,0.0,Low
8164,909.0,23.69358,85.36925,2026-08-10,Other/Unknown,Other/Unknown,0.0,Low
8166,909.0,23.69766,85.37018,2026-08-10,Other/Unknown,Other/Unknown,0.0,Low
9053,909.0,23.69751,85.35513,2026-07-30,Other/Unknown,Other/Unknown,0.0,Low
9297,909.0,23.69382,85.37219,2026-07-31,Other/Unknown,Other/Unknown,0.0,Low
9302,909.0,23.69805,85.36868,2026-07-31,Other/Unknown,Other/Unknown,0.0,Low
473,910.0,24.8211,73.09267,2026-09-09,Persistent Industrial Thermal Source,Persistent Industrial Thermal Source,60.2,High
744,910.0,24.8193,73.09328,2026-09-10,Persistent Industrial Thermal Source,Persistent Industrial Thermal Source,60.0,High
1510,910.0,24.8211,73.09267,2026-09-09,Persistent Industrial Thermal Source,Persistent Industrial Thermal Source,60.2,High
1781,910.0,24.8193,73.09328,2026-09-10,Persistent Industrial Thermal Source,Persistent Industrial Thermal Source,60.0,High
2829,910.0,24.82064,73.09454,2026-09-04,Persistent Industrial Thermal Source,Persistent Industrial Thermal Source,60.0,High
2830,910.0,24.82128,73.0907,2026-09-04,Persistent Industrial Thermal Source,Persistent Industrial Thermal Source,60.1,High
4376,910.0,24.82164,73.09422,2026-08-29,Persistent Industrial Thermal Source,Persistent Industrial Thermal Source,58.9,High
5371,910.0,24.82198,73.09294,2026-09-02,Persistent Industrial Thermal Source,Persistent Industrial Thermal Source,60.1,High
5489,910.0,24.8168,73.0893,2026-08-24,Persistent Industrial Thermal Source,Persistent Industrial Thermal Source,59.8,High
10991,910.0,24.81998,73.09123,2026-07-16,Persistent Industrial Thermal Source,Persistent Industrial Thermal Source,58.9,High
10992,910.0,24.82027,73.09111,2026-07-16,Persistent Industrial Thermal Source,Persistent Industrial Thermal Source,58.9,High
11330,910.0,24.8203,73.09184,2026-07-18,Persistent Industrial Thermal Source,Persistent Industrial Thermal Source,58.9,High
975,911.0,23.71227,86.45252,2026-09-11,Other/Unknown,Other/Unknown,0.0,Low
2012,911.0,23.71227,86.45252,2026-09-11,Other/Unknown,Other/Unknown,0.0,Low
2377,911.0,23.70747,86.44939,2026-09-03,Other/Unknown,Other/Unknown,0.0,Low
2379,911.0,23.71161,86.45001,2026-09-03,Other/Unknown,Other/Unknown,0.0,Low
2382,911.0,23.71576,86.45063,2026-09-03,Other/Unknown,Other/Unknown,0.0,Low
2383,911.0,23.71672,86.44246,2026-09-03,Other/Unknown,Other/Unknown,0.0,Low
2386,911.0,23.7255,86.43961,2026-09-03,Other/Unknown,Other/Unknown,0.0,Low
2740,911.0,23.71136,86.45217,2026-09-04,Other/Unknown,Other/Unknown,0.0,Low
3387,911.0,23.71049,86.45036,2026-09-05,Other/Unknown,Other/Unknown,0.0,Low
3553,911.0,23.70973,86.44808,2026-09-05,Other/Unknown,Other/Unknown,0.0,Low
3554,911.0,23.71498,86.44942,2026-09-05,Other/Unknown,Other/Unknown,0.0,Low
4047,911.0,23.71457,86.45176,2026-09-07,Other/Unknown,Other/Unknown,0.0,Low
6524,911.0,23.70871,86.44867,2026-08-20,Other/Unknown,Other/Unknown,0.0,Low
6525,911.0,23.70951,86.44509,2026-08-20,Other/Unknown,Other/Unknown,0.0,Low
6526,911.0,23.71143,86.45005,2026-08-20,Other/Unknown,Other/Unknown,0.0,Low
6527,911.0,23.71226,86.44649,2026-08-20,Other/Unknown,Other/Unknown,0.0,Low
6528,911.0,23.71398,86.45003,2026-08-20,Other/Unknown,Other/Unknown,0.0,Low
6620,911.0,23.70997,86.44798,2026-08-21,Other/Unknown,Other/Unknown,0.0,Low
6621,911.0,23.71468,86.45161,2026-08-21,Other/Unknown,Other/Unknown,0.0,Low
6878,911.0,23.70707,86.44749,2026-08-22,Other/Unknown,Other/Unknown,0.0,Low
6879,911.0,23.71037,86.44811,2026-08-22,Other/Unknown,Other/Unknown,0.0,Low
6881,911.0,23.71307,86.4525,2026-08-22,Other/Unknown,Other/Unknown,0.0,Low
6882,911.0,23.71368,86.44874,2026-08-22,Other/Unknown,Other/Unknown,0.0,Low
6884,911.0,23.7182,86.44186,2026-08-22,Other/Unknown,Other/Unknown,0.0,Low
7009,911.0,23.71326,86.45322,2026-08-23,Other/Unknown,Other/Unknown,0.0,Low
7076,911.0,23.70849,86.44699,2026-08-23,Other/Unknown,Other/Unknown,0.0,Low
7077,911.0,23.71161,86.45256,2026-08-23,Other/Unknown,Other/Unknown,0.0,Low
7078,911.0,23.71226,86.44759,2026-08-23,Other/Unknown,Other/Unknown,0.0,Low
7081,911.0,23.71666,86.44323,2026-08-23,Other/Unknown,Other/Unknown,0.0,Low
7085,911.0,23.72484,86.43946,2026-08-23,Other/Unknown,Other/Unknown,0.0,Low
7511,911.0,23.71242,86.45026,2026-08-16,Other/Unknown,Other/Unknown,0.0,Low
7909,911.0,23.72358,86.43977,2026-08-09,Other/Unknown,Other/Unknown,0.0,Low
7910,911.0,23.72545,86.43877,2026-08-09,Other/Unknown,Other/Unknown,0.0,Low
8136,911.0,23.71038,86.44572,2026-08-10,Other/Unknown,Other/Unknown,0.0,Low
8267,911.0,23.70852,86.44854,2026-08-11,Other/Unknown,Other/Unknown,0.0,Low
8268,911.0,23.71266,86.45232,2026-08-11,Other/Unknown,Other/Unknown,0.0,Low
8714,911.0,23.72468,86.44123,2026-08-07,Other/Unknown,Other/Unknown,0.0,Low
9517,911.0,23.71281,86.45299,2026-08-02,Other/Unknown,Other/Unknown,0.0,Low
9518,911.0,23.71329,86.44895,2026-08-02,Other/Unknown,Other/Unknown,0.0,Low
9519,911.0,23.71837,86.44152,2026-08-02,Other/Unknown,Other/Unknown,0.0,Low
9521,911.0,23.72297,86.4381,2026-08-02,Other/Unknown,Other/Unknown,0.0,Low
976,912.0,23.73847,86.43504,2026-09-11,Other/Unknown,Other/Unknown,0.0,Low
2013,912.0,23.73847,86.43504,2026-09-11,Other/Unknown,Other/Unknown,0.0,Low
2387,912.0,23.73892,86.43327,2026-09-03,Other/Unknown,Other/Unknown,0.0,Low
2743,912.0,23.73572,86.43427,2026-09-04,Other/Unknown,Other/Unknown,0.0,Low
3388,912.0,23.73798,86.4348,2026-09-05,Other/Unknown,Other/Unknown,0.0,Low
3555,912.0,23.73551,86.43227,2026-09-05,Other/Unknown,Other/Unknown,0.0,Low
3556,912.0,23.74075,86.43363,2026-09-05,Other/Unknown,Other/Unknown,0.0,Low
4048,912.0,23.73581,86.43229,2026-09-07,Other/Unknown,Other/Unknown,0.0,Low
4049,912.0,23.73637,86.43615,2026-09-07,Other/Unknown,Other/Unknown,1.0,Low
4050,912.0,23.73973,86.43557,2026-09-07,Other/Unknown,Other/Unknown,0.0,Low
6531,912.0,23.7374,86.4341,2026-08-20,Other/Unknown,Other/Unknown,0.0,Low
6887,912.0,23.73633,86.43303,2026-08-22,Other/Unknown,Other/Unknown,1.6,Low
6888,912.0,23.73694,86.42928,2026-08-22,Other/Unknown,Other/Unknown,0.0,Low
7086,912.0,23.73679,86.43628,2026-08-23,Other/Unknown,Other/Unknown,0.0,Low
7087,912.0,23.73744,86.43132,2026-08-23,Other/Unknown,Other/Unknown,0.0,Low
7911,912.0,23.73755,86.43457,2026-08-09,Other/Unknown,Other/Unknown,0.0,Low
8137,912.0,23.73582,86.4325,2026-08-10,Other/Unknown,Other/Unknown,0.0,Low
8138,912.0,23.73635,86.43119,2026-08-10,Other/Unknown,Other/Unknown,0.0,Low
8139,912.0,23.74017,86.43353,2026-08-10,Other/Unknown,Other/Unknown,0.0,Low
8140,912.0,23.74069,86.43222,2026-08-10,Other/Unknown,Other/Unknown,0.0,Low
8269,912.0,23.73802,86.43224,2026-08-11,Other/Unknown,Other/Unknown,0.0,Low
8270,912.0,23.73859,86.43661,2026-08-11,Other/Unknown,Other/Unknown,0.0,Low
8440,912.0,23.73618,86.43395,2026-08-13,Other/Unknown,Other/Unknown,0.0,Low
8441,912.0,23.73811,86.43422,2026-08-13,Other/Unknown,Other/Unknown,0.0,Low
8499,912.0,23.73823,86.43073,2026-08-13,Other/Unknown,Other/Unknown,0.0,Low
8715,912.0,23.73722,86.43314,2026-08-07,Other/Unknown,Other/Unknown,0.0,Low
8716,912.0,23.73785,86.4282,2026-08-07,Other/Unknown,Other/Unknown,0.0,Low
8717,912.0,23.74098,86.43374,2026-08-07,Other/Unknown,Other/Unknown,0.0,Low
9522,912.0,23.73582,86.43589,2026-08-02,Other/Unknown,Other/Unknown,0.0,Low
9523,912.0,23.73631,86.43188,2026-08-02,Other/Unknown,Other/Unknown,1.7,Low
9891,912.0,23.73857,86.43585,2026-07-26,Other/Unknown,Other/Unknown,0.0,Low
10059,912.0,23.73754,86.4345,2026-07-27,Other/Unknown,Other/Unknown,0.0,Low
10365,912.0,23.73965,86.43343,2026-07-29,Other/Unknown,Other/Unknown,0.0,Low
10500,912.0,23.73733,86.4358,2026-07-21,Other/Unknown,Other/Unknown,0.0,Low
10857,912.0,23.73656,86.43629,2026-07-24,Other/Unknown,Other/Unknown,2.0,Low
977,913.0,23.73969,85.01115,2026-09-11,Other/Unknown,Other/Unknown,0.0,Low
2014,913.0,23.73969,85.01115,2026-09-11,Other/Unknown,Other/Unknown,0.0,Low
2388,913.0,23.73894,85.0092,2026-09-03,Other/Unknown,Other/Unknown,0.0,Low
2389,913.0,23.73955,85.01097,2026-09-03,Other/Unknown,Other/Unknown,0.0,Low
6889,913.0,23.73948,85.00904,2026-08-22,Other/Unknown,Other/Unknown,0.0,Low
7540,913.0,23.73841,85.00768,2026-08-16,Other/Unknown,Other/Unknown,0.0,Low
8169,913.0,23.73483,85.00838,2026-08-10,Other/Unknown,Other/Unknown,0.0,Low
8171,913.0,23.73882,85.00931,2026-08-10,Other/Unknown,Other/Unknown,0.0,Low
9730,913.0,23.73395,85.00816,2026-07-25,Other/Unknown,Other/Unknown,0.0,Low
9731,913.0,23.73794,85.00908,2026-07-25,Other/Unknown,Other/Unknown,0.0,Low
978,914.0,23.75447,85.85305,2026-09-11,Other/Unknown,Other/Unknown,0.0,Low
2015,914.0,23.75447,85.85305,2026-09-11,Other/Unknown,Other/Unknown,0.0,Low
2242,914.0,23.7564,85.85259,2026-09-12,Other/Unknown,Other/Unknown,0.0,Low
2391,914.0,23.75436,85.85263,2026-09-03,Other/Unknown,Other/Unknown,0.0,Low
2392,914.0,23.75678,85.85565,2026-09-03,Other/Unknown,Other/Unknown,0.0,Low
2393,914.0,23.75731,85.85121,2026-09-03,Other/Unknown,Other/Unknown,0.0,Low
2394,914.0,23.75867,85.85327,2026-09-03,Other/Unknown,Other/Unknown,0.0,Low
2744,914.0,23.75746,85.85387,2026-09-04,Other/Unknown,Other/Unknown,0.0,Low
3557,914.0,23.75568,85.85284,2026-09-05,Other/Unknown,Other/Unknown,0.0,Low
4108,914.0,23.75589,85.85011,2026-09-07,Other/Unknown,Other/Unknown,0.0,Low
6622,914.0,23.75674,85.85435,2026-08-21,Other/Unknown,Other/Unknown,0.0,Low
6893,914.0,23.75426,85.85425,2026-08-22,Other/Unknown,Other/Unknown,0.0,Low
6894,914.0,23.75485,85.8505,2026-08-22,Other/Unknown,Other/Unknown,0.0,Low
6895,914.0,23.75756,85.85487,2026-08-22,Other/Unknown,Other/Unknown,0.0,Low
7542,914.0,23.75624,85.8518,2026-08-16,Other/Unknown,Other/Unknown,0.0,Low
7543,914.0,23.75901,85.8569,2026-08-16,Other/Unknown,Other/Unknown,0.0,Low
8142,914.0,23.75457,85.85389,2026-08-10,Other/Unknown,Other/Unknown,0.0,Low
8143,914.0,23.75578,85.85191,2026-08-10,Other/Unknown,Other/Unknown,0.0,Low
8144,914.0,23.75876,85.85487,2026-08-10,Other/Unknown,Other/Unknown,0.0,Low
8337,914.0,23.75401,85.85337,2026-08-11,Other/Unknown,Other/Unknown,0.0,Low
8338,914.0,23.75737,85.85403,2026-08-11,Other/Unknown,Other/Unknown,0.0,Low
9381,914.0,23.75833,85.85569,2026-08-01,Other/Unknown,Other/Unknown,0.0,Low
9439,914.0,23.75588,85.85352,2026-08-01,Other/Unknown,Other/Unknown,0.0,Low
9441,914.0,23.75925,85.8541,2026-08-01,Other/Unknown,Other/Unknown,0.0,Low
477,915.0,25.7812,73.699,2026-09-09,Other/Unknown,Other/Unknown,3.7,Low
478,915.0,25.78472,73.69977,2026-09-09,Other/Unknown,Other/Unknown,3.7,Low
692,915.0,25.78353,73.69852,2026-09-10,Other/Unknown,Other/Unknown,3.4,Low
747,915.0,25.78426,73.6976,2026-09-10,Other/Unknown,Other/Unknown,0.3,Low
1514,915.0,25.7812,73.699,2026-09-09,Other/Unknown,Other/Unknown,3.7,Low
1515,915.0,25.78472,73.69977,2026-09-09,Other/Unknown,Other/Unknown,3.7,Low
1729,915.0,25.78353,73.69852,2026-09-10,Other/Unknown,Other/Unknown,3.4,Low
1784,915.0,25.78426,73.6976,2026-09-10,Other/Unknown,Other/Unknown,0.3,Low
8576,915.0,25.77749,73.70023,2026-08-05,Other/Unknown,Other/Unknown,0.0,Low
10469,915.0,25.78023,73.69814,2026-07-20,Other/Unknown,Other/Unknown,0.0,Low
10470,915.0,25.78157,73.6991,2026-07-20,Other/Unknown,Other/Unknown,0.0,Low
987,916.0,23.78417,86.34245,2026-09-11,Other/Unknown,Other/Unknown,0.0,Low
2024,916.0,23.78417,86.34245,2026-09-11,Other/Unknown,Other/Unknown,0.0,Low
6914,916.0,23.78062,86.34858,2026-08-22,Other/Unknown,Other/Unknown,0.0,Low
6918,916.0,23.78514,86.3417,2026-08-22,Other/Unknown,Other/Unknown,0.0,Low
7545,916.0,23.78065,86.34676,2026-08-16,Other/Unknown,Other/Unknown,0.0,Low
988,917.0,23.7882,85.55163,2026-09-11,Other/Unknown,Other/Unknown,0.0,Low
2025,917.0,23.7882,85.55163,2026-09-11,Other/Unknown,Other/Unknown,0.0,Low
2243,917.0,23.78724,85.55238,2026-09-12,Other/Unknown,Other/Unknown,0.0,Low
2407,917.0,23.78732,85.55491,2026-09-03,Other/Unknown,Other/Unknown,0.0,Low
2408,917.0,23.78801,85.55334,2026-09-03,Other/Unknown,Other/Unknown,0.0,Low
2825,917.0,23.78611,85.55335,2026-09-04,Other/Unknown,Other/Unknown,0.0,Low
2826,917.0,23.79008,85.55405,2026-09-04,Other/Unknown,Other/Unknown,0.0,Low
3391,917.0,23.78617,85.55293,2026-09-05,Other/Unknown,Other/Unknown,0.0,Low
3559,917.0,23.78521,85.55125,2026-09-05,Other/Unknown,Other/Unknown,0.0,Low
3560,917.0,23.79019,85.55246,2026-09-05,Other/Unknown,Other/Unknown,0.0,Low
6538,917.0,23.7864,85.55096,2026-08-20,Other/Unknown,Other/Unknown,0.0,Low
6917,917.0,23.78473,85.55153,2026-08-22,Other/Unknown,Other/Unknown,0.0,Low
6919,917.0,23.78804,85.55214,2026-08-22,Other/Unknown,Other/Unknown,0.0,Low
7547,917.0,23.78699,85.55426,2026-08-16,Other/Unknown,Other/Unknown,0.0,Low
8030,917.0,23.78739,85.55407,2026-08-09,Other/Unknown,Other/Unknown,0.0,Low
8148,917.0,23.78816,85.55405,2026-08-10,Other/Unknown,Other/Unknown,0.0,Low
8346,917.0,23.78698,85.55224,2026-08-11,Other/Unknown,Other/Unknown,0.0,Low
9382,917.0,23.78781,85.55238,2026-08-01,Other/Unknown,Other/Unknown,0.0,Low
10220,917.0,23.78883,85.55135,2026-07-28,Other/Unknown,Other/Unknown,0.0,Low
480,918.0,12.97965,74.85469,2026-09-09,Wildfire / Natural Fire,Wildfire / Natural Fire,16.4,Medium
481,918.0,12.98171,74.85807,2026-09-09,Wildfire / Natural Fire,Wildfire / Natural Fire,16.4,Medium
482,918.0,12.98266,74.85311,2026-09-09,Wildfire / Natural Fire,Wildfire / Natural Fire,17.1,Medium
483,918.0,12.98359,74.84822,2026-09-09,Wildfire / Natural Fire,Wildfire / Natural Fire,17.3,Medium
484,918.0,12.98431,74.85551,2026-09-09,Wildfire / Natural Fire,Wildfire / Natural Fire,17.4,Medium
485,918.0,12.98521,74.85059,2026-09-09,Wildfire / Natural Fire,Wildfire / Natural Fire,17.5,Medium
486,918.0,12.98732,74.8539,2026-09-09,Wildfire / Natural Fire,Wildfire / Natural Fire,16.4,Medium
1517,918.0,12.97965,74.85469,2026-09-09,Wildfire / Natural Fire,Wildfire / Natural Fire,16.4,Medium
1518,918.0,12.98171,74.85807,2026-09-09,Wildfire / Natural Fire,Wildfire / Natural Fire,16.4,Medium
1519,918.0,12.98266,74.85311,2026-09-09,Wildfire / Natural Fire,Wildfire / Natural Fire,17.1,Medium
1520,918.0,12.98359,74.84822,2026-09-09,Wildfire / Natural Fire,Wildfire / Natural Fire,17.3,Medium
1521,918.0,12.98431,74.85551,2026-09-09,Wildfire / Natural Fire,Wildfire / Natural Fire,17.4,Medium
1522,918.0,12.98521,74.85059,2026-09-09,Wildfire / Natural Fire,Wildfire / Natural Fire,17.5,Medium
1523,918.0,12.98732,74.8539,2026-09-09,Wildfire / Natural Fire,Wildfire / Natural Fire,16.4,Medium
6561,918.0,12.98436,74.85372,2026-08-20,Wildfire / Natural Fire,Wildfire / Natural Fire,16.2,Medium
8516,918.0,12.98518,74.85353,2026-08-13,Wildfire / Natural Fire,Wildfire / Natural Fire,16.3,Medium
996,919.0,24.19785,82.71539,2026-09-11,Other/Unknown,Other/Unknown,0.0,Low
2033,919.0,24.19785,82.71539,2026-09-11,Other/Unknown,Other/Unknown,0.0,Low
2244,919.0,24.19804,82.71844,2026-09-12,Other/Unknown,Other/Unknown,0.0,Low
3861,919.0,24.19806,82.71532,2026-09-06,Other/Unknown,Other/Unknown,0.0,Low
3862,919.0,24.2027,82.70829,2026-09-06,Other/Unknown,Other/Unknown,0.0,Low
3863,919.0,24.20604,82.70895,2026-09-06,Other/Unknown,Other/Unknown,0.0,Low
4114,919.0,24.20153,82.7096,2026-09-07,Other/Unknown,Other/Unknown,0.0,Low
4115,919.0,24.2045,82.70778,2026-09-07,Other/Unknown,Other/Unknown,0.0,Low
4116,919.0,24.20514,82.71014,2026-09-07,Other/Unknown,Other/Unknown,0.0,Low
8428,919.0,24.20536,82.71243,2026-08-12,Other/Unknown,Other/Unknown,0.0,Low
9066,919.0,24.19866,82.71335,2026-07-30,Other/Unknown,Other/Unknown,0.0,Low
9067,919.0,24.20342,82.70918,2026-07-30,Other/Unknown,Other/Unknown,0.0,Low
9320,919.0,24.19728,82.71456,2026-07-31,Other/Unknown,Other/Unknown,0.0,Low
9321,919.0,24.20506,82.70828,2026-07-31,Other/Unknown,Other/Unknown,0.0,Low
9745,919.0,24.20321,82.70959,2026-07-25,Other/Unknown,Other/Unknown,4.2,Low
9902,919.0,24.20399,82.70963,2026-07-26,Other/Unknown,Other/Unknown,0.1,Low
997,920.0,13.18113,79.91359,2026-09-11,Other/Unknown,Other/Unknown,0.0,Low
2034,920.0,13.18113,79.91359,2026-09-11,Other/Unknown,Other/Unknown,0.0,Low
998,921.0,13.39206,80.10056,2026-09-11,Persistent Industrial Thermal Source,Persistent Industrial Thermal Source,58.5,High
2035,921.0,13.39206,80.10056,2026-09-11,Persistent Industrial Thermal Source,Persistent Industrial Thermal Source,58.5,High
3865,921.0,13.39207,80.103,2026-09-06,Persistent Industrial Thermal Source,Persistent Industrial Thermal Source,58.6,High
5915,921.0,13.39244,80.10186,2026-08-27,Persistent Industrial Thermal Source,Persistent Industrial Thermal Source,58.7,High
6675,921.0,13.39369,80.10202,2026-08-21,Persistent Industrial Thermal Source,Persistent Industrial Thermal Source,58.5,High
8380,921.0,13.39368,80.10179,2026-08-11,Persistent Industrial Thermal Source,Persistent Industrial Thermal Source,58.5,High
9356,921.0,13.392,80.10162,2026-07-31,Persistent Industrial Thermal Source,Persistent Industrial Thermal Source,58.8,High
9980,921.0,13.3918,80.10241,2026-07-26,Persistent Industrial Thermal Source,Persistent Industrial Thermal Source,58.6,High
999,922.0,15.02417,78.01468,2026-09-11,Persistent Industrial Thermal Source,Persistent Industrial Thermal Source,59.5,High
2036,922.0,15.02417,78.01468,2026-09-11,Persistent Industrial Thermal Source,Persistent Industrial Thermal Source,59.5,High
2424,922.0,15.02242,78.01557,2026-09-03,Persistent Industrial Thermal Source,Persistent Industrial Thermal Source,59.6,High
3425,922.0,15.02384,78.01737,2026-09-05,Persistent Industrial Thermal Source,Persistent Industrial Thermal Source,59.4,High
3871,922.0,15.02173,78.0144,2026-09-06,Persistent Industrial Thermal Source,Persistent Industrial Thermal Source,59.6,High
5765,922.0,15.02314,78.01447,2026-08-26,Persistent Industrial Thermal Source,Persistent Industrial Thermal Source,59.5,High
5918,922.0,15.02335,78.01398,2026-08-27,Persistent Industrial Thermal Source,Persistent Industrial Thermal Source,59.5,High
6455,922.0,15.02354,78.01447,2026-08-20,Persistent Industrial Thermal Source,Persistent Industrial Thermal Source,59.5,High
6680,922.0,15.02356,78.01485,2026-08-21,Persistent Industrial Thermal Source,Persistent Industrial Thermal Source,59.4,High
7425,922.0,15.02144,78.01479,2026-08-15,Persistent Industrial Thermal Source,Persistent Industrial Thermal Source,59.5,High
7426,922.0,15.02488,78.01537,2026-08-15,Persistent Industrial Thermal Source,Persistent Industrial Thermal Source,59.4,High
7928,922.0,15.02215,78.01655,2026-08-09,Persistent Industrial Thermal Source,Persistent Industrial Thermal Source,59.5,High
8369,922.0,15.02405,78.01597,2026-08-11,Persistent Industrial Thermal Source,Persistent Industrial Thermal Source,59.4,High
8599,922.0,15.02261,78.01593,2026-08-05,Persistent Industrial Thermal Source,Persistent Industrial Thermal Source,59.4,High
9772,922.0,15.02137,78.01477,2026-07-25,Persistent Industrial Thermal Source,Persistent Industrial Thermal Source,59.6,High
10575,922.0,15.02532,78.01366,2026-07-22,Persistent Industrial Thermal Source,Persistent Industrial Thermal Source,59.3,High
10881,922.0,15.02146,78.01525,2026-07-24,Persistent Industrial Thermal Source,Persistent Industrial Thermal Source,59.5,High
10882,922.0,15.02554,78.01601,2026-07-24,Persistent Industrial Thermal Source,Persistent Industrial Thermal Source,59.3,High
1000,923.0,15.02515,76.50147,2026-09-11,Other/Unknown,Other/Unknown,0.0,Low
2037,923.0,15.02515,76.50147,2026-09-11,Other/Unknown,Other/Unknown,0.0,Low
1005,924.0,15.17464,76.69185,2026-09-11,Other/Unknown,Other/Unknown,10.2,Low
2042,924.0,15.17464,76.69185,2026-09-11,Other/Unknown,Other/Unknown,10.2,Low
3432,924.0,15.17255,76.69141,2026-09-05,Other/Unknown,Other/Unknown,0.0,Low
3874,924.0,15.17153,76.69308,2026-09-06,Other/Unknown,Other/Unknown,16.9,Medium
4591,924.0,15.17362,76.69113,2026-08-30,Other/Unknown,Other/Unknown,10.2,Low
5769,924.0,15.1712,76.69366,2026-08-26,Other/Unknown,Other/Unknown,17.0,Medium
5774,924.0,15.17453,76.69421,2026-08-26,Other/Unknown,Other/Unknown,7.5,Low
5920,924.0,15.17269,76.6937,2026-08-27,Other/Unknown,Other/Unknown,14.7,Low
6411,924.0,15.1724,76.69444,2026-08-20,Other/Unknown,Other/Unknown,24.6,Medium
6463,924.0,15.17391,76.69331,2026-08-20,Other/Unknown,Other/Unknown,8.0,Low
6685,924.0,15.1716,76.69071,2026-08-21,Other/Unknown,Other/Unknown,16.5,Medium
6686,924.0,15.17327,76.69061,2026-08-21,Other/Unknown,Other/Unknown,10.3,Low
7224,924.0,15.17322,76.69418,2026-08-14,Other/Unknown,Other/Unknown,23.8,Medium
7296,924.0,15.17404,76.69186,2026-08-14,Other/Unknown,Other/Unknown,0.0,Low
7930,924.0,15.17357,76.69316,2026-08-09,Other/Unknown,Other/Unknown,7.7,Low
8601,924.0,15.17377,76.69308,2026-08-05,Other/Unknown,Other/Unknown,7.7,Low
497,925.0,18.85631,72.92681,2026-09-09,Other/Unknown,Other/Unknown,0.0,Low
498,925.0,18.86003,72.92754,2026-09-09,Other/Unknown,Other/Unknown,0.0,Low
1534,925.0,18.85631,72.92681,2026-09-09,Other/Unknown,Other/Unknown,0.0,Low
1535,925.0,18.86003,72.92754,2026-09-09,Other/Unknown,Other/Unknown,0.0,Low
7396,925.0,18.85886,72.92574,2026-08-15,Other/Unknown,Other/Unknown,0.0,Low
1016,926.0,18.81351,74.30283,2026-09-11,Other/Unknown,Other/Unknown,0.0,Low
2053,926.0,18.81351,74.30283,2026-09-11,Other/Unknown,Other/Unknown,0.0,Low
1017,927.0,19.22277,74.8159,2026-09-11,Other/Unknown,Other/Unknown,0.0,Low
2054,927.0,19.22277,74.8159,2026-09-11,Other/Unknown,Other/Unknown,0.0,Low
1018,928.0,19.27853,71.42562,2026-09-11,Other/Unknown,Other/Unknown,0.0,Low
2055,928.0,19.27853,71.42562,2026-09-11,Other/Unknown,Other/Unknown,0.0,Low
2847,928.0,19.2791,71.42653,2026-09-04,Other/Unknown,Other/Unknown,0.0,Low
500,929.0,19.52799,71.29915,2026-09-09,Other/Unknown,Other/Unknown,0.0,Low
734,929.0,19.52787,71.29878,2026-09-10,Other/Unknown,Other/Unknown,0.0,Low
1537,929.0,19.52799,71.29915,2026-09-09,Other/Unknown,Other/Unknown,0.0,Low
1771,929.0,19.52787,71.29878,2026-09-10,Other/Unknown,Other/Unknown,0.0,Low
7289,929.0,19.52935,71.30072,2026-08-14,Other/Unknown,Other/Unknown,0.0,Low
7290,929.0,19.52992,71.29703,2026-08-14,Other/Unknown,Other/Unknown,0.0,Low
501,930.0,19.57354,71.3653,2026-09-09,Other/Unknown,Other/Unknown,0.0,Low
735,930.0,19.57193,71.36428,2026-09-10,Other/Unknown,Other/Unknown,0.0,Low
1538,930.0,19.57354,71.3653,2026-09-09,Other/Unknown,Other/Unknown,0.0,Low
1772,930.0,19.57193,71.36428,2026-09-10,Other/Unknown,Other/Unknown,0.0,Low
502,931.0,10.78634,76.78297,2026-09-09,Industrial Fire,Industrial Fire,98.5,Critical
503,931.0,10.78694,76.78407,2026-09-09,Industrial Fire,Industrial Fire,98.5,Critical
1539,931.0,10.78634,76.78297,2026-09-09,Industrial Fire,Industrial Fire,98.5,Critical
1540,931.0,10.78694,76.78407,2026-09-09,Industrial Fire,Industrial Fire,98.5,Critical
1025,932.0,7.16058,81.04489,2026-09-11,Other/Unknown,Other/Unknown,0.0,Low
2062,932.0,7.16058,81.04489,2026-09-11,Other/Unknown,Other/Unknown,0.0,Low
2097,932.0,7.16228,81.04507,2026-09-12,Other/Unknown,Other/Unknown,0.0,Low
1026,933.0,7.17868,81.09897,2026-09-11,Other/Unknown,Other/Unknown,0.0,Low
2063,933.0,7.17868,81.09897,2026-09-11,Other/Unknown,Other/Unknown,0.0,Low
1027,934.0,7.65734,80.63947,2026-09-11,Other/Unknown,Other/Unknown,0.0,Low
2064,934.0,7.65734,80.63947,2026-09-11,Other/Unknown,Other/Unknown,0.0,Low
508,935.0,28.64556,90.82092,2026-09-10,Other/Unknown,Other/Unknown,0.0,Low
509,935.0,28.64619,90.82393,2026-09-10,Other/Unknown,Other/Unknown,0.0,Low
510,935.0,28.64667,90.82605,2026-09-10,Other/Unknown,Other/Unknown,0.0,Low
1545,935.0,28.64556,90.82092,2026-09-10,Other/Unknown,Other/Unknown,0.0,Low
1546,935.0,28.64619,90.82393,2026-09-10,Other/Unknown,Other/Unknown,0.0,Low
1547,935.0,28.64667,90.82605,2026-09-10,Other/Unknown,Other/Unknown,0.0,Low
1032,936.0,11.57125,77.67776,2026-09-11,Other/Unknown,Other/Unknown,0.0,Low
2069,936.0,11.57125,77.67776,2026-09-11,Other/Unknown,Other/Unknown,0.0,Low
519,937.0,6.34238,81.35419,2026-09-10,Other/Unknown,Other/Unknown,0.0,Low
520,937.0,6.343,81.35838,2026-09-10,Other/Unknown,Other/Unknown,0.0,Low
1556,937.0,6.34238,81.35419,2026-09-10,Other/Unknown,Other/Unknown,0.0,Low
1557,937.0,6.343,81.35838,2026-09-10,Other/Unknown,Other/Unknown,0.0,Low
4786,937.0,6.33772,81.34603,2026-09-01,Other/Unknown,Other/Unknown,0.0,Low
4787,937.0,6.33925,81.34753,2026-09-01,Other/Unknown,Other/Unknown,0.0,Low
523,938.0,6.56251,81.06124,2026-09-10,Wildfire / Natural Fire,Wildfire / Natural Fire,16.3,Medium
524,938.0,6.56406,81.06118,2026-09-10,Wildfire / Natural Fire,Wildfire / Natural Fire,16.4,Medium
525,938.0,6.56548,81.05662,2026-09-10,Wildfire / Natural Fire,Wildfire / Natural Fire,16.3,Medium
1560,938.0,6.56251,81.06124,2026-09-10,Wildfire / Natural Fire,Wildfire / Natural Fire,16.3,Medium
1561,938.0,6.56406,81.06118,2026-09-10,Wildfire / Natural Fire,Wildfire / Natural Fire,16.4,Medium
1562,938.0,6.56548,81.05662,2026-09-10,Wildfire / Natural Fire,Wildfire / Natural Fire,16.3,Medium
4401,938.0,6.56987,81.05585,2026-08-30,Wildfire / Natural Fire,Wildfire / Natural Fire,18.7,Medium
4402,938.0,6.57044,81.05381,2026-08-30,Wildfire / Natural Fire,Wildfire / Natural Fire,17.3,Medium
4403,938.0,6.57118,81.0588,2026-08-30,Wildfire / Natural Fire,Wildfire / Natural Fire,17.3,Medium
526,939.0,6.68837,81.07207,2026-09-10,Other/Unknown,Other/Unknown,0.0,Low
527,939.0,6.69194,81.0714,2026-09-10,Other/Unknown,Other/Unknown,0.0,Low
1563,939.0,6.68837,81.07207,2026-09-10,Other/Unknown,Other/Unknown,0.0,Low
1564,939.0,6.69194,81.0714,2026-09-10,Other/Unknown,Other/Unknown,0.0,Low
530,940.0,6.7193,80.93414,2026-09-10,Other/Unknown,Other/Unknown,0.0,Low
531,940.0,6.72283,80.93341,2026-09-10,Other/Unknown,Other/Unknown,0.0,Low
1567,940.0,6.7193,80.93414,2026-09-10,Other/Unknown,Other/Unknown,0.0,Low
1568,940.0,6.72283,80.93341,2026-09-10,Other/Unknown,Other/Unknown,0.0,Low
538,941.0,7.38554,81.5505,2026-09-10,Wildfire / Natural Fire,Wildfire / Natural Fire,16.5,Medium
539,941.0,7.38721,81.54916,2026-09-10,Wildfire / Natural Fire,Wildfire / Natural Fire,16.5,Medium
1575,941.0,7.38554,81.5505,2026-09-10,Wildfire / Natural Fire,Wildfire / Natural Fire,16.5,Medium
1576,941.0,7.38721,81.54916,2026-09-10,Wildfire / Natural Fire,Wildfire / Natural Fire,16.5,Medium
4452,941.0,7.3884,81.54617,2026-08-30,Wildfire / Natural Fire,Wildfire / Natural Fire,16.5,Medium
4453,941.0,7.38893,81.54981,2026-08-30,Wildfire / Natural Fire,Wildfire / Natural Fire,16.5,Medium
866,984.0,8.49392,80.12891,2026-09-11,Wildfire / Natural Fire,Wildfire / Natural Fire,16.2,Medium
4454,941.0,7.39143,81.54616,2026-08-30,Wildfire / Natural Fire,Wildfire / Natural Fire,16.5,Medium
4455,941.0,7.39302,81.54917,2026-08-30,Wildfire / Natural Fire,Wildfire / Natural Fire,16.6,Medium
4456,941.0,7.39604,81.54919,2026-08-30,Wildfire / Natural Fire,Wildfire / Natural Fire,16.8,Medium
4457,941.0,7.39712,81.54854,2026-08-30,Wildfire / Natural Fire,Wildfire / Natural Fire,16.6,Medium
6758,941.0,7.4015,81.54913,2026-08-22,Wildfire / Natural Fire,Wildfire / Natural Fire,16.7,Medium
6759,941.0,7.40222,81.54768,2026-08-22,Wildfire / Natural Fire,Wildfire / Natural Fire,16.7,Medium
543,942.0,7.64512,80.13367,2026-09-10,Industrial Fire,Industrial Fire,98.4,Critical
544,942.0,7.64569,80.13751,2026-09-10,Industrial Fire,Industrial Fire,96.9,Critical
1580,942.0,7.64512,80.13367,2026-09-10,Industrial Fire,Industrial Fire,98.4,Critical
1581,942.0,7.64569,80.13751,2026-09-10,Industrial Fire,Industrial Fire,96.9,Critical
556,943.0,7.95742,80.422,2026-09-10,Other/Unknown,Other/Unknown,0.0,Low
557,943.0,7.96095,80.42149,2026-09-10,Other/Unknown,Other/Unknown,0.0,Low
1593,943.0,7.95742,80.422,2026-09-10,Other/Unknown,Other/Unknown,0.0,Low
1594,943.0,7.96095,80.42149,2026-09-10,Other/Unknown,Other/Unknown,0.0,Low
558,944.0,7.9668,80.04636,2026-09-10,Other/Unknown,Other/Unknown,0.0,Low
830,944.0,7.96736,80.03738,2026-09-11,Other/Unknown,Other/Unknown,0.0,Low
831,944.0,7.9696,80.02896,2026-09-11,Other/Unknown,Other/Unknown,0.0,Low
1595,944.0,7.9668,80.04636,2026-09-10,Other/Unknown,Other/Unknown,0.0,Low
1867,944.0,7.96736,80.03738,2026-09-11,Other/Unknown,Other/Unknown,0.0,Low
1868,944.0,7.9696,80.02896,2026-09-11,Other/Unknown,Other/Unknown,0.0,Low
2136,944.0,7.96559,80.03988,2026-09-12,Other/Unknown,Other/Unknown,0.0,Low
566,945.0,8.05744,80.09648,2026-09-10,Other/Unknown,Other/Unknown,0.0,Low
567,945.0,8.06092,80.09595,2026-09-10,Other/Unknown,Other/Unknown,0.0,Low
1603,945.0,8.05744,80.09648,2026-09-10,Other/Unknown,Other/Unknown,0.0,Low
1604,945.0,8.06092,80.09595,2026-09-10,Other/Unknown,Other/Unknown,0.0,Low
2568,945.0,8.05665,80.10335,2026-09-04,Other/Unknown,Other/Unknown,0.0,Low
3101,945.0,8.05383,80.10401,2026-09-05,Other/Unknown,Other/Unknown,0.0,Low
568,946.0,8.06711,80.60642,2026-09-10,Other/Unknown,Other/Unknown,0.0,Low
569,946.0,8.07067,80.6059,2026-09-10,Other/Unknown,Other/Unknown,0.0,Low
1605,946.0,8.06711,80.60642,2026-09-10,Other/Unknown,Other/Unknown,0.0,Low
1606,946.0,8.07067,80.6059,2026-09-10,Other/Unknown,Other/Unknown,0.0,Low
3952,946.0,8.06883,80.6097,2026-09-07,Other/Unknown,Other/Unknown,0.0,Low
573,947.0,8.14835,81.34442,2026-09-10,Wildfire / Natural Fire,Wildfire / Natural Fire,16.6,Medium
837,947.0,8.14856,81.34052,2026-09-11,Wildfire / Natural Fire,Wildfire / Natural Fire,17.2,Medium
1610,947.0,8.14835,81.34442,2026-09-10,Wildfire / Natural Fire,Wildfire / Natural Fire,16.6,Medium
1874,947.0,8.14856,81.34052,2026-09-11,Wildfire / Natural Fire,Wildfire / Natural Fire,17.2,Medium
2302,947.0,8.14806,81.33616,2026-09-03,Wildfire / Natural Fire,Wildfire / Natural Fire,17.0,Medium
578,948.0,8.33105,80.31969,2026-09-10,Other/Unknown,Other/Unknown,0.0,Low
579,948.0,8.33458,80.31918,2026-09-10,Other/Unknown,Other/Unknown,0.0,Low
1615,948.0,8.33105,80.31969,2026-09-10,Other/Unknown,Other/Unknown,0.0,Low
1616,948.0,8.33458,80.31918,2026-09-10,Other/Unknown,Other/Unknown,0.0,Low
585,949.0,8.46766,80.80201,2026-09-10,Wildfire / Natural Fire,Wildfire / Natural Fire,16.4,Medium
586,949.0,8.46776,80.79813,2026-09-10,Wildfire / Natural Fire,Wildfire / Natural Fire,16.4,Medium
587,949.0,8.46835,80.80231,2026-09-10,Wildfire / Natural Fire,Wildfire / Natural Fire,16.7,Medium
588,949.0,8.47128,80.80149,2026-09-10,Wildfire / Natural Fire,Wildfire / Natural Fire,16.4,Medium
1622,949.0,8.46766,80.80201,2026-09-10,Wildfire / Natural Fire,Wildfire / Natural Fire,16.4,Medium
1623,949.0,8.46776,80.79813,2026-09-10,Wildfire / Natural Fire,Wildfire / Natural Fire,16.4,Medium
1624,949.0,8.46835,80.80231,2026-09-10,Wildfire / Natural Fire,Wildfire / Natural Fire,16.7,Medium
1625,949.0,8.47128,80.80149,2026-09-10,Wildfire / Natural Fire,Wildfire / Natural Fire,16.4,Medium
3152,949.0,8.46325,80.80936,2026-09-05,Wildfire / Natural Fire,Wildfire / Natural Fire,16.8,Medium
3153,949.0,8.46393,80.79059,2026-09-05,Wildfire / Natural Fire,Wildfire / Natural Fire,16.6,Medium
3161,949.0,8.47913,80.79951,2026-09-05,Wildfire / Natural Fire,Wildfire / Natural Fire,16.4,Medium
592,950.0,8.48767,80.4807,2026-09-10,Other/Unknown,Other/Unknown,0.0,Low
593,950.0,8.48885,80.48875,2026-09-10,Other/Unknown,Other/Unknown,0.0,Low
594,950.0,8.49122,80.48016,2026-09-10,Other/Unknown,Other/Unknown,0.0,Low
1629,950.0,8.48767,80.4807,2026-09-10,Other/Unknown,Other/Unknown,0.0,Low
1630,950.0,8.48885,80.48875,2026-09-10,Other/Unknown,Other/Unknown,0.0,Low
1631,950.0,8.49122,80.48016,2026-09-10,Other/Unknown,Other/Unknown,0.0,Low
596,951.0,8.5093,80.33444,2026-09-10,Wildfire / Natural Fire,Wildfire / Natural Fire,16.5,Medium
597,951.0,8.50944,80.33411,2026-09-10,Wildfire / Natural Fire,Wildfire / Natural Fire,16.5,Medium
598,951.0,8.51284,80.33392,2026-09-10,Wildfire / Natural Fire,Wildfire / Natural Fire,17.4,Medium
1633,951.0,8.5093,80.33444,2026-09-10,Wildfire / Natural Fire,Wildfire / Natural Fire,16.5,Medium
1634,951.0,8.50944,80.33411,2026-09-10,Wildfire / Natural Fire,Wildfire / Natural Fire,16.5,Medium
1635,951.0,8.51284,80.33392,2026-09-10,Wildfire / Natural Fire,Wildfire / Natural Fire,17.4,Medium
603,952.0,8.55833,80.86211,2026-09-10,Other/Unknown,Other/Unknown,0.0,Low
605,952.0,8.56196,80.86156,2026-09-10,Other/Unknown,Other/Unknown,0.0,Low
1640,952.0,8.55833,80.86211,2026-09-10,Other/Unknown,Other/Unknown,0.0,Low
1642,952.0,8.56196,80.86156,2026-09-10,Other/Unknown,Other/Unknown,0.0,Low
4672,952.0,8.56241,80.85677,2026-08-31,Other/Unknown,Other/Unknown,0.0,Low
606,953.0,8.56509,80.73277,2026-09-10,Other/Unknown,Other/Unknown,0.7,Low
607,953.0,8.56649,80.7332,2026-09-10,Other/Unknown,Other/Unknown,0.0,Low
1643,953.0,8.56509,80.73277,2026-09-10,Other/Unknown,Other/Unknown,0.7,Low
1644,953.0,8.56649,80.7332,2026-09-10,Other/Unknown,Other/Unknown,0.0,Low
4903,953.0,8.56749,80.72697,2026-09-01,Other/Unknown,Other/Unknown,3.1,Low
4907,953.0,8.57147,80.7263,2026-09-01,Other/Unknown,Other/Unknown,0.5,Low
617,954.0,8.67484,80.76864,2026-09-10,Other/Unknown,Other/Unknown,0.0,Low
618,954.0,8.67558,80.76973,2026-09-10,Other/Unknown,Other/Unknown,0.0,Low
1654,954.0,8.67484,80.76864,2026-09-10,Other/Unknown,Other/Unknown,0.0,Low
1655,954.0,8.67558,80.76973,2026-09-10,Other/Unknown,Other/Unknown,0.0,Low
620,955.0,8.68441,80.27705,2026-09-10,Other/Unknown,Other/Unknown,0.0,Low
621,955.0,8.685,80.28103,2026-09-10,Other/Unknown,Other/Unknown,0.0,Low
1657,955.0,8.68441,80.27705,2026-09-10,Other/Unknown,Other/Unknown,0.0,Low
1658,955.0,8.685,80.28103,2026-09-10,Other/Unknown,Other/Unknown,0.0,Low
624,956.0,8.70911,80.24902,2026-09-10,Other/Unknown,Other/Unknown,0.0,Low
625,956.0,8.70923,80.24919,2026-09-10,Other/Unknown,Other/Unknown,0.0,Low
627,956.0,8.71204,80.24454,2026-09-10,Other/Unknown,Other/Unknown,0.0,Low
628,956.0,8.71219,80.2447,2026-09-10,Other/Unknown,Other/Unknown,0.0,Low
1661,956.0,8.70911,80.24902,2026-09-10,Other/Unknown,Other/Unknown,0.0,Low
1662,956.0,8.70923,80.24919,2026-09-10,Other/Unknown,Other/Unknown,0.0,Low
1664,956.0,8.71204,80.24454,2026-09-10,Other/Unknown,Other/Unknown,0.0,Low
1665,956.0,8.71219,80.2447,2026-09-10,Other/Unknown,Other/Unknown,0.0,Low
626,957.0,8.7117,80.66238,2026-09-10,Wildfire / Natural Fire,Wildfire / Natural Fire,16.4,Medium
629,957.0,8.7123,80.66652,2026-09-10,Wildfire / Natural Fire,Wildfire / Natural Fire,16.6,Medium
1663,957.0,8.7117,80.66238,2026-09-10,Wildfire / Natural Fire,Wildfire / Natural Fire,16.4,Medium
1666,957.0,8.7123,80.66652,2026-09-10,Wildfire / Natural Fire,Wildfire / Natural Fire,16.6,Medium
632,958.0,8.82125,80.62144,2026-09-10,Wildfire / Natural Fire,Wildfire / Natural Fire,17.5,Medium
633,958.0,8.82185,80.62557,2026-09-10,Wildfire / Natural Fire,Wildfire / Natural Fire,18.0,Medium
634,958.0,8.82484,80.62092,2026-09-10,Wildfire / Natural Fire,Wildfire / Natural Fire,17.5,Medium
1669,958.0,8.82125,80.62144,2026-09-10,Wildfire / Natural Fire,Wildfire / Natural Fire,17.5,Medium
1670,958.0,8.82185,80.62557,2026-09-10,Wildfire / Natural Fire,Wildfire / Natural Fire,18.0,Medium
1671,958.0,8.82484,80.62092,2026-09-10,Wildfire / Natural Fire,Wildfire / Natural Fire,17.5,Medium
637,959.0,8.86026,80.637,2026-09-10,Other/Unknown,Other/Unknown,0.0,Low
639,959.0,8.86386,80.63649,2026-09-10,Other/Unknown,Other/Unknown,0.0,Low
1674,959.0,8.86026,80.637,2026-09-10,Other/Unknown,Other/Unknown,0.0,Low
1676,959.0,8.86386,80.63649,2026-09-10,Other/Unknown,Other/Unknown,0.0,Low
641,960.0,8.88031,80.46239,2026-09-10,Wildfire / Natural Fire,Wildfire / Natural Fire,16.5,Medium
643,960.0,8.88389,80.46188,2026-09-10,Wildfire / Natural Fire,Wildfire / Natural Fire,16.6,Medium
1678,960.0,8.88031,80.46239,2026-09-10,Wildfire / Natural Fire,Wildfire / Natural Fire,16.5,Medium
1680,960.0,8.88389,80.46188,2026-09-10,Wildfire / Natural Fire,Wildfire / Natural Fire,16.6,Medium
651,961.0,8.9596,80.78125,2026-09-10,Other/Unknown,Other/Unknown,0.0,Low
653,961.0,8.96323,80.78072,2026-09-10,Other/Unknown,Other/Unknown,0.0,Low
1688,961.0,8.9596,80.78125,2026-09-10,Other/Unknown,Other/Unknown,0.0,Low
1690,961.0,8.96323,80.78072,2026-09-10,Other/Unknown,Other/Unknown,0.0,Low
665,962.0,14.80579,79.02069,2026-09-10,Other/Unknown,Other/Unknown,0.0,Low
666,962.0,14.80636,79.0248,2026-09-10,Other/Unknown,Other/Unknown,0.0,Low
1702,962.0,14.80579,79.02069,2026-09-10,Other/Unknown,Other/Unknown,0.0,Low
1703,962.0,14.80636,79.0248,2026-09-10,Other/Unknown,Other/Unknown,0.0,Low
667,963.0,15.20712,75.79704,2026-09-10,Other/Unknown,Other/Unknown,0.0,Low
668,963.0,15.21043,75.79651,2026-09-10,Other/Unknown,Other/Unknown,0.0,Low
1704,963.0,15.20712,75.79704,2026-09-10,Other/Unknown,Other/Unknown,0.0,Low
1705,963.0,15.21043,75.79651,2026-09-10,Other/Unknown,Other/Unknown,0.0,Low
678,964.0,18.86072,76.52007,2026-09-10,Industrial Fire,Industrial Fire,97.0,Critical
679,964.0,18.8621,76.51934,2026-09-10,Industrial Fire,Industrial Fire,98.3,Critical
1715,964.0,18.86072,76.52007,2026-09-10,Industrial Fire,Industrial Fire,97.0,Critical
1716,964.0,18.8621,76.51934,2026-09-10,Industrial Fire,Industrial Fire,98.3,Critical
683,965.0,21.74492,83.84295,2026-09-10,Other/Unknown,Other/Unknown,3.9,Low
684,965.0,21.75016,83.84244,2026-09-10,Other/Unknown,Other/Unknown,1.8,Low
1720,965.0,21.74492,83.84295,2026-09-10,Other/Unknown,Other/Unknown,3.9,Low
1721,965.0,21.75016,83.84244,2026-09-10,Other/Unknown,Other/Unknown,1.8,Low
2881,965.0,21.7385,83.84195,2026-09-04,Other/Unknown,Other/Unknown,0.0,Low
2882,965.0,21.74119,83.84169,2026-09-04,Other/Unknown,Other/Unknown,0.0,Low
2883,965.0,21.74463,83.84384,2026-09-04,Other/Unknown,Other/Unknown,0.0,Low
2884,965.0,21.74593,83.83846,2026-09-04,Other/Unknown,Other/Unknown,0.0,Low
2885,965.0,21.74731,83.8436,2026-09-04,Other/Unknown,Other/Unknown,3.9,Low
2886,965.0,21.74858,83.83821,2026-09-04,Other/Unknown,Other/Unknown,0.3,Low
2887,965.0,21.75076,83.8457,2026-09-04,Other/Unknown,Other/Unknown,1.3,Low
2888,965.0,21.75206,83.84034,2026-09-04,Other/Unknown,Other/Unknown,1.4,Low
2889,965.0,21.75344,83.84547,2026-09-04,Other/Unknown,Other/Unknown,0.0,Low
2890,965.0,21.75471,83.84011,2026-09-04,Other/Unknown,Other/Unknown,0.0,Low
2891,965.0,21.75692,83.84747,2026-09-04,Other/Unknown,Other/Unknown,0.0,Low
2892,965.0,21.7582,83.84217,2026-09-04,Other/Unknown,Other/Unknown,0.0,Low
2893,965.0,21.76307,83.84924,2026-09-04,Other/Unknown,Other/Unknown,0.0,Low
3379,965.0,21.7415,83.84051,2026-09-05,Other/Unknown,Other/Unknown,0.0,Low
3380,965.0,21.74623,83.83998,2026-09-05,Other/Unknown,Other/Unknown,1.4,Low
3381,965.0,21.74681,83.84541,2026-09-05,Other/Unknown,Other/Unknown,4.5,Low
3382,965.0,21.75626,83.84433,2026-09-05,Other/Unknown,Other/Unknown,0.0,Low
3818,965.0,21.738,83.84386,2026-09-06,Other/Unknown,Other/Unknown,0.0,Low
3819,965.0,21.74155,83.8446,2026-09-06,Other/Unknown,Other/Unknown,0.3,Low
3820,965.0,21.74232,83.84026,2026-09-06,Other/Unknown,Other/Unknown,0.0,Low
3821,965.0,21.74586,83.841,2026-09-06,Other/Unknown,Other/Unknown,0.0,Low
3822,965.0,21.74865,83.84608,2026-09-06,Other/Unknown,Other/Unknown,0.3,Low
3823,965.0,21.74941,83.84174,2026-09-06,Other/Unknown,Other/Unknown,3.2,Low
3824,965.0,21.75296,83.84248,2026-09-06,Other/Unknown,Other/Unknown,0.3,Low
3825,965.0,21.75487,83.84546,2026-09-06,Other/Unknown,Other/Unknown,0.0,Low
3826,965.0,21.75565,83.84112,2026-09-06,Other/Unknown,Other/Unknown,0.0,Low
3828,965.0,21.7565,83.84322,2026-09-06,Other/Unknown,Other/Unknown,0.0,Low
3829,965.0,21.7592,83.84185,2026-09-06,Other/Unknown,Other/Unknown,0.0,Low
3830,965.0,21.76005,83.84395,2026-09-06,Other/Unknown,Other/Unknown,0.0,Low
3831,965.0,21.76119,83.85125,2026-09-06,Other/Unknown,Other/Unknown,0.0,Low
3832,965.0,21.76197,83.8469,2026-09-06,Other/Unknown,Other/Unknown,0.0,Low
4031,965.0,21.74611,83.84345,2026-09-07,Other/Unknown,Other/Unknown,3.6,Low
4032,965.0,21.74949,83.84281,2026-09-07,Other/Unknown,Other/Unknown,1.8,Low
4033,965.0,21.7569,83.84543,2026-09-07,Other/Unknown,Other/Unknown,0.0,Low
4034,965.0,21.76431,83.84805,2026-09-07,Other/Unknown,Other/Unknown,0.0,Low
4217,965.0,21.73854,83.84201,2026-09-07,Other/Unknown,Other/Unknown,0.0,Low
4218,965.0,21.74192,83.84258,2026-09-07,Other/Unknown,Other/Unknown,1.4,Low
4219,965.0,21.74531,83.84315,2026-09-07,Other/Unknown,Other/Unknown,3.9,Low
4220,965.0,21.74869,83.84371,2026-09-07,Other/Unknown,Other/Unknown,3.9,Low
4221,965.0,21.75208,83.84428,2026-09-07,Other/Unknown,Other/Unknown,0.3,Low
4223,965.0,21.75546,83.84485,2026-09-07,Other/Unknown,Other/Unknown,0.0,Low
4225,965.0,21.75941,83.84155,2026-09-07,Other/Unknown,Other/Unknown,0.0,Low
4227,965.0,21.76164,83.84987,2026-09-07,Other/Unknown,Other/Unknown,0.0,Low
4228,965.0,21.76222,83.846,2026-09-07,Other/Unknown,Other/Unknown,0.0,Low
5665,965.0,21.74012,83.84026,2026-08-25,Other/Unknown,Other/Unknown,0.0,Low
5666,965.0,21.7445,83.84505,2026-08-25,Other/Unknown,Other/Unknown,1.2,Low
5667,965.0,21.74524,83.84165,2026-08-25,Other/Unknown,Other/Unknown,3.8,Low
5668,965.0,21.75037,83.84305,2026-08-25,Other/Unknown,Other/Unknown,1.1,Low
5717,965.0,21.74366,83.84032,2026-08-26,Other/Unknown,Other/Unknown,0.0,Low
5718,965.0,21.74819,83.84499,2026-08-26,Other/Unknown,Other/Unknown,0.0,Low
5719,965.0,21.75594,83.84392,2026-08-26,Other/Unknown,Other/Unknown,0.0,Low
5959,965.0,21.74797,83.84405,2026-08-28,Other/Unknown,Other/Unknown,0.0,Low
7885,965.0,21.74523,83.8415,2026-08-09,Other/Unknown,Other/Unknown,0.0,Low
7886,965.0,21.74558,83.84499,2026-08-09,Other/Unknown,Other/Unknown,0.0,Low
7970,965.0,21.73952,83.84424,2026-08-09,Other/Unknown,Other/Unknown,1.2,Low
7971,965.0,21.73995,83.84397,2026-08-09,Other/Unknown,Other/Unknown,1.2,Low
7972,965.0,21.74026,83.84083,2026-08-09,Other/Unknown,Other/Unknown,0.6,Low
7973,965.0,21.7407,83.84058,2026-08-09,Other/Unknown,Other/Unknown,0.6,Low
7974,965.0,21.74466,83.84566,2026-08-09,Other/Unknown,Other/Unknown,1.2,Low
7975,965.0,21.74508,83.84539,2026-08-09,Other/Unknown,Other/Unknown,1.2,Low
7976,965.0,21.7454,83.84225,2026-08-09,Other/Unknown,Other/Unknown,0.0,Low
7977,965.0,21.74584,83.84196,2026-08-09,Other/Unknown,Other/Unknown,0.0,Low
7978,965.0,21.74613,83.83881,2026-08-09,Other/Unknown,Other/Unknown,0.6,Low
7979,965.0,21.7466,83.83854,2026-08-09,Other/Unknown,Other/Unknown,0.6,Low
7980,965.0,21.75098,83.84337,2026-08-09,Other/Unknown,Other/Unknown,1.2,Low
7981,965.0,21.75174,83.83995,2026-08-09,Other/Unknown,Other/Unknown,1.2,Low
7984,965.0,21.75613,83.84473,2026-08-09,Other/Unknown,Other/Unknown,1.2,Low
7985,965.0,21.75689,83.84132,2026-08-09,Other/Unknown,Other/Unknown,1.2,Low
7988,965.0,21.76204,83.84266,2026-08-09,Other/Unknown,Other/Unknown,1.1,Low
7989,965.0,21.76645,83.84737,2026-08-09,Other/Unknown,Other/Unknown,1.1,Low
8387,965.0,21.74449,83.84071,2026-08-12,Other/Unknown,Other/Unknown,1.4,Low
8388,965.0,21.74932,83.8451,2026-08-12,Other/Unknown,Other/Unknown,3.0,Low
9041,965.0,21.74232,83.84164,2026-07-30,Other/Unknown,Other/Unknown,0.6,Low
9042,965.0,21.74441,83.84473,2026-07-30,Other/Unknown,Other/Unknown,1.3,Low
9043,965.0,21.74529,83.84039,2026-07-30,Other/Unknown,Other/Unknown,0.0,Low
9044,965.0,21.74656,83.84266,2026-07-30,Other/Unknown,Other/Unknown,0.0,Low
9045,965.0,21.7474,83.83829,2026-07-30,Other/Unknown,Other/Unknown,1.3,Low
9046,965.0,21.74865,83.84573,2026-07-30,Other/Unknown,Other/Unknown,1.3,Low
9047,965.0,21.74953,83.84142,2026-07-30,Other/Unknown,Other/Unknown,1.3,Low
9048,965.0,21.75377,83.84241,2026-07-30,Other/Unknown,Other/Unknown,1.2,Low
9237,965.0,21.74027,83.84166,2026-07-31,Other/Unknown,Other/Unknown,1.2,Low
9238,965.0,21.74364,83.84233,2026-07-31,Other/Unknown,Other/Unknown,1.2,Low
9239,965.0,21.74701,83.84298,2026-07-31,Other/Unknown,Other/Unknown,1.1,Low
9240,965.0,21.74766,83.83911,2026-07-31,Other/Unknown,Other/Unknown,1.1,Low
9241,965.0,21.75038,83.84364,2026-07-31,Other/Unknown,Other/Unknown,1.1,Low
9375,965.0,21.74527,83.84196,2026-08-01,Other/Unknown,Other/Unknown,0.0,Low
9376,965.0,21.74885,83.84124,2026-08-01,Other/Unknown,Other/Unknown,0.0,Low
9377,965.0,21.7496,83.8456,2026-08-01,Other/Unknown,Other/Unknown,0.0,Low
686,966.0,23.75989,86.40087,2026-09-10,Other/Unknown,Other/Unknown,0.0,Low
979,966.0,23.7587,86.40199,2026-09-11,Other/Unknown,Other/Unknown,0.0,Low
980,966.0,23.76302,86.403,2026-09-11,Other/Unknown,Other/Unknown,0.0,Low
981,966.0,23.76481,86.39408,2026-09-11,Other/Unknown,Other/Unknown,0.0,Low
982,966.0,23.76732,86.40403,2026-09-11,Other/Unknown,Other/Unknown,0.0,Low
1723,966.0,23.75989,86.40087,2026-09-10,Other/Unknown,Other/Unknown,0.0,Low
2016,966.0,23.7587,86.40199,2026-09-11,Other/Unknown,Other/Unknown,0.0,Low
2017,966.0,23.76302,86.403,2026-09-11,Other/Unknown,Other/Unknown,0.0,Low
2018,966.0,23.76481,86.39408,2026-09-11,Other/Unknown,Other/Unknown,0.0,Low
2019,966.0,23.76732,86.40403,2026-09-11,Other/Unknown,Other/Unknown,0.0,Low
2395,966.0,23.75945,86.403,2026-09-03,Other/Unknown,Other/Unknown,0.0,Low
2396,966.0,23.75995,86.39886,2026-09-03,Other/Unknown,Other/Unknown,0.0,Low
2397,966.0,23.76361,86.40362,2026-09-03,Other/Unknown,Other/Unknown,0.0,Low
2398,966.0,23.76411,86.39948,2026-09-03,Other/Unknown,Other/Unknown,0.0,Low
2399,966.0,23.76777,86.40421,2026-09-03,Other/Unknown,Other/Unknown,0.0,Low
2400,966.0,23.76827,86.40009,2026-09-03,Other/Unknown,Other/Unknown,0.0,Low
2745,966.0,23.75817,86.40104,2026-09-04,Other/Unknown,Other/Unknown,0.0,Low
2746,966.0,23.76124,86.4041,2026-09-04,Other/Unknown,Other/Unknown,0.0,Low
2747,966.0,23.76163,86.39988,2026-09-04,Other/Unknown,Other/Unknown,0.0,Low
2748,966.0,23.76239,86.39155,2026-09-04,Other/Unknown,Other/Unknown,0.0,Low
2749,966.0,23.76345,86.40598,2026-09-04,Other/Unknown,Other/Unknown,0.0,Low
2750,966.0,23.76381,86.40175,2026-09-04,Other/Unknown,Other/Unknown,0.0,Low
2751,966.0,23.76689,86.40472,2026-09-04,Other/Unknown,Other/Unknown,0.0,Low
3389,966.0,23.75821,86.40292,2026-09-05,Other/Unknown,Other/Unknown,0.0,Low
3390,966.0,23.75978,86.40414,2026-09-05,Other/Unknown,Other/Unknown,0.0,Low
3558,966.0,23.75916,86.40092,2026-09-05,Other/Unknown,Other/Unknown,0.0,Low
4051,966.0,23.75722,86.40472,2026-09-07,Other/Unknown,Other/Unknown,0.0,Low
4052,966.0,23.76057,86.40414,2026-09-07,Other/Unknown,Other/Unknown,0.0,Low
4109,966.0,23.76423,86.39191,2026-09-07,Other/Unknown,Other/Unknown,0.0,Low
5299,966.0,23.75301,86.3995,2026-09-02,Other/Unknown,Other/Unknown,0.0,Low
5300,966.0,23.75577,86.40394,2026-09-02,Other/Unknown,Other/Unknown,0.0,Low
5301,966.0,23.75693,86.39625,2026-09-02,Other/Unknown,Other/Unknown,1.9,Low
5302,966.0,23.75911,86.40453,2026-09-02,Other/Unknown,Other/Unknown,0.0,Low
5303,966.0,23.75969,86.40069,2026-09-02,Other/Unknown,Other/Unknown,0.0,Low
5304,966.0,23.76244,86.40514,2026-09-02,Other/Unknown,Other/Unknown,0.0,Low
5305,966.0,23.76303,86.40129,2026-09-02,Other/Unknown,Other/Unknown,0.0,Low
5306,966.0,23.76419,86.39362,2026-09-02,Other/Unknown,Other/Unknown,0.0,Low
5307,966.0,23.76637,86.40189,2026-09-02,Other/Unknown,Other/Unknown,0.0,Low
6259,966.0,23.76052,86.40015,2026-08-19,Other/Unknown,Other/Unknown,0.0,Low
6532,966.0,23.75525,86.40467,2026-08-20,Other/Unknown,Other/Unknown,0.0,Low
6533,966.0,23.76131,86.40248,2026-08-20,Other/Unknown,Other/Unknown,0.0,Low
6534,966.0,23.76655,86.40386,2026-08-20,Other/Unknown,Other/Unknown,0.0,Low
6535,966.0,23.76735,86.40035,2026-08-20,Other/Unknown,Other/Unknown,0.0,Low
6800,966.0,23.76498,86.40456,2026-08-22,Other/Unknown,Other/Unknown,0.0,Low
6891,966.0,23.75233,86.39735,2026-08-22,Other/Unknown,Other/Unknown,0.0,Low
6896,966.0,23.75772,86.40613,2026-08-22,Other/Unknown,Other/Unknown,0.0,Low
6897,966.0,23.75833,86.40237,2026-08-22,Other/Unknown,Other/Unknown,0.0,Low
6898,966.0,23.76163,86.403,2026-08-22,Other/Unknown,Other/Unknown,0.0,Low
6899,966.0,23.76224,86.39925,2026-08-22,Other/Unknown,Other/Unknown,0.0,Low
6900,966.0,23.76345,86.39174,2026-08-22,Other/Unknown,Other/Unknown,0.0,Low
6901,966.0,23.76493,86.40363,2026-08-22,Other/Unknown,Other/Unknown,0.0,Low
6902,966.0,23.76554,86.39987,2026-08-22,Other/Unknown,Other/Unknown,0.0,Low
6903,966.0,23.76823,86.40426,2026-08-22,Other/Unknown,Other/Unknown,0.0,Low
7010,966.0,23.76439,86.40546,2026-08-23,Other/Unknown,Other/Unknown,0.0,Low
7089,966.0,23.76086,86.39946,2026-08-23,Other/Unknown,Other/Unknown,0.0,Low
7090,966.0,23.76398,86.40508,2026-08-23,Other/Unknown,Other/Unknown,0.0,Low
8145,966.0,23.76469,86.40427,2026-08-10,Other/Unknown,Other/Unknown,0.0,Low
8271,966.0,23.75939,86.4022,2026-08-11,Other/Unknown,Other/Unknown,0.0,Low
8272,966.0,23.76351,86.40594,2026-08-11,Other/Unknown,Other/Unknown,0.0,Low
8719,966.0,23.76051,86.40147,2026-08-07,Other/Unknown,Other/Unknown,0.0,Low
8720,966.0,23.76362,86.40708,2026-08-07,Other/Unknown,Other/Unknown,0.0,Low
8721,966.0,23.76427,86.40208,2026-08-07,Other/Unknown,Other/Unknown,0.0,Low
8722,966.0,23.76556,86.39212,2026-08-07,Other/Unknown,Other/Unknown,0.0,Low
8723,966.0,23.76739,86.40766,2026-08-07,Other/Unknown,Other/Unknown,0.0,Low
8724,966.0,23.76804,86.40265,2026-08-07,Other/Unknown,Other/Unknown,0.0,Low
8749,966.0,23.76534,86.40513,2026-08-08,Other/Unknown,Other/Unknown,0.0,Low
8796,966.0,23.75794,86.39742,2026-08-08,Other/Unknown,Other/Unknown,0.0,Low
8797,966.0,23.75988,86.39985,2026-08-08,Other/Unknown,Other/Unknown,0.0,Low
8798,966.0,23.76022,86.39659,2026-08-08,Other/Unknown,Other/Unknown,0.0,Low
8799,966.0,23.76302,86.39813,2026-08-08,Other/Unknown,Other/Unknown,0.0,Low
8800,966.0,23.76778,86.40202,2026-08-08,Other/Unknown,Other/Unknown,0.0,Low
8801,966.0,23.7681,86.39877,2026-08-08,Other/Unknown,Other/Unknown,0.0,Low
9304,966.0,23.76203,86.40659,2026-07-31,Other/Unknown,Other/Unknown,0.0,Low
9440,966.0,23.75601,86.40481,2026-08-01,Other/Unknown,Other/Unknown,0.0,Low
9525,966.0,23.75622,86.40613,2026-08-02,Other/Unknown,Other/Unknown,0.0,Low
9526,966.0,23.76085,86.40268,2026-08-02,Other/Unknown,Other/Unknown,0.0,Low
9527,966.0,23.76448,86.40738,2026-08-02,Other/Unknown,Other/Unknown,0.0,Low
9528,966.0,23.76498,86.40328,2026-08-02,Other/Unknown,Other/Unknown,0.0,Low
9529,966.0,23.76912,86.40388,2026-08-02,Other/Unknown,Other/Unknown,0.0,Low
9711,966.0,23.76233,86.40159,2026-07-25,Other/Unknown,Other/Unknown,0.0,Low
9892,966.0,23.76611,86.40596,2026-07-26,Other/Unknown,Other/Unknown,0.0,Low
10060,966.0,23.75625,86.40324,2026-07-27,Other/Unknown,Other/Unknown,0.0,Low
10061,966.0,23.76034,86.39961,2026-07-27,Other/Unknown,Other/Unknown,0.0,Low
10062,966.0,23.76503,86.39178,2026-07-27,Other/Unknown,Other/Unknown,0.0,Low
10063,966.0,23.76732,86.40079,2026-07-27,Other/Unknown,Other/Unknown,0.0,Low
10064,966.0,23.77081,86.40138,2026-07-27,Other/Unknown,Other/Unknown,0.0,Low
10553,966.0,23.75755,86.40247,2026-07-22,Other/Unknown,Other/Unknown,0.0,Low
10554,966.0,23.76131,86.40308,2026-07-22,Other/Unknown,Other/Unknown,0.0,Low
10555,966.0,23.76471,86.40529,2026-07-22,Other/Unknown,Other/Unknown,0.0,Low
10556,966.0,23.76508,86.40367,2026-07-22,Other/Unknown,Other/Unknown,0.0,Low
10557,966.0,23.76534,86.40031,2026-07-22,Other/Unknown,Other/Unknown,0.0,Low
10558,966.0,23.76847,86.40588,2026-07-22,Other/Unknown,Other/Unknown,0.0,Low
10559,966.0,23.76884,86.40425,2026-07-22,Other/Unknown,Other/Unknown,0.0,Low
10560,966.0,23.7691,86.4009,2026-07-22,Other/Unknown,Other/Unknown,0.0,Low
698,967.0,30.68053,73.567,2026-09-10,Wildfire / Natural Fire,Wildfire / Natural Fire,16.2,Medium
699,967.0,30.68111,73.57111,2026-09-10,Wildfire / Natural Fire,Wildfire / Natural Fire,17.3,Medium
700,967.0,30.68446,73.57047,2026-09-10,Wildfire / Natural Fire,Wildfire / Natural Fire,16.4,Medium
1735,967.0,30.68053,73.567,2026-09-10,Wildfire / Natural Fire,Wildfire / Natural Fire,16.2,Medium
1736,967.0,30.68111,73.57111,2026-09-10,Wildfire / Natural Fire,Wildfire / Natural Fire,17.3,Medium
1737,967.0,30.68446,73.57047,2026-09-10,Wildfire / Natural Fire,Wildfire / Natural Fire,16.4,Medium
710,968.0,31.62693,72.4276,2026-09-10,Other/Unknown,Other/Unknown,0.0,Low
711,968.0,31.63024,72.42693,2026-09-10,Other/Unknown,Other/Unknown,0.0,Low
1747,968.0,31.62693,72.4276,2026-09-10,Other/Unknown,Other/Unknown,0.0,Low
1748,968.0,31.63024,72.42693,2026-09-10,Other/Unknown,Other/Unknown,0.0,Low
719,969.0,27.60698,95.40187,2026-09-10,Other/Unknown,Other/Unknown,3.8,Low
923,969.0,27.60801,95.40346,2026-09-11,Other/Unknown,Other/Unknown,3.7,Low
1756,969.0,27.60698,95.40187,2026-09-10,Other/Unknown,Other/Unknown,3.8,Low
1960,969.0,27.60801,95.40346,2026-09-11,Other/Unknown,Other/Unknown,3.7,Low
3756,969.0,27.60275,95.40074,2026-09-06,Other/Unknown,Other/Unknown,3.7,Low
7302,969.0,27.60563,95.40367,2026-08-15,Other/Unknown,Other/Unknown,3.8,Low
8416,969.0,27.60436,95.40337,2026-08-12,Other/Unknown,Other/Unknown,3.9,Low
720,970.0,30.07032,96.97918,2026-09-10,Other/Unknown,Other/Unknown,0.0,Low
919,970.0,30.0677,96.97839,2026-09-11,Other/Unknown,Other/Unknown,0.0,Low
920,970.0,30.0697,96.97879,2026-09-11,Other/Unknown,Other/Unknown,0.0,Low
1757,970.0,30.07032,96.97918,2026-09-10,Other/Unknown,Other/Unknown,0.0,Low
1956,970.0,30.0677,96.97839,2026-09-11,Other/Unknown,Other/Unknown,0.0,Low
1957,970.0,30.0697,96.97879,2026-09-11,Other/Unknown,Other/Unknown,0.0,Low
3750,970.0,30.06614,96.97713,2026-09-06,Other/Unknown,Other/Unknown,0.0,Low
5730,970.0,30.06765,96.97842,2026-08-26,Other/Unknown,Other/Unknown,0.0,Low
8124,970.0,30.06718,96.97577,2026-08-10,Other/Unknown,Other/Unknown,0.0,Low
8498,970.0,30.07011,96.97737,2026-08-13,Other/Unknown,Other/Unknown,0.0,Low
8792,970.0,30.06933,96.97936,2026-08-08,Other/Unknown,Other/Unknown,0.0,Low
9717,970.0,30.06581,96.97794,2026-07-25,Other/Unknown,Other/Unknown,0.0,Low
10191,970.0,30.06929,96.98067,2026-07-28,Other/Unknown,Other/Unknown,0.0,Low
721,971.0,25.54185,91.23533,2026-09-10,Other/Unknown,Other/Unknown,3.8,Low
921,971.0,25.54361,91.23469,2026-09-11,Other/Unknown,Other/Unknown,3.8,Low
1758,971.0,25.54185,91.23533,2026-09-10,Other/Unknown,Other/Unknown,3.8,Low
1958,971.0,25.54361,91.23469,2026-09-11,Other/Unknown,Other/Unknown,3.8,Low
6230,971.0,25.54247,91.23459,2026-08-19,Other/Unknown,Other/Unknown,3.9,Low
6933,971.0,25.5415,91.23676,2026-08-22,Other/Unknown,Other/Unknown,3.9,Low
8358,971.0,25.54239,91.23597,2026-08-11,Other/Unknown,Other/Unknown,3.9,Low
8575,971.0,25.54031,91.23436,2026-08-05,Other/Unknown,Other/Unknown,3.9,Low
10869,971.0,25.54011,91.23563,2026-07-24,Other/Unknown,Other/Unknown,3.9,Low
10870,971.0,25.5434,91.23455,2026-07-24,Other/Unknown,Other/Unknown,3.9,Low
10871,971.0,25.54527,91.2362,2026-07-24,Other/Unknown,Other/Unknown,3.9,Low
732,972.0,19.36955,71.35328,2026-09-10,Other/Unknown,Other/Unknown,0.0,Low
1019,972.0,19.37048,71.35533,2026-09-11,Other/Unknown,Other/Unknown,0.0,Low
1769,972.0,19.36955,71.35328,2026-09-10,Other/Unknown,Other/Unknown,0.0,Low
2056,972.0,19.37048,71.35533,2026-09-11,Other/Unknown,Other/Unknown,0.0,Low
4765,972.0,19.36855,71.35361,2026-08-31,Other/Unknown,Other/Unknown,0.0,Low
6273,972.0,19.36821,71.3552,2026-08-19,Other/Unknown,Other/Unknown,0.0,Low
6274,972.0,19.37153,71.3558,2026-08-19,Other/Unknown,Other/Unknown,0.0,Low
6275,972.0,19.37213,71.35212,2026-08-19,Other/Unknown,Other/Unknown,0.0,Low
8514,972.0,19.36947,71.35176,2026-08-13,Other/Unknown,Other/Unknown,0.0,Low
764,973.0,15.16912,76.37991,2026-09-10,Persistent Industrial Thermal Source,Persistent Industrial Thermal Source,59.3,High
1002,973.0,15.16912,76.37862,2026-09-11,Persistent Industrial Thermal Source,Persistent Industrial Thermal Source,59.3,High
1003,973.0,15.17247,76.37917,2026-09-11,Persistent Industrial Thermal Source,Persistent Industrial Thermal Source,59.3,High
1801,973.0,15.16912,76.37991,2026-09-10,Persistent Industrial Thermal Source,Persistent Industrial Thermal Source,59.3,High
2039,973.0,15.16912,76.37862,2026-09-11,Persistent Industrial Thermal Source,Persistent Industrial Thermal Source,59.3,High
2040,973.0,15.17247,76.37917,2026-09-11,Persistent Industrial Thermal Source,Persistent Industrial Thermal Source,59.3,High
2940,973.0,15.1687,76.37943,2026-09-04,Persistent Industrial Thermal Source,Persistent Industrial Thermal Source,59.3,High
2941,973.0,15.17019,76.38186,2026-09-04,Persistent Industrial Thermal Source,Persistent Industrial Thermal Source,59.2,High
3344,973.0,15.16875,76.38062,2026-09-05,Persistent Industrial Thermal Source,Persistent Industrial Thermal Source,59.4,High
3429,973.0,15.16858,76.3791,2026-09-05,Persistent Industrial Thermal Source,Persistent Industrial Thermal Source,59.3,High
3431,973.0,15.17135,76.38354,2026-09-05,Persistent Industrial Thermal Source,Persistent Industrial Thermal Source,59.2,High
3873,973.0,15.16716,76.37951,2026-09-06,Persistent Industrial Thermal Source,Persistent Industrial Thermal Source,59.2,High
4756,973.0,15.1696,76.37997,2026-08-31,Persistent Industrial Thermal Source,Persistent Industrial Thermal Source,59.2,High
5072,973.0,15.17009,76.38125,2026-09-01,Persistent Industrial Thermal Source,Persistent Industrial Thermal Source,59.2,High
5319,973.0,15.16884,76.38137,2026-09-02,Persistent Industrial Thermal Source,Persistent Industrial Thermal Source,59.2,High
5768,973.0,15.16815,76.38161,2026-08-26,Persistent Industrial Thermal Source,Persistent Industrial Thermal Source,59.2,High
5770,973.0,15.17149,76.38216,2026-08-26,Persistent Industrial Thermal Source,Persistent Industrial Thermal Source,59.1,High
6409,973.0,15.16424,76.3814,2026-08-20,Persistent Industrial Thermal Source,Persistent Industrial Thermal Source,59.3,High
6410,973.0,15.1676,76.38084,2026-08-20,Persistent Industrial Thermal Source,Persistent Industrial Thermal Source,59.4,High
6459,973.0,15.16817,76.38058,2026-08-20,Persistent Industrial Thermal Source,Persistent Industrial Thermal Source,59.2,High
6684,973.0,15.16771,76.37908,2026-08-21,Persistent Industrial Thermal Source,Persistent Industrial Thermal Source,59.2,High
7222,973.0,15.16369,76.38303,2026-08-14,Persistent Industrial Thermal Source,Persistent Industrial Thermal Source,59.3,High
780,974.0,27.5995,95.3554,2026-09-11,Wildfire / Natural Fire,Wildfire / Natural Fire,16.8,Medium
781,974.0,27.59978,95.35804,2026-09-11,Wildfire / Natural Fire,Wildfire / Natural Fire,16.6,Medium
1817,974.0,27.5995,95.3554,2026-09-11,Wildfire / Natural Fire,Wildfire / Natural Fire,16.8,Medium
1818,974.0,27.59978,95.35804,2026-09-11,Wildfire / Natural Fire,Wildfire / Natural Fire,16.6,Medium
786,975.0,6.23098,80.86099,2026-09-11,Other/Unknown,Other/Unknown,0.0,Low
787,975.0,6.23561,80.868,2026-09-11,Other/Unknown,Other/Unknown,0.0,Low
788,975.0,6.23848,80.86372,2026-09-11,Other/Unknown,Other/Unknown,0.0,Low
1823,975.0,6.23098,80.86099,2026-09-11,Other/Unknown,Other/Unknown,0.0,Low
1824,975.0,6.23561,80.868,2026-09-11,Other/Unknown,Other/Unknown,0.0,Low
1825,975.0,6.23848,80.86372,2026-09-11,Other/Unknown,Other/Unknown,0.0,Low
795,976.0,6.89327,81.66647,2026-09-11,Wildfire / Natural Fire,Wildfire / Natural Fire,16.9,Medium
796,976.0,6.89663,81.66595,2026-09-11,Wildfire / Natural Fire,Wildfire / Natural Fire,16.9,Medium
1832,976.0,6.89327,81.66647,2026-09-11,Wildfire / Natural Fire,Wildfire / Natural Fire,16.9,Medium
1833,976.0,6.89663,81.66595,2026-09-11,Wildfire / Natural Fire,Wildfire / Natural Fire,16.9,Medium
3618,976.0,6.8768,81.67124,2026-09-06,Wildfire / Natural Fire,Wildfire / Natural Fire,17.5,Medium
3619,976.0,6.87744,81.67522,2026-09-06,Wildfire / Natural Fire,Wildfire / Natural Fire,17.5,Medium
3620,976.0,6.8797,81.66669,2026-09-06,Wildfire / Natural Fire,Wildfire / Natural Fire,16.7,Medium
3621,976.0,6.88034,81.67067,2026-09-06,Wildfire / Natural Fire,Wildfire / Natural Fire,17.5,Medium
3622,976.0,6.88098,81.67465,2026-09-06,Wildfire / Natural Fire,Wildfire / Natural Fire,17.5,Medium
4418,976.0,6.89576,81.66621,2026-08-30,Wildfire / Natural Fire,Wildfire / Natural Fire,16.5,Medium
5531,976.0,6.88819,81.66446,2026-08-25,Wildfire / Natural Fire,Wildfire / Natural Fire,16.5,Medium
801,977.0,7.28845,81.79851,2026-09-11,Other/Unknown,Other/Unknown,3.3,Low
802,977.0,7.29179,81.79798,2026-09-11,Other/Unknown,Other/Unknown,3.2,Low
1838,977.0,7.28845,81.79851,2026-09-11,Other/Unknown,Other/Unknown,3.3,Low
1839,977.0,7.29179,81.79798,2026-09-11,Other/Unknown,Other/Unknown,3.2,Low
4429,977.0,7.29368,81.80795,2026-08-30,Other/Unknown,Other/Unknown,0.0,Low
4814,977.0,7.28933,81.79167,2026-09-01,Other/Unknown,Other/Unknown,5.2,Low
5151,977.0,7.29333,81.80293,2026-09-02,Other/Unknown,Other/Unknown,3.2,Low
5399,977.0,7.30441,81.79688,2026-08-24,Other/Unknown,Other/Unknown,3.2,Low
5545,977.0,7.29306,81.77975,2026-08-25,Other/Unknown,Other/Unknown,3.4,Low
5546,977.0,7.29373,81.78432,2026-08-25,Other/Unknown,Other/Unknown,1.0,Low
5548,977.0,7.29684,81.77921,2026-08-25,Other/Unknown,Other/Unknown,1.0,Low
5549,977.0,7.2975,81.78377,2026-08-25,Other/Unknown,Other/Unknown,3.3,Low
5550,977.0,7.29885,81.79293,2026-08-25,Other/Unknown,Other/Unknown,3.5,Low
6341,977.0,7.30599,81.79197,2026-08-20,Other/Unknown,Other/Unknown,4.7,Low
810,978.0,7.49562,81.22058,2026-09-11,Wildfire / Natural Fire,Wildfire / Natural Fire,16.5,Medium
811,978.0,7.499,81.22006,2026-09-11,Wildfire / Natural Fire,Wildfire / Natural Fire,16.5,Medium
1847,978.0,7.49562,81.22058,2026-09-11,Wildfire / Natural Fire,Wildfire / Natural Fire,16.5,Medium
1848,978.0,7.499,81.22006,2026-09-11,Wildfire / Natural Fire,Wildfire / Natural Fire,16.5,Medium
10019,978.0,7.49176,81.23442,2026-07-27,Wildfire / Natural Fire,Wildfire / Natural Fire,17.4,Medium
10020,978.0,7.49695,81.22931,2026-07-27,Wildfire / Natural Fire,Wildfire / Natural Fire,17.4,Medium
10021,978.0,7.49772,81.23351,2026-07-27,Wildfire / Natural Fire,Wildfire / Natural Fire,17.4,Medium
11028,978.0,7.48689,81.22207,2026-07-17,Wildfire / Natural Fire,Wildfire / Natural Fire,16.4,Medium
824,979.0,7.9255,81.19964,2026-09-11,Wildfire / Natural Fire,Wildfire / Natural Fire,16.8,Medium
825,979.0,7.92887,81.1991,2026-09-11,Wildfire / Natural Fire,Wildfire / Natural Fire,16.8,Medium
1861,979.0,7.9255,81.19964,2026-09-11,Wildfire / Natural Fire,Wildfire / Natural Fire,16.8,Medium
1862,979.0,7.92887,81.1991,2026-09-11,Wildfire / Natural Fire,Wildfire / Natural Fire,16.8,Medium
835,980.0,8.13688,79.99423,2026-09-11,Other/Unknown,Other/Unknown,0.0,Low
836,980.0,8.1375,79.99817,2026-09-11,Other/Unknown,Other/Unknown,0.0,Low
1872,980.0,8.13688,79.99423,2026-09-11,Other/Unknown,Other/Unknown,0.0,Low
1873,980.0,8.1375,79.99817,2026-09-11,Other/Unknown,Other/Unknown,0.0,Low
4636,980.0,8.14198,79.99303,2026-08-31,Other/Unknown,Other/Unknown,0.0,Low
842,981.0,8.29306,80.13734,2026-09-11,Wildfire / Natural Fire,Wildfire / Natural Fire,16.5,Medium
843,981.0,8.29397,80.13721,2026-09-11,Wildfire / Natural Fire,Wildfire / Natural Fire,16.5,Medium
845,981.0,8.29746,80.13666,2026-09-11,Wildfire / Natural Fire,Wildfire / Natural Fire,16.6,Medium
846,981.0,8.29808,80.14052,2026-09-11,Wildfire / Natural Fire,Wildfire / Natural Fire,16.6,Medium
1879,981.0,8.29306,80.13734,2026-09-11,Wildfire / Natural Fire,Wildfire / Natural Fire,16.5,Medium
1880,981.0,8.29397,80.13721,2026-09-11,Wildfire / Natural Fire,Wildfire / Natural Fire,16.5,Medium
1882,981.0,8.29746,80.13666,2026-09-11,Wildfire / Natural Fire,Wildfire / Natural Fire,16.6,Medium
1883,981.0,8.29808,80.14052,2026-09-11,Wildfire / Natural Fire,Wildfire / Natural Fire,16.6,Medium
849,982.0,8.31788,80.3184,2026-09-11,Other/Unknown,Other/Unknown,0.0,Low
850,982.0,8.31956,80.318,2026-09-11,Other/Unknown,Other/Unknown,0.0,Low
1886,982.0,8.31788,80.3184,2026-09-11,Other/Unknown,Other/Unknown,0.0,Low
1887,982.0,8.31956,80.318,2026-09-11,Other/Unknown,Other/Unknown,0.0,Low
860,983.0,8.42157,80.53754,2026-09-11,Other/Unknown,Other/Unknown,8.2,Low
861,983.0,8.42381,80.52951,2026-09-11,Other/Unknown,Other/Unknown,9.2,Low
1897,983.0,8.42157,80.53754,2026-09-11,Other/Unknown,Other/Unknown,8.2,Low
1898,983.0,8.42381,80.52951,2026-09-11,Other/Unknown,Other/Unknown,9.2,Low
2315,983.0,8.4287,80.5266,2026-09-03,Other/Unknown,Other/Unknown,5.2,Low
2316,983.0,8.43132,80.52473,2026-09-03,Other/Unknown,Other/Unknown,9.6,Low
5593,983.0,8.4179,80.5202,2026-08-25,Other/Unknown,Other/Unknown,11.4,Low
5594,983.0,8.41851,80.52428,2026-08-25,Other/Unknown,Other/Unknown,8.9,Low
7172,983.0,8.4068,80.52273,2026-08-14,Other/Unknown,Other/Unknown,9.1,Low
7173,983.0,8.41071,80.52218,2026-08-14,Other/Unknown,Other/Unknown,8.9,Low
865,984.0,8.49105,80.13333,2026-09-11,Wildfire / Natural Fire,Wildfire / Natural Fire,16.6,Medium
1902,984.0,8.49105,80.13333,2026-09-11,Wildfire / Natural Fire,Wildfire / Natural Fire,16.6,Medium
1903,984.0,8.49392,80.12891,2026-09-11,Wildfire / Natural Fire,Wildfire / Natural Fire,16.2,Medium
868,985.0,8.50874,80.17788,2026-09-11,Wildfire / Natural Fire,Wildfire / Natural Fire,16.6,Medium
869,985.0,8.51221,80.17732,2026-09-11,Wildfire / Natural Fire,Wildfire / Natural Fire,16.5,Medium
1905,985.0,8.50874,80.17788,2026-09-11,Wildfire / Natural Fire,Wildfire / Natural Fire,16.6,Medium
1906,985.0,8.51221,80.17732,2026-09-11,Wildfire / Natural Fire,Wildfire / Natural Fire,16.5,Medium
3680,985.0,8.50974,80.18266,2026-09-06,Wildfire / Natural Fire,Wildfire / Natural Fire,17.7,Medium
890,986.0,26.77685,90.32755,2026-09-11,Other/Unknown,Other/Unknown,0.0,Low
891,986.0,26.77699,90.32763,2026-09-11,Other/Unknown,Other/Unknown,0.0,Low
1927,986.0,26.77685,90.32755,2026-09-11,Other/Unknown,Other/Unknown,0.0,Low
1928,986.0,26.77699,90.32763,2026-09-11,Other/Unknown,Other/Unknown,0.0,Low
893,987.0,25.71746,68.85942,2026-09-11,Wildfire / Natural Fire,Wildfire / Natural Fire,17.0,Medium
894,987.0,25.71819,68.86267,2026-09-11,Wildfire / Natural Fire,Wildfire / Natural Fire,16.8,Medium
1930,987.0,25.71746,68.85942,2026-09-11,Wildfire / Natural Fire,Wildfire / Natural Fire,17.0,Medium
1931,987.0,25.71819,68.86267,2026-09-11,Wildfire / Natural Fire,Wildfire / Natural Fire,16.8,Medium
895,988.0,25.86803,68.93196,2026-09-11,Wildfire / Natural Fire,Wildfire / Natural Fire,7.8,Low
896,988.0,25.86876,68.93517,2026-09-11,Wildfire / Natural Fire,Wildfire / Natural Fire,8.2,Low
897,988.0,25.86924,68.93317,2026-09-11,Wildfire / Natural Fire,Wildfire / Natural Fire,7.9,Low
1932,988.0,25.86803,68.93196,2026-09-11,Wildfire / Natural Fire,Wildfire / Natural Fire,7.8,Low
1933,988.0,25.86876,68.93517,2026-09-11,Wildfire / Natural Fire,Wildfire / Natural Fire,8.2,Low
1934,988.0,25.86924,68.93317,2026-09-11,Wildfire / Natural Fire,Wildfire / Natural Fire,7.9,Low
10040,988.0,25.86016,68.93331,2026-07-27,Wildfire / Natural Fire,Wildfire / Natural Fire,7.6,Low
10041,988.0,25.86451,68.93274,2026-07-27,Wildfire / Natural Fire,Wildfire / Natural Fire,8.0,Low
899,989.0,27.63409,68.3868,2026-09-11,Other/Unknown,Other/Unknown,0.0,Low
900,989.0,27.63629,68.39639,2026-09-11,Other/Unknown,Other/Unknown,0.0,Low
901,989.0,27.63903,68.38539,2026-09-11,Other/Unknown,Other/Unknown,0.0,Low
1936,989.0,27.63409,68.3868,2026-09-11,Other/Unknown,Other/Unknown,0.0,Low
1937,989.0,27.63629,68.39639,2026-09-11,Other/Unknown,Other/Unknown,0.0,Low
1938,989.0,27.63903,68.38539,2026-09-11,Other/Unknown,Other/Unknown,0.0,Low
902,990.0,28.05176,69.36261,2026-09-11,Industrial Fire,Industrial Fire,98.7,Critical
903,990.0,28.05294,69.36815,2026-09-11,Industrial Fire,Industrial Fire,98.6,Critical
924,990.0,28.05046,69.3678,2026-09-11,Industrial Fire,Industrial Fire,98.5,Critical
1034,990.0,28.05043,69.36802,2026-09-11,Industrial Fire,Industrial Fire,98.4,Critical
1035,990.0,28.05118,69.36514,2026-09-11,Industrial Fire,Industrial Fire,98.5,Critical
1939,990.0,28.05176,69.36261,2026-09-11,Industrial Fire,Industrial Fire,98.7,Critical
1940,990.0,28.05294,69.36815,2026-09-11,Industrial Fire,Industrial Fire,98.6,Critical
1961,990.0,28.05046,69.3678,2026-09-11,Industrial Fire,Industrial Fire,98.5,Critical
2071,990.0,28.05043,69.36802,2026-09-11,Industrial Fire,Industrial Fire,98.4,Critical
2072,990.0,28.05118,69.36514,2026-09-11,Industrial Fire,Industrial Fire,98.5,Critical
2250,990.0,28.05062,69.37006,2026-09-12,Industrial Fire,Industrial Fire,98.5,Critical
917,991.0,34.15523,74.19093,2026-09-11,Other/Unknown,Other/Unknown,0.0,Low
918,991.0,34.15862,74.19041,2026-09-11,Other/Unknown,Other/Unknown,0.0,Low
1954,991.0,34.15523,74.19093,2026-09-11,Other/Unknown,Other/Unknown,0.0,Low
1955,991.0,34.15862,74.19041,2026-09-11,Other/Unknown,Other/Unknown,0.0,Low
940,992.0,21.16485,72.6702,2026-09-11,Wildfire / Natural Fire,Wildfire / Natural Fire,16.9,Medium
941,992.0,21.16537,72.66583,2026-09-11,Wildfire / Natural Fire,Wildfire / Natural Fire,16.9,Medium
1977,992.0,21.16485,72.6702,2026-09-11,Wildfire / Natural Fire,Wildfire / Natural Fire,16.9,Medium
1978,992.0,21.16537,72.66583,2026-09-11,Wildfire / Natural Fire,Wildfire / Natural Fire,16.9,Medium
2482,992.0,21.16286,72.67182,2026-09-03,Wildfire / Natural Fire,Wildfire / Natural Fire,16.5,Medium
2483,992.0,21.1644,72.67298,2026-09-03,Wildfire / Natural Fire,Wildfire / Natural Fire,16.5,Medium
2484,992.0,21.16523,72.66869,2026-09-03,Wildfire / Natural Fire,Wildfire / Natural Fire,16.5,Medium
2485,992.0,21.16711,72.67277,2026-09-03,Wildfire / Natural Fire,Wildfire / Natural Fire,16.7,Medium
5332,992.0,21.16249,72.6673,2026-09-02,Wildfire / Natural Fire,Wildfire / Natural Fire,16.3,Medium
5333,992.0,21.1658,72.66228,2026-09-02,Wildfire / Natural Fire,Wildfire / Natural Fire,16.3,Medium
944,993.0,22.36478,87.30112,2026-09-11,Other/Unknown,Other/Unknown,0.0,Low
946,993.0,22.3659,87.29573,2026-09-11,Other/Unknown,Other/Unknown,0.0,Low
947,993.0,22.37058,87.29688,2026-09-11,Other/Unknown,Other/Unknown,0.0,Low
1981,993.0,22.36478,87.30112,2026-09-11,Other/Unknown,Other/Unknown,0.0,Low
1983,993.0,22.3659,87.29573,2026-09-11,Other/Unknown,Other/Unknown,0.0,Low
1984,993.0,22.37058,87.29688,2026-09-11,Other/Unknown,Other/Unknown,0.0,Low
3508,993.0,22.36242,87.30013,2026-09-05,Other/Unknown,Other/Unknown,0.0,Low
3510,993.0,22.36731,87.30403,2026-09-05,Other/Unknown,Other/Unknown,0.0,Low
3511,993.0,22.36808,87.30167,2026-09-05,Other/Unknown,Other/Unknown,0.0,Low
3512,993.0,22.36829,87.29976,2026-09-05,Other/Unknown,Other/Unknown,0.0,Low
3513,993.0,22.36908,87.2974,2026-09-05,Other/Unknown,Other/Unknown,0.0,Low
4101,993.0,22.35666,87.2903,2026-09-07,Other/Unknown,Other/Unknown,0.0,Low
4104,993.0,22.36481,87.30393,2026-09-07,Other/Unknown,Other/Unknown,0.0,Low
4105,993.0,22.36546,87.30004,2026-09-07,Other/Unknown,Other/Unknown,0.0,Low
4349,993.0,22.36584,87.30197,2026-08-29,Other/Unknown,Other/Unknown,0.0,Low
5438,993.0,22.3605,87.29447,2026-08-24,Other/Unknown,Other/Unknown,0.0,Low
5641,993.0,22.35603,87.28809,2026-08-25,Other/Unknown,Other/Unknown,0.0,Low
5643,993.0,22.36787,87.30032,2026-08-25,Other/Unknown,Other/Unknown,0.0,Low
5860,993.0,22.3576,87.29176,2026-08-27,Other/Unknown,Other/Unknown,0.0,Low
5861,993.0,22.36518,87.3004,2026-08-27,Other/Unknown,Other/Unknown,0.0,Low
6665,993.0,22.36667,87.29975,2026-08-21,Other/Unknown,Other/Unknown,0.0,Low
6791,993.0,22.36426,87.3003,2026-08-22,Other/Unknown,Other/Unknown,0.0,Low
6792,993.0,22.36824,87.3037,2026-08-22,Other/Unknown,Other/Unknown,0.0,Low
7050,993.0,22.35846,87.28915,2026-08-23,Other/Unknown,Other/Unknown,0.0,Low
7052,993.0,22.36435,87.29896,2026-08-23,Other/Unknown,Other/Unknown,0.0,Low
7397,993.0,22.36821,87.30191,2026-08-15,Other/Unknown,Other/Unknown,0.0,Low
7509,993.0,22.36782,87.30247,2026-08-16,Other/Unknown,Other/Unknown,0.0,Low
8300,993.0,22.36411,87.30314,2026-08-11,Other/Unknown,Other/Unknown,0.0,Low
8301,993.0,22.36491,87.29871,2026-08-11,Other/Unknown,Other/Unknown,0.0,Low
8302,993.0,22.36769,87.30388,2026-08-11,Other/Unknown,Other/Unknown,0.0,Low
9050,993.0,22.36679,87.30005,2026-07-30,Other/Unknown,Other/Unknown,0.0,Low
9268,993.0,22.36379,87.29936,2026-07-31,Other/Unknown,Other/Unknown,0.0,Low
9269,993.0,22.36768,87.30022,2026-07-31,Other/Unknown,Other/Unknown,0.0,Low
9411,993.0,22.35773,87.28947,2026-08-01,Other/Unknown,Other/Unknown,0.0,Low
9414,993.0,22.36255,87.30181,2026-08-01,Other/Unknown,Other/Unknown,0.0,Low
9415,993.0,22.36585,87.30242,2026-08-01,Other/Unknown,Other/Unknown,0.0,Low
9416,993.0,22.36645,87.29871,2026-08-01,Other/Unknown,Other/Unknown,0.0,Low
9719,993.0,22.36629,87.30527,2026-07-25,Other/Unknown,Other/Unknown,0.0,Low
9720,993.0,22.36745,87.29977,2026-07-25,Other/Unknown,Other/Unknown,0.0,Low
10193,993.0,22.36695,87.30052,2026-07-28,Other/Unknown,Other/Unknown,0.0,Low
958,994.0,23.67404,86.39622,2026-09-11,Other/Unknown,Other/Unknown,1.2,Low
959,994.0,23.67691,86.39936,2026-09-11,Other/Unknown,Other/Unknown,1.2,Low
961,994.0,23.67743,86.40173,2026-09-11,Other/Unknown,Other/Unknown,1.2,Low
962,994.0,23.67782,86.39482,2026-09-11,Other/Unknown,Other/Unknown,1.2,Low
963,994.0,23.67837,86.39718,2026-09-11,Other/Unknown,Other/Unknown,1.2,Low
964,994.0,23.67929,86.39272,2026-09-11,Other/Unknown,Other/Unknown,1.2,Low
965,994.0,23.68214,86.39581,2026-09-11,Other/Unknown,Other/Unknown,0.0,Low
966,994.0,23.68302,86.39138,2026-09-11,Other/Unknown,Other/Unknown,0.0,Low
967,994.0,23.68361,86.39369,2026-09-11,Other/Unknown,Other/Unknown,0.0,Low
1995,994.0,23.67404,86.39622,2026-09-11,Other/Unknown,Other/Unknown,1.2,Low
1996,994.0,23.67691,86.39936,2026-09-11,Other/Unknown,Other/Unknown,1.2,Low
1998,994.0,23.67743,86.40173,2026-09-11,Other/Unknown,Other/Unknown,1.2,Low
1999,994.0,23.67782,86.39482,2026-09-11,Other/Unknown,Other/Unknown,1.2,Low
2000,994.0,23.67837,86.39718,2026-09-11,Other/Unknown,Other/Unknown,1.2,Low
2001,994.0,23.67929,86.39272,2026-09-11,Other/Unknown,Other/Unknown,1.2,Low
2002,994.0,23.68214,86.39581,2026-09-11,Other/Unknown,Other/Unknown,0.0,Low
2003,994.0,23.68302,86.39138,2026-09-11,Other/Unknown,Other/Unknown,0.0,Low
2004,994.0,23.68361,86.39369,2026-09-11,Other/Unknown,Other/Unknown,0.0,Low
2239,994.0,23.67653,86.39957,2026-09-12,Other/Unknown,Other/Unknown,0.0,Low
2240,994.0,23.68299,86.39413,2026-09-12,Other/Unknown,Other/Unknown,0.0,Low
2241,994.0,23.68652,86.39357,2026-09-12,Other/Unknown,Other/Unknown,0.0,Low
2728,994.0,23.67591,86.40213,2026-09-04,Other/Unknown,Other/Unknown,0.0,Low
2729,994.0,23.67626,86.39803,2026-09-04,Other/Unknown,Other/Unknown,0.0,Low
2731,994.0,23.67871,86.40009,2026-09-04,Other/Unknown,Other/Unknown,0.0,Low
2733,994.0,23.67909,86.396,2026-09-04,Other/Unknown,Other/Unknown,0.0,Low
2736,994.0,23.68225,86.3947,2026-09-04,Other/Unknown,Other/Unknown,0.0,Low
2739,994.0,23.68826,86.39115,2026-09-04,Other/Unknown,Other/Unknown,0.0,Low
2821,994.0,23.67768,86.3978,2026-09-04,Other/Unknown,Other/Unknown,0.0,Low
3386,994.0,23.68271,86.39385,2026-09-05,Other/Unknown,Other/Unknown,0.0,Low
3543,994.0,23.67832,86.39969,2026-09-05,Other/Unknown,Other/Unknown,0.0,Low
3544,994.0,23.67911,86.39612,2026-09-05,Other/Unknown,Other/Unknown,0.0,Low
3545,994.0,23.67989,86.39262,2026-09-05,Other/Unknown,Other/Unknown,0.0,Low
3547,994.0,23.68354,86.3924,2026-09-05,Other/Unknown,Other/Unknown,0.0,Low
4044,994.0,23.67601,86.39903,2026-09-07,Other/Unknown,Other/Unknown,0.0,Low
4045,994.0,23.67936,86.39845,2026-09-07,Other/Unknown,Other/Unknown,0.0,Low
4046,994.0,23.6855,86.39344,2026-09-07,Other/Unknown,Other/Unknown,0.0,Low
6255,994.0,23.68032,86.39847,2026-08-19,Other/Unknown,Other/Unknown,0.0,Low
6256,994.0,23.68212,86.39163,2026-08-19,Other/Unknown,Other/Unknown,0.0,Low
6509,994.0,23.67467,86.40192,2026-08-20,Other/Unknown,Other/Unknown,0.0,Low
6510,994.0,23.67549,86.39829,2026-08-20,Other/Unknown,Other/Unknown,0.0,Low
6511,994.0,23.6763,86.39473,2026-08-20,Other/Unknown,Other/Unknown,0.0,Low
6514,994.0,23.68076,86.39959,2026-08-20,Other/Unknown,Other/Unknown,0.0,Low
6516,994.0,23.68157,86.39599,2026-08-20,Other/Unknown,Other/Unknown,0.0,Low
6517,994.0,23.68236,86.39249,2026-08-20,Other/Unknown,Other/Unknown,0.0,Low
6518,994.0,23.68763,86.39378,2026-08-20,Other/Unknown,Other/Unknown,0.0,Low
6520,994.0,23.68841,86.39032,2026-08-20,Other/Unknown,Other/Unknown,0.0,Low
6616,994.0,23.67844,86.39668,2026-08-21,Other/Unknown,Other/Unknown,0.0,Low
6618,994.0,23.68265,86.39607,2026-08-21,Other/Unknown,Other/Unknown,0.0,Low
6619,994.0,23.68639,86.39134,2026-08-21,Other/Unknown,Other/Unknown,0.0,Low
6799,994.0,23.68436,86.39455,2026-08-22,Other/Unknown,Other/Unknown,0.0,Low
6863,994.0,23.67349,86.40237,2026-08-22,Other/Unknown,Other/Unknown,0.0,Low
6864,994.0,23.6741,86.39861,2026-08-22,Other/Unknown,Other/Unknown,0.0,Low
6867,994.0,23.6774,86.39924,2026-08-22,Other/Unknown,Other/Unknown,0.0,Low
6868,994.0,23.67801,86.39548,2026-08-22,Other/Unknown,Other/Unknown,0.0,Low
6869,994.0,23.68131,86.39611,2026-08-22,Other/Unknown,Other/Unknown,0.0,Low
6872,994.0,23.68522,86.39298,2026-08-22,Other/Unknown,Other/Unknown,0.0,Low
7007,994.0,23.67774,86.39987,2026-08-23,Other/Unknown,Other/Unknown,0.0,Low
7008,994.0,23.68413,86.3939,2026-08-23,Other/Unknown,Other/Unknown,0.0,Low
7062,994.0,23.67588,86.40126,2026-08-23,Other/Unknown,Other/Unknown,0.0,Low
7063,994.0,23.67651,86.3963,2026-08-23,Other/Unknown,Other/Unknown,0.0,Low
7064,994.0,23.67659,86.3998,2026-08-23,Other/Unknown,Other/Unknown,0.0,Low
7065,994.0,23.67725,86.39486,2026-08-23,Other/Unknown,Other/Unknown,0.0,Low
7066,994.0,23.68028,86.39692,2026-08-23,Other/Unknown,Other/Unknown,0.0,Low
7067,994.0,23.68102,86.39546,2026-08-23,Other/Unknown,Other/Unknown,0.0,Low
7068,994.0,23.68469,86.39252,2026-08-23,Other/Unknown,Other/Unknown,0.0,Low
7069,994.0,23.68479,86.39607,2026-08-23,Other/Unknown,Other/Unknown,0.0,Low
7070,994.0,23.68546,86.39105,2026-08-23,Other/Unknown,Other/Unknown,0.0,Low
8134,994.0,23.67876,86.3997,2026-08-10,Other/Unknown,Other/Unknown,0.0,Low
8135,994.0,23.6797,86.39513,2026-08-10,Other/Unknown,Other/Unknown,0.0,Low
8263,994.0,23.67603,86.39613,2026-08-11,Other/Unknown,Other/Unknown,0.0,Low
8264,994.0,23.67661,86.40046,2026-08-11,Other/Unknown,Other/Unknown,0.0,Low
8265,994.0,23.68312,86.39497,2026-08-11,Other/Unknown,Other/Unknown,0.0,Low
8266,994.0,23.68666,86.39442,2026-08-11,Other/Unknown,Other/Unknown,0.0,Low
8322,994.0,23.67521,86.40223,2026-08-11,Other/Unknown,Other/Unknown,0.0,Low
8323,994.0,23.6759,86.3982,2026-08-11,Other/Unknown,Other/Unknown,0.0,Low
8325,994.0,23.67658,86.39417,2026-08-11,Other/Unknown,Other/Unknown,0.0,Low
8327,994.0,23.67889,86.39733,2026-08-11,Other/Unknown,Other/Unknown,0.0,Low
8330,994.0,23.68299,86.394,2026-08-11,Other/Unknown,Other/Unknown,0.0,Low
8706,994.0,23.67646,86.39635,2026-08-07,Other/Unknown,Other/Unknown,0.0,Low
8707,994.0,23.68022,86.39696,2026-08-07,Other/Unknown,Other/Unknown,0.0,Low
8708,994.0,23.68087,86.39198,2026-08-07,Other/Unknown,Other/Unknown,0.0,Low
8709,994.0,23.68398,86.39757,2026-08-07,Other/Unknown,Other/Unknown,0.0,Low
8710,994.0,23.68464,86.39258,2026-08-07,Other/Unknown,Other/Unknown,0.0,Low
8711,994.0,23.6884,86.39319,2026-08-07,Other/Unknown,Other/Unknown,0.0,Low
8712,994.0,23.68906,86.38818,2026-08-07,Other/Unknown,Other/Unknown,0.0,Low
9430,994.0,23.67822,86.39868,2026-08-01,Other/Unknown,Other/Unknown,0.0,Low
9432,994.0,23.6788,86.39487,2026-08-01,Other/Unknown,Other/Unknown,0.0,Low
9434,994.0,23.68213,86.39546,2026-08-01,Other/Unknown,Other/Unknown,0.0,Low
9435,994.0,23.68604,86.39225,2026-08-01,Other/Unknown,Other/Unknown,0.0,Low
9889,994.0,23.67586,86.40135,2026-07-26,Other/Unknown,Other/Unknown,0.0,Low
968,995.0,23.69176,87.12515,2026-09-11,Other/Unknown,Other/Unknown,0.0,Low
969,995.0,23.69279,87.12022,2026-09-11,Other/Unknown,Other/Unknown,0.0,Low
2005,995.0,23.69176,87.12515,2026-09-11,Other/Unknown,Other/Unknown,0.0,Low
2006,995.0,23.69279,87.12022,2026-09-11,Other/Unknown,Other/Unknown,0.0,Low
2371,995.0,23.68263,87.12968,2026-09-03,Other/Unknown,Other/Unknown,0.0,Low
2372,995.0,23.68801,87.11914,2026-09-03,Other/Unknown,Other/Unknown,0.0,Low
2373,995.0,23.69199,87.11974,2026-09-03,Other/Unknown,Other/Unknown,0.0,Low
2374,995.0,23.69338,87.10863,2026-09-03,Other/Unknown,Other/Unknown,0.0,Low
3410,995.0,23.6887,87.11978,2026-09-05,Other/Unknown,Other/Unknown,0.0,Low
3411,995.0,23.69161,87.117,2026-09-05,Other/Unknown,Other/Unknown,0.0,Low
3412,995.0,23.69583,87.12045,2026-09-05,Other/Unknown,Other/Unknown,0.0,Low
3413,995.0,23.69684,87.10555,2026-09-05,Other/Unknown,Other/Unknown,0.0,Low
5757,995.0,23.69875,87.09306,2026-08-26,Other/Unknown,Other/Unknown,0.0,Low
5873,995.0,23.68629,87.12115,2026-08-27,Other/Unknown,Other/Unknown,0.0,Low
6224,995.0,23.68837,87.1004,2026-08-19,Other/Unknown,Other/Unknown,0.0,Low
6225,995.0,23.68871,87.09673,2026-08-19,Other/Unknown,Other/Unknown,0.0,Low
6226,995.0,23.69172,87.12292,2026-08-19,Other/Unknown,Other/Unknown,0.0,Low
6227,995.0,23.69341,87.10468,2026-08-19,Other/Unknown,Other/Unknown,0.0,Low
6228,995.0,23.69443,87.0937,2026-08-19,Other/Unknown,Other/Unknown,0.0,Low
6257,995.0,23.69582,87.09637,2026-08-19,Other/Unknown,Other/Unknown,0.0,Low
6258,995.0,23.69837,87.09444,2026-08-19,Other/Unknown,Other/Unknown,0.0,Low
6437,995.0,23.69259,87.12586,2026-08-20,Other/Unknown,Other/Unknown,0.0,Low
6438,995.0,23.69308,87.11836,2026-08-20,Other/Unknown,Other/Unknown,0.0,Low
6439,995.0,23.69355,87.111,2026-08-20,Other/Unknown,Other/Unknown,0.0,Low
6440,995.0,23.69403,87.10361,2026-08-20,Other/Unknown,Other/Unknown,0.0,Low
6441,995.0,23.69451,87.0962,2026-08-20,Other/Unknown,Other/Unknown,0.0,Low
6442,995.0,23.69583,87.12293,2026-08-20,Other/Unknown,Other/Unknown,0.0,Low
6443,995.0,23.69627,87.11548,2026-08-20,Other/Unknown,Other/Unknown,0.0,Low
6444,995.0,23.69671,87.10807,2026-08-20,Other/Unknown,Other/Unknown,0.0,Low
6445,995.0,23.69758,87.09327,2026-08-20,Other/Unknown,Other/Unknown,0.0,Low
6519,995.0,23.68785,87.10063,2026-08-20,Other/Unknown,Other/Unknown,0.0,Low
6521,995.0,23.69202,87.10435,2026-08-20,Other/Unknown,Other/Unknown,0.0,Low
6522,995.0,23.69376,87.12176,2026-08-20,Other/Unknown,Other/Unknown,0.0,Low
6873,995.0,23.68862,87.11987,2026-08-22,Other/Unknown,Other/Unknown,0.0,Low
6874,995.0,23.69131,87.12435,2026-08-22,Other/Unknown,Other/Unknown,0.0,Low
6875,995.0,23.69195,87.12051,2026-08-22,Other/Unknown,Other/Unknown,0.0,Low
6877,995.0,23.6964,87.09367,2026-08-22,Other/Unknown,Other/Unknown,0.0,Low
7071,995.0,23.68946,87.10056,2026-08-23,Other/Unknown,Other/Unknown,0.0,Low
7072,995.0,23.69184,87.11031,2026-08-23,Other/Unknown,Other/Unknown,0.0,Low
7073,995.0,23.69225,87.10797,2026-08-23,Other/Unknown,Other/Unknown,0.0,Low
7074,995.0,23.69247,87.10574,2026-08-23,Other/Unknown,Other/Unknown,0.0,Low
7075,995.0,23.6977,87.09478,2026-08-23,Other/Unknown,Other/Unknown,0.0,Low
7535,995.0,23.68976,87.09792,2026-08-16,Other/Unknown,Other/Unknown,0.0,Low
7908,995.0,23.69268,87.12355,2026-08-09,Other/Unknown,Other/Unknown,0.0,Low
9298,995.0,23.69439,87.10456,2026-07-31,Other/Unknown,Other/Unknown,0.0,Low
9299,995.0,23.69482,87.10813,2026-07-31,Other/Unknown,Other/Unknown,0.0,Low
9300,995.0,23.69629,87.09454,2026-07-31,Other/Unknown,Other/Unknown,0.0,Low
9301,995.0,23.69759,87.09306,2026-07-31,Other/Unknown,Other/Unknown,0.0,Low
9512,995.0,23.68833,87.11887,2026-08-02,Other/Unknown,Other/Unknown,0.0,Low
9513,995.0,23.69229,87.11947,2026-08-02,Other/Unknown,Other/Unknown,0.0,Low
9514,995.0,23.69368,87.10851,2026-08-02,Other/Unknown,Other/Unknown,0.0,Low
9515,995.0,23.69447,87.12154,2026-08-02,Other/Unknown,Other/Unknown,0.0,Low
10202,995.0,23.68522,87.12163,2026-07-28,Other/Unknown,Other/Unknown,0.0,Low
10203,995.0,23.68564,87.12007,2026-07-28,Other/Unknown,Other/Unknown,0.0,Low
10204,995.0,23.68958,87.12224,2026-07-28,Other/Unknown,Other/Unknown,0.0,Low
989,996.0,23.79527,86.35438,2026-09-11,Other/Unknown,Other/Unknown,0.0,Low
990,996.0,23.79647,86.35325,2026-09-11,Other/Unknown,Other/Unknown,0.0,Low
2026,996.0,23.79527,86.35438,2026-09-11,Other/Unknown,Other/Unknown,0.0,Low
2027,996.0,23.79647,86.35325,2026-09-11,Other/Unknown,Other/Unknown,0.0,Low
2409,996.0,23.79508,86.35372,2026-09-03,Other/Unknown,Other/Unknown,0.0,Low
2410,996.0,23.79559,86.34954,2026-09-03,Other/Unknown,Other/Unknown,0.0,Low
2412,996.0,23.79976,86.35018,2026-09-03,Other/Unknown,Other/Unknown,0.0,Low
2760,996.0,23.79671,86.35096,2026-09-04,Other/Unknown,Other/Unknown,0.0,Low
4053,996.0,23.79465,86.35478,2026-09-07,Other/Unknown,Other/Unknown,0.0,Low
6920,996.0,23.79383,86.35108,2026-08-22,Other/Unknown,Other/Unknown,0.0,Low
6921,996.0,23.79713,86.35172,2026-08-22,Other/Unknown,Other/Unknown,0.0,Low
7094,996.0,23.79316,86.35529,2026-08-23,Other/Unknown,Other/Unknown,0.0,Low
7095,996.0,23.79394,86.35359,2026-08-23,Other/Unknown,Other/Unknown,0.0,Low
7548,996.0,23.79429,86.3544,2026-08-16,Other/Unknown,Other/Unknown,0.0,Low
7549,996.0,23.79461,86.35178,2026-08-16,Other/Unknown,Other/Unknown,0.0,Low
8274,996.0,23.79607,86.3521,2026-08-11,Other/Unknown,Other/Unknown,0.0,Low
8808,996.0,23.79314,86.35291,2026-08-08,Other/Unknown,Other/Unknown,0.0,Low
8809,996.0,23.79824,86.35355,2026-08-08,Other/Unknown,Other/Unknown,0.0,Low
8810,996.0,23.79856,86.35028,2026-08-08,Other/Unknown,Other/Unknown,0.0,Low
8811,996.0,23.79887,86.34701,2026-08-08,Other/Unknown,Other/Unknown,0.0,Low
9445,996.0,23.79666,86.35281,2026-08-01,Other/Unknown,Other/Unknown,0.0,Low
9446,996.0,23.79724,86.34898,2026-08-01,Other/Unknown,Other/Unknown,0.0,Low
9539,996.0,23.79365,86.35276,2026-08-02,Other/Unknown,Other/Unknown,0.0,Low
9540,996.0,23.79628,86.3541,2026-08-02,Other/Unknown,Other/Unknown,0.0,Low
9541,996.0,23.79679,86.34998,2026-08-02,Other/Unknown,Other/Unknown,0.0,Low
9542,996.0,23.79779,86.35337,2026-08-02,Other/Unknown,Other/Unknown,0.0,Low
9543,996.0,23.79827,86.34924,2026-08-02,Other/Unknown,Other/Unknown,0.0,Low
9893,996.0,23.79527,86.35248,2026-07-26,Other/Unknown,Other/Unknown,0.0,Low
10073,996.0,23.7955,86.3537,2026-07-27,Other/Unknown,Other/Unknown,0.0,Low
10074,996.0,23.79596,86.35258,2026-07-27,Other/Unknown,Other/Unknown,0.0,Low
10075,996.0,23.79611,86.34946,2026-07-27,Other/Unknown,Other/Unknown,0.0,Low
10076,996.0,23.79655,86.34833,2026-07-27,Other/Unknown,Other/Unknown,0.0,Low
10077,996.0,23.80004,86.34895,2026-07-27,Other/Unknown,Other/Unknown,0.0,Low
1011,997.0,18.57696,72.2394,2026-09-11,Other/Unknown,Other/Unknown,4.0,Low
1012,997.0,18.58124,72.24,2026-09-11,Other/Unknown,Other/Unknown,4.0,Low
2048,997.0,18.57696,72.2394,2026-09-11,Other/Unknown,Other/Unknown,4.0,Low
2049,997.0,18.58124,72.24,2026-09-11,Other/Unknown,Other/Unknown,4.0,Low
5286,997.0,18.5739,72.24182,2026-09-02,Other/Unknown,Other/Unknown,4.2,Low
5661,997.0,18.57702,72.242,2026-08-25,Other/Unknown,Other/Unknown,4.1,Low
6562,997.0,18.57617,72.24023,2026-08-20,Other/Unknown,Other/Unknown,4.1,Low
7942,997.0,18.57529,72.24021,2026-08-09,Other/Unknown,Other/Unknown,4.1,Low
7943,997.0,18.57864,72.24078,2026-08-09,Other/Unknown,Other/Unknown,4.1,Low
8530,997.0,18.57686,72.24059,2026-08-04,Other/Unknown,Other/Unknown,4.1,Low
8531,997.0,18.5774,72.24236,2026-08-04,Other/Unknown,Other/Unknown,4.1,Low
9710,997.0,18.57913,72.24246,2026-07-25,Other/Unknown,Other/Unknown,4.4,Low
10912,997.0,18.5756,72.24132,2026-07-24,Other/Unknown,Other/Unknown,4.0,Low
10913,997.0,18.57895,72.24188,2026-07-24,Other/Unknown,Other/Unknown,4.0,Low
1021,998.0,6.71797,81.23399,2026-09-11,Other/Unknown,Other/Unknown,2.8,Low
1022,998.0,6.71807,81.23294,2026-09-11,Other/Unknown,Other/Unknown,4.3,Low
1023,998.0,6.71861,81.23012,2026-09-11,Other/Unknown,Other/Unknown,4.2,Low
2058,998.0,6.71797,81.23399,2026-09-11,Other/Unknown,Other/Unknown,2.8,Low
2059,998.0,6.71807,81.23294,2026-09-11,Other/Unknown,Other/Unknown,4.3,Low
2060,998.0,6.71861,81.23012,2026-09-11,Other/Unknown,Other/Unknown,4.2,Low
5081,998.0,6.71948,81.22217,2026-09-01,Other/Unknown,Other/Unknown,4.3,Low
5127,998.0,6.7207,81.24134,2026-09-02,Other/Unknown,Other/Unknown,5.7,Low
5502,998.0,6.70091,81.21671,2026-08-25,Other/Unknown,Other/Unknown,2.7,Low
5503,998.0,6.70154,81.22091,2026-08-25,Other/Unknown,Other/Unknown,4.7,Low
5504,998.0,6.70454,81.21617,2026-08-25,Other/Unknown,Other/Unknown,1.2,Low
5505,998.0,6.70469,81.21725,2026-08-25,Other/Unknown,Other/Unknown,1.3,Low
5506,998.0,6.70517,81.22038,2026-08-25,Other/Unknown,Other/Unknown,5.2,Low
5507,998.0,6.70529,81.22145,2026-08-25,Other/Unknown,Other/Unknown,2.8,Low
5508,998.0,6.70817,81.21564,2026-08-25,Other/Unknown,Other/Unknown,4.4,Low
5509,998.0,6.70832,81.21671,2026-08-25,Other/Unknown,Other/Unknown,5.6,Low
5510,998.0,6.7088,81.21983,2026-08-25,Other/Unknown,Other/Unknown,0.0,Low
5511,998.0,6.70943,81.22404,2026-08-25,Other/Unknown,Other/Unknown,0.0,Low
5512,998.0,6.70953,81.22513,2026-08-25,Other/Unknown,Other/Unknown,6.1,Low
6319,998.0,6.72233,81.24533,2026-08-20,Other/Unknown,Other/Unknown,9.0,Low
8449,998.0,6.68782,81.21521,2026-08-13,Other/Unknown,Other/Unknown,1.2,Low
8450,998.0,6.68831,81.21883,2026-08-13,Other/Unknown,Other/Unknown,1.2,Low
9599,998.0,6.71163,81.21119,2026-07-25,Other/Unknown,Other/Unknown,4.4,Low
9600,998.0,6.71219,81.21482,2026-07-25,Other/Unknown,Other/Unknown,4.5,Low
9779,998.0,6.71408,81.21381,2026-07-25,Other/Unknown,Other/Unknown,3.3,Low
9796,998.0,6.69136,81.22068,2026-07-26,Other/Unknown,Other/Unknown,6.5,Low
9798,998.0,6.69206,81.22492,2026-07-26,Other/Unknown,Other/Unknown,6.5,Low
9801,998.0,6.69504,81.21573,2026-07-26,Other/Unknown,Other/Unknown,6.3,Low
9802,998.0,6.69574,81.21999,2026-07-26,Other/Unknown,Other/Unknown,7.9,Low
9804,998.0,6.69644,81.22422,2026-07-26,Other/Unknown,Other/Unknown,6.5,Low
9806,998.0,6.69714,81.22845,2026-07-26,Other/Unknown,Other/Unknown,6.2,Low
9808,998.0,6.69784,81.23267,2026-07-26,Other/Unknown,Other/Unknown,7.6,Low
9809,998.0,6.70013,81.21928,2026-07-26,Other/Unknown,Other/Unknown,1.1,Low
9810,998.0,6.70082,81.22353,2026-07-26,Other/Unknown,Other/Unknown,3.5,Low
9811,998.0,6.70152,81.22773,2026-07-26,Other/Unknown,Other/Unknown,6.2,Low
9812,998.0,6.70221,81.23195,2026-07-26,Other/Unknown,Other/Unknown,6.6,Low
9813,998.0,6.70291,81.23616,2026-07-26,Other/Unknown,Other/Unknown,7.8,Low
9814,998.0,6.71294,81.21354,2026-07-26,Other/Unknown,Other/Unknown,4.3,Low
10119,998.0,6.71186,81.19892,2026-07-28,Other/Unknown,Other/Unknown,1.8,Low
10120,998.0,6.71235,81.20254,2026-07-28,Other/Unknown,Other/Unknown,0.9,Low
10121,998.0,6.71331,81.20972,2026-07-28,Other/Unknown,Other/Unknown,4.9,Low
10122,998.0,6.71933,81.21259,2026-07-28,Other/Unknown,Other/Unknown,5.0,Low
10123,998.0,6.71982,81.21619,2026-07-28,Other/Unknown,Other/Unknown,5.0,Low
10124,998.0,6.72031,81.21982,2026-07-28,Other/Unknown,Other/Unknown,7.2,Low
10125,998.0,6.7208,81.22347,2026-07-28,Other/Unknown,Other/Unknown,7.2,Low
11008,998.0,6.70336,81.22245,2026-07-17,Other/Unknown,Other/Unknown,5.5,Low
11009,998.0,6.70397,81.22865,2026-07-17,Other/Unknown,Other/Unknown,5.6,Low
11010,998.0,6.70459,81.23338,2026-07-17,Other/Unknown,Other/Unknown,4.5,Low
11011,998.0,6.70468,81.23195,2026-07-17,Other/Unknown,Other/Unknown,4.6,Low
11012,998.0,6.70522,81.23813,2026-07-17,Other/Unknown,Other/Unknown,5.9,Low
11013,998.0,6.70533,81.23669,2026-07-17,Other/Unknown,Other/Unknown,4.6,Low
11014,998.0,6.71075,81.23253,2026-07-17,Other/Unknown,Other/Unknown,4.1,Low
11015,998.0,6.71083,81.23111,2026-07-17,Other/Unknown,Other/Unknown,4.6,Low
11016,998.0,6.71137,81.23724,2026-07-17,Other/Unknown,Other/Unknown,4.1,Low
11017,998.0,6.71148,81.23581,2026-07-17,Other/Unknown,Other/Unknown,4.6,Low
11018,998.0,6.71214,81.24052,2026-07-17,Other/Unknown,Other/Unknown,4.8,Low
11019,998.0,6.7169,81.23167,2026-07-17,Other/Unknown,Other/Unknown,4.1,Low
11020,998.0,6.71752,81.2364,2026-07-17,Other/Unknown,Other/Unknown,4.1,Low
1028,999.0,9.32874,77.42142,2026-09-11,Other/Unknown,Other/Unknown,0.0,Low
1029,999.0,9.3321,77.42197,2026-09-11,Other/Unknown,Other/Unknown,0.0,Low
2065,999.0,9.32874,77.42142,2026-09-11,Other/Unknown,Other/Unknown,0.0,Low
2066,999.0,9.3321,77.42197,2026-09-11,Other/Unknown,Other/Unknown,0.0,Low
1030,1000.0,11.26878,80.00301,2026-09-11,Other/Unknown,Other/Unknown,4.0,Low
1031,1000.0,11.2689,80.00498,2026-09-11,Other/Unknown,Other/Unknown,4.0,Low
2067,1000.0,11.26878,80.00301,2026-09-11,Other/Unknown,Other/Unknown,4.0,Low
2068,1000.0,11.2689,80.00498,2026-09-11,Other/Unknown,Other/Unknown,4.0,Low
4253,1000.0,11.26702,80.00352,2026-09-07,Other/Unknown,Other/Unknown,3.9,Low
5053,1000.0,11.2683,80.00274,2026-09-01,Other/Unknown,Other/Unknown,4.0,Low
5794,1000.0,11.2694,80.00464,2026-08-26,Other/Unknown,Other/Unknown,3.9,Low
5893,1000.0,11.26739,80.00417,2026-08-27,Other/Unknown,Other/Unknown,3.9,Low
9352,1000.0,11.26684,80.00278,2026-07-31,Other/Unknown,Other/Unknown,3.9,Low
10481,1000.0,11.26698,80.00361,2026-07-20,Other/Unknown,Other/Unknown,3.9,Low
10482,1000.0,11.27041,80.00419,2026-07-20,Other/Unknown,Other/Unknown,3.9,Low
1036,1001.0,27.72672,96.28129,2026-09-12,Other/Unknown,Other/Unknown,0.0,Low
1037,1001.0,27.73226,96.2794,2026-09-12,Other/Unknown,Other/Unknown,0.0,Low
2073,1001.0,27.72672,96.28129,2026-09-12,Other/Unknown,Other/Unknown,0.0,Low
2074,1001.0,27.73226,96.2794,2026-09-12,Other/Unknown,Other/Unknown,0.0,Low
2077,1002.0,6.61907,80.86243,2026-09-12,Other/Unknown,Other/Unknown,0.0,Low
2078,1002.0,6.61972,80.86633,2026-09-12,Other/Unknown,Other/Unknown,0.0,Low
2079,1003.0,6.70239,81.3877,2026-09-12,Wildfire / Natural Fire,Wildfire / Natural Fire,16.7,Medium
3609,1003.0,6.70751,81.38259,2026-09-06,Wildfire / Natural Fire,Wildfire / Natural Fire,16.9,Medium
2082,1004.0,7.01647,81.61634,2026-09-12,Other/Unknown,Other/Unknown,0.0,Low
5135,1004.0,7.01405,81.62167,2026-09-02,Other/Unknown,Other/Unknown,0.0,Low
2084,1005.0,7.0404,79.88097,2026-09-12,Other/Unknown,Other/Unknown,26.7,Medium
2085,1005.0,7.04147,79.87819,2026-09-12,Other/Unknown,Other/Unknown,32.4,Medium
2086,1005.0,7.04429,79.87487,2026-09-12,Other/Unknown,Industrial Fire,98.3,Critical
2087,1005.0,7.04521,79.88014,2026-09-12,Other/Unknown,Other/Unknown,43.8,High
2088,1006.0,7.05747,81.78086,2026-09-12,Other/Unknown,Other/Unknown,0.0,Low
2089,1006.0,7.05813,81.78476,2026-09-12,Other/Unknown,Other/Unknown,0.0,Low
2090,1006.0,7.06236,81.78408,2026-09-12,Other/Unknown,Other/Unknown,0.0,Low
6335,1006.0,7.04992,81.78621,2026-08-20,Other/Unknown,Other/Unknown,0.0,Low
2092,1007.0,7.09646,81.45305,2026-09-12,Wildfire / Natural Fire,Wildfire / Natural Fire,16.4,Medium
4810,1007.0,7.09516,81.44301,2026-09-01,Wildfire / Natural Fire,Wildfire / Natural Fire,16.9,Medium
4811,1007.0,7.0955,81.44486,2026-09-01,Wildfire / Natural Fire,Wildfire / Natural Fire,16.7,Medium
2095,1008.0,7.11429,81.83554,2026-09-12,Other/Unknown,Other/Unknown,0.0,Low
5942,1008.0,7.12036,81.83202,2026-08-28,Other/Unknown,Other/Unknown,0.0,Low
10488,1008.0,7.11957,81.82388,2026-07-21,Other/Unknown,Other/Unknown,0.0,Low
10489,1008.0,7.12131,81.82024,2026-07-21,Other/Unknown,Other/Unknown,0.0,Low
2103,1009.0,7.42772,81.66785,2026-09-12,Wildfire / Natural Fire,Wildfire / Natural Fire,16.8,Medium
3634,1009.0,7.42859,81.66696,2026-09-06,Wildfire / Natural Fire,Wildfire / Natural Fire,16.5,Medium
2105,1010.0,7.55105,81.03083,2026-09-12,Wildfire / Natural Fire,Wildfire / Natural Fire,16.6,Medium
2106,1010.0,7.55131,81.02861,2026-09-12,Wildfire / Natural Fire,Wildfire / Natural Fire,16.2,Medium
2107,1010.0,7.55203,81.03295,2026-09-12,Wildfire / Natural Fire,Wildfire / Natural Fire,16.6,Medium
2115,1011.0,7.6142,81.08228,2026-09-12,Wildfire / Natural Fire,Wildfire / Natural Fire,16.5,Medium
3016,1011.0,7.6148,81.08079,2026-09-05,Wildfire / Natural Fire,Wildfire / Natural Fire,16.7,Medium
3017,1011.0,7.61821,81.08028,2026-09-05,Wildfire / Natural Fire,Wildfire / Natural Fire,16.4,Medium
2116,1012.0,7.64408,80.998,2026-09-12,Wildfire / Natural Fire,Wildfire / Natural Fire,16.8,Medium
2117,1012.0,7.64484,81.00233,2026-09-12,Wildfire / Natural Fire,Wildfire / Natural Fire,16.6,Medium
2118,1012.0,7.6456,81.00668,2026-09-12,Wildfire / Natural Fire,Wildfire / Natural Fire,16.6,Medium
2120,1013.0,7.73364,81.04479,2026-09-12,Other/Unknown,Other/Unknown,1.1,Low
2121,1013.0,7.73436,81.04906,2026-09-12,Other/Unknown,Other/Unknown,5.7,Low
2122,1013.0,7.73804,81.04405,2026-09-12,Other/Unknown,Other/Unknown,1.0,Low
2124,1014.0,7.79231,80.61386,2026-09-12,Other/Unknown,Other/Unknown,0.0,Low
2125,1014.0,7.79308,80.61845,2026-09-12,Other/Unknown,Other/Unknown,0.0,Low
2126,1014.0,7.79322,80.61471,2026-09-12,Other/Unknown,Other/Unknown,0.0,Low
2127,1014.0,7.79759,80.61766,2026-09-12,Other/Unknown,Other/Unknown,0.0,Low
2128,1014.0,7.79774,80.61394,2026-09-12,Other/Unknown,Other/Unknown,0.0,Low
2129,1015.0,7.80422,79.93233,2026-09-12,Wildfire / Natural Fire,Wildfire / Natural Fire,16.4,Medium
2130,1015.0,7.80587,79.93601,2026-09-12,Wildfire / Natural Fire,Wildfire / Natural Fire,16.7,Medium
7609,1015.0,7.81238,79.93328,2026-08-17,Wildfire / Natural Fire,Wildfire / Natural Fire,19.7,Medium
2131,1016.0,7.90877,81.22432,2026-09-12,Other/Unknown,Other/Unknown,0.0,Low
6948,1016.0,7.90925,81.23074,2026-08-22,Other/Unknown,Other/Unknown,0.0,Low
6949,1016.0,7.91703,81.22473,2026-08-22,Other/Unknown,Other/Unknown,0.0,Low
2134,1017.0,7.95697,80.61252,2026-09-12,Other/Unknown,Other/Unknown,0.0,Low
3079,1017.0,7.96167,80.60851,2026-09-05,Other/Unknown,Other/Unknown,0.0,Low
3080,1017.0,7.96221,80.61208,2026-09-05,Other/Unknown,Other/Unknown,0.0,Low
3081,1017.0,7.96504,80.60799,2026-09-05,Other/Unknown,Other/Unknown,0.0,Low
3082,1017.0,7.96558,80.61158,2026-09-05,Other/Unknown,Other/Unknown,0.0,Low
2137,1018.0,7.99679,81.08457,2026-09-12,Other/Unknown,Other/Unknown,0.0,Low
2138,1018.0,8.00142,81.08142,2026-09-12,Other/Unknown,Other/Unknown,0.0,Low
2145,1019.0,8.09088,81.05321,2026-09-12,Wildfire / Natural Fire,Wildfire / Natural Fire,16.6,Medium
2146,1019.0,8.09095,81.0537,2026-09-12,Wildfire / Natural Fire,Wildfire / Natural Fire,16.5,Medium
2147,1020.0,8.10521,81.08544,2026-09-12,Other/Unknown,Other/Unknown,0.0,Low
2148,1020.0,8.10552,81.08588,2026-09-12,Other/Unknown,Other/Unknown,0.0,Low
2153,1021.0,8.18704,81.01131,2026-09-12,Wildfire / Natural Fire,Wildfire / Natural Fire,16.7,Medium
2155,1021.0,8.18764,81.01199,2026-09-12,Wildfire / Natural Fire,Wildfire / Natural Fire,16.7,Medium
2154,1022.0,8.18756,80.75049,2026-09-12,Other/Unknown,Other/Unknown,0.0,Low
2157,1022.0,8.19201,80.7497,2026-09-12,Other/Unknown,Other/Unknown,0.0,Low
2158,1023.0,8.20405,81.0864,2026-09-12,Other/Unknown,Other/Unknown,0.0,Low
2159,1023.0,8.20521,81.08688,2026-09-12,Other/Unknown,Other/Unknown,0.0,Low
2160,1024.0,8.22331,81.0881,2026-09-12,Wildfire / Natural Fire,Wildfire / Natural Fire,16.9,Medium
2163,1024.0,8.22403,81.09228,2026-09-12,Wildfire / Natural Fire,Wildfire / Natural Fire,16.7,Medium
2573,1024.0,8.22253,81.08371,2026-09-04,Wildfire / Natural Fire,Wildfire / Natural Fire,16.5,Medium
2161,1025.0,8.22337,80.55514,2026-09-12,Other/Unknown,Other/Unknown,0.0,Low
2162,1025.0,8.22382,80.55173,2026-09-12,Other/Unknown,Other/Unknown,0.0,Low
2167,1026.0,8.25686,80.15214,2026-09-12,Wildfire / Natural Fire,Wildfire / Natural Fire,16.4,Medium
2168,1026.0,8.25863,80.15495,2026-09-12,Wildfire / Natural Fire,Wildfire / Natural Fire,16.6,Medium
3665,1026.0,8.26466,80.15013,2026-09-06,Wildfire / Natural Fire,Wildfire / Natural Fire,16.2,Medium
3666,1026.0,8.26842,80.14952,2026-09-06,Wildfire / Natural Fire,Wildfire / Natural Fire,16.8,Medium
2171,1027.0,8.2885,80.25041,2026-09-12,Other/Unknown,Other/Unknown,0.0,Low
2172,1027.0,8.2887,80.24864,2026-09-12,Other/Unknown,Other/Unknown,0.0,Low
2179,1028.0,8.3849,80.66853,2026-09-12,Wildfire / Natural Fire,Wildfire / Natural Fire,16.3,Medium
7834,1028.0,8.38241,80.6659,2026-08-09,Wildfire / Natural Fire,Wildfire / Natural Fire,16.5,Medium
2183,1029.0,8.46603,80.46207,2026-09-12,Other/Unknown,Other/Unknown,0.0,Low
2184,1029.0,8.47054,80.46129,2026-09-12,Other/Unknown,Other/Unknown,0.0,Low
2609,1029.0,8.47596,80.45562,2026-09-04,Other/Unknown,Other/Unknown,0.0,Low
3675,1029.0,8.47988,80.45582,2026-09-06,Other/Unknown,Other/Unknown,0.0,Low
2186,1030.0,8.48214,80.5015,2026-09-12,Other/Unknown,Other/Unknown,0.0,Low
2608,1030.0,8.46493,80.50307,2026-09-04,Other/Unknown,Other/Unknown,0.0,Low
3151,1030.0,8.46284,80.50578,2026-09-05,Other/Unknown,Other/Unknown,0.0,Low
3155,1030.0,8.47132,80.49349,2026-09-05,Other/Unknown,Other/Unknown,0.0,Low
3158,1030.0,8.47468,80.49299,2026-09-05,Other/Unknown,Other/Unknown,0.0,Low
3159,1030.0,8.47522,80.49657,2026-09-05,Other/Unknown,Other/Unknown,0.0,Low
3970,1030.0,8.46464,80.49741,2026-09-07,Other/Unknown,Other/Unknown,0.0,Low
2187,1031.0,8.49156,80.84512,2026-09-12,Other/Unknown,Other/Unknown,0.0,Low
2189,1031.0,8.49279,80.84737,2026-09-12,Other/Unknown,Other/Unknown,0.0,Low
2191,1032.0,8.51221,80.37827,2026-09-12,Wildfire / Natural Fire,Wildfire / Natural Fire,16.7,Medium
2192,1032.0,8.51254,80.37491,2026-09-12,Wildfire / Natural Fire,Wildfire / Natural Fire,16.4,Medium
2193,1032.0,8.51335,80.37949,2026-09-12,Wildfire / Natural Fire,Wildfire / Natural Fire,16.4,Medium
2195,1033.0,8.51672,80.67548,2026-09-12,Wildfire / Natural Fire,Wildfire / Natural Fire,15.3,Medium
2196,1033.0,8.52116,80.67471,2026-09-12,Wildfire / Natural Fire,Wildfire / Natural Fire,15.8,Medium
2197,1033.0,8.52409,80.66512,2026-09-12,Wildfire / Natural Fire,Wildfire / Natural Fire,16.1,Medium
4894,1033.0,8.51814,80.67673,2026-09-01,Wildfire / Natural Fire,Wildfire / Natural Fire,16.3,Medium
5229,1033.0,8.52422,80.67086,2026-09-02,Wildfire / Natural Fire,Wildfire / Natural Fire,15.9,Medium
5230,1033.0,8.52491,80.67143,2026-09-02,Wildfire / Natural Fire,Wildfire / Natural Fire,15.8,Medium
2201,1034.0,8.52888,80.82547,2026-09-12,Wildfire / Natural Fire,Wildfire / Natural Fire,16.6,Medium
2202,1034.0,8.53329,80.82473,2026-09-12,Wildfire / Natural Fire,Wildfire / Natural Fire,16.8,Medium
3686,1034.0,8.53316,80.83387,2026-09-06,Wildfire / Natural Fire,Wildfire / Natural Fire,17.0,Medium
5231,1034.0,8.52835,80.81718,2026-09-02,Wildfire / Natural Fire,Wildfire / Natural Fire,16.5,Medium
5603,1034.0,8.52601,80.82277,2026-08-25,Wildfire / Natural Fire,Wildfire / Natural Fire,16.4,Medium
5604,1034.0,8.53026,80.82647,2026-08-25,Wildfire / Natural Fire,Wildfire / Natural Fire,16.6,Medium
2203,1035.0,8.57211,80.84022,2026-09-12,Other/Unknown,Other/Unknown,0.0,Low
3184,1035.0,8.56501,80.8385,2026-09-05,Other/Unknown,Other/Unknown,0.0,Low
2204,1036.0,8.57469,80.38332,2026-09-12,Other/Unknown,Other/Unknown,0.0,Low
5944,1036.0,8.57365,80.37617,2026-08-28,Other/Unknown,Other/Unknown,0.0,Low
2207,1037.0,8.61029,80.85212,2026-09-12,Wildfire / Natural Fire,Wildfire / Natural Fire,16.5,Medium
4916,1037.0,8.60837,80.85137,2026-09-01,Wildfire / Natural Fire,Wildfire / Natural Fire,16.9,Medium
2211,1038.0,8.62956,80.67505,2026-09-12,Other/Unknown,Other/Unknown,18.0,Medium
3691,1038.0,8.62829,80.68075,2026-09-06,Other/Unknown,Other/Unknown,5.4,Low
2214,1039.0,8.80845,80.26943,2026-09-12,Wildfire / Natural Fire,Wildfire / Natural Fire,16.9,Medium
2215,1039.0,8.80925,80.27412,2026-09-12,Wildfire / Natural Fire,Wildfire / Natural Fire,17.4,Medium
2216,1039.0,8.81352,80.27133,2026-09-12,Wildfire / Natural Fire,Wildfire / Natural Fire,16.3,Medium
2217,1040.0,8.89653,80.71324,2026-09-12,Wildfire / Natural Fire,Wildfire / Natural Fire,16.3,Medium
2218,1040.0,8.8973,80.71758,2026-09-12,Wildfire / Natural Fire,Wildfire / Natural Fire,16.3,Medium
2219,1040.0,8.89794,80.71543,2026-09-12,Wildfire / Natural Fire,Wildfire / Natural Fire,16.6,Medium
2220,1041.0,8.93057,80.21703,2026-09-12,Other/Unknown,Other/Unknown,0.0,Low
2221,1041.0,8.93058,80.21378,2026-09-12,Other/Unknown,Other/Unknown,0.0,Low
2223,1042.0,8.95907,80.8126,2026-09-12,Other/Unknown,Other/Unknown,0.0,Low
2224,1042.0,8.96344,80.81184,2026-09-12,Other/Unknown,Other/Unknown,0.0,Low
2225,1043.0,8.97946,80.82655,2026-09-12,Wildfire / Natural Fire,Wildfire / Natural Fire,16.8,Medium
2662,1043.0,8.97923,80.83057,2026-09-04,Wildfire / Natural Fire,Wildfire / Natural Fire,16.6,Medium
2663,1043.0,8.98429,80.83439,2026-09-04,Wildfire / Natural Fire,Wildfire / Natural Fire,16.4,Medium
2227,1044.0,9.00462,79.86208,2026-09-12,Wildfire / Natural Fire,Wildfire / Natural Fire,16.7,Medium
2228,1044.0,9.00842,79.85635,2026-09-12,Wildfire / Natural Fire,Wildfire / Natural Fire,16.6,Medium
2229,1044.0,9.01307,79.85555,2026-09-12,Wildfire / Natural Fire,Wildfire / Natural Fire,17.4,Medium
6392,1044.0,9.00053,79.86462,2026-08-20,Wildfire / Natural Fire,Wildfire / Natural Fire,16.4,Medium
2232,1045.0,9.20215,80.67951,2026-09-12,Other/Unknown,Other/Unknown,0.0,Low
2337,1045.0,9.2081,80.67667,2026-09-03,Other/Unknown,Other/Unknown,0.0,Low
2338,1045.0,9.20827,80.67661,2026-09-03,Other/Unknown,Other/Unknown,0.0,Low
2233,1046.0,9.21971,80.67647,2026-09-12,Other/Unknown,Other/Unknown,0.0,Low
3278,1046.0,9.22275,80.66697,2026-09-05,Other/Unknown,Other/Unknown,0.0,Low
10574,1046.0,9.22561,80.67407,2026-07-22,Other/Unknown,Other/Unknown,0.0,Low
2236,1047.0,9.40211,80.433,2026-09-12,Wildfire / Natural Fire,Wildfire / Natural Fire,16.7,Medium
2339,1047.0,9.3942,80.43369,2026-09-03,Wildfire / Natural Fire,Wildfire / Natural Fire,16.9,Medium
2340,1047.0,9.39609,80.43563,2026-09-03,Wildfire / Natural Fire,Wildfire / Natural Fire,16.8,Medium
2670,1047.0,9.39517,80.44724,2026-09-04,Wildfire / Natural Fire,Wildfire / Natural Fire,16.7,Medium
2671,1047.0,9.39581,80.44839,2026-09-04,Wildfire / Natural Fire,Wildfire / Natural Fire,16.7,Medium
4488,1047.0,9.40266,80.43048,2026-08-30,Wildfire / Natural Fire,Wildfire / Natural Fire,16.6,Medium
4950,1047.0,9.39288,80.43707,2026-09-01,Wildfire / Natural Fire,Wildfire / Natural Fire,17.1,Medium
4951,1047.0,9.39346,80.44057,2026-09-01,Wildfire / Natural Fire,Wildfire / Natural Fire,17.1,Medium
4952,1047.0,9.39688,80.43639,2026-09-01,Wildfire / Natural Fire,Wildfire / Natural Fire,16.8,Medium
2245,1048.0,24.83399,68.07236,2026-09-12,Wildfire / Natural Fire,Wildfire / Natural Fire,16.7,Medium
2246,1048.0,24.83595,68.07963,2026-09-12,Wildfire / Natural Fire,Wildfire / Natural Fire,16.7,Medium
2247,1048.0,24.83727,68.07303,2026-09-12,Wildfire / Natural Fire,Wildfire / Natural Fire,17.0,Medium
2265,1048.0,24.83543,68.07434,2026-09-12,Wildfire / Natural Fire,Wildfire / Natural Fire,16.4,Medium
2266,1048.0,24.83576,68.07816,2026-09-12,Wildfire / Natural Fire,Wildfire / Natural Fire,16.4,Medium
5972,1048.0,24.84141,68.06506,2026-08-28,Wildfire / Natural Fire,Wildfire / Natural Fire,16.4,Medium
2248,1049.0,27.92105,96.75591,2026-09-12,Other/Unknown,Other/Unknown,0.0,Low
2249,1049.0,27.92283,96.76014,2026-09-12,Other/Unknown,Other/Unknown,0.0,Low
2264,1050.0,23.50945,69.26907,2026-09-12,Other/Unknown,Other/Unknown,0.0,Low
7645,1050.0,23.50516,69.26018,2026-08-17,Other/Unknown,Other/Unknown,0.0,Low
7646,1050.0,23.50567,69.26427,2026-08-17,Other/Unknown,Other/Unknown,0.0,Low
11054,1050.0,23.51279,69.26447,2026-07-17,Other/Unknown,Other/Unknown,0.0,Low
2268,1051.0,6.8226,81.4782,2026-09-03,Wildfire / Natural Fire,Wildfire / Natural Fire,16.7,Medium
2269,1051.0,6.82737,81.47894,2026-09-03,Wildfire / Natural Fire,Wildfire / Natural Fire,16.5,Medium
2520,1051.0,6.83144,81.47736,2026-09-04,Wildfire / Natural Fire,Wildfire / Natural Fire,16.4,Medium
11148,1051.0,6.82597,81.47437,2026-07-18,Wildfire / Natural Fire,Wildfire / Natural Fire,16.6,Medium
2270,1052.0,8.94729,80.78709,2026-09-03,Wildfire / Natural Fire,Wildfire / Natural Fire,16.5,Medium
2271,1052.0,8.94969,80.79314,2026-09-03,Wildfire / Natural Fire,Wildfire / Natural Fire,16.9,Medium
3263,1052.0,8.94015,80.78194,2026-09-05,Wildfire / Natural Fire,Wildfire / Natural Fire,16.5,Medium
3264,1052.0,8.943,80.77776,2026-09-05,Wildfire / Natural Fire,Wildfire / Natural Fire,16.5,Medium
3267,1052.0,8.94355,80.78143,2026-09-05,Wildfire / Natural Fire,Wildfire / Natural Fire,16.5,Medium
2277,1053.0,27.98586,95.93726,2026-09-03,Other/Unknown,Other/Unknown,0.0,Low
2278,1053.0,27.99035,95.94063,2026-09-03,Other/Unknown,Other/Unknown,0.0,Low
2280,1054.0,6.44193,81.0908,2026-09-03,Wildfire / Natural Fire,Wildfire / Natural Fire,16.6,Medium
6738,1054.0,6.43771,81.08816,2026-08-22,Wildfire / Natural Fire,Wildfire / Natural Fire,16.7,Medium
6739,1054.0,6.439,81.09145,2026-08-22,Wildfire / Natural Fire,Wildfire / Natural Fire,16.6,Medium
2281,1055.0,6.74363,81.52365,2026-09-03,Other/Unknown,Other/Unknown,0.0,Low
4797,1055.0,6.74266,81.51804,2026-09-01,Other/Unknown,Other/Unknown,0.0,Low
5128,1055.0,6.74808,81.52004,2026-09-02,Other/Unknown,Other/Unknown,0.0,Low
5386,1055.0,6.74807,81.51759,2026-08-24,Other/Unknown,Other/Unknown,0.0,Low
2282,1056.0,6.82773,81.55322,2026-09-03,Other/Unknown,Other/Unknown,0.0,Low
2283,1056.0,6.82839,81.55818,2026-09-03,Other/Unknown,Other/Unknown,0.0,Low
2285,1057.0,7.22182,80.83134,2026-09-03,Other/Unknown,Other/Unknown,0.0,Low
2286,1057.0,7.22432,80.83115,2026-09-03,Other/Unknown,Other/Unknown,0.0,Low
2287,1058.0,7.32894,81.20289,2026-09-03,Wildfire / Natural Fire,Wildfire / Natural Fire,17.1,Medium
4436,1058.0,7.32474,81.2229,2026-08-30,Wildfire / Natural Fire,Wildfire / Natural Fire,16.8,Medium
4437,1058.0,7.33473,81.20717,2026-08-30,Wildfire / Natural Fire,Wildfire / Natural Fire,17.1,Medium
5161,1058.0,7.33735,81.20861,2026-09-02,Wildfire / Natural Fire,Wildfire / Natural Fire,16.8,Medium
6347,1058.0,7.32756,81.21307,2026-08-20,Wildfire / Natural Fire,Wildfire / Natural Fire,16.7,Medium
6350,1058.0,7.33097,81.21256,2026-08-20,Wildfire / Natural Fire,Wildfire / Natural Fire,16.9,Medium
6351,1058.0,7.33153,81.21626,2026-08-20,Wildfire / Natural Fire,Wildfire / Natural Fire,16.7,Medium
6352,1058.0,7.33495,81.21577,2026-08-20,Wildfire / Natural Fire,Wildfire / Natural Fire,16.7,Medium
6556,1058.0,7.32876,81.21317,2026-08-20,Wildfire / Natural Fire,Wildfire / Natural Fire,16.5,Medium
7343,1058.0,7.32174,81.20657,2026-08-15,Wildfire / Natural Fire,Wildfire / Natural Fire,17.0,Medium
7345,1058.0,7.32385,81.22048,2026-08-15,Wildfire / Natural Fire,Wildfire / Natural Fire,16.7,Medium
7346,1058.0,7.32439,81.22396,2026-08-15,Wildfire / Natural Fire,Wildfire / Natural Fire,16.7,Medium
7347,1058.0,7.32838,81.20554,2026-08-15,Wildfire / Natural Fire,Wildfire / Natural Fire,16.8,Medium
10259,1058.0,7.32965,81.20576,2026-07-29,Wildfire / Natural Fire,Wildfire / Natural Fire,16.8,Medium
2288,1059.0,7.36543,81.77074,2026-09-03,Other/Unknown,Other/Unknown,0.0,Low
4447,1059.0,7.36683,81.77773,2026-08-30,Other/Unknown,Other/Unknown,0.0,Low
7351,1059.0,7.37122,81.77496,2026-08-15,Other/Unknown,Other/Unknown,0.0,Low
7352,1059.0,7.37176,81.77847,2026-08-15,Other/Unknown,Other/Unknown,0.3,Low
2289,1060.0,7.36605,81.10909,2026-09-03,Persistent Industrial Thermal Source,Persistent Industrial Thermal Source,58.5,High
2290,1060.0,7.36618,81.10924,2026-09-03,Persistent Industrial Thermal Source,Persistent Industrial Thermal Source,58.5,High
5164,1060.0,7.35963,81.1146,2026-09-02,Persistent Industrial Thermal Source,Other/Unknown,25.3,Medium
6066,1060.0,7.38174,81.10937,2026-08-19,Persistent Industrial Thermal Source,Persistent Industrial Thermal Source,58.5,High
6354,1060.0,7.38552,81.11015,2026-08-20,Persistent Industrial Thermal Source,Persistent Industrial Thermal Source,57.0,High
6355,1060.0,7.38607,81.11382,2026-08-20,Persistent Industrial Thermal Source,Persistent Industrial Thermal Source,56.3,High
6356,1060.0,7.38893,81.10962,2026-08-20,Persistent Industrial Thermal Source,Persistent Industrial Thermal Source,56.0,High
6357,1060.0,7.38948,81.11331,2026-08-20,Persistent Industrial Thermal Source,Persistent Industrial Thermal Source,45.3,High
7595,1060.0,7.35611,81.1077,2026-08-17,Persistent Industrial Thermal Source,Persistent Industrial Thermal Source,37.8,Medium
7596,1060.0,7.36152,81.10664,2026-08-17,Persistent Industrial Thermal Source,Persistent Industrial Thermal Source,56.7,High
9087,1060.0,7.37756,81.11621,2026-07-30,Persistent Industrial Thermal Source,Persistent Industrial Thermal Source,56.6,High
9835,1060.0,7.37436,81.10779,2026-07-26,Persistent Industrial Thermal Source,Persistent Industrial Thermal Source,58.9,High
2291,1061.0,7.52924,81.65376,2026-09-03,Other/Unknown,Other/Unknown,0.0,Low
6076,1061.0,7.51386,81.65334,2026-08-19,Other/Unknown,Other/Unknown,0.0,Low
7157,1061.0,7.53184,81.66215,2026-08-14,Other/Unknown,Other/Unknown,0.0,Low
9127,1061.0,7.5203,81.65447,2026-07-31,Other/Unknown,Other/Unknown,0.0,Low
2292,1062.0,7.55661,80.95155,2026-09-03,Other/Unknown,Other/Unknown,0.0,Low
2293,1062.0,7.55712,80.94936,2026-09-03,Other/Unknown,Other/Unknown,0.0,Low
2294,1063.0,7.72298,81.26734,2026-09-03,Other/Unknown,Other/Unknown,0.0,Low
6372,1063.0,7.70978,81.25452,2026-08-20,Other/Unknown,Other/Unknown,0.0,Low
11369,1063.0,7.71641,81.26006,2026-07-19,Other/Unknown,Other/Unknown,0.0,Low
11370,1063.0,7.71697,81.26382,2026-07-19,Other/Unknown,Other/Unknown,0.0,Low
11371,1063.0,7.71929,81.25581,2026-07-19,Other/Unknown,Other/Unknown,0.0,Low
11373,1063.0,7.72273,81.2553,2026-07-19,Other/Unknown,Other/Unknown,0.0,Low
2296,1064.0,7.92578,81.39906,2026-09-03,Other/Unknown,Other/Unknown,0.0,Low
6375,1064.0,7.92285,81.39185,2026-08-20,Other/Unknown,Other/Unknown,0.0,Low
2298,1065.0,8.05081,81.30357,2026-09-03,Other/Unknown,Other/Unknown,0.0,Low
2300,1065.0,8.05642,81.2979,2026-09-03,Other/Unknown,Other/Unknown,0.0,Low
2301,1065.0,8.05706,81.30285,2026-09-03,Other/Unknown,Other/Unknown,0.0,Low
2305,1066.0,8.20337,80.99162,2026-09-03,Other/Unknown,Other/Unknown,0.0,Low
2306,1066.0,8.20392,80.99172,2026-09-03,Other/Unknown,Other/Unknown,0.0,Low
2308,1067.0,8.284,80.23323,2026-09-03,Wildfire / Natural Fire,Wildfire / Natural Fire,16.6,Medium
2309,1067.0,8.28842,80.23164,2026-09-03,Wildfire / Natural Fire,Wildfire / Natural Fire,16.6,Medium
2310,1068.0,8.39178,80.16251,2026-09-03,Wildfire / Natural Fire,Wildfire / Natural Fire,19.1,Medium
2311,1068.0,8.39199,80.16026,2026-09-03,Wildfire / Natural Fire,Wildfire / Natural Fire,17.7,Medium
2312,1068.0,8.3923,80.16667,2026-09-03,Wildfire / Natural Fire,Wildfire / Natural Fire,18.8,Medium
2313,1068.0,8.39254,80.16441,2026-09-03,Wildfire / Natural Fire,Wildfire / Natural Fire,19.3,Medium
4651,1068.0,8.38648,80.15206,2026-08-31,Wildfire / Natural Fire,Wildfire / Natural Fire,16.5,Medium
4652,1068.0,8.38703,80.15557,2026-08-31,Wildfire / Natural Fire,Wildfire / Natural Fire,16.5,Medium
2317,1069.0,8.55929,80.3675,2026-09-03,Wildfire / Natural Fire,Wildfire / Natural Fire,17.3,Medium
2616,1069.0,8.55367,80.37032,2026-09-04,Wildfire / Natural Fire,Wildfire / Natural Fire,16.4,Medium
2318,1070.0,8.564,80.79541,2026-09-03,Other/Unknown,Other/Unknown,0.0,Low
2319,1070.0,8.56422,80.79527,2026-09-03,Other/Unknown,Other/Unknown,0.0,Low
2320,1071.0,8.60062,80.454,2026-09-03,Other/Unknown,Other/Unknown,0.0,Low
8532,1071.0,8.60547,80.44852,2026-08-05,Other/Unknown,Other/Unknown,0.0,Low
2321,1072.0,8.60401,80.48016,2026-09-03,Wildfire / Natural Fire,Wildfire / Natural Fire,16.6,Medium
2322,1072.0,8.60457,80.48453,2026-09-03,Wildfire / Natural Fire,Wildfire / Natural Fire,16.5,Medium
3195,1072.0,8.61067,80.48598,2026-09-05,Wildfire / Natural Fire,Wildfire / Natural Fire,16.4,Medium
3196,1072.0,8.6112,80.48957,2026-09-05,Wildfire / Natural Fire,Wildfire / Natural Fire,17.1,Medium
2326,1073.0,8.6559,80.50523,2026-09-03,Wildfire / Natural Fire,Wildfire / Natural Fire,16.7,Medium
2327,1073.0,8.65861,80.50542,2026-09-03,Wildfire / Natural Fire,Wildfire / Natural Fire,16.9,Medium
2328,1073.0,8.66189,80.50454,2026-09-03,Wildfire / Natural Fire,Wildfire / Natural Fire,16.5,Medium
3697,1073.0,8.65905,80.50457,2026-09-06,Wildfire / Natural Fire,Wildfire / Natural Fire,16.8,Medium
2331,1074.0,8.86421,78.08301,2026-09-03,Other/Unknown,Industrial Fire,51.4,High
2332,1074.0,8.86688,78.08226,2026-09-03,Other/Unknown,Other/Unknown,20.4,Medium
5417,1074.0,8.86698,78.08605,2026-08-24,Other/Unknown,Other/Unknown,5.5,Low
2334,1075.0,8.99572,78.11298,2026-09-03,Other/Unknown,Other/Unknown,0.0,Low
2335,1075.0,8.99612,78.11604,2026-09-03,Other/Unknown,Other/Unknown,0.0,Low
2343,1076.0,10.9525,78.43614,2026-09-03,Other/Unknown,Other/Unknown,0.0,Low
7863,1076.0,10.9494,78.43846,2026-08-09,Other/Unknown,Other/Unknown,0.0,Low
2344,1077.0,11.5078,79.52651,2026-09-03,Other/Unknown,Other/Unknown,0.0,Low
2345,1077.0,11.50817,79.52599,2026-09-03,Other/Unknown,Other/Unknown,0.0,Low
2346,1078.0,18.51854,74.3471,2026-09-03,Other/Unknown,Other/Unknown,0.0,Low
2347,1078.0,18.51911,74.35187,2026-09-03,Other/Unknown,Other/Unknown,0.0,Low
2357,1079.0,35.99179,94.82908,2026-09-03,Persistent Industrial Thermal Source,Persistent Industrial Thermal Source,59.9,High
5037,1079.0,35.99104,94.83133,2026-09-01,Persistent Industrial Thermal Source,Persistent Industrial Thermal Source,59.8,High
6821,1079.0,35.98956,94.83291,2026-08-22,Persistent Industrial Thermal Source,Persistent Industrial Thermal Source,59.8,High
7045,1079.0,35.98909,94.83257,2026-08-23,Persistent Industrial Thermal Source,Persistent Industrial Thermal Source,59.8,High
7046,1079.0,35.98978,94.82835,2026-08-23,Persistent Industrial Thermal Source,Persistent Industrial Thermal Source,59.9,High
7651,1079.0,35.98857,94.83189,2026-08-17,Persistent Industrial Thermal Source,Persistent Industrial Thermal Source,59.8,High
8130,1079.0,35.99197,94.82977,2026-08-10,Persistent Industrial Thermal Source,Persistent Industrial Thermal Source,59.9,High
8131,1079.0,35.99315,94.82987,2026-08-10,Persistent Industrial Thermal Source,Persistent Industrial Thermal Source,59.8,High
8288,1079.0,35.99015,94.82831,2026-08-11,Persistent Industrial Thermal Source,Persistent Industrial Thermal Source,60.0,High
8413,1079.0,35.98915,94.82964,2026-08-12,Persistent Industrial Thermal Source,Persistent Industrial Thermal Source,59.9,High
8414,1079.0,35.99252,94.83054,2026-08-12,Persistent Industrial Thermal Source,Persistent Industrial Thermal Source,59.8,High
8493,1079.0,35.99004,94.83039,2026-08-13,Persistent Industrial Thermal Source,Persistent Industrial Thermal Source,59.9,High
8570,1079.0,35.99224,94.83033,2026-08-05,Persistent Industrial Thermal Source,Persistent Industrial Thermal Source,59.8,High
8571,1079.0,35.99246,94.83126,2026-08-05,Persistent Industrial Thermal Source,Persistent Industrial Thermal Source,59.8,High
8638,1079.0,35.99208,94.82857,2026-08-06,Persistent Industrial Thermal Source,Persistent Industrial Thermal Source,59.9,High
8639,1079.0,35.99247,94.82925,2026-08-06,Persistent Industrial Thermal Source,Persistent Industrial Thermal Source,59.9,High
8700,1079.0,35.98919,94.83079,2026-08-07,Persistent Industrial Thermal Source,Persistent Industrial Thermal Source,59.8,High
8701,1079.0,35.99247,94.8316,2026-08-07,Persistent Industrial Thermal Source,Persistent Industrial Thermal Source,59.8,High
8789,1079.0,35.99072,94.83022,2026-08-08,Persistent Industrial Thermal Source,Persistent Industrial Thermal Source,59.9,High
9387,1079.0,35.9893,94.82854,2026-08-01,Persistent Industrial Thermal Source,Persistent Industrial Thermal Source,59.9,High
9503,1079.0,35.99157,94.83187,2026-08-02,Persistent Industrial Thermal Source,Persistent Industrial Thermal Source,59.8,High
9915,1079.0,35.99193,94.8337,2026-07-26,Persistent Industrial Thermal Source,Persistent Industrial Thermal Source,59.7,High
10465,1079.0,35.99151,94.83028,2026-07-20,Persistent Industrial Thermal Source,Persistent Industrial Thermal Source,59.9,High
10506,1079.0,35.98952,94.83009,2026-07-21,Persistent Industrial Thermal Source,Persistent Industrial Thermal Source,59.9,High
10551,1079.0,35.99244,94.82929,2026-07-22,Persistent Industrial Thermal Source,Persistent Industrial Thermal Source,59.9,High
2358,1080.0,26.75918,83.19909,2026-09-03,Other/Unknown,Other/Unknown,0.0,Low
3564,1080.0,26.75865,83.20107,2026-09-05,Other/Unknown,Other/Unknown,0.0,Low
8359,1080.0,26.75969,83.19914,2026-08-11,Other/Unknown,Other/Unknown,0.0,Low
2360,1081.0,23.58044,86.72423,2026-09-03,Other/Unknown,Other/Unknown,0.0,Low
2723,1081.0,23.58107,86.72517,2026-09-04,Other/Unknown,Other/Unknown,0.0,Low
2361,1082.0,23.6091,85.67449,2026-09-03,Other/Unknown,Other/Unknown,0.0,Low
6852,1082.0,23.60973,85.67503,2026-08-22,Other/Unknown,Other/Unknown,0.0,Low
7900,1082.0,23.60814,85.67458,2026-08-09,Other/Unknown,Other/Unknown,0.0,Low
2362,1083.0,23.61394,86.78859,2026-09-03,Other/Unknown,Other/Unknown,0.7,Low
3408,1083.0,23.61425,86.7878,2026-09-05,Other/Unknown,Other/Unknown,0.7,Low
5755,1083.0,23.61321,86.7896,2026-08-26,Other/Unknown,Other/Unknown,0.0,Low
5756,1083.0,23.61457,86.79169,2026-08-26,Other/Unknown,Other/Unknown,0.0,Low
6497,1083.0,23.61454,86.79183,2026-08-20,Other/Unknown,Other/Unknown,0.0,Low
6498,1083.0,23.61549,86.78763,2026-08-20,Other/Unknown,Other/Unknown,0.6,Low
7901,1083.0,23.61382,86.79093,2026-08-09,Other/Unknown,Other/Unknown,0.0,Low
7902,1083.0,23.6142,86.78581,2026-08-09,Other/Unknown,Other/Unknown,4.0,Low
8650,1083.0,23.61498,86.79118,2026-08-06,Other/Unknown,Other/Unknown,0.0,Low
8651,1083.0,23.61562,86.78735,2026-08-06,Other/Unknown,Other/Unknown,0.7,Low
9282,1083.0,23.61296,86.79047,2026-07-31,Other/Unknown,Other/Unknown,0.0,Low
9507,1083.0,23.61413,86.78986,2026-08-02,Other/Unknown,Other/Unknown,0.0,Low
2363,1084.0,23.63301,86.83422,2026-09-03,Other/Unknown,Other/Unknown,0.0,Low
9422,1084.0,23.63226,86.83409,2026-08-01,Other/Unknown,Other/Unknown,0.0,Low
2364,1085.0,23.64893,85.44199,2026-09-03,Other/Unknown,Other/Unknown,0.0,Low
2365,1085.0,23.64945,85.43736,2026-09-03,Other/Unknown,Other/Unknown,0.0,Low
3536,1085.0,23.64866,85.44,2026-09-05,Other/Unknown,Other/Unknown,0.0,Low
3537,1085.0,23.64934,85.43687,2026-09-05,Other/Unknown,Other/Unknown,0.0,Low
6500,1085.0,23.64966,85.43914,2026-08-20,Other/Unknown,Other/Unknown,0.0,Low
6501,1085.0,23.65035,85.43598,2026-08-20,Other/Unknown,Other/Unknown,0.0,Low
6853,1085.0,23.64662,85.43901,2026-08-22,Other/Unknown,Other/Unknown,0.0,Low
6854,1085.0,23.6472,85.43526,2026-08-22,Other/Unknown,Other/Unknown,0.0,Low
6855,1085.0,23.64993,85.43962,2026-08-22,Other/Unknown,Other/Unknown,0.0,Low
6856,1085.0,23.65051,85.43587,2026-08-22,Other/Unknown,Other/Unknown,0.0,Low
7529,1085.0,23.64809,85.43964,2026-08-16,Other/Unknown,Other/Unknown,0.0,Low
7530,1085.0,23.64884,85.43541,2026-08-16,Other/Unknown,Other/Unknown,0.0,Low
7903,1085.0,23.64419,85.44029,2026-08-09,Other/Unknown,Other/Unknown,0.0,Low
7904,1085.0,23.65178,85.43373,2026-08-09,Other/Unknown,Other/Unknown,4.2,Low
8317,1085.0,23.64553,85.43775,2026-08-11,Other/Unknown,Other/Unknown,0.0,Low
8318,1085.0,23.64823,85.44222,2026-08-11,Other/Unknown,Other/Unknown,0.0,Low
8319,1085.0,23.64886,85.43839,2026-08-11,Other/Unknown,Other/Unknown,0.0,Low
8320,1085.0,23.6495,85.43458,2026-08-11,Other/Unknown,Other/Unknown,4.1,Low
9218,1085.0,23.64682,85.43793,2026-07-31,Other/Unknown,Other/Unknown,0.0,Low
9283,1085.0,23.64882,85.43886,2026-07-31,Other/Unknown,Other/Unknown,0.0,Low
9284,1085.0,23.64956,85.43462,2026-07-31,Other/Unknown,Other/Unknown,4.1,Low
9380,1085.0,23.64927,85.44041,2026-08-01,Other/Unknown,Other/Unknown,0.0,Low
9423,1085.0,23.64538,85.43893,2026-08-01,Other/Unknown,Other/Unknown,0.0,Low
9424,1085.0,23.64879,85.43953,2026-08-01,Other/Unknown,Other/Unknown,0.0,Low
9425,1085.0,23.64938,85.43553,2026-08-01,Other/Unknown,Other/Unknown,0.0,Low
9886,1085.0,23.64903,85.43752,2026-07-26,Other/Unknown,Other/Unknown,0.0,Low
9887,1085.0,23.6496,85.44155,2026-07-26,Other/Unknown,Other/Unknown,0.0,Low
2367,1086.0,23.6662,84.99924,2026-09-03,Other/Unknown,Other/Unknown,3.7,Low
2369,1086.0,23.67128,84.99492,2026-09-03,Other/Unknown,Other/Unknown,0.3,Low
2724,1086.0,23.66637,85.00024,2026-09-04,Other/Unknown,Other/Unknown,3.7,Low
2725,1086.0,23.66674,84.99536,2026-09-04,Other/Unknown,Other/Unknown,0.4,Low
2726,1086.0,23.66712,85.00002,2026-09-04,Other/Unknown,Other/Unknown,3.8,Low
2727,1086.0,23.67289,84.9959,2026-09-04,Other/Unknown,Other/Unknown,0.5,Low
6859,1086.0,23.6631,85.00007,2026-08-22,Other/Unknown,Other/Unknown,3.6,Low
6862,1086.0,23.66699,84.99687,2026-08-22,Other/Unknown,Other/Unknown,3.6,Low
8702,1086.0,23.6634,84.99857,2026-08-07,Other/Unknown,Other/Unknown,3.7,Low
8703,1086.0,23.66748,84.99914,2026-08-07,Other/Unknown,Other/Unknown,3.7,Low
8705,1086.0,23.67205,84.99582,2026-08-07,Other/Unknown,Other/Unknown,0.4,Low
2368,1087.0,23.66999,86.93584,2026-09-03,Other/Unknown,Other/Unknown,0.0,Low
6506,1087.0,23.66743,86.9369,2026-08-20,Other/Unknown,Other/Unknown,0.0,Low
8704,1087.0,23.66795,86.93554,2026-08-07,Other/Unknown,Other/Unknown,0.0,Low
2370,1088.0,23.67558,85.32627,2026-09-03,Other/Unknown,Other/Unknown,0.0,Low
2820,1088.0,23.67414,85.32425,2026-09-04,Other/Unknown,Other/Unknown,0.0,Low
6865,1088.0,23.67462,85.32437,2026-08-22,Other/Unknown,Other/Unknown,0.0,Low
9429,1088.0,23.67597,85.32473,2026-08-01,Other/Unknown,Other/Unknown,0.0,Low
2375,1089.0,23.69777,85.2904,2026-09-03,Other/Unknown,Other/Unknown,0.6,Low
5874,1089.0,23.69652,85.29062,2026-08-27,Other/Unknown,Other/Unknown,0.6,Low
7537,1089.0,23.69631,85.28904,2026-08-16,Other/Unknown,Other/Unknown,0.6,Low
8165,1089.0,23.69617,85.29114,2026-08-10,Other/Unknown,Other/Unknown,3.6,Low
8713,1089.0,23.69792,85.28923,2026-08-07,Other/Unknown,Other/Unknown,0.6,Low
9436,1089.0,23.69555,85.28658,2026-08-01,Other/Unknown,Other/Unknown,0.6,Low
9728,1089.0,23.69617,85.28855,2026-07-25,Other/Unknown,Other/Unknown,4.0,Low
2378,1090.0,23.71034,86.42485,2026-09-03,Other/Unknown,Other/Unknown,0.0,Low
2381,1090.0,23.71498,86.42139,2026-09-03,Other/Unknown,Other/Unknown,0.0,Low
2384,1090.0,23.71913,86.422,2026-09-03,Other/Unknown,Other/Unknown,0.0,Low
2385,1090.0,23.72328,86.4226,2026-09-03,Other/Unknown,Other/Unknown,0.0,Low
2741,1090.0,23.71392,86.42335,2026-09-04,Other/Unknown,Other/Unknown,0.0,Low
2742,1090.0,23.71992,86.41992,2026-09-04,Other/Unknown,Other/Unknown,0.0,Low
6529,1090.0,23.71431,86.42361,2026-08-20,Other/Unknown,Other/Unknown,0.0,Low
6530,1090.0,23.72326,86.4229,2026-08-20,Other/Unknown,Other/Unknown,0.0,Low
6883,1090.0,23.71462,86.42181,2026-08-22,Other/Unknown,Other/Unknown,0.0,Low
6886,1090.0,23.72453,86.4237,2026-08-22,Other/Unknown,Other/Unknown,0.0,Low
7079,1090.0,23.71483,86.4277,2026-08-23,Other/Unknown,Other/Unknown,0.0,Low
7080,1090.0,23.71547,86.42276,2026-08-23,Other/Unknown,Other/Unknown,0.0,Low
7082,1090.0,23.71924,86.42335,2026-08-23,Other/Unknown,Other/Unknown,0.0,Low
7083,1090.0,23.72301,86.42394,2026-08-23,Other/Unknown,Other/Unknown,0.0,Low
7084,1090.0,23.72365,86.41901,2026-08-23,Other/Unknown,Other/Unknown,0.0,Low
9516,1090.0,23.70696,86.43157,2026-08-02,Other/Unknown,Other/Unknown,0.0,Low
9520,1090.0,23.72077,86.42135,2026-08-02,Other/Unknown,Other/Unknown,0.0,Low
2380,1091.0,23.7117,85.28757,2026-09-03,Other/Unknown,Other/Unknown,0.0,Low
6880,1091.0,23.71059,85.28751,2026-08-22,Other/Unknown,Other/Unknown,0.0,Low
7538,1091.0,23.71088,85.28767,2026-08-16,Other/Unknown,Other/Unknown,0.0,Low
2390,1092.0,23.75333,86.41881,2026-09-03,Other/Unknown,Other/Unknown,0.0,Low
6892,1092.0,23.75259,86.41676,2026-08-22,Other/Unknown,Other/Unknown,0.0,Low
7088,1092.0,23.7507,86.41822,2026-08-23,Other/Unknown,Other/Unknown,0.0,Low
8500,1092.0,23.74908,86.41685,2026-08-13,Other/Unknown,Other/Unknown,0.0,Low
8501,1092.0,23.75298,86.41855,2026-08-13,Other/Unknown,Other/Unknown,0.0,Low
8502,1092.0,23.75365,86.41747,2026-08-13,Other/Unknown,Other/Unknown,0.0,Low
8718,1092.0,23.75105,86.41519,2026-08-07,Other/Unknown,Other/Unknown,0.0,Low
9524,1092.0,23.75063,86.41763,2026-08-02,Other/Unknown,Other/Unknown,0.0,Low
2401,1093.0,23.77272,86.36308,2026-09-03,Other/Unknown,Other/Unknown,0.0,Low
2402,1093.0,23.7769,86.36366,2026-09-03,Other/Unknown,Other/Unknown,0.0,Low
2752,1093.0,23.77262,86.36506,2026-09-04,Other/Unknown,Other/Unknown,0.0,Low
2753,1093.0,23.77596,86.36807,2026-09-04,Other/Unknown,Other/Unknown,0.0,Low
2754,1093.0,23.77635,86.36388,2026-09-04,Other/Unknown,Other/Unknown,0.0,Low
5315,1093.0,23.78102,86.37297,2026-09-02,Other/Unknown,Other/Unknown,0.0,Low
6907,1093.0,23.7749,86.36295,2026-08-22,Other/Unknown,Other/Unknown,0.0,Low
6912,1093.0,23.7803,86.37172,2026-08-22,Other/Unknown,Other/Unknown,0.0,Low
7091,1093.0,23.77302,86.36568,2026-08-23,Other/Unknown,Other/Unknown,0.0,Low
7092,1093.0,23.77368,86.36065,2026-08-23,Other/Unknown,Other/Unknown,0.0,Low
7093,1093.0,23.77992,86.37187,2026-08-23,Other/Unknown,Other/Unknown,0.0,Low
7913,1093.0,23.7766,86.36593,2026-08-09,Other/Unknown,Other/Unknown,0.0,Low
8655,1093.0,23.78112,86.37527,2026-08-06,Other/Unknown,Other/Unknown,0.0,Low
8802,1093.0,23.77151,86.3633,2026-08-08,Other/Unknown,Other/Unknown,0.0,Low
8803,1093.0,23.77661,86.36392,2026-08-08,Other/Unknown,Other/Unknown,0.0,Low
8804,1093.0,23.77692,86.36066,2026-08-08,Other/Unknown,Other/Unknown,0.0,Low
8807,1093.0,23.78107,86.37106,2026-08-08,Other/Unknown,Other/Unknown,0.0,Low
9531,1093.0,23.77356,86.36737,2026-08-02,Other/Unknown,Other/Unknown,0.0,Low
9532,1093.0,23.77406,86.36327,2026-08-02,Other/Unknown,Other/Unknown,0.0,Low
9538,1093.0,23.78135,86.37264,2026-08-02,Other/Unknown,Other/Unknown,0.0,Low
9733,1093.0,23.77442,86.3609,2026-07-25,Other/Unknown,Other/Unknown,0.0,Low
9734,1093.0,23.78123,86.37207,2026-07-25,Other/Unknown,Other/Unknown,0.0,Low
10065,1093.0,23.77272,86.36285,2026-07-27,Other/Unknown,Other/Unknown,0.0,Low
10067,1093.0,23.77621,86.36343,2026-07-27,Other/Unknown,Other/Unknown,0.0,Low
10072,1093.0,23.782,86.37305,2026-07-27,Other/Unknown,Other/Unknown,0.0,Low
10207,1093.0,23.77185,86.3658,2026-07-28,Other/Unknown,Other/Unknown,0.0,Low
10208,1093.0,23.77279,86.3634,2026-07-28,Other/Unknown,Other/Unknown,0.0,Low
10211,1093.0,23.77644,86.36641,2026-07-28,Other/Unknown,Other/Unknown,0.0,Low
10212,1093.0,23.77699,86.36128,2026-07-28,Other/Unknown,Other/Unknown,0.0,Low
10213,1093.0,23.77738,86.364,2026-07-28,Other/Unknown,Other/Unknown,0.0,Low
10217,1093.0,23.78048,86.37215,2026-07-28,Other/Unknown,Other/Unknown,0.0,Low
10218,1093.0,23.78138,86.36972,2026-07-28,Other/Unknown,Other/Unknown,0.0,Low
10561,1093.0,23.77352,86.36621,2026-07-22,Other/Unknown,Other/Unknown,0.0,Low
10562,1093.0,23.77411,86.36466,2026-07-22,Other/Unknown,Other/Unknown,0.0,Low
10563,1093.0,23.77415,86.36121,2026-07-22,Other/Unknown,Other/Unknown,0.0,Low
2403,1094.0,23.77807,86.38908,2026-09-03,Other/Unknown,Other/Unknown,0.0,Low
2405,1094.0,23.78174,86.39377,2026-09-03,Other/Unknown,Other/Unknown,0.0,Low
2406,1094.0,23.78223,86.3897,2026-09-03,Other/Unknown,Other/Unknown,0.0,Low
2757,1094.0,23.7797,86.3896,2026-09-04,Other/Unknown,Other/Unknown,0.0,Low
5311,1094.0,23.77536,86.38774,2026-09-02,Other/Unknown,Other/Unknown,0.0,Low
5313,1094.0,23.77812,86.39218,2026-09-02,Other/Unknown,Other/Unknown,0.0,Low
5314,1094.0,23.7787,86.38834,2026-09-02,Other/Unknown,Other/Unknown,0.0,Low
6536,1094.0,23.78109,86.38872,2026-08-20,Other/Unknown,Other/Unknown,0.0,Low
6906,1094.0,23.77457,86.38611,2026-08-22,Other/Unknown,Other/Unknown,0.0,Low
6909,1094.0,23.77727,86.39049,2026-08-22,Other/Unknown,Other/Unknown,0.0,Low
6910,1094.0,23.77787,86.38673,2026-08-22,Other/Unknown,Other/Unknown,0.0,Low
6913,1094.0,23.78057,86.39111,2026-08-22,Other/Unknown,Other/Unknown,0.0,Low
7912,1094.0,23.77515,86.38584,2026-08-09,Other/Unknown,Other/Unknown,0.0,Low
7914,1094.0,23.77668,86.38493,2026-08-09,Other/Unknown,Other/Unknown,0.0,Low
8273,1094.0,23.7795,86.39009,2026-08-11,Other/Unknown,Other/Unknown,0.0,Low
8442,1094.0,23.77803,86.38847,2026-08-13,Other/Unknown,Other/Unknown,0.0,Low
8654,1094.0,23.77868,86.3903,2026-08-06,Other/Unknown,Other/Unknown,0.0,Low
8805,1094.0,23.77917,86.39056,2026-08-08,Other/Unknown,Other/Unknown,0.0,Low
8806,1094.0,23.77949,86.38737,2026-08-08,Other/Unknown,Other/Unknown,0.0,Low
9533,1094.0,23.77522,86.38833,2026-08-02,Other/Unknown,Other/Unknown,0.0,Low
9534,1094.0,23.77571,86.38428,2026-08-02,Other/Unknown,Other/Unknown,0.0,Low
9535,1094.0,23.77886,86.39299,2026-08-02,Other/Unknown,Other/Unknown,0.0,Low
9536,1094.0,23.77936,86.38896,2026-08-02,Other/Unknown,Other/Unknown,0.0,Low
10066,1094.0,23.7761,86.38936,2026-07-27,Other/Unknown,Other/Unknown,0.0,Low
10069,1094.0,23.77959,86.38995,2026-07-27,Other/Unknown,Other/Unknown,0.0,Low
10209,1094.0,23.77427,86.38684,2026-07-28,Other/Unknown,Other/Unknown,0.0,Low
10210,1094.0,23.77506,86.38443,2026-07-28,Other/Unknown,Other/Unknown,0.0,Low
10214,1094.0,23.77831,86.39256,2026-07-28,Other/Unknown,Other/Unknown,0.0,Low
10215,1094.0,23.77885,86.38751,2026-07-28,Other/Unknown,Other/Unknown,0.0,Low
10216,1094.0,23.77906,86.39014,2026-07-28,Other/Unknown,Other/Unknown,0.0,Low
10564,1094.0,23.77834,86.39065,2026-07-22,Other/Unknown,Other/Unknown,0.0,Low
10565,1094.0,23.77852,86.3873,2026-07-22,Other/Unknown,Other/Unknown,0.0,Low
2411,1095.0,23.79659,86.2353,2026-09-03,Other/Unknown,Other/Unknown,0.0,Low
5758,1095.0,23.79305,86.23392,2026-08-26,Other/Unknown,Other/Unknown,0.0,Low
8347,1095.0,23.79478,86.2345,2026-08-11,Other/Unknown,Other/Unknown,0.0,Low
8657,1095.0,23.79362,86.2345,2026-08-06,Other/Unknown,Other/Unknown,0.0,Low
2416,1096.0,24.11606,86.86103,2026-09-03,Other/Unknown,Other/Unknown,0.0,Low
2417,1096.0,24.11965,86.86556,2026-09-03,Other/Unknown,Other/Unknown,0.0,Low
5984,1096.0,24.11609,86.8623,2026-08-28,Other/Unknown,Other/Unknown,0.0,Low
5985,1096.0,24.11668,86.85818,2026-08-28,Other/Unknown,Other/Unknown,0.0,Low
6929,1096.0,24.1144,86.86147,2026-08-22,Other/Unknown,Other/Unknown,0.0,Low
6930,1096.0,24.11502,86.85769,2026-08-22,Other/Unknown,Other/Unknown,0.0,Low
7096,1096.0,24.11497,86.86179,2026-08-23,Other/Unknown,Other/Unknown,0.0,Low
7097,1096.0,24.11867,86.86238,2026-08-23,Other/Unknown,Other/Unknown,0.0,Low
8352,1096.0,24.11535,86.86154,2026-08-11,Other/Unknown,Other/Unknown,0.0,Low
8353,1096.0,24.11607,86.85741,2026-08-11,Other/Unknown,Other/Unknown,0.0,Low
8354,1096.0,24.1188,86.86226,2026-08-11,Other/Unknown,Other/Unknown,0.0,Low
8695,1096.0,24.11555,86.86207,2026-08-07,Other/Unknown,Other/Unknown,0.0,Low
8696,1096.0,24.11618,86.85732,2026-08-07,Other/Unknown,Other/Unknown,0.0,Low
9383,1096.0,24.11647,86.8599,2026-08-01,Other/Unknown,Other/Unknown,0.0,Low
9450,1096.0,24.11583,86.86163,2026-08-01,Other/Unknown,Other/Unknown,0.0,Low
10222,1096.0,24.11549,86.86283,2026-07-28,Other/Unknown,Other/Unknown,0.0,Low
10223,1096.0,24.11603,86.85804,2026-07-28,Other/Unknown,Other/Unknown,0.0,Low
2418,1097.0,6.81018,81.6179,2026-09-03,Other/Unknown,Other/Unknown,0.0,Low
2419,1097.0,6.81469,81.61859,2026-09-03,Other/Unknown,Other/Unknown,0.0,Low
2420,1098.0,6.83187,81.33813,2026-09-03,Other/Unknown,Other/Unknown,0.0,Low
2518,1098.0,6.82711,81.33308,2026-09-04,Other/Unknown,Other/Unknown,0.0,Low
2519,1098.0,6.82874,81.33171,2026-09-04,Other/Unknown,Other/Unknown,0.0,Low
2421,1099.0,6.96157,79.96043,2026-09-03,Industrial Fire,Industrial Fire,98.8,Critical
4597,1099.0,6.95868,79.95699,2026-08-30,Industrial Fire,Industrial Fire,98.7,Critical
5086,1099.0,6.95969,79.95614,2026-09-01,Industrial Fire,Industrial Fire,98.9,Critical
11125,1099.0,6.95871,79.95613,2026-07-17,Industrial Fire,Industrial Fire,98.7,Critical
2422,1100.0,7.38557,80.83266,2026-09-03,Other/Unknown,Other/Unknown,0.0,Low
2423,1100.0,7.38579,80.83545,2026-09-03,Other/Unknown,Other/Unknown,0.0,Low
2429,1101.0,8.57317,80.40264,2026-09-03,Other/Unknown,Other/Unknown,0.0,Low
2620,1101.0,8.56614,80.39735,2026-09-04,Other/Unknown,Other/Unknown,0.0,Low
2621,1101.0,8.56671,80.40142,2026-09-04,Other/Unknown,Other/Unknown,0.0,Low
2430,1102.0,9.54534,77.51893,2026-09-03,Other/Unknown,Other/Unknown,0.0,Low
2431,1102.0,9.54608,77.51984,2026-09-03,Other/Unknown,Other/Unknown,0.0,Low
5344,1102.0,9.55174,77.51925,2026-09-02,Other/Unknown,Other/Unknown,0.0,Low
5345,1102.0,9.55315,77.52262,2026-09-02,Other/Unknown,Other/Unknown,0.0,Low
5346,1102.0,9.55481,77.51051,2026-09-02,Other/Unknown,Other/Unknown,0.0,Low
5347,1102.0,9.55874,77.51527,2026-09-02,Other/Unknown,Other/Unknown,0.0,Low
5348,1102.0,9.55933,77.5109,2026-09-02,Other/Unknown,Other/Unknown,0.0,Low
5350,1102.0,9.56267,77.52,2026-09-02,Other/Unknown,Other/Unknown,0.0,Low
2440,1103.0,23.12061,70.08583,2026-09-03,Industrial Fire,Industrial Fire,95.7,Critical
5752,1103.0,23.12196,70.08334,2026-08-26,Industrial Fire,Industrial Fire,98.3,Critical
10164,1103.0,23.12101,70.08831,2026-07-28,Industrial Fire,Industrial Fire,98.4,Critical
10165,1103.0,23.12283,70.08731,2026-07-28,Industrial Fire,Industrial Fire,98.6,Critical
11326,1103.0,23.12092,70.08292,2026-07-18,Industrial Fire,Industrial Fire,98.6,Critical
2441,1104.0,23.4967,68.57797,2026-09-03,Industrial Fire,Industrial Fire,98.5,Critical
8860,1104.0,23.49982,68.57675,2026-08-08,Industrial Fire,Industrial Fire,98.6,Critical
10989,1104.0,23.49761,68.57831,2026-07-16,Industrial Fire,Industrial Fire,98.6,Critical
2453,1105.0,33.40643,71.93991,2026-09-03,Other/Unknown,Other/Unknown,0.0,Low
4370,1105.0,33.40789,71.94046,2026-08-29,Other/Unknown,Other/Unknown,0.0,Low
5741,1105.0,33.40617,71.93729,2026-08-26,Other/Unknown,Other/Unknown,0.0,Low
5742,1105.0,33.40668,71.93626,2026-08-26,Other/Unknown,Other/Unknown,0.0,Low
8132,1105.0,33.40569,71.93793,2026-08-10,Other/Unknown,Other/Unknown,0.0,Low
8524,1105.0,33.40667,71.93839,2026-08-04,Other/Unknown,Other/Unknown,0.0,Low
8839,1105.0,33.4081,71.94009,2026-08-08,Other/Unknown,Other/Unknown,0.0,Low
9591,1105.0,33.40666,71.93804,2026-08-02,Other/Unknown,Other/Unknown,0.0,Low
2456,1106.0,15.01009,77.61835,2026-09-03,Other/Unknown,Other/Unknown,0.0,Low
5071,1106.0,15.00385,77.61399,2026-09-01,Other/Unknown,Other/Unknown,0.0,Low
2457,1107.0,15.07013,76.86538,2026-09-03,Industrial Fire,Industrial Fire,98.9,Critical
2938,1107.0,15.07176,76.86304,2026-09-04,Industrial Fire,Industrial Fire,98.8,Critical
2939,1107.0,15.07287,76.86671,2026-09-04,Industrial Fire,Industrial Fire,98.9,Critical
3426,1107.0,15.07068,76.86605,2026-09-05,Industrial Fire,Industrial Fire,99.0,Critical
3872,1107.0,15.06937,76.86656,2026-09-06,Industrial Fire,Industrial Fire,98.8,Critical
5919,1107.0,15.07126,76.86606,2026-08-27,Industrial Fire,Industrial Fire,98.9,Critical
6681,1107.0,15.07157,76.86326,2026-08-21,Industrial Fire,Industrial Fire,98.8,Critical
2458,1108.0,15.17637,77.09987,2026-09-03,Persistent Industrial Thermal Source,Persistent Industrial Thermal Source,59.5,High
2943,1108.0,15.1777,77.10036,2026-09-04,Persistent Industrial Thermal Source,Persistent Industrial Thermal Source,59.6,High
3437,1108.0,15.17545,77.10278,2026-09-05,Persistent Industrial Thermal Source,Persistent Industrial Thermal Source,59.5,High
3441,1108.0,15.17896,77.10342,2026-09-05,Persistent Industrial Thermal Source,Persistent Industrial Thermal Source,59.7,High
3878,1108.0,15.17665,77.10001,2026-09-06,Persistent Industrial Thermal Source,Persistent Industrial Thermal Source,59.4,High
4130,1108.0,15.17621,77.1028,2026-09-07,Persistent Industrial Thermal Source,Persistent Industrial Thermal Source,59.7,High
5775,1108.0,15.17495,77.10123,2026-08-26,Persistent Industrial Thermal Source,Persistent Industrial Thermal Source,59.4,High
5780,1108.0,15.17826,77.10178,2026-08-26,Persistent Industrial Thermal Source,Persistent Industrial Thermal Source,59.6,High
5922,1108.0,15.17564,77.10123,2026-08-27,Persistent Industrial Thermal Source,Persistent Industrial Thermal Source,59.5,High
5987,1108.0,15.17497,77.10068,2026-08-28,Persistent Industrial Thermal Source,Persistent Industrial Thermal Source,59.4,High
6691,1108.0,15.17623,77.10031,2026-08-21,Persistent Industrial Thermal Source,Persistent Industrial Thermal Source,59.5,High
6697,1108.0,15.17908,77.10468,2026-08-21,Persistent Industrial Thermal Source,Persistent Industrial Thermal Source,59.6,High
7427,1108.0,15.17622,77.09935,2026-08-15,Persistent Industrial Thermal Source,Persistent Industrial Thermal Source,59.4,High
7428,1108.0,15.17897,77.10359,2026-08-15,Persistent Industrial Thermal Source,Persistent Industrial Thermal Source,59.6,High
7568,1108.0,15.17421,77.10181,2026-08-16,Persistent Industrial Thermal Source,Persistent Industrial Thermal Source,59.4,High
7571,1108.0,15.17787,77.10235,2026-08-16,Persistent Industrial Thermal Source,Persistent Industrial Thermal Source,59.5,High
7931,1108.0,15.17477,77.1009,2026-08-09,Persistent Industrial Thermal Source,Persistent Industrial Thermal Source,59.4,High
7935,1108.0,15.17859,77.10164,2026-08-09,Persistent Industrial Thermal Source,Persistent Industrial Thermal Source,59.6,High
8370,1108.0,15.17621,77.1011,2026-08-11,Persistent Industrial Thermal Source,Persistent Industrial Thermal Source,59.5,High
9580,1108.0,15.17672,77.09852,2026-08-02,Persistent Industrial Thermal Source,Persistent Industrial Thermal Source,59.5,High
9773,1108.0,15.1737,77.10104,2026-07-25,Persistent Industrial Thermal Source,Persistent Industrial Thermal Source,59.3,High
10084,1108.0,15.17542,77.09993,2026-07-27,Persistent Industrial Thermal Source,Persistent Industrial Thermal Source,59.4,High
10593,1108.0,15.17627,77.09908,2026-07-22,Persistent Industrial Thermal Source,Persistent Industrial Thermal Source,59.5,High
10594,1108.0,15.17708,77.10023,2026-07-22,Persistent Industrial Thermal Source,Persistent Industrial Thermal Source,59.5,High
2461,1109.0,15.19833,76.37807,2026-09-03,Industrial Fire,Industrial Fire,98.4,Critical
2462,1109.0,15.19921,76.37984,2026-09-03,Industrial Fire,Industrial Fire,98.5,Critical
2463,1110.0,16.18613,78.91606,2026-09-03,Other/Unknown,Other/Unknown,0.0,Low
2464,1110.0,16.18728,78.91104,2026-09-03,Other/Unknown,Other/Unknown,0.0,Low
2486,1111.0,25.94198,72.19152,2026-09-03,Other/Unknown,Other/Unknown,6.0,Low
2487,1111.0,25.94338,72.19575,2026-09-03,Other/Unknown,Other/Unknown,0.0,Low
2488,1111.0,25.94437,72.19054,2026-09-03,Other/Unknown,Other/Unknown,5.9,Low
4377,1111.0,25.94332,72.19199,2026-08-29,Other/Unknown,Other/Unknown,5.7,Low
4558,1111.0,25.9433,72.19072,2026-08-30,Other/Unknown,Other/Unknown,5.9,Low
4559,1111.0,25.94431,72.19051,2026-08-30,Other/Unknown,Other/Unknown,5.8,Low
5457,1111.0,25.94131,72.19123,2026-08-24,Other/Unknown,Other/Unknown,5.9,Low
5676,1111.0,25.9415,72.19053,2026-08-25,Other/Unknown,Other/Unknown,5.9,Low
5973,1111.0,25.9428,72.19143,2026-08-28,Other/Unknown,Other/Unknown,6.9,Low
5974,1111.0,25.94312,72.19508,2026-08-28,Other/Unknown,Other/Unknown,0.0,Low
5975,1111.0,25.94344,72.1987,2026-08-28,Other/Unknown,Other/Unknown,0.1,Low
6029,1111.0,25.94091,72.19165,2026-08-28,Other/Unknown,Other/Unknown,5.9,Low
6263,1111.0,25.94172,72.19282,2026-08-19,Other/Unknown,Other/Unknown,5.8,Low
7282,1111.0,25.94164,72.19266,2026-08-14,Other/Unknown,Other/Unknown,5.8,Low
7283,1111.0,25.94279,72.19247,2026-08-14,Other/Unknown,Other/Unknown,5.8,Low
7417,1111.0,25.942,72.1899,2026-08-15,Other/Unknown,Other/Unknown,5.9,Low
8037,1111.0,25.94221,72.19034,2026-08-09,Other/Unknown,Other/Unknown,5.8,Low
8510,1111.0,25.94058,72.19393,2026-08-13,Other/Unknown,Other/Unknown,0.0,Low
8577,1111.0,25.94093,72.19228,2026-08-05,Other/Unknown,Other/Unknown,2.9,Low
8578,1111.0,25.94124,72.18885,2026-08-05,Other/Unknown,Other/Unknown,6.6,Low
8579,1111.0,25.94155,72.18542,2026-08-05,Other/Unknown,Other/Unknown,3.4,Low
8580,1111.0,25.94612,72.1929,2026-08-05,Other/Unknown,Other/Unknown,0.0,Low
8581,1111.0,25.94643,72.18946,2026-08-05,Other/Unknown,Other/Unknown,5.7,Low
8582,1111.0,25.94674,72.18602,2026-08-05,Other/Unknown,Other/Unknown,5.7,Low
8668,1111.0,25.94364,72.19364,2026-08-06,Other/Unknown,Other/Unknown,0.0,Low
9068,1111.0,25.94293,72.18973,2026-07-30,Other/Unknown,Other/Unknown,5.9,Low
9322,1111.0,25.9419,72.18731,2026-07-31,Other/Unknown,Other/Unknown,6.1,Low
9363,1111.0,25.94279,72.19464,2026-07-31,Other/Unknown,Other/Unknown,0.0,Low
9713,1111.0,25.94117,72.19148,2026-07-25,Other/Unknown,Other/Unknown,6.0,Low
10241,1111.0,25.94313,72.19209,2026-07-28,Other/Unknown,Other/Unknown,5.8,Low
10414,1111.0,25.94137,72.19148,2026-07-29,Other/Unknown,Other/Unknown,6.0,Low
10415,1111.0,25.94474,72.19209,2026-07-29,Other/Unknown,Other/Unknown,5.9,Low
10471,1111.0,25.94229,72.18838,2026-07-20,Other/Unknown,Other/Unknown,6.0,Low
10472,1111.0,25.94319,72.18764,2026-07-20,Other/Unknown,Other/Unknown,5.9,Low
2490,1112.0,27.081,73.81882,2026-09-03,Other/Unknown,Other/Unknown,0.0,Low
8848,1112.0,27.08046,73.81846,2026-08-08,Other/Unknown,Other/Unknown,0.0,Low
2496,1113.0,28.57115,96.95303,2026-09-04,Other/Unknown,Other/Unknown,0.0,Low
2717,1113.0,28.57174,96.95198,2026-09-04,Other/Unknown,Other/Unknown,0.0,Low
2498,1114.0,29.24429,91.86042,2026-09-04,Other/Unknown,Other/Unknown,0.0,Low
2499,1114.0,29.2485,91.86387,2026-09-04,Other/Unknown,Other/Unknown,0.0,Low
2502,1115.0,36.35168,95.24467,2026-09-04,Industrial Fire,Industrial Fire,98.6,Critical
2503,1115.0,36.35387,95.23476,2026-09-04,Industrial Fire,Industrial Fire,98.7,Critical
2504,1115.0,36.3573,95.23409,2026-09-04,Industrial Fire,Industrial Fire,98.5,Critical
2505,1115.0,36.35792,95.2387,2026-09-04,Industrial Fire,Industrial Fire,98.9,Critical
2506,1115.0,36.36073,95.23341,2026-09-04,Industrial Fire,Industrial Fire,98.4,Critical
2511,1116.0,6.5269,80.76523,2026-09-04,Other/Unknown,Other/Unknown,0.0,Low
3604,1116.0,6.52079,80.76308,2026-09-06,Other/Unknown,Other/Unknown,0.0,Low
2514,1117.0,6.73734,81.53592,2026-09-04,Other/Unknown,Other/Unknown,0.0,Low
5515,1117.0,6.73775,81.53931,2026-08-25,Other/Unknown,Other/Unknown,0.0,Low
2517,1118.0,6.79797,81.46822,2026-09-04,Other/Unknown,Other/Unknown,0.0,Low
7146,1118.0,6.80085,81.47522,2026-08-14,Other/Unknown,Other/Unknown,0.0,Low
2521,1119.0,6.90904,81.66004,2026-09-04,Wildfire / Natural Fire,Other/Unknown,0.0,Low
9822,1119.0,6.90923,81.65452,2026-07-26,Wildfire / Natural Fire,Other/Unknown,0.0,Low
9823,1119.0,6.90989,81.65844,2026-07-26,Wildfire / Natural Fire,Other/Unknown,0.0,Low
2525,1120.0,7.3628,81.3008,2026-09-04,Other/Unknown,Other/Unknown,0.0,Low
2526,1120.0,7.36553,81.29984,2026-09-04,Other/Unknown,Other/Unknown,0.0,Low
10613,1120.0,7.35874,81.29519,2026-07-23,Other/Unknown,Other/Unknown,0.0,Low
10614,1120.0,7.36052,81.29617,2026-07-23,Other/Unknown,Other/Unknown,0.0,Low
2528,1121.0,7.38789,81.28361,2026-09-04,Other/Unknown,Other/Unknown,0.0,Low
2529,1121.0,7.38853,81.28822,2026-09-04,Other/Unknown,Other/Unknown,0.0,Low
2530,1121.0,7.39238,81.28298,2026-09-04,Other/Unknown,Other/Unknown,0.0,Low
2531,1121.0,7.39301,81.28756,2026-09-04,Other/Unknown,Other/Unknown,0.0,Low
2532,1122.0,7.44182,81.24464,2026-09-04,Wildfire / Natural Fire,Wildfire / Natural Fire,17.1,Medium
2533,1122.0,7.4431,81.25359,2026-09-04,Wildfire / Natural Fire,Wildfire / Natural Fire,17.2,Medium
2534,1122.0,7.44566,81.23956,2026-09-04,Wildfire / Natural Fire,Wildfire / Natural Fire,16.9,Medium
2535,1122.0,7.44629,81.24397,2026-09-04,Wildfire / Natural Fire,Wildfire / Natural Fire,17.1,Medium
5098,1122.0,7.43566,81.24219,2026-09-01,Wildfire / Natural Fire,Wildfire / Natural Fire,16.6,Medium
6073,1122.0,7.44681,81.24532,2026-08-19,Wildfire / Natural Fire,Wildfire / Natural Fire,16.8,Medium
6074,1122.0,7.44826,81.24146,2026-08-19,Wildfire / Natural Fire,Wildfire / Natural Fire,16.9,Medium
6075,1122.0,7.44888,81.24596,2026-08-19,Wildfire / Natural Fire,Wildfire / Natural Fire,17.2,Medium
7815,1122.0,7.44569,81.23631,2026-08-09,Wildfire / Natural Fire,Wildfire / Natural Fire,16.8,Medium
7816,1122.0,7.44688,81.23547,2026-08-09,Wildfire / Natural Fire,Wildfire / Natural Fire,16.8,Medium
8664,1122.0,7.45515,81.23867,2026-08-06,Wildfire / Natural Fire,Wildfire / Natural Fire,16.5,Medium
10263,1122.0,7.43983,81.25162,2026-07-29,Wildfire / Natural Fire,Wildfire / Natural Fire,16.8,Medium
2536,1123.0,7.51962,81.10014,2026-09-04,Wildfire / Natural Fire,Wildfire / Natural Fire,17.1,Medium
6078,1123.0,7.52304,81.1058,2026-08-19,Wildfire / Natural Fire,Wildfire / Natural Fire,16.6,Medium
6079,1123.0,7.52482,81.10393,2026-08-19,Wildfire / Natural Fire,Wildfire / Natural Fire,16.7,Medium
6080,1123.0,7.52545,81.10831,2026-08-19,Wildfire / Natural Fire,Wildfire / Natural Fire,16.6,Medium
6081,1123.0,7.52607,81.11268,2026-08-19,Wildfire / Natural Fire,Wildfire / Natural Fire,16.6,Medium
6083,1123.0,7.52691,81.10084,2026-08-19,Wildfire / Natural Fire,Wildfire / Natural Fire,16.5,Medium
6084,1123.0,7.5275,81.10516,2026-08-19,Wildfire / Natural Fire,Wildfire / Natural Fire,16.5,Medium
6085,1123.0,7.5281,81.10955,2026-08-19,Wildfire / Natural Fire,Wildfire / Natural Fire,16.7,Medium
6086,1123.0,7.5287,81.11393,2026-08-19,Wildfire / Natural Fire,Wildfire / Natural Fire,16.7,Medium
6087,1123.0,7.52928,81.10335,2026-08-19,Wildfire / Natural Fire,Wildfire / Natural Fire,16.6,Medium
6088,1123.0,7.5299,81.10768,2026-08-19,Wildfire / Natural Fire,Wildfire / Natural Fire,16.6,Medium
6089,1123.0,7.53053,81.11201,2026-08-19,Wildfire / Natural Fire,Wildfire / Natural Fire,16.6,Medium
6090,1123.0,7.53314,81.11317,2026-08-19,Wildfire / Natural Fire,Wildfire / Natural Fire,16.7,Medium
7363,1123.0,7.51028,81.09155,2026-08-15,Wildfire / Natural Fire,Wildfire / Natural Fire,16.7,Medium
7364,1123.0,7.51081,81.09502,2026-08-15,Wildfire / Natural Fire,Wildfire / Natural Fire,16.7,Medium
7365,1123.0,7.51134,81.0985,2026-08-15,Wildfire / Natural Fire,Wildfire / Natural Fire,19.4,Medium
2542,1124.0,7.81016,79.9166,2026-09-04,Other/Unknown,Other/Unknown,0.0,Low
2543,1124.0,7.81069,79.92027,2026-09-04,Other/Unknown,Other/Unknown,0.0,Low
2544,1124.0,7.81293,79.91923,2026-09-04,Other/Unknown,Other/Unknown,0.0,Low
2547,1125.0,7.91133,80.55552,2026-09-04,Wildfire / Natural Fire,Wildfire / Natural Fire,16.6,Medium
2548,1125.0,7.91191,80.55957,2026-09-04,Wildfire / Natural Fire,Wildfire / Natural Fire,16.6,Medium
2549,1125.0,7.91323,80.55524,2026-09-04,Wildfire / Natural Fire,Wildfire / Natural Fire,16.7,Medium
2550,1125.0,7.91379,80.5593,2026-09-04,Wildfire / Natural Fire,Wildfire / Natural Fire,16.8,Medium
3067,1125.0,7.91833,80.54915,2026-09-05,Wildfire / Natural Fire,Wildfire / Natural Fire,16.3,Medium
2551,1126.0,7.94364,80.12633,2026-09-04,Wildfire / Natural Fire,Wildfire / Natural Fire,16.5,Medium
2552,1126.0,7.94419,80.13013,2026-09-04,Wildfire / Natural Fire,Wildfire / Natural Fire,16.6,Medium
2556,1126.0,7.94782,80.12575,2026-09-04,Wildfire / Natural Fire,Wildfire / Natural Fire,16.5,Medium
2557,1126.0,7.94837,80.12955,2026-09-04,Wildfire / Natural Fire,Wildfire / Natural Fire,16.6,Medium
3647,1126.0,7.95103,80.12518,2026-09-06,Wildfire / Natural Fire,Wildfire / Natural Fire,16.7,Medium
2554,1127.0,7.94517,80.04884,2026-09-04,Other/Unknown,Other/Unknown,0.0,Low
2555,1127.0,7.94696,80.04915,2026-09-04,Other/Unknown,Other/Unknown,0.0,Low
2560,1128.0,7.99274,80.41392,2026-09-04,Other/Unknown,Other/Unknown,0.0,Low
2561,1128.0,7.9936,80.4128,2026-09-04,Other/Unknown,Other/Unknown,0.0,Low
3089,1128.0,7.99265,80.41412,2026-09-05,Other/Unknown,Other/Unknown,0.0,Low
2562,1129.0,7.99599,81.46941,2026-09-04,Wildfire / Natural Fire,Wildfire / Natural Fire,16.5,Medium
7616,1129.0,7.99094,81.46861,2026-08-17,Wildfire / Natural Fire,Wildfire / Natural Fire,16.4,Medium
7617,1129.0,8.00141,81.46672,2026-08-17,Wildfire / Natural Fire,Wildfire / Natural Fire,17.5,Medium
2564,1130.0,8.01845,80.61577,2026-09-04,Wildfire / Natural Fire,Wildfire / Natural Fire,16.3,Medium
2566,1130.0,8.02395,80.62332,2026-09-04,Wildfire / Natural Fire,Wildfire / Natural Fire,16.9,Medium
2567,1130.0,8.02528,80.62028,2026-09-04,Wildfire / Natural Fire,Wildfire / Natural Fire,16.7,Medium
3096,1130.0,8.02535,80.63208,2026-09-05,Wildfire / Natural Fire,Wildfire / Natural Fire,16.6,Medium
3651,1130.0,8.02274,80.63313,2026-09-06,Wildfire / Natural Fire,Wildfire / Natural Fire,17.0,Medium
5407,1130.0,8.01478,80.62977,2026-08-24,Wildfire / Natural Fire,Wildfire / Natural Fire,16.4,Medium
2565,1131.0,8.02105,80.30539,2026-09-04,Other/Unknown,Other/Unknown,4.4,Low
5408,1131.0,8.01957,80.31305,2026-08-24,Other/Unknown,Other/Unknown,4.6,Low
2571,1132.0,8.17443,81.31121,2026-09-04,Wildfire / Natural Fire,Wildfire / Natural Fire,17.1,Medium
7675,1132.0,8.17243,81.31873,2026-08-18,Wildfire / Natural Fire,Wildfire / Natural Fire,16.8,Medium
7676,1132.0,8.17521,81.31606,2026-08-18,Wildfire / Natural Fire,Wildfire / Natural Fire,16.9,Medium
2572,1133.0,8.20822,80.68834,2026-09-04,Other/Unknown,Other/Unknown,0.0,Low
3123,1133.0,8.20892,80.69186,2026-09-05,Other/Unknown,Other/Unknown,0.0,Low
2574,1134.0,8.23714,80.64191,2026-09-04,Other/Unknown,Other/Unknown,0.0,Low
2575,1134.0,8.23842,80.64211,2026-09-04,Other/Unknown,Other/Unknown,0.0,Low
2576,1134.0,8.24209,80.64552,2026-09-04,Other/Unknown,Other/Unknown,0.0,Low
2578,1135.0,8.25259,80.78128,2026-09-04,Other/Unknown,Other/Unknown,0.0,Low
2579,1135.0,8.25285,80.78179,2026-09-04,Other/Unknown,Other/Unknown,0.0,Low
2586,1136.0,8.35027,80.74276,2026-09-04,Wildfire / Natural Fire,Wildfire / Natural Fire,17.0,Medium
2587,1136.0,8.35087,80.747,2026-09-04,Wildfire / Natural Fire,Wildfire / Natural Fire,17.3,Medium
2588,1136.0,8.35448,80.74238,2026-09-04,Wildfire / Natural Fire,Wildfire / Natural Fire,16.5,Medium
2589,1136.0,8.35466,80.74216,2026-09-04,Wildfire / Natural Fire,Wildfire / Natural Fire,16.6,Medium
2590,1136.0,8.35526,80.7464,2026-09-04,Wildfire / Natural Fire,Wildfire / Natural Fire,16.4,Medium
2593,1137.0,8.40374,81.05544,2026-09-04,Wildfire / Natural Fire,Wildfire / Natural Fire,16.7,Medium
2594,1137.0,8.40438,81.05991,2026-09-04,Wildfire / Natural Fire,Wildfire / Natural Fire,16.4,Medium
2596,1137.0,8.40566,81.0557,2026-09-04,Wildfire / Natural Fire,Wildfire / Natural Fire,16.8,Medium
2597,1137.0,8.40626,81.06018,2026-09-04,Wildfire / Natural Fire,Wildfire / Natural Fire,16.7,Medium
3137,1137.0,8.39956,81.06335,2026-09-05,Wildfire / Natural Fire,Wildfire / Natural Fire,16.4,Medium
2599,1138.0,8.41545,80.41713,2026-09-04,Other/Unknown,Other/Unknown,0.0,Low
4875,1138.0,8.41644,80.41689,2026-09-01,Other/Unknown,Other/Unknown,0.0,Low
2600,1139.0,8.42824,80.5067,2026-09-04,Industrial Fire,Industrial Fire,89.5,Critical
2601,1139.0,8.43036,80.50778,2026-09-04,Industrial Fire,Industrial Fire,94.3,Critical
2603,1139.0,8.43256,80.50612,2026-09-04,Industrial Fire,Industrial Fire,98.3,Critical
2604,1139.0,8.43315,80.51025,2026-09-04,Industrial Fire,Industrial Fire,98.2,Critical
2607,1140.0,8.45517,80.40042,2026-09-04,Other/Unknown,Other/Unknown,0.0,Low
4881,1140.0,8.45904,80.40157,2026-09-01,Other/Unknown,Other/Unknown,0.0,Low
4882,1140.0,8.4631,80.4009,2026-09-01,Other/Unknown,Other/Unknown,0.0,Low
4884,1140.0,8.46372,80.40453,2026-09-01,Other/Unknown,Other/Unknown,0.0,Low
4885,1140.0,8.46717,80.40021,2026-09-01,Other/Unknown,Other/Unknown,0.0,Low
4887,1140.0,8.46778,80.40383,2026-09-01,Other/Unknown,Other/Unknown,0.0,Low
2617,1141.0,8.55657,80.87483,2026-09-04,Wildfire / Natural Fire,Wildfire / Natural Fire,16.4,Medium
7174,1141.0,8.55964,80.872,2026-08-14,Wildfire / Natural Fire,Wildfire / Natural Fire,16.7,Medium
2618,1142.0,8.56465,80.90033,2026-09-04,Wildfire / Natural Fire,Wildfire / Natural Fire,16.5,Medium
2619,1142.0,8.56527,80.90474,2026-09-04,Wildfire / Natural Fire,Wildfire / Natural Fire,16.8,Medium
6116,1142.0,8.56571,80.90945,2026-08-19,Wildfire / Natural Fire,Wildfire / Natural Fire,16.9,Medium
6117,1142.0,8.56634,80.91386,2026-08-19,Wildfire / Natural Fire,Wildfire / Natural Fire,16.7,Medium
6118,1142.0,8.56811,80.90949,2026-08-19,Wildfire / Natural Fire,Wildfire / Natural Fire,16.8,Medium
6119,1142.0,8.5687,80.91391,2026-08-19,Wildfire / Natural Fire,Wildfire / Natural Fire,16.5,Medium
2624,1143.0,8.62053,80.69478,2026-09-04,Other/Unknown,Other/Unknown,0.0,Low
3690,1143.0,8.61943,80.69527,2026-09-06,Other/Unknown,Other/Unknown,0.0,Low
4678,1143.0,8.6128,80.70208,2026-08-31,Other/Unknown,Other/Unknown,0.0,Low
5245,1143.0,8.61355,80.69516,2026-09-02,Other/Unknown,Other/Unknown,0.0,Low
5246,1143.0,8.61902,80.69415,2026-09-02,Other/Unknown,Other/Unknown,0.0,Low
5247,1143.0,8.61938,80.69332,2026-09-02,Other/Unknown,Other/Unknown,0.0,Low
2626,1144.0,8.62399,80.37293,2026-09-04,Other/Unknown,Other/Unknown,0.0,Low
2628,1144.0,8.62652,80.37279,2026-09-04,Other/Unknown,Other/Unknown,0.0,Low
2627,1145.0,8.62594,80.79905,2026-09-04,Other/Unknown,Other/Unknown,0.0,Low
4680,1145.0,8.6213,80.7978,2026-08-31,Other/Unknown,Other/Unknown,0.0,Low
2630,1146.0,8.63077,80.51368,2026-09-04,Other/Unknown,Other/Unknown,0.0,Low
3198,1146.0,8.62896,80.51635,2026-09-05,Other/Unknown,Other/Unknown,0.0,Low
3201,1146.0,8.6295,80.51996,2026-09-05,Other/Unknown,Other/Unknown,0.0,Low
4685,1146.0,8.63466,80.53464,2026-08-31,Other/Unknown,Other/Unknown,0.0,Low
5252,1146.0,8.63386,80.52625,2026-09-02,Other/Unknown,Other/Unknown,0.0,Low
2641,1147.0,8.69724,80.86597,2026-09-04,Other/Unknown,Other/Unknown,6.4,Low
2642,1147.0,8.69836,80.86498,2026-09-04,Other/Unknown,Other/Unknown,6.5,Low
3228,1147.0,8.70351,80.85501,2026-09-05,Other/Unknown,Other/Unknown,7.0,Low
3229,1147.0,8.70406,80.85869,2026-09-05,Other/Unknown,Other/Unknown,6.4,Low
5690,1147.0,8.69024,80.84766,2026-08-26,Other/Unknown,Other/Unknown,6.5,Low
6124,1147.0,8.69701,80.86628,2026-08-19,Other/Unknown,Other/Unknown,6.5,Low
6387,1147.0,8.68966,80.85621,2026-08-20,Other/Unknown,Other/Unknown,6.2,Low
7695,1147.0,8.69215,80.8621,2026-08-18,Other/Unknown,Other/Unknown,6.2,Low
11393,1147.0,8.6947,80.85716,2026-07-19,Other/Unknown,Other/Unknown,7.5,Low
2646,1148.0,8.78943,80.33366,2026-09-04,Other/Unknown,Other/Unknown,0.0,Low
2647,1148.0,8.78999,80.3377,2026-09-04,Other/Unknown,Other/Unknown,0.0,Low
2648,1149.0,8.79438,80.59402,2026-09-04,Other/Unknown,Other/Unknown,0.0,Low
3704,1149.0,8.7964,80.58931,2026-09-06,Other/Unknown,Other/Unknown,0.0,Low
2649,1150.0,8.80461,80.57121,2026-09-04,Other/Unknown,Other/Unknown,8.5,Low
2650,1150.0,8.80897,80.57063,2026-09-04,Other/Unknown,Other/Unknown,8.7,Low
3244,1150.0,8.81148,80.57696,2026-09-05,Other/Unknown,Other/Unknown,8.5,Low
7184,1150.0,8.80016,80.57328,2026-08-14,Other/Unknown,Other/Unknown,8.2,Low
7185,1150.0,8.80066,80.57003,2026-08-14,Other/Unknown,Other/Unknown,8.5,Low
7186,1150.0,8.80139,80.57509,2026-08-14,Other/Unknown,Other/Unknown,8.2,Low
7187,1150.0,8.80411,80.57274,2026-08-14,Other/Unknown,Other/Unknown,4.2,Low
2654,1151.0,8.92698,80.77954,2026-09-04,Other/Unknown,Other/Unknown,0.0,Low
3261,1151.0,8.92369,80.78816,2026-09-05,Other/Unknown,Other/Unknown,0.0,Low
3262,1151.0,8.92709,80.78766,2026-09-05,Other/Unknown,Other/Unknown,0.0,Low
2659,1152.0,8.97304,80.59312,2026-09-04,Wildfire / Natural Fire,Wildfire / Natural Fire,16.6,Medium
2660,1152.0,8.97735,80.59259,2026-09-04,Wildfire / Natural Fire,Wildfire / Natural Fire,16.9,Medium
2661,1152.0,8.97742,80.59255,2026-09-04,Wildfire / Natural Fire,Wildfire / Natural Fire,16.7,Medium
2665,1153.0,9.17593,78.22559,2026-09-04,Wildfire / Natural Fire,Wildfire / Natural Fire,16.7,Medium
2666,1153.0,9.1797,78.22505,2026-09-04,Wildfire / Natural Fire,Wildfire / Natural Fire,16.7,Medium
2672,1154.0,9.414,80.58482,2026-09-04,Other/Unknown,Other/Unknown,0.0,Low
2673,1154.0,9.41437,80.58335,2026-09-04,Other/Unknown,Other/Unknown,0.0,Low
2674,1155.0,9.45137,80.49699,2026-09-04,Wildfire / Natural Fire,Wildfire / Natural Fire,16.8,Medium
5831,1155.0,9.45494,80.49021,2026-08-27,Wildfire / Natural Fire,Wildfire / Natural Fire,16.3,Medium
2675,1156.0,9.4578,80.47879,2026-09-04,Other/Unknown,Other/Unknown,0.0,Low
7480,1156.0,9.45503,80.47744,2026-08-16,Other/Unknown,Other/Unknown,0.0,Low
7483,1156.0,9.459,80.47677,2026-08-16,Other/Unknown,Other/Unknown,0.0,Low
2677,1157.0,9.95692,79.105,2026-09-04,Other/Unknown,Other/Unknown,0.0,Low
2678,1157.0,9.95849,79.1076,2026-09-04,Other/Unknown,Other/Unknown,0.0,Low
2686,1158.0,13.93385,78.31989,2026-09-04,Other/Unknown,Other/Unknown,0.0,Low
2687,1158.0,13.93448,78.31924,2026-09-04,Other/Unknown,Other/Unknown,0.0,Low
2705,1159.0,29.33473,69.01346,2026-09-04,Other/Unknown,Other/Unknown,0.0,Low
2706,1159.0,29.33534,69.01741,2026-09-04,Other/Unknown,Other/Unknown,0.0,Low
2711,1160.0,31.31773,72.16481,2026-09-04,Other/Unknown,Other/Unknown,0.0,Low
6638,1160.0,31.32454,72.16799,2026-08-21,Other/Unknown,Other/Unknown,0.0,Low
2718,1161.0,22.05509,85.46492,2026-09-04,Other/Unknown,Other/Unknown,0.0,Low
2719,1161.0,22.05641,85.46532,2026-09-04,Other/Unknown,Other/Unknown,0.0,Low
6836,1161.0,22.05333,85.46575,2026-08-22,Other/Unknown,Other/Unknown,0.0,Low
8645,1161.0,22.0551,85.4648,2026-08-06,Other/Unknown,Other/Unknown,0.0,Low
2720,1162.0,22.22516,84.75098,2026-09-04,Other/Unknown,Other/Unknown,0.0,Low
2909,1162.0,22.22193,84.75527,2026-09-04,Other/Unknown,Other/Unknown,0.0,Low
6838,1162.0,22.21849,84.75478,2026-08-22,Other/Unknown,Other/Unknown,0.0,Low
6839,1162.0,22.22124,84.75909,2026-08-22,Other/Unknown,Other/Unknown,0.0,Low
10391,1162.0,22.22109,84.7578,2026-07-29,Other/Unknown,Other/Unknown,0.0,Low
10392,1162.0,22.2222,84.75307,2026-07-29,Other/Unknown,Other/Unknown,0.0,Low
10393,1162.0,22.22337,84.75739,2026-07-29,Other/Unknown,Other/Unknown,0.0,Low
10394,1162.0,22.2245,84.75267,2026-07-29,Other/Unknown,Other/Unknown,0.0,Low
10395,1162.0,22.22701,84.75948,2026-07-29,Other/Unknown,Other/Unknown,0.0,Low
10396,1162.0,22.22928,84.75903,2026-07-29,Other/Unknown,Other/Unknown,0.0,Low
2722,1163.0,22.32409,82.59403,2026-09-04,Other/Unknown,Other/Unknown,0.0,Low
4097,1163.0,22.32211,82.59047,2026-09-07,Other/Unknown,Other/Unknown,0.0,Low
2762,1164.0,23.82338,85.49656,2026-09-04,Other/Unknown,Other/Unknown,0.7,Low
6539,1164.0,23.82381,85.49748,2026-08-20,Other/Unknown,Other/Unknown,0.7,Low
6540,1164.0,23.82423,85.49743,2026-08-20,Other/Unknown,Other/Unknown,0.7,Low
7550,1164.0,23.82256,85.49575,2026-08-16,Other/Unknown,Other/Unknown,0.7,Low
8149,1164.0,23.82257,85.49671,2026-08-10,Other/Unknown,Other/Unknown,0.7,Low
8150,1164.0,23.82469,85.49886,2026-08-10,Other/Unknown,Other/Unknown,0.8,Low
8275,1164.0,23.82317,85.4987,2026-08-11,Other/Unknown,Other/Unknown,0.0,Low
9448,1164.0,23.82184,85.4957,2026-08-01,Other/Unknown,Other/Unknown,0.8,Low
9736,1164.0,23.82242,85.49498,2026-07-25,Other/Unknown,Other/Unknown,0.7,Low
9738,1164.0,23.82573,85.49998,2026-07-25,Other/Unknown,Other/Unknown,0.7,Low
10929,1164.0,23.82266,85.49324,2026-07-16,Other/Unknown,Other/Unknown,0.8,Low
10930,1164.0,23.8255,85.49783,2026-07-16,Other/Unknown,Other/Unknown,0.8,Low
2763,1165.0,23.82546,84.57072,2026-09-04,Other/Unknown,Other/Unknown,0.8,Low
6926,1165.0,23.82228,84.57104,2026-08-22,Other/Unknown,Other/Unknown,0.0,Low
6927,1165.0,23.82564,84.57165,2026-08-22,Other/Unknown,Other/Unknown,0.0,Low
7551,1165.0,23.82388,84.57319,2026-08-16,Other/Unknown,Other/Unknown,0.0,Low
8031,1165.0,23.82163,84.57192,2026-08-09,Other/Unknown,Other/Unknown,0.0,Low
8276,1165.0,23.82334,84.57131,2026-08-11,Other/Unknown,Other/Unknown,0.0,Low
8277,1165.0,23.8239,84.57516,2026-08-11,Other/Unknown,Other/Unknown,0.0,Low
8349,1165.0,23.82094,84.57207,2026-08-11,Other/Unknown,Other/Unknown,0.0,Low
8350,1165.0,23.82424,84.57269,2026-08-11,Other/Unknown,Other/Unknown,0.0,Low
8351,1165.0,23.82754,84.57332,2026-08-11,Other/Unknown,Other/Unknown,0.0,Low
9221,1165.0,23.82283,84.57184,2026-07-31,Other/Unknown,Other/Unknown,0.0,Low
9222,1165.0,23.82301,84.5712,2026-07-31,Other/Unknown,Other/Unknown,0.0,Low
9223,1165.0,23.82359,84.57544,2026-07-31,Other/Unknown,Other/Unknown,0.0,Low
9307,1165.0,23.82308,84.57192,2026-07-31,Other/Unknown,Other/Unknown,0.0,Low
9308,1165.0,23.82646,84.5726,2026-07-31,Other/Unknown,Other/Unknown,0.0,Low
9309,1165.0,23.82985,84.57327,2026-07-31,Other/Unknown,Other/Unknown,0.0,Low
9737,1165.0,23.82256,84.56999,2026-07-25,Other/Unknown,Other/Unknown,4.1,Low
9739,1165.0,23.82645,84.57086,2026-07-25,Other/Unknown,Other/Unknown,4.1,Low
9896,1165.0,23.82404,84.57097,2026-07-26,Other/Unknown,Other/Unknown,0.0,Low
9897,1165.0,23.8246,84.57481,2026-07-26,Other/Unknown,Other/Unknown,0.0,Low
9898,1165.0,23.82544,84.57123,2026-07-26,Other/Unknown,Other/Unknown,0.0,Low
9899,1165.0,23.82599,84.57507,2026-07-26,Other/Unknown,Other/Unknown,0.0,Low
9900,1165.0,23.82934,84.57449,2026-07-26,Other/Unknown,Other/Unknown,0.0,Low
9943,1165.0,23.82287,84.57379,2026-07-26,Other/Unknown,Other/Unknown,0.0,Low
9944,1165.0,23.82347,84.57005,2026-07-26,Other/Unknown,Other/Unknown,0.0,Low
9945,1165.0,23.82617,84.57442,2026-07-26,Other/Unknown,Other/Unknown,0.0,Low
9946,1165.0,23.82677,84.57066,2026-07-26,Other/Unknown,Other/Unknown,0.0,Low
9947,1165.0,23.82948,84.57504,2026-07-26,Other/Unknown,Other/Unknown,0.0,Low
10566,1165.0,23.82235,84.57365,2026-07-22,Other/Unknown,Other/Unknown,4.2,Low
10567,1165.0,23.82284,84.56946,2026-07-22,Other/Unknown,Other/Unknown,4.2,Low
2764,1166.0,23.83774,85.46945,2026-09-04,Other/Unknown,Other/Unknown,0.0,Low
9449,1166.0,23.83612,85.4694,2026-08-01,Other/Unknown,Other/Unknown,0.0,Low
2802,1167.0,21.67499,82.07859,2026-09-04,Industrial Fire,Industrial Fire,98.2,Critical
2879,1167.0,21.67574,82.08032,2026-09-04,Industrial Fire,Industrial Fire,98.3,Critical
2805,1168.0,21.80354,82.03689,2026-09-04,Other/Unknown,Other/Unknown,0.0,Low
3837,1168.0,21.8011,82.04027,2026-09-06,Other/Unknown,Other/Unknown,0.0,Low
5670,1168.0,21.80072,82.0384,2026-08-25,Other/Unknown,Other/Unknown,0.0,Low
7993,1168.0,21.80161,82.04208,2026-08-09,Other/Unknown,Other/Unknown,0.0,Low
8293,1168.0,21.80238,82.03889,2026-08-11,Other/Unknown,Other/Unknown,0.0,Low
9933,1168.0,21.80291,82.04144,2026-07-26,Other/Unknown,Other/Unknown,0.0,Low
2806,1169.0,21.92587,85.22215,2026-09-04,Other/Unknown,Other/Unknown,4.0,Low
2897,1169.0,21.92364,85.2219,2026-09-04,Other/Unknown,Other/Unknown,4.0,Low
2898,1169.0,21.92594,85.22113,2026-09-04,Other/Unknown,Other/Unknown,4.0,Low
4072,1169.0,21.92332,85.22227,2026-09-07,Other/Unknown,Other/Unknown,3.9,Low
6790,1169.0,21.92436,85.22442,2026-08-22,Other/Unknown,Other/Unknown,4.0,Low
8294,1169.0,21.9254,85.22261,2026-08-11,Other/Unknown,Other/Unknown,4.0,Low
8295,1169.0,21.92939,85.21943,2026-08-11,Other/Unknown,Other/Unknown,3.9,Low
9245,1169.0,21.92344,85.22398,2026-07-31,Other/Unknown,Other/Unknown,3.9,Low
9938,1169.0,21.92549,85.22182,2026-07-26,Other/Unknown,Other/Unknown,3.9,Low
10389,1169.0,21.92522,85.22271,2026-07-29,Other/Unknown,Other/Unknown,4.0,Low
2807,1170.0,22.00575,82.67023,2026-09-04,Other/Unknown,Other/Unknown,3.9,Low
2808,1170.0,22.00621,82.67161,2026-09-04,Other/Unknown,Other/Unknown,4.0,Low
2900,1170.0,22.00088,82.67083,2026-09-04,Other/Unknown,Other/Unknown,3.9,Low
2901,1170.0,22.00664,82.6723,2026-09-04,Other/Unknown,Other/Unknown,3.9,Low
2902,1170.0,22.00665,82.66977,2026-09-04,Other/Unknown,Other/Unknown,3.9,Low
3847,1170.0,22.00373,82.67131,2026-09-06,Other/Unknown,Other/Unknown,3.9,Low
3848,1170.0,22.00439,82.6674,2026-09-06,Other/Unknown,Other/Unknown,3.9,Low
4249,1170.0,22.00236,82.66692,2026-09-07,Other/Unknown,Other/Unknown,3.9,Low
4250,1170.0,22.00529,82.67177,2026-09-07,Other/Unknown,Other/Unknown,3.9,Low
6832,1170.0,22.00386,82.66874,2026-08-22,Other/Unknown,Other/Unknown,3.9,Low
8424,1170.0,22.00658,82.66907,2026-08-12,Other/Unknown,Other/Unknown,3.9,Low
9049,1170.0,22.00483,82.67254,2026-07-30,Other/Unknown,Other/Unknown,3.9,Low
9764,1170.0,22.00302,82.67052,2026-07-25,Other/Unknown,Other/Unknown,3.9,Low
2809,1171.0,13.15911,80.28068,2026-09-04,Industrial Fire,Industrial Fire,95.1,Critical
2810,1171.0,13.1608,80.27946,2026-09-04,Industrial Fire,Industrial Fire,95.1,Critical
3568,1171.0,13.16061,80.2888,2026-09-05,Industrial Fire,Industrial Fire,95.2,Critical
3569,1171.0,13.16123,80.28672,2026-09-05,Industrial Fire,Industrial Fire,95.2,Critical
3570,1171.0,13.16142,80.28448,2026-09-05,Industrial Fire,Industrial Fire,95.1,Critical
7421,1171.0,13.15892,80.28419,2026-08-15,Industrial Fire,Industrial Fire,95.7,Critical
7422,1171.0,13.16287,80.28493,2026-08-15,Industrial Fire,Industrial Fire,95.4,Critical
2819,1172.0,22.57313,85.89704,2026-09-04,Other/Unknown,Other/Unknown,0.0,Low
3517,1172.0,22.57162,85.89843,2026-09-05,Other/Unknown,Other/Unknown,0.0,Low
3518,1172.0,22.57186,85.89901,2026-09-05,Other/Unknown,Other/Unknown,0.0,Low
3519,1172.0,22.57237,85.89508,2026-09-05,Other/Unknown,Other/Unknown,0.0,Low
3520,1172.0,22.5726,85.89563,2026-09-05,Other/Unknown,Other/Unknown,0.0,Low
3521,1172.0,22.57314,85.89168,2026-09-05,Other/Unknown,Other/Unknown,0.0,Low
3522,1172.0,22.57335,85.89222,2026-09-05,Other/Unknown,Other/Unknown,0.0,Low
3523,1172.0,22.59233,85.90408,2026-09-05,Other/Unknown,Other/Unknown,0.0,Low
4039,1172.0,22.57151,85.89799,2026-09-07,Other/Unknown,Other/Unknown,0.0,Low
4040,1172.0,22.57426,85.89369,2026-09-07,Other/Unknown,Other/Unknown,0.0,Low
4041,1172.0,22.57482,85.89742,2026-09-07,Other/Unknown,Other/Unknown,0.0,Low
5442,1172.0,22.56736,85.89178,2026-08-24,Other/Unknown,Other/Unknown,0.0,Low
5443,1172.0,22.58314,85.89967,2026-08-24,Other/Unknown,Other/Unknown,0.0,Low
5444,1172.0,22.58779,85.89744,2026-08-24,Other/Unknown,Other/Unknown,0.0,Low
5445,1172.0,22.58832,85.90031,2026-08-24,Other/Unknown,Other/Unknown,0.0,Low
6218,1172.0,22.57185,85.89693,2026-08-19,Other/Unknown,Other/Unknown,0.0,Low
6219,1172.0,22.58936,85.90438,2026-08-19,Other/Unknown,Other/Unknown,0.0,Low
6840,1172.0,22.57128,85.89787,2026-08-22,Other/Unknown,Other/Unknown,0.0,Low
6841,1172.0,22.57247,85.89046,2026-08-22,Other/Unknown,Other/Unknown,0.0,Low
6842,1172.0,22.57577,85.89106,2026-08-22,Other/Unknown,Other/Unknown,0.0,Low
6843,1172.0,22.59049,85.90527,2026-08-22,Other/Unknown,Other/Unknown,0.0,Low
8013,1172.0,22.57261,85.8962,2026-08-09,Other/Unknown,Other/Unknown,0.0,Low
8014,1172.0,22.57268,85.89642,2026-08-09,Other/Unknown,Other/Unknown,0.0,Low
9216,1172.0,22.57314,85.89947,2026-07-31,Other/Unknown,Other/Unknown,0.0,Low
2827,1173.0,24.15935,82.56554,2026-09-04,Other/Unknown,Other/Unknown,0.0,Low
2828,1173.0,24.16024,82.56169,2026-09-04,Other/Unknown,Other/Unknown,0.0,Low
3742,1173.0,24.1597,82.56544,2026-09-06,Other/Unknown,Other/Unknown,0.0,Low
3858,1173.0,24.16126,82.56416,2026-09-06,Other/Unknown,Other/Unknown,0.0,Low
2837,1174.0,17.95682,80.79215,2026-09-04,Other/Unknown,Other/Unknown,0.0,Low
2838,1174.0,17.95858,80.79491,2026-09-04,Other/Unknown,Other/Unknown,5.1,Low
2839,1174.0,17.95946,80.79095,2026-09-04,Other/Unknown,Other/Unknown,4.9,Low
3459,1174.0,17.95661,80.79498,2026-09-05,Other/Unknown,Other/Unknown,5.2,Low
3765,1174.0,17.95553,80.79343,2026-09-06,Other/Unknown,Other/Unknown,0.0,Low
3766,1174.0,17.95826,80.7977,2026-09-06,Other/Unknown,Other/Unknown,5.3,Low
3767,1174.0,17.95887,80.79402,2026-09-06,Other/Unknown,Other/Unknown,5.1,Low
4134,1174.0,17.95531,80.79729,2026-09-07,Other/Unknown,Other/Unknown,2.0,Low
4135,1174.0,17.95595,80.79268,2026-09-07,Other/Unknown,Other/Unknown,1.9,Low
5026,1174.0,17.95781,80.79736,2026-09-01,Other/Unknown,Other/Unknown,5.6,Low
5658,1174.0,17.95564,80.7951,2026-08-25,Other/Unknown,Other/Unknown,0.0,Low
5659,1174.0,17.95664,80.79015,2026-08-25,Other/Unknown,Other/Unknown,0.0,Low
5660,1174.0,17.95771,80.79256,2026-08-25,Other/Unknown,Other/Unknown,5.2,Low
5713,1174.0,17.95717,80.79728,2026-08-26,Other/Unknown,Other/Unknown,5.4,Low
5900,1174.0,17.95565,80.79626,2026-08-27,Other/Unknown,Other/Unknown,2.0,Low
5901,1174.0,17.95681,80.78843,2026-08-27,Other/Unknown,Other/Unknown,1.7,Low
6002,1174.0,17.95635,80.79659,2026-08-28,Other/Unknown,Other/Unknown,5.3,Low
6423,1174.0,17.95594,80.79374,2026-08-20,Other/Unknown,Other/Unknown,0.0,Low
8103,1174.0,17.95901,80.79624,2026-08-10,Other/Unknown,Other/Unknown,5.3,Low
8374,1174.0,17.95707,80.7972,2026-08-11,Other/Unknown,Other/Unknown,5.3,Low
8375,1174.0,17.95764,80.79329,2026-08-11,Other/Unknown,Other/Unknown,5.1,Low
8529,1174.0,17.95609,80.79395,2026-08-04,Other/Unknown,Other/Unknown,0.0,Low
2844,1175.0,18.71995,79.53621,2026-09-04,Other/Unknown,Other/Unknown,3.9,Low
3578,1175.0,18.71578,79.54022,2026-09-05,Other/Unknown,Other/Unknown,3.9,Low
3579,1175.0,18.72045,79.53607,2026-09-05,Other/Unknown,Other/Unknown,3.9,Low
3768,1175.0,18.71518,79.53973,2026-09-06,Other/Unknown,Other/Unknown,3.9,Low
3769,1175.0,18.71906,79.53666,2026-09-06,Other/Unknown,Other/Unknown,3.9,Low
4137,1175.0,18.7168,79.53994,2026-09-07,Other/Unknown,Other/Unknown,3.9,Low
4138,1175.0,18.72083,79.54057,2026-09-07,Other/Unknown,Other/Unknown,3.9,Low
6563,1175.0,18.71585,79.53936,2026-08-20,Other/Unknown,Other/Unknown,4.0,Low
8154,1175.0,18.71598,79.53969,2026-08-10,Other/Unknown,Other/Unknown,3.9,Low
8155,1175.0,18.71994,79.53657,2026-08-10,Other/Unknown,Other/Unknown,3.9,Low
10883,1175.0,18.71701,79.53811,2026-07-24,Other/Unknown,Other/Unknown,3.9,Low
10884,1175.0,18.72121,79.53894,2026-07-24,Other/Unknown,Other/Unknown,3.9,Low
10885,1175.0,18.72199,79.53487,2026-07-24,Other/Unknown,Other/Unknown,3.9,Low
2857,1176.0,20.95502,85.0124,2026-09-04,Other/Unknown,Other/Unknown,0.0,Low
3473,1176.0,20.95564,85.01325,2026-09-05,Other/Unknown,Other/Unknown,0.0,Low
3474,1176.0,20.95634,85.01005,2026-09-05,Other/Unknown,Other/Unknown,0.0,Low
4172,1176.0,20.95701,85.01184,2026-09-07,Other/Unknown,Other/Unknown,0.0,Low
2876,1177.0,21.30924,81.59233,2026-09-04,Industrial Fire,Industrial Fire,98.5,Critical
8377,1177.0,21.30995,81.5898,2026-08-11,Industrial Fire,Industrial Fire,98.6,Critical
2878,1178.0,21.62011,81.79417,2026-09-04,Other/Unknown,Other/Unknown,0.0,Low
3814,1178.0,21.62137,81.79305,2026-09-06,Other/Unknown,Other/Unknown,0.0,Low
4214,1178.0,21.62202,81.79386,2026-09-07,Other/Unknown,Other/Unknown,0.0,Low
2894,1179.0,21.87359,83.4966,2026-09-04,Other/Unknown,Other/Unknown,0.0,Low
3841,1179.0,21.87546,83.49538,2026-09-06,Other/Unknown,Other/Unknown,0.0,Low
4238,1179.0,21.87663,83.49507,2026-09-07,Other/Unknown,Other/Unknown,0.0,Low
2895,1180.0,21.87868,83.55658,2026-09-04,Other/Unknown,Other/Unknown,0.0,Low
3842,1180.0,21.87917,83.55689,2026-09-06,Other/Unknown,Other/Unknown,0.0,Low
4239,1180.0,21.87819,83.55629,2026-09-07,Other/Unknown,Other/Unknown,0.0,Low
4240,1180.0,21.87935,83.54838,2026-09-07,Other/Unknown,Other/Unknown,0.0,Low
9242,1180.0,21.87978,83.55486,2026-07-31,Other/Unknown,Other/Unknown,0.0,Low
9934,1180.0,21.87819,83.54787,2026-07-26,Other/Unknown,Other/Unknown,0.0,Low
10361,1180.0,21.87883,83.55634,2026-07-29,Other/Unknown,Other/Unknown,0.0,Low
2904,1181.0,22.01755,83.75123,2026-09-04,Other/Unknown,Other/Unknown,0.0,Low
4073,1181.0,22.01295,83.75442,2026-09-07,Other/Unknown,Other/Unknown,0.0,Low
4074,1181.0,22.01634,83.75499,2026-09-07,Other/Unknown,Other/Unknown,0.0,Low
4075,1181.0,22.01691,83.75108,2026-09-07,Other/Unknown,Other/Unknown,0.0,Low
6833,1181.0,22.01341,83.75511,2026-08-22,Other/Unknown,Other/Unknown,0.0,Low
8002,1181.0,22.01604,83.75397,2026-08-09,Other/Unknown,Other/Unknown,0.0,Low
2905,1182.0,22.0317,83.36752,2026-09-04,Other/Unknown,Other/Unknown,0.6,Low
2906,1182.0,22.03287,83.36258,2026-09-04,Other/Unknown,Other/Unknown,0.6,Low
2907,1182.0,22.0352,83.35267,2026-09-04,Other/Unknown,Other/Unknown,0.6,Low
4078,1182.0,22.03716,83.35303,2026-09-07,Other/Unknown,Other/Unknown,3.9,Low
4080,1182.0,22.03775,83.34901,2026-09-07,Other/Unknown,Other/Unknown,3.9,Low
5672,1182.0,22.03749,83.35403,2026-08-25,Other/Unknown,Other/Unknown,0.6,Low
6834,1182.0,22.03156,83.36552,2026-08-22,Other/Unknown,Other/Unknown,0.6,Low
6835,1182.0,22.03203,83.36678,2026-08-22,Other/Unknown,Other/Unknown,0.6,Low
8003,1182.0,22.03315,83.36578,2026-08-09,Other/Unknown,Other/Unknown,0.6,Low
8004,1182.0,22.03383,83.36263,2026-08-09,Other/Unknown,Other/Unknown,0.6,Low
8005,1182.0,22.03518,83.35629,2026-08-09,Other/Unknown,Other/Unknown,0.6,Low
8006,1182.0,22.03585,83.35313,2026-08-09,Other/Unknown,Other/Unknown,0.6,Low
8007,1182.0,22.03652,83.35001,2026-08-09,Other/Unknown,Other/Unknown,3.9,Low
8008,1182.0,22.04084,83.35434,2026-08-09,Other/Unknown,Other/Unknown,3.9,Low
8009,1182.0,22.04151,83.35121,2026-08-09,Other/Unknown,Other/Unknown,3.9,Low
8425,1182.0,22.0304,83.36609,2026-08-12,Other/Unknown,Other/Unknown,0.6,Low
9941,1182.0,22.03753,83.35102,2026-07-26,Other/Unknown,Other/Unknown,0.7,Low
2919,1183.0,23.30355,70.4779,2026-09-04,Industrial Fire,Industrial Fire,98.4,Critical
11327,1183.0,23.3051,70.47562,2026-07-18,Industrial Fire,Industrial Fire,98.5,Critical
2925,1184.0,9.94102,77.48679,2026-09-04,Other/Unknown,Other/Unknown,0.0,Low
2926,1184.0,9.94628,77.48783,2026-09-04,Other/Unknown,Other/Unknown,0.0,Low
2927,1185.0,10.61668,77.42152,2026-09-04,Other/Unknown,Persistent Industrial Thermal Source,32.2,Medium
3904,1185.0,10.61761,77.42153,2026-09-06,Other/Unknown,Persistent Industrial Thermal Source,32.2,Medium
4251,1185.0,10.61566,77.41953,2026-09-07,Other/Unknown,Persistent Industrial Thermal Source,38.0,Medium
6018,1185.0,10.61728,77.41994,2026-08-28,Other/Unknown,Persistent Industrial Thermal Source,29.9,Medium
6723,1185.0,10.61491,77.41926,2026-08-21,Other/Unknown,Persistent Industrial Thermal Source,36.8,Medium
6958,1185.0,10.61528,77.4217,2026-08-22,Other/Unknown,Persistent Industrial Thermal Source,32.2,Medium
7444,1185.0,10.61674,77.42191,2026-08-15,Other/Unknown,Persistent Industrial Thermal Source,32.1,Medium
8367,1185.0,10.61676,77.42188,2026-08-11,Other/Unknown,Persistent Industrial Thermal Source,32.2,Medium
9768,1185.0,10.61676,77.42206,2026-07-25,Other/Unknown,Persistent Industrial Thermal Source,33.6,Medium
10532,1185.0,10.61532,77.42051,2026-07-21,Other/Unknown,Persistent Industrial Thermal Source,29.9,Medium
10931,1185.0,10.61666,77.4189,2026-07-16,Other/Unknown,Persistent Industrial Thermal Source,29.1,Medium
10932,1185.0,10.61697,77.42113,2026-07-16,Other/Unknown,Persistent Industrial Thermal Source,30.4,Medium
2928,1186.0,10.61797,77.50148,2026-09-04,Other/Unknown,Other/Unknown,0.0,Low
10531,1186.0,10.61256,77.49836,2026-07-21,Other/Unknown,Other/Unknown,0.0,Low
2930,1187.0,11.48001,77.62247,2026-09-04,Other/Unknown,Other/Unknown,0.0,Low
2931,1187.0,11.48045,77.62241,2026-09-04,Other/Unknown,Other/Unknown,0.0,Low
2933,1188.0,12.74499,77.61853,2026-09-04,Persistent Industrial Thermal Source,Persistent Industrial Thermal Source,58.3,High
4261,1188.0,12.74417,77.6196,2026-09-07,Persistent Industrial Thermal Source,Persistent Industrial Thermal Source,58.5,High
5066,1188.0,12.74743,77.61809,2026-09-01,Persistent Industrial Thermal Source,Persistent Industrial Thermal Source,58.5,High
8379,1188.0,12.74482,77.6194,2026-08-11,Persistent Industrial Thermal Source,Persistent Industrial Thermal Source,58.4,High
10511,1188.0,12.74624,77.61856,2026-07-21,Persistent Industrial Thermal Source,Persistent Industrial Thermal Source,58.4,High
10879,1188.0,12.74686,77.61757,2026-07-24,Persistent Industrial Thermal Source,Persistent Industrial Thermal Source,58.5,High
10935,1188.0,12.74498,77.61798,2026-07-16,Persistent Industrial Thermal Source,Persistent Industrial Thermal Source,58.5,High
2934,1189.0,13.7111,79.6208,2026-09-04,Persistent Industrial Thermal Source,Persistent Industrial Thermal Source,58.3,High
3572,1189.0,13.71024,79.61983,2026-09-05,Persistent Industrial Thermal Source,Persistent Industrial Thermal Source,58.3,High
4583,1189.0,13.71089,79.62021,2026-08-30,Persistent Industrial Thermal Source,Persistent Industrial Thermal Source,58.3,High
5761,1189.0,13.70935,79.61942,2026-08-26,Persistent Industrial Thermal Source,Persistent Industrial Thermal Source,45.0,High
5916,1189.0,13.70962,79.61949,2026-08-27,Persistent Industrial Thermal Source,Persistent Industrial Thermal Source,58.3,High
5986,1189.0,13.71205,79.61907,2026-08-28,Persistent Industrial Thermal Source,Persistent Industrial Thermal Source,58.4,High
10880,1189.0,13.71024,79.61844,2026-07-24,Persistent Industrial Thermal Source,Persistent Industrial Thermal Source,56.8,High
2936,1190.0,14.87154,78.05151,2026-09-04,Industrial Fire,Industrial Fire,98.3,Critical
2937,1190.0,14.87653,78.05255,2026-09-04,Industrial Fire,Industrial Fire,98.3,Critical
5680,1190.0,14.87239,78.05413,2026-08-25,Industrial Fire,Industrial Fire,98.2,Critical
2947,1191.0,15.30146,76.22165,2026-09-04,Industrial Fire,Industrial Fire,98.5,Critical
3449,1191.0,15.3005,76.22136,2026-09-05,Industrial Fire,Industrial Fire,98.5,Critical
5786,1191.0,15.30111,76.21888,2026-08-26,Industrial Fire,Industrial Fire,98.4,Critical
2950,1192.0,17.05184,75.64252,2026-09-04,Other/Unknown,Other/Unknown,0.0,Low
2951,1192.0,17.0538,75.64399,2026-09-04,Other/Unknown,Other/Unknown,0.0,Low
2952,1193.0,6.55286,80.77038,2026-09-04,Other/Unknown,Other/Unknown,0.0,Low
2953,1193.0,6.55308,80.77031,2026-09-04,Other/Unknown,Other/Unknown,0.0,Low
2954,1194.0,27.95755,96.95478,2026-09-05,Other/Unknown,Other/Unknown,0.0,Low
2955,1194.0,27.95821,96.95849,2026-09-05,Other/Unknown,Other/Unknown,0.0,Low
2956,1195.0,6.17996,81.00569,2026-09-05,Wildfire / Natural Fire,Wildfire / Natural Fire,16.3,Medium
2957,1195.0,6.1805,81.00926,2026-09-05,Wildfire / Natural Fire,Wildfire / Natural Fire,16.3,Medium
2959,1195.0,6.18386,81.00876,2026-09-05,Wildfire / Natural Fire,Wildfire / Natural Fire,16.5,Medium
2960,1195.0,6.18441,81.01233,2026-09-05,Wildfire / Natural Fire,Wildfire / Natural Fire,16.4,Medium
2961,1195.0,6.18832,81.01539,2026-09-05,Wildfire / Natural Fire,Wildfire / Natural Fire,16.4,Medium
2962,1195.0,6.18886,81.01897,2026-09-05,Wildfire / Natural Fire,Wildfire / Natural Fire,16.3,Medium
2963,1195.0,6.19168,81.01488,2026-09-05,Wildfire / Natural Fire,Wildfire / Natural Fire,17.3,Medium
2964,1195.0,6.19222,81.01846,2026-09-05,Wildfire / Natural Fire,Wildfire / Natural Fire,17.3,Medium
4783,1195.0,6.19543,81.0187,2026-09-01,Wildfire / Natural Fire,Wildfire / Natural Fire,16.4,Medium
2965,1196.0,6.21498,80.86486,2026-09-05,Other/Unknown,Other/Unknown,0.0,Low
6304,1196.0,6.21973,80.87165,2026-08-20,Other/Unknown,Other/Unknown,0.0,Low
2971,1197.0,6.40642,81.07309,2026-09-05,Other/Unknown,Other/Unknown,0.0,Low
2972,1197.0,6.40697,81.07669,2026-09-05,Other/Unknown,Other/Unknown,0.0,Low
2975,1198.0,6.59315,81.12927,2026-09-05,Other/Unknown,Other/Unknown,0.6,Low
5497,1198.0,6.59563,81.12982,2026-08-25,Other/Unknown,Other/Unknown,0.0,Low
2977,1199.0,6.69977,81.40025,2026-09-05,Other/Unknown,Other/Unknown,0.0,Low
8199,1199.0,6.70039,81.40369,2026-08-11,Other/Unknown,Other/Unknown,0.0,Low
2982,1200.0,6.75339,81.36208,2026-09-05,Wildfire / Natural Fire,Wildfire / Natural Fire,16.9,Medium
3610,1200.0,6.75454,81.35403,2026-09-06,Wildfire / Natural Fire,Wildfire / Natural Fire,17.0,Medium
9602,1200.0,6.74143,81.35822,2026-07-25,Wildfire / Natural Fire,Wildfire / Natural Fire,16.5,Medium
11123,1200.0,6.74849,81.36114,2026-07-17,Wildfire / Natural Fire,Wildfire / Natural Fire,16.3,Medium
2984,1201.0,6.76149,81.46268,2026-09-05,Other/Unknown,Other/Unknown,0.0,Low
5519,1201.0,6.76355,81.4702,2026-08-25,Other/Unknown,Other/Unknown,0.0,Low
10126,1201.0,6.75988,81.47185,2026-07-28,Other/Unknown,Other/Unknown,0.0,Low
2985,1202.0,6.76475,81.50785,2026-09-05,Wildfire / Natural Fire,Wildfire / Natural Fire,16.8,Medium
3897,1202.0,6.75835,81.51232,2026-09-06,Wildfire / Natural Fire,Wildfire / Natural Fire,16.3,Medium
3898,1202.0,6.76221,81.51302,2026-09-06,Wildfire / Natural Fire,Wildfire / Natural Fire,17.0,Medium
3923,1202.0,6.7589,81.51694,2026-09-07,Wildfire / Natural Fire,Wildfire / Natural Fire,17.1,Medium
6048,1202.0,6.7623,81.50774,2026-08-19,Wildfire / Natural Fire,Wildfire / Natural Fire,16.6,Medium
7312,1202.0,6.76564,81.50555,2026-08-15,Wildfire / Natural Fire,Wildfire / Natural Fire,18.0,Medium
7313,1202.0,6.76617,81.50903,2026-08-15,Wildfire / Natural Fire,Wildfire / Natural Fire,17.2,Medium
7314,1202.0,6.76897,81.50504,2026-08-15,Wildfire / Natural Fire,Wildfire / Natural Fire,17.0,Medium
7315,1202.0,6.7695,81.50852,2026-08-15,Wildfire / Natural Fire,Wildfire / Natural Fire,16.8,Medium
2987,1203.0,7.01036,79.9108,2026-09-05,Industrial Fire,Industrial Fire,98.6,Critical
2988,1203.0,7.01089,79.91428,2026-09-05,Industrial Fire,Industrial Fire,98.1,Critical
2990,1204.0,7.1755,81.82485,2026-09-05,Other/Unknown,Other/Unknown,0.0,Low
5145,1204.0,7.17839,81.81988,2026-09-02,Other/Unknown,Other/Unknown,0.0,Low
2991,1205.0,7.19413,80.99595,2026-09-05,Other/Unknown,Other/Unknown,0.0,Low
2992,1205.0,7.19752,80.99545,2026-09-05,Other/Unknown,Other/Unknown,0.0,Low
2993,1205.0,7.20091,80.99495,2026-09-05,Other/Unknown,Other/Unknown,0.0,Low
2995,1206.0,7.27373,81.22643,2026-09-05,Other/Unknown,Other/Unknown,3.8,Low
7683,1206.0,7.25844,81.21591,2026-08-18,Other/Unknown,Other/Unknown,0.6,Low
7684,1206.0,7.26356,81.21234,2026-08-18,Other/Unknown,Other/Unknown,0.7,Low
7685,1206.0,7.26419,81.21719,2026-08-18,Other/Unknown,Other/Unknown,4.0,Low
7686,1206.0,7.26466,81.21556,2026-08-18,Other/Unknown,Other/Unknown,3.9,Low
7785,1206.0,7.25981,81.20732,2026-08-18,Other/Unknown,Other/Unknown,3.7,Low
7786,1206.0,7.26242,81.20609,2026-08-18,Other/Unknown,Other/Unknown,3.7,Low
10130,1206.0,7.26888,81.21888,2026-07-28,Other/Unknown,Other/Unknown,3.9,Low
10131,1206.0,7.27448,81.21822,2026-07-28,Other/Unknown,Other/Unknown,3.8,Low
2997,1207.0,7.30165,81.81831,2026-09-05,Other/Unknown,Other/Unknown,0.0,Low
2998,1207.0,7.30221,81.82216,2026-09-05,Other/Unknown,Other/Unknown,0.0,Low
2999,1207.0,7.304,81.81009,2026-09-05,Other/Unknown,Other/Unknown,0.0,Low
3000,1207.0,7.30447,81.83759,2026-09-05,Other/Unknown,Other/Unknown,0.0,Low
3001,1207.0,7.30683,81.82935,2026-09-05,Other/Unknown,Other/Unknown,2.6,Low
3630,1207.0,7.33192,81.83062,2026-09-06,Other/Unknown,Other/Unknown,2.5,Low
3932,1207.0,7.29372,81.84384,2026-09-07,Other/Unknown,Persistent Industrial Thermal Source,32.9,Medium
3933,1207.0,7.29569,81.84065,2026-09-07,Other/Unknown,Other/Unknown,22.3,Medium
3934,1207.0,7.29839,81.84305,2026-09-07,Other/Unknown,Other/Unknown,21.6,Medium
3935,1207.0,7.3135,81.8326,2026-09-07,Other/Unknown,Other/Unknown,5.3,Low
5155,1207.0,7.32084,81.83221,2026-09-02,Other/Unknown,Other/Unknown,2.1,Low
5552,1207.0,7.30556,81.83883,2026-08-25,Other/Unknown,Other/Unknown,0.0,Low
6060,1207.0,7.29642,81.83806,2026-08-19,Other/Unknown,Persistent Industrial Thermal Source,35.2,Medium
6343,1207.0,7.30823,81.83119,2026-08-20,Other/Unknown,Other/Unknown,8.3,Low
6346,1207.0,7.32629,81.8325,2026-08-20,Other/Unknown,Other/Unknown,17.4,Medium
6751,1207.0,7.32284,81.83524,2026-08-22,Other/Unknown,Other/Unknown,13.1,Low
6992,1207.0,7.30796,81.81413,2026-08-23,Other/Unknown,Other/Unknown,0.0,Low
3003,1208.0,7.32206,81.78776,2026-09-05,Other/Unknown,Other/Unknown,4.6,Low
5401,1208.0,7.32001,81.79483,2026-08-24,Other/Unknown,Other/Unknown,4.8,Low
5557,1208.0,7.3246,81.78455,2026-08-25,Other/Unknown,Other/Unknown,4.8,Low
5558,1208.0,7.3251,81.78683,2026-08-25,Other/Unknown,Other/Unknown,5.1,Low
5561,1208.0,7.32906,81.78858,2026-08-25,Other/Unknown,Other/Unknown,5.3,Low
5562,1208.0,7.32953,81.79086,2026-08-25,Other/Unknown,Other/Unknown,5.5,Low
5563,1208.0,7.33148,81.7789,2026-08-25,Other/Unknown,Other/Unknown,4.9,Low
6345,1208.0,7.32287,81.78553,2026-08-20,Other/Unknown,Other/Unknown,4.7,Low
3004,1209.0,7.3626,81.82111,2026-09-05,Other/Unknown,Other/Unknown,46.6,High
4440,1209.0,7.35132,81.81868,2026-08-30,Other/Unknown,Other/Unknown,0.8,Low
4818,1209.0,7.35682,81.82351,2026-09-01,Other/Unknown,Other/Unknown,0.0,Low
3006,1210.0,7.44445,81.74203,2026-09-05,Other/Unknown,Other/Unknown,9.4,Low
10264,1210.0,7.4404,81.74574,2026-07-29,Other/Unknown,Other/Unknown,0.0,Low
3008,1211.0,7.50149,81.07175,2026-09-05,Other/Unknown,Other/Unknown,0.0,Low
3009,1211.0,7.50166,81.0718,2026-09-05,Other/Unknown,Other/Unknown,0.0,Low
10134,1211.0,7.50255,81.0805,2026-07-28,Other/Unknown,Other/Unknown,0.0,Low
3014,1212.0,7.60592,81.04877,2026-09-05,Other/Unknown,Other/Unknown,0.0,Low
3015,1212.0,7.60654,81.04838,2026-09-05,Other/Unknown,Other/Unknown,0.0,Low
3023,1213.0,7.64571,80.82323,2026-09-05,Other/Unknown,Other/Unknown,0.0,Low
3024,1213.0,7.64909,80.82273,2026-09-05,Other/Unknown,Other/Unknown,0.0,Low
3028,1214.0,7.68547,80.99552,2026-09-05,Other/Unknown,Other/Unknown,0.0,Low
3029,1214.0,7.68887,80.99501,2026-09-05,Other/Unknown,Other/Unknown,0.0,Low
3030,1215.0,7.69191,81.5574,2026-09-05,Other/Unknown,Other/Unknown,0.0,Low
3031,1215.0,7.69537,81.55688,2026-09-05,Other/Unknown,Other/Unknown,0.0,Low
9150,1215.0,7.6805,81.55089,2026-07-31,Other/Unknown,Other/Unknown,0.0,Low
9151,1215.0,7.68431,81.55026,2026-07-31,Other/Unknown,Other/Unknown,0.0,Low
10289,1215.0,7.68921,81.55521,2026-07-29,Other/Unknown,Other/Unknown,0.0,Low
3033,1216.0,7.70464,81.14626,2026-09-05,Other/Unknown,Other/Unknown,0.0,Low
7607,1216.0,7.68535,81.14362,2026-08-17,Other/Unknown,Other/Unknown,3.8,Low
7608,1216.0,7.69074,81.1427,2026-08-17,Other/Unknown,Other/Unknown,4.0,Low
7822,1216.0,7.69379,81.14894,2026-08-09,Other/Unknown,Other/Unknown,0.5,Low
7823,1216.0,7.69441,81.15324,2026-08-09,Other/Unknown,Other/Unknown,0.5,Low
7824,1216.0,7.69746,81.14842,2026-08-09,Other/Unknown,Other/Unknown,0.0,Low
3036,1217.0,7.75396,81.19886,2026-09-05,Other/Unknown,Other/Unknown,0.0,Low
3037,1217.0,7.75451,81.20256,2026-09-05,Other/Unknown,Other/Unknown,0.0,Low
3038,1217.0,7.7608,81.19785,2026-09-05,Other/Unknown,Other/Unknown,0.0,Low
3039,1218.0,7.76861,81.227,2026-09-05,Wildfire / Natural Fire,Wildfire / Natural Fire,17.0,Medium
3040,1218.0,7.76915,81.23071,2026-09-05,Wildfire / Natural Fire,Wildfire / Natural Fire,16.7,Medium
3041,1219.0,7.7832,81.0439,2026-09-05,Other/Unknown,Other/Unknown,4.8,Low
3043,1219.0,7.7866,81.04339,2026-09-05,Other/Unknown,Other/Unknown,4.8,Low
3044,1219.0,7.79055,81.04655,2026-09-05,Other/Unknown,Other/Unknown,8.2,Low
9462,1219.0,7.78199,81.04093,2026-08-01,Other/Unknown,Other/Unknown,4.3,Low
3042,1220.0,7.78416,81.55927,2026-09-05,Other/Unknown,Other/Unknown,0.0,Low
4831,1220.0,7.79142,81.55624,2026-09-01,Other/Unknown,Other/Unknown,0.0,Low
3049,1221.0,7.82896,79.84538,2026-09-05,Other/Unknown,Other/Unknown,0.0,Low
3050,1221.0,7.82949,79.84887,2026-09-05,Other/Unknown,Other/Unknown,0.0,Low
3054,1222.0,7.86041,81.44298,2026-09-05,Wildfire / Natural Fire,Wildfire / Natural Fire,16.7,Medium
3055,1222.0,7.86098,81.44675,2026-09-05,Wildfire / Natural Fire,Wildfire / Natural Fire,16.4,Medium
4833,1222.0,7.86408,81.44665,2026-09-01,Wildfire / Natural Fire,Wildfire / Natural Fire,16.7,Medium
4834,1222.0,7.86625,81.44823,2026-09-01,Wildfire / Natural Fire,Wildfire / Natural Fire,16.7,Medium
3057,1223.0,7.87753,80.62115,2026-09-05,Other/Unknown,Other/Unknown,0.0,Low
4620,1223.0,7.87699,80.62096,2026-08-31,Other/Unknown,Other/Unknown,0.0,Low
3058,1224.0,7.8793,80.6099,2026-09-05,Other/Unknown,Other/Unknown,0.0,Low
5183,1224.0,7.86967,80.6083,2026-09-02,Other/Unknown,Other/Unknown,2.3,Low
5184,1224.0,7.87255,80.60516,2026-09-02,Other/Unknown,Wildfire / Natural Fire,15.5,Medium
5185,1224.0,7.87323,80.60886,2026-09-02,Other/Unknown,Other/Unknown,0.0,Low
3059,1225.0,7.88299,81.43579,2026-09-05,Other/Unknown,Other/Unknown,0.0,Low
7167,1225.0,7.88716,81.43616,2026-08-14,Other/Unknown,Other/Unknown,0.0,Low
7168,1225.0,7.88768,81.43986,2026-08-14,Other/Unknown,Other/Unknown,0.0,Low
3060,1226.0,7.88822,81.42342,2026-09-05,Wildfire / Natural Fire,Wildfire / Natural Fire,16.8,Medium
3062,1226.0,7.89167,81.42291,2026-09-05,Wildfire / Natural Fire,Wildfire / Natural Fire,16.6,Medium
3061,1227.0,7.88961,80.65601,2026-09-05,Other/Unknown,Other/Unknown,0.0,Low
3063,1227.0,7.89688,80.65858,2026-09-05,Other/Unknown,Other/Unknown,0.0,Low
3064,1228.0,7.91173,80.61968,2026-09-05,Other/Unknown,Other/Unknown,0.0,Low
3066,1228.0,7.91509,80.61917,2026-09-05,Other/Unknown,Other/Unknown,0.0,Low
3074,1229.0,7.94659,81.31863,2026-09-05,Wildfire / Natural Fire,Wildfire / Natural Fire,16.9,Medium
3075,1229.0,7.94947,81.31438,2026-09-05,Wildfire / Natural Fire,Wildfire / Natural Fire,17.3,Medium
4624,1229.0,7.94071,81.30248,2026-08-31,Wildfire / Natural Fire,Wildfire / Natural Fire,17.7,Medium
4625,1229.0,7.94124,81.30596,2026-08-31,Wildfire / Natural Fire,Wildfire / Natural Fire,17.7,Medium
4626,1229.0,7.94297,81.295,2026-08-31,Wildfire / Natural Fire,Wildfire / Natural Fire,19.6,Medium
4627,1229.0,7.94403,81.30197,2026-08-31,Wildfire / Natural Fire,Wildfire / Natural Fire,17.7,Medium
4628,1229.0,7.94456,81.30545,2026-08-31,Wildfire / Natural Fire,Wildfire / Natural Fire,17.7,Medium
4839,1229.0,7.94756,81.31615,2026-09-01,Wildfire / Natural Fire,Wildfire / Natural Fire,17.0,Medium
4840,1229.0,7.94843,81.31799,2026-09-01,Wildfire / Natural Fire,Wildfire / Natural Fire,17.0,Medium
5192,1229.0,7.93935,81.31718,2026-09-02,Wildfire / Natural Fire,Wildfire / Natural Fire,17.0,Medium
5193,1229.0,7.94051,81.29297,2026-09-02,Wildfire / Natural Fire,Wildfire / Natural Fire,16.6,Medium
5194,1229.0,7.94348,81.30961,2026-09-02,Wildfire / Natural Fire,Wildfire / Natural Fire,16.8,Medium
6377,1229.0,7.9423,81.31919,2026-08-20,Wildfire / Natural Fire,Wildfire / Natural Fire,16.6,Medium
6378,1229.0,7.94464,81.31114,2026-08-20,Wildfire / Natural Fire,Wildfire / Natural Fire,16.6,Medium
6379,1229.0,7.9452,81.3149,2026-08-20,Wildfire / Natural Fire,Wildfire / Natural Fire,16.8,Medium
3077,1230.0,7.96084,81.34336,2026-09-05,Wildfire / Natural Fire,Wildfire / Natural Fire,17.1,Medium
3078,1230.0,7.9614,81.34711,2026-09-05,Wildfire / Natural Fire,Wildfire / Natural Fire,16.8,Medium
3083,1231.0,7.97521,81.23369,2026-09-05,Industrial Fire,Industrial Fire,98.5,Critical
3084,1231.0,7.97576,81.23741,2026-09-05,Industrial Fire,Industrial Fire,98.6,Critical
3090,1232.0,7.9979,80.38068,2026-09-05,Other/Unknown,Other/Unknown,0.0,Low
3091,1232.0,7.99843,80.38423,2026-09-05,Other/Unknown,Other/Unknown,0.0,Low
4631,1232.0,7.99786,80.37258,2026-08-31,Other/Unknown,Other/Unknown,0.0,Low
4632,1232.0,7.9984,80.37608,2026-08-31,Other/Unknown,Other/Unknown,0.0,Low
3092,1233.0,8.01719,81.42326,2026-09-05,Other/Unknown,Other/Unknown,0.0,Low
3093,1233.0,8.02176,81.43032,2026-09-05,Other/Unknown,Other/Unknown,0.0,Low
3094,1233.0,8.02232,81.4341,2026-09-05,Other/Unknown,Other/Unknown,0.0,Low
4633,1233.0,8.01197,81.41592,2026-08-31,Other/Unknown,Industrial Fire,57.1,High
3095,1234.0,8.02516,81.16928,2026-09-05,Other/Unknown,Other/Unknown,0.0,Low
3097,1234.0,8.02858,81.16877,2026-09-05,Other/Unknown,Other/Unknown,0.0,Low
3100,1235.0,8.05222,80.25206,2026-09-05,Other/Unknown,Other/Unknown,0.0,Low
3102,1235.0,8.05503,80.24802,2026-09-05,Other/Unknown,Other/Unknown,0.0,Low
3103,1236.0,8.05838,80.6455,2026-09-05,Wildfire / Natural Fire,Wildfire / Natural Fire,16.3,Medium
3950,1236.0,8.06398,80.64025,2026-09-07,Wildfire / Natural Fire,Wildfire / Natural Fire,16.6,Medium
3951,1236.0,8.06511,80.64231,2026-09-07,Wildfire / Natural Fire,Wildfire / Natural Fire,16.7,Medium
3106,1237.0,8.08633,81.36668,2026-09-05,Other/Unknown,Other/Unknown,0.0,Low
3107,1237.0,8.08893,81.36685,2026-09-05,Other/Unknown,Other/Unknown,0.0,Low
3109,1238.0,8.10234,81.10136,2026-09-05,Other/Unknown,Other/Unknown,0.0,Low
7828,1238.0,8.1039,81.107,2026-08-09,Other/Unknown,Other/Unknown,0.0,Low
3117,1239.0,8.12778,80.54986,2026-09-05,Other/Unknown,Other/Unknown,0.0,Low
3565,1239.0,8.12086,80.55772,2026-09-05,Other/Unknown,Other/Unknown,0.0,Low
3655,1239.0,8.12533,80.55049,2026-09-06,Other/Unknown,Other/Unknown,0.0,Low
6103,1239.0,8.12639,80.55296,2026-08-19,Other/Unknown,Other/Unknown,0.0,Low
3118,1240.0,8.16122,80.68085,2026-09-05,Other/Unknown,Other/Unknown,0.0,Low
3119,1240.0,8.16176,80.68446,2026-09-05,Other/Unknown,Other/Unknown,0.0,Low
3122,1241.0,8.17748,80.58276,2026-09-05,Wildfire / Natural Fire,Wildfire / Natural Fire,16.7,Medium
5198,1241.0,8.16788,80.58058,2026-09-02,Wildfire / Natural Fire,Wildfire / Natural Fire,16.5,Medium
5199,1241.0,8.16905,80.58099,2026-09-02,Wildfire / Natural Fire,Wildfire / Natural Fire,16.3,Medium
3125,1242.0,8.22299,80.97707,2026-09-05,Other/Unknown,Other/Unknown,0.0,Low
3957,1242.0,8.2227,80.97877,2026-09-07,Other/Unknown,Other/Unknown,0.0,Low
3130,1243.0,8.3665,80.20679,2026-09-05,Other/Unknown,Other/Unknown,0.0,Low
10140,1243.0,8.37231,80.20104,2026-07-28,Other/Unknown,Other/Unknown,0.0,Low
10141,1243.0,8.37311,80.19904,2026-07-28,Other/Unknown,Other/Unknown,0.0,Low
3131,1244.0,8.36862,80.22093,2026-09-05,Other/Unknown,Other/Unknown,0.0,Low
11160,1244.0,8.37097,80.21825,2026-07-18,Other/Unknown,Other/Unknown,0.0,Low
3132,1245.0,8.37896,80.17594,2026-09-05,Wildfire / Natural Fire,Wildfire / Natural Fire,17.5,Medium
8456,1245.0,8.38041,80.17516,2026-08-13,Wildfire / Natural Fire,Wildfire / Natural Fire,16.2,Medium
3138,1246.0,8.40004,80.43096,2026-09-05,Other/Unknown,Other/Unknown,2.2,Low
3140,1246.0,8.4034,80.43046,2026-09-05,Other/Unknown,Other/Unknown,0.0,Low
3672,1246.0,8.40032,80.43282,2026-09-06,Other/Unknown,Other/Unknown,0.0,Low
3139,1247.0,8.4001,80.62553,2026-09-05,Other/Unknown,Other/Unknown,1.0,Low
4870,1247.0,8.40258,80.63156,2026-09-01,Other/Unknown,Other/Unknown,1.2,Low
3141,1248.0,8.42385,80.38354,2026-09-05,Other/Unknown,Other/Unknown,0.0,Low
3964,1248.0,8.43057,80.38477,2026-09-07,Other/Unknown,Other/Unknown,0.0,Low
3965,1248.0,8.43337,80.38214,2026-09-07,Other/Unknown,Other/Unknown,0.0,Low
3142,1249.0,8.42556,80.46367,2026-09-05,Other/Unknown,Other/Unknown,0.0,Low
3144,1249.0,8.42892,80.46317,2026-09-05,Other/Unknown,Other/Unknown,0.0,Low
3145,1250.0,8.42995,80.56219,2026-09-05,Wildfire / Natural Fire,Wildfire / Natural Fire,16.4,Medium
5212,1250.0,8.41492,80.56696,2026-09-02,Wildfire / Natural Fire,Wildfire / Natural Fire,16.5,Medium
5595,1250.0,8.42033,80.56149,2026-08-25,Wildfire / Natural Fire,Wildfire / Natural Fire,16.6,Medium
5596,1250.0,8.42392,80.56097,2026-08-25,Wildfire / Natural Fire,Wildfire / Natural Fire,16.9,Medium
3147,1251.0,8.44271,81.0949,2026-09-05,Other/Unknown,Other/Unknown,0.0,Low
3148,1251.0,8.44327,81.09863,2026-09-05,Other/Unknown,Other/Unknown,0.0,Low
3167,1252.0,8.49469,80.74122,2026-09-05,Wildfire / Natural Fire,Wildfire / Natural Fire,16.6,Medium
3168,1252.0,8.49523,80.74486,2026-09-05,Wildfire / Natural Fire,Wildfire / Natural Fire,16.8,Medium
3170,1253.0,8.50354,80.66186,2026-09-05,Other/Unknown,Other/Unknown,0.0,Low
6113,1253.0,8.49986,80.66592,2026-08-19,Other/Unknown,Other/Unknown,0.0,Low
8065,1253.0,8.50113,80.65372,2026-08-10,Other/Unknown,Other/Unknown,0.0,Low
3179,1254.0,8.54884,80.63599,2026-09-05,Other/Unknown,Other/Unknown,0.0,Low
6952,1254.0,8.55599,80.63945,2026-08-22,Other/Unknown,Other/Unknown,0.0,Low
3181,1255.0,8.55502,80.72415,2026-09-05,Other/Unknown,Other/Unknown,0.0,Low
3182,1255.0,8.55556,80.72779,2026-09-05,Other/Unknown,Other/Unknown,0.0,Low
3183,1256.0,8.56221,80.65617,2026-09-05,Other/Unknown,Other/Unknown,0.0,Low
8067,1256.0,8.56684,80.65114,2026-08-10,Other/Unknown,Other/Unknown,0.0,Low
3185,1257.0,8.566,80.589,2026-09-05,Other/Unknown,Other/Unknown,0.0,Low
4908,1257.0,8.57321,80.5876,2026-09-01,Other/Unknown,Other/Unknown,0.0,Low
4911,1257.0,8.57664,80.58342,2026-09-01,Other/Unknown,Other/Unknown,0.0,Low
4912,1257.0,8.57722,80.58692,2026-09-01,Other/Unknown,Other/Unknown,0.2,Low
7175,1257.0,8.56307,80.58379,2026-08-14,Other/Unknown,Other/Unknown,0.5,Low
3186,1258.0,8.56992,80.77787,2026-09-05,Other/Unknown,Other/Unknown,8.6,Low
5411,1258.0,8.56913,80.77627,2026-08-24,Other/Unknown,Other/Unknown,8.7,Low
3192,1259.0,8.6058,80.83237,2026-09-05,Wildfire / Natural Fire,Wildfire / Natural Fire,16.9,Medium
3976,1259.0,8.60144,80.83746,2026-09-07,Wildfire / Natural Fire,Wildfire / Natural Fire,17.0,Medium
4676,1259.0,8.59517,80.82677,2026-08-31,Wildfire / Natural Fire,Wildfire / Natural Fire,17.9,Medium
5413,1259.0,8.61324,80.83712,2026-08-24,Wildfire / Natural Fire,Wildfire / Natural Fire,18.1,Medium
5414,1259.0,8.61819,80.8364,2026-08-24,Wildfire / Natural Fire,Wildfire / Natural Fire,18.1,Medium
5608,1259.0,8.59756,80.82961,2026-08-25,Wildfire / Natural Fire,Wildfire / Natural Fire,16.7,Medium
3193,1260.0,8.60616,80.9755,2026-09-05,Other/Unknown,Other/Unknown,0.0,Low
3194,1260.0,8.60958,80.975,2026-09-05,Other/Unknown,Other/Unknown,0.0,Low
3208,1261.0,8.65036,80.87457,2026-09-05,Other/Unknown,Other/Unknown,0.0,Low
3210,1261.0,8.65376,80.87405,2026-09-05,Other/Unknown,Other/Unknown,0.0,Low
3218,1262.0,8.68765,80.35707,2026-09-05,Wildfire / Natural Fire,Wildfire / Natural Fire,17.2,Medium
3219,1262.0,8.69047,80.353,2026-09-05,Wildfire / Natural Fire,Wildfire / Natural Fire,17.3,Medium
3220,1262.0,8.69101,80.35657,2026-09-05,Wildfire / Natural Fire,Wildfire / Natural Fire,17.2,Medium
5255,1262.0,8.6888,80.35437,2026-09-02,Wildfire / Natural Fire,Wildfire / Natural Fire,16.5,Medium
5256,1262.0,8.69176,80.35313,2026-09-02,Wildfire / Natural Fire,Wildfire / Natural Fire,16.5,Medium
5614,1262.0,8.69478,80.34908,2026-08-25,Wildfire / Natural Fire,Wildfire / Natural Fire,16.6,Medium
11034,1262.0,8.69115,80.3499,2026-07-17,Wildfire / Natural Fire,Wildfire / Natural Fire,17.4,Medium
11035,1262.0,8.69407,80.34987,2026-07-17,Wildfire / Natural Fire,Wildfire / Natural Fire,17.8,Medium
11036,1262.0,8.69462,80.35426,2026-07-17,Wildfire / Natural Fire,Wildfire / Natural Fire,17.8,Medium
11037,1262.0,8.69713,80.34921,2026-07-17,Wildfire / Natural Fire,Wildfire / Natural Fire,17.4,Medium
11038,1262.0,8.69771,80.35358,2026-07-17,Wildfire / Natural Fire,Wildfire / Natural Fire,17.4,Medium
11394,1262.0,8.69546,80.34471,2026-07-19,Wildfire / Natural Fire,Wildfire / Natural Fire,16.5,Medium
3221,1263.0,8.69288,81.01921,2026-09-05,Wildfire / Natural Fire,Wildfire / Natural Fire,16.5,Medium
3222,1263.0,8.69343,81.02293,2026-09-05,Wildfire / Natural Fire,Wildfire / Natural Fire,16.7,Medium
3224,1263.0,8.6963,81.01871,2026-09-05,Wildfire / Natural Fire,Wildfire / Natural Fire,17.1,Medium
3225,1263.0,8.69685,81.02242,2026-09-05,Wildfire / Natural Fire,Wildfire / Natural Fire,18.4,Medium
4923,1263.0,8.68468,81.02161,2026-09-01,Wildfire / Natural Fire,Wildfire / Natural Fire,17.6,Medium
4925,1263.0,8.68774,81.01603,2026-09-01,Wildfire / Natural Fire,Wildfire / Natural Fire,16.4,Medium
3231,1264.0,8.74935,80.53083,2026-09-05,Wildfire / Natural Fire,Wildfire / Natural Fire,16.7,Medium
3232,1264.0,8.75043,80.53805,2026-09-05,Wildfire / Natural Fire,Wildfire / Natural Fire,16.4,Medium
3233,1264.0,8.75096,80.54166,2026-09-05,Wildfire / Natural Fire,Wildfire / Natural Fire,16.4,Medium
3234,1264.0,8.75219,80.52672,2026-09-05,Wildfire / Natural Fire,Wildfire / Natural Fire,16.9,Medium
3235,1264.0,8.75273,80.53033,2026-09-05,Wildfire / Natural Fire,Wildfire / Natural Fire,16.3,Medium
3700,1264.0,8.74934,80.53089,2026-09-06,Wildfire / Natural Fire,Wildfire / Natural Fire,16.9,Medium
3701,1264.0,8.75005,80.53522,2026-09-06,Wildfire / Natural Fire,Wildfire / Natural Fire,17.2,Medium
3236,1265.0,8.76241,78.10452,2026-09-05,Industrial Fire,Industrial Fire,94.2,Critical
7474,1265.0,8.76996,78.10783,2026-08-16,Industrial Fire,Industrial Fire,98.6,Critical
10299,1265.0,8.76182,78.11587,2026-07-29,Industrial Fire,Industrial Fire,96.2,Critical
10300,1265.0,8.7653,78.11536,2026-07-29,Industrial Fire,Industrial Fire,98.4,Critical
3238,1266.0,8.79525,80.56088,2026-09-05,Other/Unknown,Other/Unknown,0.0,Low
3703,1266.0,8.78857,80.56424,2026-09-06,Other/Unknown,Other/Unknown,0.0,Low
3239,1267.0,8.7973,80.39112,2026-09-05,Wildfire / Natural Fire,Wildfire / Natural Fire,16.5,Medium
3240,1267.0,8.79784,80.39472,2026-09-05,Wildfire / Natural Fire,Wildfire / Natural Fire,16.6,Medium
4694,1267.0,8.80894,80.39244,2026-08-31,Wildfire / Natural Fire,Wildfire / Natural Fire,16.4,Medium
6134,1267.0,8.80154,80.3954,2026-08-19,Wildfire / Natural Fire,Wildfire / Natural Fire,16.9,Medium
3241,1268.0,8.80806,80.99785,2026-09-05,Wildfire / Natural Fire,Wildfire / Natural Fire,16.7,Medium
3242,1268.0,8.8086,81.00157,2026-09-05,Wildfire / Natural Fire,Wildfire / Natural Fire,16.7,Medium
3245,1268.0,8.81203,81.00107,2026-09-05,Wildfire / Natural Fire,Wildfire / Natural Fire,16.7,Medium
3243,1269.0,8.81116,80.85354,2026-09-05,Other/Unknown,Other/Unknown,0.0,Low
11401,1269.0,8.81205,80.85066,2026-07-19,Other/Unknown,Other/Unknown,0.0,Low
3251,1270.0,8.85021,80.74253,2026-09-05,Wildfire / Natural Fire,Wildfire / Natural Fire,16.7,Medium
3253,1270.0,8.85361,80.74201,2026-09-05,Wildfire / Natural Fire,Wildfire / Natural Fire,17.1,Medium
3254,1270.0,8.8651,80.74441,2026-09-05,Wildfire / Natural Fire,Wildfire / Natural Fire,16.4,Medium
4695,1270.0,8.85911,80.74155,2026-08-31,Wildfire / Natural Fire,Wildfire / Natural Fire,17.2,Medium
3257,1271.0,8.91298,80.88026,2026-09-05,Wildfire / Natural Fire,Wildfire / Natural Fire,17.4,Medium
3258,1271.0,8.91352,80.88396,2026-09-05,Wildfire / Natural Fire,Wildfire / Natural Fire,16.7,Medium
3260,1271.0,8.91925,80.87554,2026-09-05,Wildfire / Natural Fire,Wildfire / Natural Fire,16.3,Medium
3259,1272.0,8.91912,80.68765,2026-09-05,Wildfire / Natural Fire,Wildfire / Natural Fire,16.8,Medium
5419,1272.0,8.92843,80.69376,2026-08-24,Wildfire / Natural Fire,Wildfire / Natural Fire,16.7,Medium
5420,1272.0,8.92972,80.69118,2026-08-24,Wildfire / Natural Fire,Wildfire / Natural Fire,16.8,Medium
5819,1272.0,8.92234,80.68958,2026-08-27,Wildfire / Natural Fire,Wildfire / Natural Fire,16.6,Medium
3265,1273.0,8.94302,80.8947,2026-09-05,Wildfire / Natural Fire,Wildfire / Natural Fire,16.5,Medium
3977,1273.0,8.94231,80.89068,2026-09-07,Wildfire / Natural Fire,Wildfire / Natural Fire,16.3,Medium
3978,1273.0,8.94396,80.88758,2026-09-07,Wildfire / Natural Fire,Wildfire / Natural Fire,16.6,Medium
3266,1274.0,8.94314,80.37978,2026-09-05,Other/Unknown,Other/Unknown,0.0,Low
10790,1274.0,8.94032,80.38223,2026-07-24,Other/Unknown,Other/Unknown,0.0,Low
3268,1275.0,8.95551,80.76838,2026-09-05,Other/Unknown,Other/Unknown,0.0,Low
6391,1275.0,8.95379,80.75946,2026-08-20,Other/Unknown,Other/Unknown,0.0,Low
3274,1276.0,9.04103,80.44921,2026-09-05,Wildfire / Natural Fire,Wildfire / Natural Fire,16.5,Medium
4702,1276.0,9.04133,80.45132,2026-08-31,Wildfire / Natural Fire,Wildfire / Natural Fire,17.4,Medium
3276,1277.0,9.07853,80.46942,2026-09-05,Other/Unknown,Other/Unknown,0.0,Low
5696,1277.0,9.07845,80.47284,2026-08-26,Other/Unknown,Other/Unknown,0.0,Low
3277,1278.0,9.21617,80.32276,2026-09-05,Wildfire / Natural Fire,Wildfire / Natural Fire,16.1,Medium
3714,1278.0,9.21651,80.32494,2026-09-06,Wildfire / Natural Fire,Wildfire / Natural Fire,16.7,Medium
3281,1279.0,9.38173,80.51563,2026-09-05,Other/Unknown,Other/Unknown,0.0,Low
3717,1279.0,9.38268,80.52093,2026-09-06,Other/Unknown,Other/Unknown,0.0,Low
3283,1280.0,9.39375,78.88885,2026-09-05,Other/Unknown,Other/Unknown,0.0,Low
5699,1280.0,9.38904,78.88414,2026-08-26,Other/Unknown,Other/Unknown,0.0,Low
5700,1280.0,9.38948,78.88505,2026-08-26,Other/Unknown,Other/Unknown,0.0,Low
3286,1281.0,9.41477,80.45859,2026-09-05,Other/Unknown,Other/Unknown,0.0,Low
3287,1281.0,9.41815,80.45808,2026-09-05,Other/Unknown,Other/Unknown,0.0,Low
3288,1281.0,9.41869,80.46172,2026-09-05,Other/Unknown,Other/Unknown,0.0,Low
3293,1282.0,9.77927,80.18752,2026-09-05,Other/Unknown,Other/Unknown,0.0,Low
9365,1282.0,9.7793,80.18807,2026-08-01,Other/Unknown,Other/Unknown,0.0,Low
3297,1283.0,10.82872,79.18511,2026-09-05,Other/Unknown,Other/Unknown,0.0,Low
3298,1283.0,10.83204,79.18459,2026-09-05,Other/Unknown,Other/Unknown,0.0,Low
3301,1284.0,10.92989,77.06577,2026-09-05,Other/Unknown,Other/Unknown,17.8,Medium
6672,1284.0,10.93034,77.06337,2026-08-21,Other/Unknown,Other/Unknown,12.8,Low
6960,1284.0,10.92703,77.06378,2026-08-22,Other/Unknown,Other/Unknown,12.7,Low
6961,1284.0,10.93126,77.0644,2026-08-22,Other/Unknown,Other/Unknown,15.6,Medium
7447,1284.0,10.92917,77.06458,2026-08-15,Other/Unknown,Other/Unknown,12.8,Low
8368,1284.0,10.93105,77.06483,2026-08-11,Other/Unknown,Other/Unknown,12.9,Low
9769,1284.0,10.92849,77.0655,2026-07-25,Other/Unknown,Other/Unknown,12.9,Low
3309,1285.0,11.96047,78.80122,2026-09-05,Other/Unknown,Other/Unknown,0.0,Low
3310,1285.0,11.96101,78.80475,2026-09-05,Other/Unknown,Other/Unknown,0.0,Low
3312,1286.0,12.80918,79.95596,2026-09-05,Other/Unknown,Other/Unknown,0.0,Low
5008,1286.0,12.8083,79.95654,2026-09-01,Other/Unknown,Other/Unknown,0.0,Low
3314,1287.0,12.85665,79.94463,2026-09-05,Industrial Fire,Industrial Fire,98.7,Critical
3315,1287.0,12.86005,79.94411,2026-09-05,Industrial Fire,Industrial Fire,98.4,Critical
3319,1288.0,13.29584,80.0663,2026-09-05,Industrial Fire,Industrial Fire,98.4,Critical
3320,1288.0,13.29621,80.06625,2026-09-05,Industrial Fire,Industrial Fire,98.3,Critical
3330,1289.0,14.57245,79.93675,2026-09-05,Other/Unknown,Other/Unknown,3.6,Low
3331,1289.0,14.57326,79.93592,2026-09-05,Other/Unknown,Other/Unknown,0.0,Low
3332,1289.0,14.57383,79.93979,2026-09-05,Other/Unknown,Other/Unknown,0.0,Low
3336,1290.0,14.68695,79.73852,2026-09-05,Other/Unknown,Other/Unknown,0.0,Low
3337,1290.0,14.69037,79.738,2026-09-05,Other/Unknown,Other/Unknown,0.0,Low
3339,1291.0,14.89181,79.23329,2026-09-05,Wildfire / Natural Fire,Wildfire / Natural Fire,16.7,Medium
3996,1291.0,14.89407,79.23284,2026-09-07,Wildfire / Natural Fire,Wildfire / Natural Fire,16.7,Medium
3342,1292.0,15.08564,77.31834,2026-09-05,Other/Unknown,Other/Unknown,3.1,Low
3725,1292.0,15.08584,77.31924,2026-09-06,Other/Unknown,Other/Unknown,3.1,Low
3348,1293.0,15.18627,76.31717,2026-09-05,Other/Unknown,Other/Unknown,0.0,Low
3445,1293.0,15.18638,76.31535,2026-09-05,Other/Unknown,Other/Unknown,0.0,Low
3394,1294.0,31.20992,73.72583,2026-09-05,Wildfire / Natural Fire,Wildfire / Natural Fire,16.6,Medium
3395,1294.0,31.21054,73.72984,2026-09-05,Wildfire / Natural Fire,Wildfire / Natural Fire,16.4,Medium
3396,1294.0,31.21322,73.72516,2026-09-05,Wildfire / Natural Fire,Wildfire / Natural Fire,16.4,Medium
3399,1295.0,34.09272,72.01049,2026-09-05,Other/Unknown,Other/Unknown,0.0,Low
3400,1295.0,34.09602,72.00973,2026-09-05,Other/Unknown,Other/Unknown,0.0,Low
3414,1296.0,15.12367,94.78321,2026-09-05,Other/Unknown,Other/Unknown,0.0,Low
3415,1296.0,15.1244,94.77791,2026-09-05,Other/Unknown,Other/Unknown,0.0,Low
3416,1296.0,15.12766,94.78379,2026-09-05,Other/Unknown,Other/Unknown,0.0,Low
3417,1296.0,15.12839,94.77849,2026-09-05,Other/Unknown,Other/Unknown,0.0,Low
3420,1297.0,32.08572,74.16138,2026-09-05,Other/Unknown,Other/Unknown,0.0,Low
4365,1297.0,32.08598,74.16589,2026-08-29,Other/Unknown,Other/Unknown,0.0,Low
4366,1297.0,32.08685,74.16118,2026-08-29,Other/Unknown,Other/Unknown,0.0,Low
4549,1297.0,32.0868,74.16059,2026-08-30,Other/Unknown,Other/Unknown,0.0,Low
4550,1297.0,32.08741,74.15643,2026-08-30,Other/Unknown,Other/Unknown,0.0,Low
5463,1297.0,32.08799,74.16105,2026-08-24,Other/Unknown,Other/Unknown,0.0,Low
6246,1297.0,32.08467,74.16386,2026-08-19,Other/Unknown,Other/Unknown,0.0,Low
6247,1297.0,32.08796,74.16459,2026-08-19,Other/Unknown,Other/Unknown,0.0,Low
6977,1297.0,32.0888,74.16383,2026-08-22,Other/Unknown,Other/Unknown,0.0,Low
8521,1297.0,32.0877,74.16732,2026-08-04,Other/Unknown,Other/Unknown,0.0,Low
8833,1297.0,32.08747,74.16682,2026-08-08,Other/Unknown,Other/Unknown,0.0,Low
3421,1298.0,32.10323,74.17525,2026-09-05,Other/Unknown,Other/Unknown,0.0,Low
5464,1298.0,32.10258,74.17775,2026-08-24,Other/Unknown,Other/Unknown,0.0,Low
5651,1298.0,32.10264,74.17625,2026-08-25,Other/Unknown,Other/Unknown,0.0,Low
8522,1298.0,32.102,74.17516,2026-08-04,Other/Unknown,Other/Unknown,0.0,Low
8523,1298.0,32.10204,74.17721,2026-08-04,Other/Unknown,Other/Unknown,0.0,Low
8834,1298.0,32.10377,74.17783,2026-08-08,Other/Unknown,Other/Unknown,0.0,Low
10979,1298.0,32.10902,74.18041,2026-07-16,Other/Unknown,Other/Unknown,0.0,Low
10980,1298.0,32.10982,74.17706,2026-07-16,Other/Unknown,Other/Unknown,0.0,Low
3434,1299.0,15.17463,76.78519,2026-09-05,Industrial Fire,Industrial Fire,98.8,Critical
4590,1299.0,15.17345,76.78623,2026-08-30,Industrial Fire,Industrial Fire,98.6,Critical
5771,1299.0,15.1731,76.78556,2026-08-26,Industrial Fire,Industrial Fire,98.6,Critical
3450,1300.0,15.309,76.2541,2026-09-05,Other/Unknown,Other/Unknown,0.0,Low
9774,1300.0,15.31497,76.25329,2026-07-25,Other/Unknown,Other/Unknown,0.0,Low
3455,1301.0,17.13956,77.17656,2026-09-05,Industrial Fire,Industrial Fire,98.4,Critical
3456,1301.0,17.14167,77.18513,2026-09-05,Industrial Fire,Industrial Fire,98.6,Critical
6941,1301.0,17.14179,77.18325,2026-08-22,Industrial Fire,Industrial Fire,98.5,Critical
8586,1301.0,17.14041,77.1832,2026-08-05,Industrial Fire,Industrial Fire,98.6,Critical
9455,1301.0,17.13722,77.17518,2026-08-01,Industrial Fire,Industrial Fire,98.3,Critical
9757,1301.0,17.13953,77.1748,2026-07-25,Industrial Fire,Industrial Fire,95.4,Critical
3494,1302.0,20.97758,85.13626,2026-09-05,Other/Unknown,Other/Unknown,4.3,Low
3495,1302.0,20.97829,85.13296,2026-09-05,Other/Unknown,Other/Unknown,4.2,Low
3496,1302.0,20.98341,85.13425,2026-09-05,Other/Unknown,Other/Unknown,4.0,Low
4190,1302.0,20.9782,85.13654,2026-09-07,Other/Unknown,Other/Unknown,4.3,Low
4191,1302.0,20.97878,85.13287,2026-09-07,Other/Unknown,Other/Unknown,4.2,Low
6291,1302.0,20.97829,85.13718,2026-08-19,Other/Unknown,Other/Unknown,4.3,Low
6292,1302.0,20.97995,85.13054,2026-08-19,Other/Unknown,Other/Unknown,4.1,Low
7951,1302.0,20.97952,85.13689,2026-08-09,Other/Unknown,Other/Unknown,4.2,Low
7952,1302.0,20.98047,85.13264,2026-08-09,Other/Unknown,Other/Unknown,4.1,Low
7953,1302.0,20.98613,85.13412,2026-08-09,Other/Unknown,Other/Unknown,4.0,Low
8828,1302.0,20.98516,85.13718,2026-08-08,Other/Unknown,Other/Unknown,4.0,Low
9577,1302.0,20.97579,85.13397,2026-08-02,Other/Unknown,Other/Unknown,4.3,Low
9924,1302.0,20.97563,85.13457,2026-07-26,Other/Unknown,Other/Unknown,4.4,Low
9925,1302.0,20.97899,85.13522,2026-07-26,Other/Unknown,Other/Unknown,4.2,Low
10030,1302.0,20.97801,85.13534,2026-07-27,Other/Unknown,Other/Unknown,1.4,Low
3497,1303.0,21.00243,86.02597,2026-09-05,Industrial Fire,Industrial Fire,98.6,Critical
6249,1303.0,20.99709,86.02748,2026-08-19,Industrial Fire,Industrial Fire,98.4,Critical
6250,1303.0,21.00072,86.03053,2026-08-19,Industrial Fire,Industrial Fire,97.0,Critical
6831,1303.0,21.00038,86.02657,2026-08-22,Industrial Fire,Industrial Fire,98.4,Critical
9579,1303.0,21.00018,86.02511,2026-08-02,Industrial Fire,Industrial Fire,98.5,Critical
3499,1304.0,21.57817,82.02279,2026-09-05,Industrial Fire,Industrial Fire,98.6,Critical
3813,1304.0,21.57637,82.02264,2026-09-06,Industrial Fire,Industrial Fire,98.7,Critical
7967,1304.0,21.57567,82.02277,2026-08-09,Industrial Fire,Industrial Fire,98.7,Critical
7968,1304.0,21.57739,82.02422,2026-08-09,Industrial Fire,Industrial Fire,98.6,Critical
3500,1305.0,21.96996,85.3136,2026-09-05,Other/Unknown,Other/Unknown,0.0,Low
8296,1305.0,21.96887,85.31376,2026-08-11,Other/Unknown,Other/Unknown,0.0,Low
9247,1305.0,21.96864,85.31592,2026-07-31,Other/Unknown,Other/Unknown,0.0,Low
3524,1306.0,22.61234,85.91286,2026-09-05,Other/Unknown,Other/Unknown,0.0,Low
6220,1306.0,22.61078,85.91381,2026-08-19,Other/Unknown,Other/Unknown,0.0,Low
6844,1306.0,22.6097,85.91267,2026-08-22,Other/Unknown,Other/Unknown,0.0,Low
10916,1306.0,22.60993,85.91341,2026-07-16,Other/Unknown,Other/Unknown,0.0,Low
3531,1307.0,22.80193,86.09046,2026-09-05,Other/Unknown,Other/Unknown,0.0,Low
6252,1307.0,22.80233,86.09171,2026-08-19,Other/Unknown,Other/Unknown,0.0,Low
6489,1307.0,22.80075,86.08921,2026-08-20,Other/Unknown,Other/Unknown,0.0,Low
6490,1307.0,22.81689,86.08504,2026-08-20,Other/Unknown,Other/Unknown,0.0,Low
6491,1307.0,22.81808,86.08607,2026-08-20,Other/Unknown,Other/Unknown,0.0,Low
6848,1307.0,22.79791,86.09208,2026-08-22,Other/Unknown,Other/Unknown,0.0,Low
6849,1307.0,22.808,86.08934,2026-08-22,Other/Unknown,Other/Unknown,0.0,Low
8162,1307.0,22.79967,86.0918,2026-08-10,Other/Unknown,Other/Unknown,0.0,Low
8310,1307.0,22.79881,86.0896,2026-08-11,Other/Unknown,Other/Unknown,0.0,Low
8311,1307.0,22.80221,86.09029,2026-08-11,Other/Unknown,Other/Unknown,0.0,Low
8312,1307.0,22.8097,86.08765,2026-08-11,Other/Unknown,Other/Unknown,0.0,Low
8313,1307.0,22.81718,86.085,2026-08-11,Other/Unknown,Other/Unknown,0.0,Low
9276,1307.0,22.80127,86.08886,2026-07-31,Other/Unknown,Other/Unknown,0.0,Low
3532,1308.0,22.87299,86.06194,2026-09-05,Other/Unknown,Other/Unknown,0.0,Low
3533,1308.0,22.87387,86.06493,2026-09-05,Other/Unknown,Other/Unknown,0.0,Low
3534,1308.0,22.87465,86.06137,2026-09-05,Other/Unknown,Other/Unknown,0.0,Low
5446,1308.0,22.86855,86.05769,2026-08-24,Other/Unknown,Other/Unknown,0.0,Low
6253,1308.0,22.87391,86.06372,2026-08-19,Other/Unknown,Other/Unknown,0.0,Low
6254,1308.0,22.87589,86.06185,2026-08-19,Other/Unknown,Other/Unknown,0.0,Low
6850,1308.0,22.87344,86.06319,2026-08-22,Other/Unknown,Other/Unknown,0.0,Low
8163,1308.0,22.87322,86.06417,2026-08-10,Other/Unknown,Other/Unknown,0.0,Low
8315,1308.0,22.87343,86.06207,2026-08-11,Other/Unknown,Other/Unknown,0.0,Low
9278,1308.0,22.87393,86.06158,2026-07-31,Other/Unknown,Other/Unknown,0.0,Low
3538,1309.0,23.65503,85.5074,2026-09-05,Other/Unknown,Other/Unknown,0.0,Low
3539,1309.0,23.65894,85.50828,2026-09-05,Other/Unknown,Other/Unknown,0.0,Low
6502,1309.0,23.65573,85.50697,2026-08-20,Other/Unknown,Other/Unknown,0.0,Low
6857,1309.0,23.65651,85.50643,2026-08-22,Other/Unknown,Other/Unknown,0.0,Low
9285,1309.0,23.65499,85.50878,2026-07-31,Other/Unknown,Other/Unknown,0.0,Low
9286,1309.0,23.65516,85.50614,2026-07-31,Other/Unknown,Other/Unknown,0.0,Low
9426,1309.0,23.65649,85.50642,2026-08-01,Other/Unknown,Other/Unknown,0.0,Low
3574,1310.0,14.15012,77.59451,2026-09-05,Other/Unknown,Other/Unknown,1.9,Low
3575,1310.0,14.15089,77.59003,2026-09-05,Other/Unknown,Other/Unknown,1.7,Low
3577,1311.0,17.6949,83.24507,2026-09-05,Industrial Fire,Industrial Fire,98.8,Critical
4133,1311.0,17.6936,83.24232,2026-09-07,Industrial Fire,Industrial Fire,98.5,Critical
11312,1311.0,17.69101,83.23833,2026-07-18,Industrial Fire,Industrial Fire,98.5,Critical
3589,1312.0,27.85909,95.18375,2026-09-06,Other/Unknown,Other/Unknown,0.0,Low
3590,1312.0,27.85981,95.18361,2026-09-06,Other/Unknown,Other/Unknown,0.0,Low
3591,1313.0,27.87185,96.92667,2026-09-06,Wildfire / Natural Fire,Wildfire / Natural Fire,17.0,Medium
3592,1313.0,27.87505,96.91943,2026-09-06,Wildfire / Natural Fire,Wildfire / Natural Fire,16.4,Medium
3593,1313.0,27.87594,96.92361,2026-09-06,Wildfire / Natural Fire,Wildfire / Natural Fire,17.0,Medium
3594,1313.0,27.88107,96.92548,2026-09-06,Wildfire / Natural Fire,Wildfire / Natural Fire,16.4,Medium
3599,1314.0,6.38152,81.02921,2026-09-06,Wildfire / Natural Fire,Wildfire / Natural Fire,16.4,Medium
8447,1314.0,6.38202,81.0257,2026-08-13,Wildfire / Natural Fire,Wildfire / Natural Fire,16.7,Medium
8448,1314.0,6.3825,81.02918,2026-08-13,Wildfire / Natural Fire,Wildfire / Natural Fire,17.2,Medium
3600,1315.0,6.41315,81.08602,2026-09-06,Wildfire / Natural Fire,Wildfire / Natural Fire,17.5,Medium
4790,1315.0,6.411,81.08882,2026-09-01,Wildfire / Natural Fire,Wildfire / Natural Fire,16.2,Medium
3602,1316.0,6.51854,80.91232,2026-09-06,Other/Unknown,Other/Unknown,0.0,Low
3603,1316.0,6.52024,80.91105,2026-09-06,Other/Unknown,Other/Unknown,0.0,Low
3607,1317.0,6.61155,80.78236,2026-09-06,Other/Unknown,Other/Unknown,25.3,Medium
3608,1317.0,6.61357,80.78343,2026-09-06,Other/Unknown,Other/Unknown,26.0,Medium
3612,1318.0,6.814,81.52053,2026-09-06,Other/Unknown,Other/Unknown,4.1,Low
4416,1318.0,6.81849,81.5262,2026-08-30,Other/Unknown,Other/Unknown,3.9,Low
4798,1318.0,6.80369,81.52106,2026-09-01,Other/Unknown,Other/Unknown,0.4,Low
4799,1318.0,6.81535,81.51917,2026-09-01,Other/Unknown,Other/Unknown,8.2,Low
8880,1318.0,6.80256,81.51684,2026-07-30,Other/Unknown,Other/Unknown,0.7,Low
8881,1318.0,6.80748,81.52679,2026-07-30,Other/Unknown,Other/Unknown,3.8,Low
10608,1318.0,6.80565,81.51917,2026-07-23,Other/Unknown,Other/Unknown,0.7,Low
3615,1319.0,6.8483,81.40302,2026-09-06,Other/Unknown,Other/Unknown,0.0,Low
4805,1319.0,6.85314,81.40752,2026-09-01,Other/Unknown,Other/Unknown,0.0,Low
3616,1320.0,6.85239,81.03367,2026-09-06,Other/Unknown,Other/Unknown,0.0,Low
3928,1320.0,6.85036,81.03288,2026-09-07,Other/Unknown,Other/Unknown,0.0,Low
3631,1321.0,7.3712,81.71616,2026-09-06,Other/Unknown,Other/Unknown,0.0,Low
5165,1321.0,7.37055,81.71949,2026-09-02,Other/Unknown,Other/Unknown,0.0,Low
3638,1322.0,7.69491,80.81984,2026-09-06,Other/Unknown,Other/Unknown,0.0,Low
3639,1322.0,7.69565,80.82321,2026-09-06,Other/Unknown,Other/Unknown,0.0,Low
3641,1323.0,7.84125,80.23163,2026-09-06,Other/Unknown,Other/Unknown,0.0,Low
3642,1323.0,7.84201,80.23619,2026-09-06,Other/Unknown,Other/Unknown,0.0,Low
3643,1323.0,7.84577,80.23558,2026-09-06,Other/Unknown,Other/Unknown,0.0,Low
3649,1324.0,8.00894,81.30312,2026-09-06,Wildfire / Natural Fire,Wildfire / Natural Fire,16.1,Medium
3650,1324.0,8.01671,81.30602,2026-09-06,Wildfire / Natural Fire,Wildfire / Natural Fire,16.6,Medium
3658,1325.0,8.22726,80.32596,2026-09-06,Other/Unknown,Other/Unknown,0.0,Low
3659,1325.0,8.23099,80.32535,2026-09-06,Other/Unknown,Other/Unknown,0.0,Low
3660,1326.0,8.2361,80.16422,2026-09-06,Other/Unknown,Other/Unknown,0.0,Low
3661,1326.0,8.23612,80.1665,2026-09-06,Other/Unknown,Other/Unknown,0.0,Low
3662,1327.0,8.25071,80.2575,2026-09-06,Wildfire / Natural Fire,Wildfire / Natural Fire,16.2,Medium
3663,1327.0,8.255,80.25446,2026-09-06,Wildfire / Natural Fire,Wildfire / Natural Fire,16.4,Medium
3664,1327.0,8.25819,80.25628,2026-09-06,Wildfire / Natural Fire,Wildfire / Natural Fire,16.6,Medium
3678,1328.0,8.4977,80.24945,2026-09-06,Wildfire / Natural Fire,Wildfire / Natural Fire,17.1,Medium
8457,1328.0,8.50201,80.25056,2026-08-13,Wildfire / Natural Fire,Wildfire / Natural Fire,16.7,Medium
3681,1329.0,8.51251,80.54554,2026-09-06,Other/Unknown,Other/Unknown,0.0,Low
3682,1329.0,8.51295,80.54437,2026-09-06,Other/Unknown,Other/Unknown,0.0,Low
3683,1330.0,8.51461,80.60179,2026-09-06,Wildfire / Natural Fire,Wildfire / Natural Fire,17.0,Medium
3685,1330.0,8.51827,80.60117,2026-09-06,Wildfire / Natural Fire,Wildfire / Natural Fire,17.3,Medium
4893,1330.0,8.51704,80.59698,2026-09-01,Wildfire / Natural Fire,Wildfire / Natural Fire,16.6,Medium
4897,1330.0,8.52105,80.59629,2026-09-01,Wildfire / Natural Fire,Wildfire / Natural Fire,16.6,Medium
3687,1331.0,8.56329,80.62575,2026-09-06,Wildfire / Natural Fire,Wildfire / Natural Fire,17.0,Medium
4670,1331.0,8.55709,80.62238,2026-08-31,Wildfire / Natural Fire,Wildfire / Natural Fire,16.6,Medium
4671,1331.0,8.55763,80.62587,2026-08-31,Wildfire / Natural Fire,Wildfire / Natural Fire,16.7,Medium
11162,1331.0,8.56201,80.62637,2026-07-18,Wildfire / Natural Fire,Wildfire / Natural Fire,16.4,Medium
3688,1332.0,8.5646,80.74776,2026-09-06,Wildfire / Natural Fire,Wildfire / Natural Fire,18.7,Medium
3975,1332.0,8.55963,80.74296,2026-09-07,Wildfire / Natural Fire,Wildfire / Natural Fire,16.6,Medium
3692,1333.0,8.63712,80.64507,2026-09-06,Other/Unknown,Other/Unknown,5.0,Low
3693,1333.0,8.63741,80.64435,2026-09-06,Other/Unknown,Other/Unknown,4.9,Low
4917,1333.0,8.62578,80.64729,2026-09-01,Other/Unknown,Other/Unknown,9.3,Low
5248,1333.0,8.62972,80.6591,2026-09-02,Other/Unknown,Other/Unknown,5.5,Low
5249,1333.0,8.62986,80.65842,2026-09-02,Other/Unknown,Other/Unknown,5.3,Low
5415,1333.0,8.62862,80.64883,2026-08-24,Other/Unknown,Other/Unknown,8.6,Low
5416,1333.0,8.62935,80.6543,2026-08-24,Other/Unknown,Other/Unknown,5.6,Low
5609,1333.0,8.62952,80.64198,2026-08-25,Other/Unknown,Other/Unknown,8.5,Low
8460,1333.0,8.62785,80.65689,2026-08-13,Other/Unknown,Other/Unknown,5.1,Low
3694,1334.0,8.64313,78.06151,2026-09-06,Other/Unknown,Other/Unknown,0.0,Low
3695,1334.0,8.64496,78.06096,2026-09-06,Other/Unknown,Other/Unknown,0.0,Low
3696,1335.0,8.64888,80.62563,2026-09-06,Other/Unknown,Other/Unknown,0.0,Low
6385,1335.0,8.65339,80.63652,2026-08-20,Other/Unknown,Other/Unknown,0.0,Low
10142,1335.0,8.6517,80.63228,2026-07-28,Other/Unknown,Other/Unknown,0.5,Low
3706,1336.0,8.89856,80.87868,2026-09-06,Other/Unknown,Other/Unknown,0.0,Low
3707,1336.0,8.89988,80.87962,2026-09-06,Other/Unknown,Other/Unknown,0.0,Low
3713,1337.0,8.99992,80.78308,2026-09-06,Wildfire / Natural Fire,Wildfire / Natural Fire,16.6,Medium
7006,1337.0,8.99527,80.7809,2026-08-23,Wildfire / Natural Fire,Wildfire / Natural Fire,16.7,Medium
3734,1338.0,20.53382,85.9104,2026-09-06,Industrial Fire,Industrial Fire,98.8,Critical
3779,1338.0,20.53322,85.9088,2026-09-06,Industrial Fire,Industrial Fire,98.5,Critical
3746,1339.0,27.9254,69.84502,2026-09-06,Other/Unknown,Other/Unknown,0.0,Low
3747,1339.0,27.92614,69.84824,2026-09-06,Other/Unknown,Other/Unknown,0.0,Low
3776,1340.0,19.92946,79.12298,2026-09-06,Industrial Fire,Industrial Fire,98.6,Critical
4145,1340.0,19.93037,79.12118,2026-09-07,Industrial Fire,Industrial Fire,98.6,Critical
9332,1340.0,19.93018,79.12096,2026-07-31,Industrial Fire,Industrial Fire,98.6,Critical
3780,1341.0,20.69544,78.63868,2026-09-06,Industrial Fire,Industrial Fire,98.5,Critical
4147,1341.0,20.69603,78.6388,2026-09-07,Industrial Fire,Industrial Fire,98.6,Critical
9391,1341.0,20.69733,78.63657,2026-08-01,Industrial Fire,Industrial Fire,98.7,Critical
9760,1341.0,20.69742,78.63671,2026-07-25,Industrial Fire,Industrial Fire,98.7,Critical
3800,1342.0,21.23326,79.63209,2026-09-06,Industrial Fire,Industrial Fire,98.5,Critical
9761,1342.0,21.23295,79.62888,2026-07-25,Industrial Fire,Industrial Fire,97.3,Critical
10886,1342.0,21.2331,79.62864,2026-07-24,Industrial Fire,Industrial Fire,97.3,Critical
3802,1343.0,21.24928,79.20884,2026-09-06,Other/Unknown,Other/Unknown,0.0,Low
8420,1343.0,21.24792,79.20891,2026-08-12,Other/Unknown,Other/Unknown,0.0,Low
9345,1343.0,21.24864,79.2089,2026-07-31,Other/Unknown,Other/Unknown,0.0,Low
9762,1343.0,21.24964,79.20934,2026-07-25,Other/Unknown,Other/Unknown,0.0,Low
3805,1344.0,21.34445,81.66502,2026-09-06,Industrial Fire,Industrial Fire,97.2,Critical
4210,1344.0,21.34521,81.66624,2026-09-07,Industrial Fire,Industrial Fire,98.1,Critical
3806,1345.0,21.3706,81.68456,2026-09-06,Persistent Industrial Thermal Source,Persistent Industrial Thermal Source,60.0,High
3807,1345.0,21.37455,81.68143,2026-09-06,Persistent Industrial Thermal Source,Persistent Industrial Thermal Source,60.2,High
3808,1345.0,21.37517,81.67767,2026-09-06,Persistent Industrial Thermal Source,Persistent Industrial Thermal Source,60.0,High
3809,1345.0,21.37788,81.68205,2026-09-06,Persistent Industrial Thermal Source,Persistent Industrial Thermal Source,60.1,High
4212,1345.0,21.37708,81.68069,2026-09-07,Persistent Industrial Thermal Source,Persistent Industrial Thermal Source,60.2,High
5663,1345.0,21.37644,81.67916,2026-08-25,Persistent Industrial Thermal Source,Persistent Industrial Thermal Source,60.1,High
7966,1345.0,21.36524,81.67861,2026-08-09,Persistent Industrial Thermal Source,Persistent Industrial Thermal Source,60.1,High
8422,1345.0,21.37776,81.68217,2026-08-12,Persistent Industrial Thermal Source,Persistent Industrial Thermal Source,60.1,High
9036,1345.0,21.37481,81.68102,2026-07-30,Persistent Industrial Thermal Source,Persistent Industrial Thermal Source,60.2,High
9037,1345.0,21.37858,81.68184,2026-07-30,Persistent Industrial Thermal Source,Persistent Industrial Thermal Source,60.0,High
9402,1345.0,21.37675,81.67848,2026-08-01,Persistent Industrial Thermal Source,Persistent Industrial Thermal Source,60.2,High
3810,1346.0,21.48625,81.76778,2026-09-06,Industrial Fire,Industrial Fire,98.6,Critical
4213,1346.0,21.48734,81.77048,2026-09-07,Industrial Fire,Industrial Fire,98.7,Critical
9038,1346.0,21.48612,81.76978,2026-07-30,Industrial Fire,Industrial Fire,98.7,Critical
9039,1346.0,21.48721,81.76817,2026-07-30,Industrial Fire,Industrial Fire,98.6,Critical
3812,1347.0,21.56058,81.75462,2026-09-06,Industrial Fire,Industrial Fire,98.4,Critical
9040,1347.0,21.55965,81.75446,2026-07-30,Industrial Fire,Industrial Fire,98.4,Critical
3817,1348.0,21.73018,82.2159,2026-09-06,Industrial Fire,Industrial Fire,95.7,Critical
9930,1348.0,21.73179,82.21323,2026-07-26,Industrial Fire,Industrial Fire,95.0,Critical
9931,1348.0,21.73212,82.21611,2026-07-26,Industrial Fire,Industrial Fire,95.0,Critical
3827,1349.0,21.75631,84.02211,2026-09-06,Other/Unknown,Other/Unknown,0.0,Low
3833,1349.0,21.76425,84.01917,2026-09-06,Other/Unknown,Other/Unknown,0.0,Low
3834,1349.0,21.76783,84.01991,2026-09-06,Other/Unknown,Other/Unknown,0.0,Low
4035,1349.0,21.76809,84.01927,2026-09-07,Other/Unknown,Other/Unknown,0.0,Low
4222,1349.0,21.75399,84.02219,2026-09-07,Other/Unknown,Other/Unknown,0.0,Low
4226,1349.0,21.76129,84.0195,2026-09-07,Other/Unknown,Other/Unknown,0.0,Low
4229,1349.0,21.76466,84.02008,2026-09-07,Other/Unknown,Other/Unknown,0.0,Low
4230,1349.0,21.76745,84.0245,2026-09-07,Other/Unknown,Other/Unknown,0.0,Low
4231,1349.0,21.76802,84.02066,2026-09-07,Other/Unknown,Other/Unknown,0.0,Low
4232,1349.0,21.77139,84.02124,2026-09-07,Other/Unknown,Other/Unknown,0.0,Low
7982,1349.0,21.75475,84.02496,2026-08-09,Other/Unknown,Other/Unknown,0.0,Low
7983,1349.0,21.7555,84.02152,2026-08-09,Other/Unknown,Other/Unknown,0.0,Low
7986,1349.0,21.76073,84.02281,2026-08-09,Other/Unknown,Other/Unknown,0.0,Low
7987,1349.0,21.76148,84.01937,2026-08-09,Other/Unknown,Other/Unknown,0.0,Low
7990,1349.0,21.7667,84.02068,2026-08-09,Other/Unknown,Other/Unknown,0.0,Low
7991,1349.0,21.76745,84.01727,2026-08-09,Other/Unknown,Other/Unknown,0.0,Low
10386,1349.0,21.75587,84.02201,2026-07-29,Other/Unknown,Other/Unknown,0.0,Low
10387,1349.0,21.76162,84.0235,2026-07-29,Other/Unknown,Other/Unknown,0.0,Low
10388,1349.0,21.76263,84.01916,2026-07-29,Other/Unknown,Other/Unknown,0.0,Low
3835,1350.0,21.7897,80.01763,2026-09-06,Other/Unknown,Other/Unknown,0.0,Low
3836,1350.0,21.79301,80.01822,2026-09-06,Other/Unknown,Other/Unknown,0.0,Low
3839,1351.0,21.82608,83.90034,2026-09-06,Other/Unknown,Other/Unknown,0.0,Low
5671,1351.0,21.82554,83.90067,2026-08-25,Other/Unknown,Other/Unknown,0.0,Low
3840,1352.0,21.85982,83.96837,2026-09-06,Other/Unknown,Other/Unknown,0.0,Low
4237,1352.0,21.85923,83.96523,2026-09-07,Other/Unknown,Other/Unknown,0.0,Low
7994,1352.0,21.85959,83.96744,2026-08-09,Other/Unknown,Other/Unknown,0.0,Low
3845,1353.0,21.9833,83.23293,2026-09-06,Other/Unknown,Other/Unknown,0.0,Low
3846,1353.0,21.98676,83.2336,2026-09-06,Other/Unknown,Other/Unknown,0.0,Low
4247,1353.0,21.98398,83.23223,2026-09-07,Other/Unknown,Other/Unknown,0.0,Low
8000,1353.0,21.98326,83.23328,2026-08-09,Other/Unknown,Other/Unknown,0.0,Low
8001,1353.0,21.98404,83.23331,2026-08-09,Other/Unknown,Other/Unknown,0.0,Low
9940,1353.0,21.98527,83.23158,2026-07-26,Other/Unknown,Other/Unknown,0.0,Low
3859,1354.0,24.18234,82.64417,2026-09-06,Other/Unknown,Other/Unknown,3.9,Low
3860,1354.0,24.18309,82.66032,2026-09-06,Other/Unknown,Other/Unknown,3.9,Low
4113,1354.0,24.1812,82.66249,2026-09-07,Other/Unknown,Other/Unknown,3.9,Low
6649,1354.0,24.18137,82.64606,2026-08-21,Other/Unknown,Other/Unknown,3.9,Low
8032,1354.0,24.17704,82.64884,2026-08-09,Other/Unknown,Other/Unknown,3.9,Low
8033,1354.0,24.17747,82.65152,2026-08-09,Other/Unknown,Other/Unknown,3.9,Low
8034,1354.0,24.18504,82.65644,2026-08-09,Other/Unknown,Other/Unknown,3.9,Low
9064,1354.0,24.17904,82.64971,2026-07-30,Other/Unknown,Other/Unknown,4.0,Low
9065,1354.0,24.18087,82.66086,2026-07-30,Other/Unknown,Other/Unknown,3.9,Low
9316,1354.0,24.17645,82.6527,2026-07-31,Other/Unknown,Other/Unknown,3.9,Low
9317,1354.0,24.17975,82.65331,2026-07-31,Other/Unknown,Other/Unknown,3.9,Low
9318,1354.0,24.18093,82.6458,2026-07-31,Other/Unknown,Other/Unknown,3.9,Low
9319,1354.0,24.18187,82.66138,2026-07-31,Other/Unknown,Other/Unknown,3.9,Low
9744,1354.0,24.17727,82.64958,2026-07-25,Other/Unknown,Other/Unknown,3.9,Low
3866,1355.0,13.39294,80.0768,2026-09-06,Industrial Fire,Industrial Fire,97.7,Critical
9357,1355.0,13.39259,80.07638,2026-07-31,Industrial Fire,Industrial Fire,97.9,Critical
3867,1356.0,14.36157,78.78092,2026-09-06,Other/Unknown,Other/Unknown,0.0,Low
3868,1356.0,14.36213,78.77739,2026-09-06,Other/Unknown,Other/Unknown,0.0,Low
3870,1357.0,14.60554,78.52198,2026-09-06,Industrial Fire,Industrial Fire,98.7,Critical
6678,1357.0,14.60582,78.52377,2026-08-21,Industrial Fire,Industrial Fire,98.5,Critical
3890,1358.0,15.33737,76.24843,2026-09-06,Industrial Fire,Industrial Fire,98.5,Critical
5924,1358.0,15.33447,76.2467,2026-08-27,Industrial Fire,Industrial Fire,98.4,Critical
7939,1358.0,15.33284,76.24754,2026-08-09,Industrial Fire,Industrial Fire,98.4,Critical
9776,1358.0,15.33618,76.24924,2026-07-25,Industrial Fire,Industrial Fire,98.5,Critical
9777,1358.0,15.33953,76.24977,2026-07-25,Industrial Fire,Industrial Fire,98.5,Critical
3892,1359.0,16.54707,79.75684,2026-09-06,Other/Unknown,Other/Unknown,0.0,Low
5898,1359.0,16.54488,79.75774,2026-08-27,Other/Unknown,Other/Unknown,0.0,Low
3899,1360.0,7.06714,80.85702,2026-09-06,Other/Unknown,Other/Unknown,0.0,Low
3900,1360.0,7.06823,80.85956,2026-09-06,Other/Unknown,Other/Unknown,0.0,Low
3901,1361.0,7.09939,80.84576,2026-09-06,Industrial Fire,Industrial Fire,95.5,Critical
4605,1361.0,7.09931,80.83875,2026-08-31,Industrial Fire,Industrial Fire,82.1,Critical
9078,1361.0,7.09065,80.84325,2026-07-30,Industrial Fire,Industrial Fire,98.5,Critical
10093,1361.0,7.08943,80.84419,2026-07-27,Industrial Fire,Industrial Fire,98.4,Critical
10094,1361.0,7.09326,80.84479,2026-07-27,Industrial Fire,Industrial Fire,98.4,Critical
3902,1362.0,8.08521,80.78294,2026-09-06,Wildfire / Natural Fire,Wildfire / Natural Fire,16.5,Medium
3953,1362.0,8.07863,80.78094,2026-09-07,Wildfire / Natural Fire,Wildfire / Natural Fire,16.5,Medium
5100,1362.0,8.07564,80.76885,2026-09-01,Wildfire / Natural Fire,Wildfire / Natural Fire,16.4,Medium
5341,1362.0,8.08357,80.79222,2026-09-02,Wildfire / Natural Fire,Wildfire / Natural Fire,16.8,Medium
5342,1362.0,8.08421,80.78805,2026-09-02,Wildfire / Natural Fire,Wildfire / Natural Fire,16.8,Medium
7000,1362.0,8.07391,80.77219,2026-08-23,Wildfire / Natural Fire,Wildfire / Natural Fire,17.6,Medium
7001,1362.0,8.07671,80.76878,2026-08-23,Wildfire / Natural Fire,Wildfire / Natural Fire,17.3,Medium
7002,1362.0,8.07786,80.77467,2026-08-23,Wildfire / Natural Fire,Wildfire / Natural Fire,17.3,Medium
3912,1363.0,6.32076,81.31481,2026-09-07,Wildfire / Natural Fire,Wildfire / Natural Fire,17.4,Medium
3913,1363.0,6.32406,81.31542,2026-09-07,Wildfire / Natural Fire,Wildfire / Natural Fire,17.7,Medium
3915,1364.0,6.51343,81.13143,2026-09-07,Wildfire / Natural Fire,Wildfire / Natural Fire,16.8,Medium
3916,1364.0,6.51382,81.12917,2026-09-07,Wildfire / Natural Fire,Wildfire / Natural Fire,16.8,Medium
3919,1365.0,6.70003,81.29023,2026-09-07,Other/Unknown,Other/Unknown,0.0,Low
3920,1365.0,6.7049,81.28925,2026-09-07,Other/Unknown,Other/Unknown,0.0,Low
3924,1366.0,6.76087,81.58633,2026-09-07,Other/Unknown,Other/Unknown,0.0,Low
6742,1366.0,6.76594,81.58269,2026-08-22,Other/Unknown,Other/Unknown,0.0,Low
6743,1366.0,6.76642,81.58532,2026-08-22,Other/Unknown,Other/Unknown,0.0,Low
3925,1367.0,6.77457,81.21329,2026-09-07,Wildfire / Natural Fire,Wildfire / Natural Fire,19.3,Medium
3926,1367.0,6.77853,81.20697,2026-09-07,Wildfire / Natural Fire,Wildfire / Natural Fire,19.3,Medium
3927,1367.0,6.78047,81.21812,2026-09-07,Wildfire / Natural Fire,Wildfire / Natural Fire,19.4,Medium
6326,1367.0,6.77269,81.20744,2026-08-20,Wildfire / Natural Fire,Wildfire / Natural Fire,16.4,Medium
3929,1368.0,6.87855,81.58488,2026-09-07,Wildfire / Natural Fire,Wildfire / Natural Fire,16.3,Medium
6553,1368.0,6.86048,81.57622,2026-08-20,Wildfire / Natural Fire,Wildfire / Natural Fire,15.9,Medium
6554,1368.0,6.86581,81.57717,2026-08-20,Wildfire / Natural Fire,Wildfire / Natural Fire,16.2,Medium
10128,1368.0,6.86811,81.5711,2026-07-28,Wildfire / Natural Fire,Wildfire / Natural Fire,16.1,Medium
10129,1368.0,6.87379,81.5703,2026-07-28,Wildfire / Natural Fire,Wildfire / Natural Fire,16.2,Medium
10487,1368.0,6.87745,81.57601,2026-07-21,Wildfire / Natural Fire,Wildfire / Natural Fire,17.1,Medium
3930,1369.0,7.08528,81.37131,2026-09-07,Wildfire / Natural Fire,Wildfire / Natural Fire,16.6,Medium
3931,1369.0,7.08771,81.37367,2026-09-07,Wildfire / Natural Fire,Wildfire / Natural Fire,16.7,Medium
3939,1370.0,7.46459,81.69308,2026-09-07,Other/Unknown,Other/Unknown,0.0,Low
7360,1370.0,7.46201,81.68159,2026-08-15,Other/Unknown,Other/Unknown,0.0,Low
10267,1370.0,7.46614,81.68768,2026-07-29,Other/Unknown,Other/Unknown,0.0,Low
10268,1370.0,7.4667,81.69149,2026-07-29,Other/Unknown,Other/Unknown,0.0,Low
10269,1370.0,7.46732,81.68742,2026-07-29,Other/Unknown,Other/Unknown,0.0,Low
10270,1370.0,7.46785,81.69123,2026-07-29,Other/Unknown,Other/Unknown,0.0,Low
10271,1370.0,7.4715,81.68684,2026-07-29,Other/Unknown,Other/Unknown,0.0,Low
3960,1371.0,8.33283,80.27589,2026-09-07,Other/Unknown,Other/Unknown,0.0,Low
3961,1371.0,8.33792,80.27499,2026-09-07,Other/Unknown,Other/Unknown,0.0,Low
3962,1372.0,8.38897,80.20666,2026-09-07,Wildfire / Natural Fire,Wildfire / Natural Fire,16.3,Medium
3963,1372.0,8.3895,80.2097,2026-09-07,Wildfire / Natural Fire,Wildfire / Natural Fire,16.7,Medium
3967,1373.0,8.46254,81.11243,2026-09-07,Wildfire / Natural Fire,Wildfire / Natural Fire,16.6,Medium
3968,1373.0,8.46348,81.11768,2026-09-07,Wildfire / Natural Fire,Wildfire / Natural Fire,16.6,Medium
3969,1373.0,8.46363,81.11488,2026-09-07,Wildfire / Natural Fire,Wildfire / Natural Fire,16.9,Medium
5219,1373.0,8.46852,81.11768,2026-09-02,Wildfire / Natural Fire,Wildfire / Natural Fire,16.4,Medium
3972,1374.0,8.50991,80.16398,2026-09-07,Other/Unknown,Other/Unknown,0.0,Low
3973,1374.0,8.51254,80.16476,2026-09-07,Other/Unknown,Other/Unknown,0.0,Low
3981,1375.0,9.265,80.71633,2026-09-07,Other/Unknown,Other/Unknown,0.0,Low
4709,1375.0,9.26766,80.71529,2026-08-31,Other/Unknown,Other/Unknown,0.0,Low
3989,1376.0,13.39129,78.55532,2026-09-07,Other/Unknown,Other/Unknown,0.0,Low
3990,1376.0,13.39136,78.55396,2026-09-07,Other/Unknown,Other/Unknown,0.0,Low
3991,1377.0,13.8661,79.33069,2026-09-07,Other/Unknown,Other/Unknown,0.0,Low
5013,1377.0,13.85649,79.3286,2026-09-01,Other/Unknown,Other/Unknown,0.0,Low
5014,1377.0,13.85709,79.33201,2026-09-01,Other/Unknown,Other/Unknown,0.0,Low
5015,1377.0,13.86103,79.33105,2026-09-01,Other/Unknown,Other/Unknown,0.0,Low
3997,1378.0,14.95541,79.63568,2026-09-07,Other/Unknown,Other/Unknown,0.0,Low
3998,1378.0,14.95639,79.64087,2026-09-07,Other/Unknown,Other/Unknown,0.0,Low
5021,1378.0,14.95313,79.62963,2026-09-01,Other/Unknown,Other/Unknown,0.0,Low
5022,1378.0,14.95399,79.63455,2026-09-01,Other/Unknown,Other/Unknown,0.0,Low
4028,1379.0,21.236,94.84895,2026-09-07,Other/Unknown,Other/Unknown,3.6,Low
4029,1379.0,21.23763,94.84933,2026-09-07,Other/Unknown,Other/Unknown,0.2,Low
4057,1380.0,30.68413,73.86338,2026-09-07,Wildfire / Natural Fire,Wildfire / Natural Fire,16.3,Medium
11268,1380.0,30.6906,73.86567,2026-07-18,Wildfire / Natural Fire,Wildfire / Natural Fire,16.5,Medium
4058,1381.0,31.25838,74.14626,2026-09-07,Other/Unknown,Other/Unknown,0.0,Low
4290,1381.0,31.25821,74.14293,2026-09-07,Other/Unknown,Other/Unknown,0.0,Low
4059,1382.0,35.8244,68.37402,2026-09-07,Other/Unknown,Other/Unknown,0.0,Low
4060,1382.0,35.82621,68.37363,2026-09-07,Other/Unknown,Other/Unknown,0.0,Low
4061,1383.0,36.96354,81.34337,2026-09-07,Other/Unknown,Other/Unknown,0.0,Low
4062,1383.0,36.9642,81.34764,2026-09-07,Other/Unknown,Other/Unknown,0.0,Low
4063,1383.0,36.96814,81.35114,2026-09-07,Other/Unknown,Other/Unknown,0.0,Low
4064,1383.0,36.97143,81.35034,2026-09-07,Other/Unknown,Other/Unknown,0.0,Low
4065,1383.0,36.97208,81.35461,2026-09-07,Other/Unknown,Other/Unknown,0.0,Low
8285,1383.0,36.96436,81.34357,2026-08-11,Other/Unknown,Other/Unknown,0.0,Low
8286,1383.0,36.96894,81.35172,2026-08-11,Other/Unknown,Other/Unknown,0.0,Low
4068,1384.0,33.20423,70.47748,2026-09-07,Other/Unknown,Other/Unknown,0.0,Low
4069,1384.0,33.20913,70.47443,2026-09-07,Other/Unknown,Other/Unknown,0.0,Low
10665,1384.0,33.20577,70.47794,2026-07-23,Other/Unknown,Other/Unknown,0.0,Low
10666,1384.0,33.20634,70.47561,2026-07-23,Other/Unknown,Other/Unknown,0.0,Low
4070,1385.0,31.3671,76.35385,2026-09-07,Other/Unknown,Other/Unknown,0.0,Low
4273,1385.0,31.3673,76.35603,2026-09-07,Other/Unknown,Other/Unknown,0.0,Low
5367,1385.0,31.3686,76.35826,2026-09-02,Other/Unknown,Other/Unknown,0.0,Low
4077,1386.0,22.03677,83.73435,2026-09-07,Other/Unknown,Other/Unknown,0.0,Low
4079,1386.0,22.03734,83.73043,2026-09-07,Other/Unknown,Other/Unknown,0.0,Low
4081,1386.0,22.04016,83.73492,2026-09-07,Other/Unknown,Other/Unknown,0.0,Low
9248,1386.0,22.04015,83.72968,2026-07-31,Other/Unknown,Other/Unknown,0.0,Low
4082,1387.0,22.06517,83.70693,2026-09-07,Other/Unknown,Other/Unknown,0.0,Low
6837,1387.0,22.06613,83.70398,2026-08-22,Other/Unknown,Other/Unknown,0.0,Low
8010,1387.0,22.06459,83.70384,2026-08-09,Other/Unknown,Other/Unknown,0.0,Low
9249,1387.0,22.06476,83.70672,2026-07-31,Other/Unknown,Other/Unknown,0.0,Low
9250,1387.0,22.0654,83.70288,2026-07-31,Other/Unknown,Other/Unknown,0.0,Low
4083,1388.0,22.09159,83.12476,2026-09-07,Other/Unknown,Other/Unknown,0.0,Low
4084,1388.0,22.09291,83.12337,2026-09-07,Other/Unknown,Other/Unknown,0.0,Low
4093,1389.0,22.31507,82.53609,2026-09-07,Other/Unknown,Other/Unknown,0.0,Low
9253,1389.0,22.31409,82.53169,2026-07-31,Other/Unknown,Other/Unknown,0.0,Low
9254,1389.0,22.31679,82.536,2026-07-31,Other/Unknown,Other/Unknown,0.0,Low
10397,1389.0,22.3107,82.52791,2026-07-29,Other/Unknown,Other/Unknown,0.0,Low
10398,1389.0,22.31095,82.52835,2026-07-29,Other/Unknown,Other/Unknown,0.0,Low
10399,1389.0,22.31513,82.53264,2026-07-29,Other/Unknown,Other/Unknown,0.0,Low
10400,1389.0,22.3159,82.52918,2026-07-29,Other/Unknown,Other/Unknown,0.0,Low
4096,1390.0,22.321,82.54596,2026-09-07,Other/Unknown,Other/Unknown,0.0,Low
9258,1390.0,22.32221,82.54462,2026-07-31,Other/Unknown,Other/Unknown,0.0,Low
9260,1390.0,22.32492,82.54894,2026-07-31,Other/Unknown,Other/Unknown,0.0,Low
9261,1390.0,22.32551,82.54523,2026-07-31,Other/Unknown,Other/Unknown,0.0,Low
9409,1390.0,22.32667,82.54604,2026-08-01,Other/Unknown,Other/Unknown,0.0,Low
4112,1391.0,24.14507,82.65659,2026-09-07,Other/Unknown,Other/Unknown,0.0,Low
9058,1391.0,24.14568,82.65837,2026-07-30,Other/Unknown,Other/Unknown,0.0,Low
9059,1391.0,24.14754,82.65705,2026-07-30,Other/Unknown,Other/Unknown,0.0,Low
9313,1391.0,24.14497,82.65836,2026-07-31,Other/Unknown,Other/Unknown,0.0,Low
9743,1391.0,24.14674,82.65671,2026-07-25,Other/Unknown,Other/Unknown,0.0,Low
4119,1392.0,26.77367,94.50772,2026-09-07,Other/Unknown,Other/Unknown,0.0,Low
8125,1392.0,26.77199,94.50657,2026-08-10,Other/Unknown,Other/Unknown,0.0,Low
4144,1393.0,19.82112,79.23884,2026-09-07,Other/Unknown,Other/Unknown,0.0,Low
5681,1393.0,19.82175,79.2376,2026-08-25,Other/Unknown,Other/Unknown,0.0,Low
4202,1394.0,21.1933,81.41888,2026-09-07,Industrial Fire,Industrial Fire,98.5,Critical
4203,1394.0,21.19393,81.41416,2026-09-07,Industrial Fire,Industrial Fire,93.3,Critical
4204,1394.0,21.19702,81.41945,2026-09-07,Industrial Fire,Industrial Fire,96.3,Critical
9034,1394.0,21.19739,81.41666,2026-07-30,Industrial Fire,Industrial Fire,89.3,Critical
4205,1395.0,21.24577,81.77044,2026-09-07,Industrial Fire,Industrial Fire,98.5,Critical
8376,1395.0,21.24532,81.77042,2026-08-11,Industrial Fire,Industrial Fire,98.5,Critical
4211,1396.0,21.37473,81.64243,2026-09-07,Industrial Fire,Industrial Fire,98.5,Critical
9347,1396.0,21.3769,81.64054,2026-07-31,Industrial Fire,Industrial Fire,98.4,Critical
9403,1396.0,21.37762,81.63985,2026-08-01,Industrial Fire,Industrial Fire,98.4,Critical
9928,1396.0,21.37716,81.6405,2026-07-26,Industrial Fire,Industrial Fire,98.3,Critical
4246,1397.0,21.9652,83.77157,2026-09-07,Other/Unknown,Other/Unknown,0.0,Low
7998,1397.0,21.96346,83.77216,2026-08-09,Other/Unknown,Other/Unknown,0.0,Low
7999,1397.0,21.96713,83.77322,2026-08-09,Other/Unknown,Other/Unknown,0.0,Low
4254,1398.0,11.76615,76.94112,2026-09-07,Other/Unknown,Other/Unknown,0.0,Low
4255,1398.0,11.77049,76.9417,2026-09-07,Other/Unknown,Other/Unknown,0.0,Low
4256,1399.0,11.81668,77.91529,2026-09-07,Persistent Industrial Thermal Source,Persistent Industrial Thermal Source,59.3,High
4724,1399.0,11.80935,77.92519,2026-08-31,Persistent Industrial Thermal Source,Persistent Industrial Thermal Source,59.1,High
4778,1399.0,11.80957,77.92274,2026-08-31,Persistent Industrial Thermal Source,Persistent Industrial Thermal Source,59.2,High
4779,1399.0,11.81027,77.91869,2026-08-31,Persistent Industrial Thermal Source,Persistent Industrial Thermal Source,59.4,High
4780,1399.0,11.81802,77.91586,2026-08-31,Persistent Industrial Thermal Source,Persistent Industrial Thermal Source,59.3,High
5061,1399.0,11.80976,77.92097,2026-09-01,Persistent Industrial Thermal Source,Persistent Industrial Thermal Source,59.3,High
5062,1399.0,11.81017,77.92106,2026-09-01,Persistent Industrial Thermal Source,Persistent Industrial Thermal Source,59.3,High
5354,1399.0,11.80807,77.92142,2026-09-02,Persistent Industrial Thermal Source,Persistent Industrial Thermal Source,59.2,High
5796,1399.0,11.81618,77.91673,2026-08-26,Persistent Industrial Thermal Source,Persistent Industrial Thermal Source,59.4,High
5894,1399.0,11.81603,77.91864,2026-08-27,Persistent Industrial Thermal Source,Persistent Industrial Thermal Source,59.5,High
5895,1399.0,11.81781,77.91653,2026-08-27,Persistent Industrial Thermal Source,Persistent Industrial Thermal Source,59.4,High
6962,1399.0,11.81559,77.91829,2026-08-22,Persistent Industrial Thermal Source,Persistent Industrial Thermal Source,59.4,High
7449,1399.0,11.80888,77.9234,2026-08-15,Persistent Industrial Thermal Source,Persistent Industrial Thermal Source,59.1,High
7450,1399.0,11.8096,77.92503,2026-08-15,Persistent Industrial Thermal Source,Persistent Industrial Thermal Source,59.0,High
7451,1399.0,11.81028,77.92094,2026-08-15,Persistent Industrial Thermal Source,Persistent Industrial Thermal Source,59.2,High
7566,1399.0,11.81462,77.91779,2026-08-16,Persistent Industrial Thermal Source,Persistent Industrial Thermal Source,59.5,High
8973,1399.0,11.80949,77.92529,2026-07-30,Persistent Industrial Thermal Source,Persistent Industrial Thermal Source,59.2,High
9073,1399.0,11.81484,77.91745,2026-07-30,Persistent Industrial Thermal Source,Persistent Industrial Thermal Source,59.5,High
9453,1399.0,11.80772,77.92508,2026-08-01,Persistent Industrial Thermal Source,Persistent Industrial Thermal Source,59.0,High
9454,1399.0,11.81063,77.9237,2026-08-01,Persistent Industrial Thermal Source,Persistent Industrial Thermal Source,59.2,High
9771,1399.0,11.81078,77.92224,2026-07-25,Persistent Industrial Thermal Source,Persistent Industrial Thermal Source,59.2,High
10910,1399.0,11.81571,77.91763,2026-07-24,Persistent Industrial Thermal Source,Persistent Industrial Thermal Source,59.4,High
4257,1400.0,12.09401,76.79564,2026-09-07,Other/Unknown,Other/Unknown,0.0,Low
4258,1400.0,12.09417,76.79395,2026-09-07,Other/Unknown,Other/Unknown,0.0,Low
4259,1400.0,12.09841,76.79625,2026-09-07,Other/Unknown,Other/Unknown,0.0,Low
4260,1400.0,12.09858,76.79456,2026-09-07,Other/Unknown,Other/Unknown,0.0,Low
4274,1401.0,32.12922,74.17644,2026-09-07,Other/Unknown,Other/Unknown,0.0,Low
4551,1401.0,32.13232,74.17843,2026-08-30,Other/Unknown,Other/Unknown,0.0,Low
8739,1401.0,32.13319,74.17912,2026-08-07,Other/Unknown,Other/Unknown,0.0,Low
9390,1401.0,32.13066,74.1754,2026-08-01,Other/Unknown,Other/Unknown,0.0,Low
4310,1402.0,8.64795,77.83846,2026-08-29,Other/Unknown,Other/Unknown,0.0,Low
4311,1402.0,8.65245,77.83784,2026-08-29,Other/Unknown,Other/Unknown,0.0,Low
4313,1403.0,9.38294,80.44886,2026-08-29,Other/Unknown,Other/Unknown,0.0,Low
4314,1403.0,9.38339,80.4523,2026-08-29,Other/Unknown,Other/Unknown,0.0,Low
4315,1404.0,9.41203,80.44762,2026-08-29,Other/Unknown,Other/Unknown,0.0,Low
4316,1404.0,9.41747,80.44695,2026-08-29,Other/Unknown,Other/Unknown,0.0,Low
4953,1404.0,9.40603,80.44202,2026-09-01,Other/Unknown,Other/Unknown,0.0,Low
6395,1404.0,9.41284,80.44965,2026-08-20,Other/Unknown,Other/Unknown,0.0,Low
4318,1405.0,10.93459,78.47301,2026-08-29,Other/Unknown,Other/Unknown,0.0,Low
4354,1405.0,10.93793,78.46664,2026-08-29,Other/Unknown,Other/Unknown,0.0,Low
4355,1405.0,10.94446,78.46751,2026-08-29,Other/Unknown,Other/Unknown,0.0,Low
4387,1405.0,10.94256,78.46865,2026-08-29,Other/Unknown,Other/Unknown,0.0,Low
4326,1406.0,15.46434,80.16425,2026-08-29,Other/Unknown,Other/Unknown,0.0,Low
4327,1406.0,15.47011,80.16361,2026-08-29,Other/Unknown,Other/Unknown,0.0,Low
10498,1406.0,15.46109,80.16556,2026-07-21,Other/Unknown,Other/Unknown,0.0,Low
10499,1406.0,15.46267,80.16653,2026-07-21,Other/Unknown,Other/Unknown,0.0,Low
4330,1407.0,24.95683,68.29113,2026-08-29,Other/Unknown,Other/Unknown,0.0,Low
7743,1407.0,24.9635,68.29146,2026-08-18,Other/Unknown,Other/Unknown,0.0,Low
8105,1407.0,24.96334,68.29653,2026-08-10,Other/Unknown,Other/Unknown,0.0,Low
4333,1408.0,27.62484,69.46795,2026-08-29,Wildfire / Natural Fire,Wildfire / Natural Fire,16.8,Medium
4334,1408.0,27.62835,69.46737,2026-08-29,Wildfire / Natural Fire,Wildfire / Natural Fire,16.9,Medium
8677,1408.0,27.62686,69.46743,2026-08-07,Wildfire / Natural Fire,Wildfire / Natural Fire,16.5,Medium
8678,1408.0,27.62732,69.47166,2026-08-07,Wildfire / Natural Fire,Wildfire / Natural Fire,16.5,Medium
4341,1409.0,27.22117,95.34689,2026-08-29,Other/Unknown,Other/Unknown,0.0,Low
6204,1409.0,27.22185,95.34703,2026-08-19,Other/Unknown,Other/Unknown,0.0,Low
7757,1409.0,27.22178,95.34567,2026-08-18,Other/Unknown,Other/Unknown,0.0,Low
8126,1409.0,27.22299,95.34394,2026-08-10,Other/Unknown,Other/Unknown,0.0,Low
8127,1409.0,27.22307,95.34376,2026-08-10,Other/Unknown,Other/Unknown,0.0,Low
8567,1409.0,27.22297,95.34383,2026-08-05,Other/Unknown,Other/Unknown,0.0,Low
4343,1410.0,27.37836,95.08643,2026-08-29,Industrial Fire,Industrial Fire,98.7,Critical
5448,1410.0,27.37654,95.08727,2026-08-24,Industrial Fire,Industrial Fire,98.6,Critical
7760,1410.0,27.37571,95.08824,2026-08-18,Industrial Fire,Industrial Fire,98.6,Critical
8584,1410.0,27.37853,95.08959,2026-08-05,Industrial Fire,Industrial Fire,98.7,Critical
10872,1410.0,27.37656,95.08633,2026-07-24,Industrial Fire,Industrial Fire,98.6,Critical
4345,1411.0,27.47018,95.42361,2026-08-29,Industrial Fire,Industrial Fire,98.6,Critical
7762,1411.0,27.46869,95.42249,2026-08-18,Industrial Fire,Industrial Fire,98.5,Critical
4352,1412.0,9.75551,77.517,2026-08-29,Other/Unknown,Other/Unknown,0.0,Low
4353,1412.0,9.75605,77.51919,2026-08-29,Other/Unknown,Other/Unknown,0.0,Low
4386,1412.0,9.75523,77.51794,2026-08-29,Other/Unknown,Other/Unknown,0.0,Low
4356,1413.0,7.43697,81.32012,2026-08-29,Wildfire / Natural Fire,Wildfire / Natural Fire,21.7,Medium
4461,1413.0,7.43925,81.32561,2026-08-30,Wildfire / Natural Fire,Wildfire / Natural Fire,21.2,Medium
4610,1413.0,7.43173,81.31496,2026-08-31,Wildfire / Natural Fire,Wildfire / Natural Fire,22.4,Medium
4823,1413.0,7.42719,81.31733,2026-09-01,Wildfire / Natural Fire,Wildfire / Natural Fire,20.1,Medium
7356,1413.0,7.43956,81.31653,2026-08-15,Wildfire / Natural Fire,Wildfire / Natural Fire,23.2,Medium
7357,1413.0,7.44289,81.31603,2026-08-15,Wildfire / Natural Fire,Wildfire / Natural Fire,20.0,Medium
4363,1414.0,29.45932,76.89091,2026-08-29,Other/Unknown,Other/Unknown,0.0,Low
4570,1414.0,29.45914,76.89161,2026-08-30,Other/Unknown,Other/Unknown,0.0,Low
4739,1414.0,29.4606,76.88784,2026-08-31,Other/Unknown,Other/Unknown,0.0,Low
5461,1414.0,29.45879,76.8923,2026-08-24,Other/Unknown,Other/Unknown,0.0,Low
7121,1414.0,29.45798,76.88937,2026-08-23,Other/Unknown,Other/Unknown,0.0,Low
9582,1414.0,29.45936,76.88863,2026-08-02,Other/Unknown,Other/Unknown,0.0,Low
4364,1415.0,31.76838,70.1084,2026-08-29,Other/Unknown,Other/Unknown,0.0,Low
4548,1415.0,31.769,70.10805,2026-08-30,Other/Unknown,Other/Unknown,0.0,Low
6020,1415.0,31.76995,70.11077,2026-08-28,Other/Unknown,Other/Unknown,0.0,Low
4369,1416.0,33.23603,71.51531,2026-08-29,Other/Unknown,Other/Unknown,0.0,Low
6024,1416.0,33.23443,71.51507,2026-08-28,Other/Unknown,Other/Unknown,0.0,Low
9992,1416.0,33.2359,71.51652,2026-07-26,Other/Unknown,Other/Unknown,0.0,Low
4391,1417.0,29.65337,90.98225,2026-08-30,Industrial Fire,Industrial Fire,98.5,Critical
8752,1417.0,29.65398,90.98617,2026-08-08,Industrial Fire,Industrial Fire,99.5,Critical
4394,1418.0,6.45618,81.09254,2026-08-30,Wildfire / Natural Fire,Wildfire / Natural Fire,16.6,Medium
4395,1418.0,6.45692,81.09754,2026-08-30,Wildfire / Natural Fire,Wildfire / Natural Fire,17.4,Medium
4396,1418.0,6.45926,81.09015,2026-08-30,Wildfire / Natural Fire,Wildfire / Natural Fire,16.7,Medium
4397,1418.0,6.45996,81.09512,2026-08-30,Wildfire / Natural Fire,Wildfire / Natural Fire,16.7,Medium
4398,1418.0,6.46012,81.09199,2026-08-30,Wildfire / Natural Fire,Wildfire / Natural Fire,16.6,Medium
5122,1418.0,6.45157,81.09538,2026-09-02,Wildfire / Natural Fire,Wildfire / Natural Fire,16.4,Medium
4407,1419.0,6.72933,81.16361,2026-08-30,Wildfire / Natural Fire,Wildfire / Natural Fire,16.4,Medium
4408,1419.0,6.7333,81.16302,2026-08-30,Wildfire / Natural Fire,Wildfire / Natural Fire,17.3,Medium
4409,1420.0,6.7412,81.50845,2026-08-30,Other/Unknown,Other/Unknown,0.0,Low
4410,1420.0,6.74123,81.50769,2026-08-30,Other/Unknown,Other/Unknown,0.0,Low
4411,1421.0,6.74882,81.53226,2026-08-30,Other/Unknown,Other/Unknown,0.0,Low
4412,1421.0,6.74896,81.53299,2026-08-30,Other/Unknown,Other/Unknown,0.0,Low
4414,1422.0,6.7977,81.55489,2026-08-30,Wildfire / Natural Fire,Wildfire / Natural Fire,16.6,Medium
5364,1422.0,6.79936,81.55991,2026-09-02,Wildfire / Natural Fire,Wildfire / Natural Fire,16.3,Medium
5521,1422.0,6.79162,81.55989,2026-08-25,Wildfire / Natural Fire,Wildfire / Natural Fire,16.8,Medium
4419,1423.0,6.96385,81.61536,2026-08-30,Other/Unknown,Other/Unknown,9.9,Low
6334,1423.0,6.96545,81.61172,2026-08-20,Other/Unknown,Other/Unknown,11.1,Low
4425,1424.0,7.27317,81.1773,2026-08-30,Other/Unknown,Other/Unknown,0.0,Low
9113,1424.0,7.27811,81.17691,2026-07-31,Other/Unknown,Other/Unknown,0.0,Low
4426,1425.0,7.27678,81.14547,2026-08-30,Other/Unknown,Other/Unknown,0.0,Low
4427,1425.0,7.27753,81.15067,2026-08-30,Other/Unknown,Other/Unknown,0.0,Low
4430,1426.0,7.31546,81.10326,2026-08-30,Wildfire / Natural Fire,Wildfire / Natural Fire,16.5,Medium
4431,1426.0,7.31621,81.10839,2026-08-30,Wildfire / Natural Fire,Wildfire / Natural Fire,16.6,Medium
4433,1426.0,7.32021,81.10786,2026-08-30,Wildfire / Natural Fire,Wildfire / Natural Fire,16.2,Medium
4432,1427.0,7.31681,81.76224,2026-08-30,Wildfire / Natural Fire,Wildfire / Natural Fire,16.6,Medium
4608,1427.0,7.32466,81.76436,2026-08-31,Wildfire / Natural Fire,Other/Unknown,7.9,Low
4815,1427.0,7.31592,81.76345,2026-09-01,Wildfire / Natural Fire,Wildfire / Natural Fire,17.2,Medium
5152,1427.0,7.30922,81.77083,2026-09-02,Wildfire / Natural Fire,Wildfire / Natural Fire,17.0,Medium
5153,1427.0,7.30948,81.76926,2026-09-02,Wildfire / Natural Fire,Wildfire / Natural Fire,16.6,Medium
5154,1427.0,7.31005,81.77242,2026-09-02,Wildfire / Natural Fire,Wildfire / Natural Fire,16.6,Medium
5556,1427.0,7.32252,81.76852,2026-08-25,Wildfire / Natural Fire,Other/Unknown,0.0,Low
6344,1427.0,7.31885,81.75852,2026-08-20,Wildfire / Natural Fire,Wildfire / Natural Fire,16.9,Medium
6349,1427.0,7.32988,81.76083,2026-08-20,Wildfire / Natural Fire,Other/Unknown,12.7,Low
4434,1428.0,7.32289,81.80387,2026-08-30,Other/Unknown,Other/Unknown,0.0,Low
4435,1428.0,7.3236,81.80315,2026-08-30,Other/Unknown,Other/Unknown,0.0,Low
4439,1429.0,7.35118,81.19792,2026-08-30,Other/Unknown,Other/Unknown,0.0,Low
4441,1429.0,7.35166,81.2014,2026-08-30,Other/Unknown,Other/Unknown,0.0,Low
4442,1429.0,7.35215,81.2049,2026-08-30,Other/Unknown,Other/Unknown,0.0,Low
4443,1429.0,7.35264,81.2084,2026-08-30,Other/Unknown,Other/Unknown,0.0,Low
4444,1430.0,7.35635,81.76369,2026-08-30,Other/Unknown,Other/Unknown,0.0,Low
6756,1430.0,7.36009,81.76063,2026-08-22,Other/Unknown,Other/Unknown,0.0,Low
4449,1431.0,7.37411,81.56326,2026-08-30,Other/Unknown,Other/Unknown,0.0,Low
4451,1431.0,7.37768,81.55894,2026-08-30,Other/Unknown,Other/Unknown,0.0,Low
4450,1432.0,7.37766,81.24046,2026-08-30,Other/Unknown,Other/Unknown,0.0,Low
6065,1432.0,7.3813,81.23574,2026-08-19,Other/Unknown,Other/Unknown,0.0,Low
4460,1433.0,7.43686,81.39532,2026-08-30,Other/Unknown,Other/Unknown,0.0,Low
5404,1433.0,7.44249,81.39476,2026-08-24,Other/Unknown,Other/Unknown,0.0,Low
4462,1434.0,7.45403,81.34198,2026-08-30,Other/Unknown,Other/Unknown,0.0,Low
7462,1434.0,7.4564,81.34227,2026-08-16,Other/Unknown,Other/Unknown,0.0,Low
4464,1435.0,7.48906,81.38728,2026-08-30,Other/Unknown,Other/Unknown,0.0,Low
10736,1435.0,7.49223,81.39274,2026-07-24,Other/Unknown,Other/Unknown,0.0,Low
4466,1436.0,7.61757,81.15485,2026-08-30,Wildfire / Natural Fire,Wildfire / Natural Fire,17.3,Medium
4467,1436.0,7.61807,81.15833,2026-08-30,Wildfire / Natural Fire,Wildfire / Natural Fire,18.5,Medium
4468,1436.0,7.62159,81.15429,2026-08-30,Wildfire / Natural Fire,Wildfire / Natural Fire,17.3,Medium
4543,1436.0,7.6078,81.15397,2026-08-30,Wildfire / Natural Fire,Wildfire / Natural Fire,16.4,Medium
4614,1436.0,7.60614,81.15155,2026-08-31,Wildfire / Natural Fire,Wildfire / Natural Fire,16.9,Medium
9783,1436.0,7.61226,81.14749,2026-07-25,Wildfire / Natural Fire,Wildfire / Natural Fire,16.4,Medium
9784,1436.0,7.61577,81.15201,2026-07-25,Wildfire / Natural Fire,Wildfire / Natural Fire,16.3,Medium
10285,1436.0,7.61866,81.14118,2026-07-29,Wildfire / Natural Fire,Wildfire / Natural Fire,17.3,Medium
4471,1437.0,7.78376,81.21587,2026-08-30,Wildfire / Natural Fire,Wildfire / Natural Fire,16.7,Medium
4472,1437.0,7.78425,81.21941,2026-08-30,Wildfire / Natural Fire,Wildfire / Natural Fire,16.5,Medium
4473,1438.0,7.80813,81.45168,2026-08-30,Other/Unknown,Other/Unknown,0.0,Low
4474,1438.0,7.80942,81.45202,2026-08-30,Other/Unknown,Other/Unknown,0.0,Low
4475,1439.0,7.81643,81.36108,2026-08-30,Wildfire / Natural Fire,Wildfire / Natural Fire,16.7,Medium
6567,1439.0,7.80986,81.37318,2026-08-21,Wildfire / Natural Fire,Wildfire / Natural Fire,16.6,Medium
6568,1439.0,7.81049,81.37718,2026-08-21,Wildfire / Natural Fire,Wildfire / Natural Fire,16.6,Medium
6569,1439.0,7.81277,81.36861,2026-08-21,Wildfire / Natural Fire,Wildfire / Natural Fire,17.1,Medium
6570,1439.0,7.8134,81.37262,2026-08-21,Wildfire / Natural Fire,Wildfire / Natural Fire,16.9,Medium
6998,1439.0,7.80901,81.38439,2026-08-23,Wildfire / Natural Fire,Wildfire / Natural Fire,16.8,Medium
6999,1439.0,7.80918,81.38655,2026-08-23,Wildfire / Natural Fire,Wildfire / Natural Fire,16.8,Medium
4476,1440.0,7.87288,81.46512,2026-08-30,Wildfire / Natural Fire,Wildfire / Natural Fire,16.6,Medium
7163,1440.0,7.86656,81.46929,2026-08-14,Wildfire / Natural Fire,Wildfire / Natural Fire,17.4,Medium
7164,1440.0,7.86916,81.48792,2026-08-14,Wildfire / Natural Fire,Wildfire / Natural Fire,16.6,Medium
7165,1440.0,7.86968,81.49164,2026-08-14,Wildfire / Natural Fire,Wildfire / Natural Fire,16.6,Medium
7166,1440.0,7.87329,81.48734,2026-08-14,Wildfire / Natural Fire,Wildfire / Natural Fire,16.6,Medium
7371,1440.0,7.86744,81.48164,2026-08-15,Wildfire / Natural Fire,Wildfire / Natural Fire,16.9,Medium
7372,1440.0,7.86798,81.48515,2026-08-15,Wildfire / Natural Fire,Wildfire / Natural Fire,17.0,Medium
7465,1440.0,7.86138,81.47504,2026-08-16,Wildfire / Natural Fire,Wildfire / Natural Fire,17.0,Medium
7467,1440.0,7.87693,81.48414,2026-08-16,Wildfire / Natural Fire,Wildfire / Natural Fire,16.7,Medium
7468,1440.0,7.87898,81.48672,2026-08-16,Wildfire / Natural Fire,Wildfire / Natural Fire,17.0,Medium
7469,1440.0,7.88076,81.48351,2026-08-16,Wildfire / Natural Fire,Wildfire / Natural Fire,16.7,Medium
7690,1440.0,7.86299,81.47017,2026-08-18,Wildfire / Natural Fire,Wildfire / Natural Fire,16.6,Medium
8386,1440.0,7.87641,81.48878,2026-08-12,Wildfire / Natural Fire,Wildfire / Natural Fire,16.4,Medium
4477,1441.0,7.87428,81.41622,2026-08-30,Wildfire / Natural Fire,Wildfire / Natural Fire,18.0,Medium
7466,1441.0,7.87655,81.41111,2026-08-16,Wildfire / Natural Fire,Wildfire / Natural Fire,20.4,Medium
11376,1441.0,7.8709,81.40695,2026-07-19,Wildfire / Natural Fire,Wildfire / Natural Fire,17.9,Medium
4483,1442.0,8.93239,77.96133,2026-08-30,Wildfire / Natural Fire,Wildfire / Natural Fire,21.4,Medium
4484,1442.0,8.93294,77.9651,2026-08-30,Wildfire / Natural Fire,Wildfire / Natural Fire,21.4,Medium
6390,1442.0,8.92556,77.96257,2026-08-20,Wildfire / Natural Fire,Wildfire / Natural Fire,21.7,Medium
4489,1443.0,9.42778,80.38101,2026-08-30,Wildfire / Natural Fire,Wildfire / Natural Fire,16.5,Medium
5261,1443.0,9.41724,80.38377,2026-09-02,Wildfire / Natural Fire,Wildfire / Natural Fire,16.7,Medium
5264,1443.0,9.43211,80.3729,2026-09-02,Wildfire / Natural Fire,Wildfire / Natural Fire,16.8,Medium
5265,1443.0,9.43242,80.37336,2026-09-02,Wildfire / Natural Fire,Wildfire / Natural Fire,16.8,Medium
5266,1443.0,9.4328,80.37656,2026-09-02,Wildfire / Natural Fire,Wildfire / Natural Fire,17.1,Medium
5267,1443.0,9.43308,80.37701,2026-09-02,Wildfire / Natural Fire,Wildfire / Natural Fire,16.9,Medium
5423,1443.0,9.42267,80.38055,2026-08-24,Wildfire / Natural Fire,Wildfire / Natural Fire,16.6,Medium
5830,1443.0,9.42552,80.37328,2026-08-27,Wildfire / Natural Fire,Wildfire / Natural Fire,16.8,Medium
6164,1443.0,9.42854,80.37435,2026-08-19,Wildfire / Natural Fire,Wildfire / Natural Fire,16.7,Medium
4490,1444.0,9.44417,77.66956,2026-08-30,Other/Unknown,Other/Unknown,7.9,Low
4491,1444.0,9.44472,77.67329,2026-08-30,Other/Unknown,Other/Unknown,0.0,Low
4507,1445.0,14.4991,79.69765,2026-08-30,Other/Unknown,Other/Unknown,0.0,Low
4508,1445.0,14.50312,79.69711,2026-08-30,Other/Unknown,Other/Unknown,0.0,Low
4519,1446.0,30.11638,73.26059,2026-08-30,Other/Unknown,Other/Unknown,0.0,Low
4520,1446.0,30.11697,73.26498,2026-08-30,Other/Unknown,Other/Unknown,0.0,Low
4526,1447.0,31.2082,73.91856,2026-08-30,Other/Unknown,Other/Unknown,0.0,Low
4527,1447.0,31.2118,73.91795,2026-08-30,Other/Unknown,Other/Unknown,0.0,Low
4533,1448.0,31.58139,72.28816,2026-08-30,Other/Unknown,Other/Unknown,0.0,Low
7648,1448.0,31.58373,72.28916,2026-08-17,Other/Unknown,Other/Unknown,0.0,Low
4540,1449.0,7.13631,81.13902,2026-08-30,Other/Unknown,Other/Unknown,0.0,Low
4541,1449.0,7.14013,81.1341,2026-08-30,Other/Unknown,Other/Unknown,0.0,Low
4544,1450.0,8.86712,81.02701,2026-08-30,Other/Unknown,Other/Unknown,0.0,Low
4545,1450.0,8.86843,81.02491,2026-08-30,Other/Unknown,Other/Unknown,0.0,Low
4553,1451.0,32.64409,72.9769,2026-08-30,Other/Unknown,Other/Unknown,0.0,Low
6022,1451.0,32.64531,72.97565,2026-08-28,Other/Unknown,Other/Unknown,0.0,Low
4584,1452.0,13.82755,79.33979,2026-08-30,Other/Unknown,Other/Unknown,0.0,Low
4585,1452.0,13.82812,79.33691,2026-08-30,Other/Unknown,Other/Unknown,0.0,Low
4586,1452.0,13.82816,79.33921,2026-08-30,Other/Unknown,Other/Unknown,0.0,Low
4587,1452.0,13.82868,79.33408,2026-08-30,Other/Unknown,Other/Unknown,0.0,Low
4588,1452.0,13.82871,79.33633,2026-08-30,Other/Unknown,Other/Unknown,0.0,Low
4598,1453.0,6.74823,81.75127,2026-08-31,Wildfire / Natural Fire,Wildfire / Natural Fire,16.4,Medium
6325,1453.0,6.75499,81.74423,2026-08-20,Wildfire / Natural Fire,Wildfire / Natural Fire,16.7,Medium
8060,1453.0,6.75074,81.74324,2026-08-10,Wildfire / Natural Fire,Wildfire / Natural Fire,16.9,Medium
4609,1454.0,7.33384,81.80244,2026-08-31,Other/Unknown,Other/Unknown,9.6,Low
5559,1454.0,7.32867,81.81205,2026-08-25,Other/Unknown,Other/Unknown,7.6,Low
5560,1454.0,7.329,81.81437,2026-08-25,Other/Unknown,Other/Unknown,5.1,Low
6752,1454.0,7.33425,81.80524,2026-08-22,Other/Unknown,Other/Unknown,25.7,Medium
6754,1454.0,7.33737,81.80772,2026-08-22,Other/Unknown,Other/Unknown,26.0,Medium
6993,1454.0,7.32888,81.82094,2026-08-23,Other/Unknown,Other/Unknown,5.0,Low
6994,1454.0,7.32968,81.81718,2026-08-23,Other/Unknown,Other/Unknown,5.0,Low
4611,1455.0,7.4614,80.99762,2026-08-31,Other/Unknown,Other/Unknown,5.6,Low
10731,1455.0,7.46801,80.99911,2026-07-24,Other/Unknown,Other/Unknown,8.3,Low
10733,1455.0,7.47155,80.99905,2026-07-24,Other/Unknown,Other/Unknown,10.4,Low
10734,1455.0,7.47165,80.99855,2026-07-24,Other/Unknown,Other/Unknown,10.4,Low
4613,1456.0,7.52729,80.8979,2026-08-31,Wildfire / Natural Fire,Wildfire / Natural Fire,16.3,Medium
6077,1456.0,7.52232,80.90304,2026-08-19,Wildfire / Natural Fire,Wildfire / Natural Fire,16.5,Medium
6082,1456.0,7.52671,80.90238,2026-08-19,Wildfire / Natural Fire,Wildfire / Natural Fire,16.7,Medium
4617,1457.0,7.73714,79.95287,2026-08-31,Other/Unknown,Other/Unknown,0.0,Low
4618,1457.0,7.73915,79.95213,2026-08-31,Other/Unknown,Other/Unknown,0.0,Low
4639,1458.0,8.28108,80.16919,2026-08-31,Other/Unknown,Other/Unknown,0.0,Low
8064,1458.0,8.28735,80.1686,2026-08-10,Other/Unknown,Other/Unknown,0.0,Low
4641,1459.0,8.30053,80.16256,2026-08-31,Wildfire / Natural Fire,Wildfire / Natural Fire,16.4,Medium
4854,1459.0,8.29877,80.15601,2026-09-01,Wildfire / Natural Fire,Wildfire / Natural Fire,17.4,Medium
4855,1459.0,8.30062,80.15585,2026-09-01,Wildfire / Natural Fire,Wildfire / Natural Fire,17.4,Medium
4644,1460.0,8.34692,80.20496,2026-08-31,Other/Unknown,Other/Unknown,0.0,Low
4645,1460.0,8.34746,80.20847,2026-08-31,Other/Unknown,Other/Unknown,0.0,Low
4653,1461.0,8.4223,81.09,2026-08-31,Other/Unknown,Other/Unknown,0.0,Low
6383,1461.0,8.41734,81.08703,2026-08-20,Other/Unknown,Other/Unknown,0.0,Low
4658,1462.0,8.4479,80.75037,2026-08-31,Other/Unknown,Other/Unknown,0.0,Low
9464,1462.0,8.4537,80.7448,2026-08-01,Other/Unknown,Other/Unknown,0.0,Low
4660,1463.0,8.47334,80.16677,2026-08-31,Other/Unknown,Other/Unknown,0.0,Low
10769,1463.0,8.47279,80.16,2026-07-24,Other/Unknown,Other/Unknown,0.0,Low
4677,1464.0,8.61153,80.51681,2026-08-31,Other/Unknown,Other/Unknown,0.0,Low
6120,1464.0,8.60799,80.5139,2026-08-19,Other/Unknown,Other/Unknown,0.0,Low
7379,1464.0,8.61206,80.51968,2026-08-15,Other/Unknown,Other/Unknown,0.0,Low
4682,1465.0,8.62952,80.56754,2026-08-31,Other/Unknown,Other/Unknown,0.0,Low
4683,1465.0,8.63006,80.57103,2026-08-31,Other/Unknown,Other/Unknown,0.0,Low
4689,1466.0,8.67386,80.74609,2026-08-31,Other/Unknown,Other/Unknown,0.0,Low
6123,1466.0,8.66704,80.74513,2026-08-19,Other/Unknown,Other/Unknown,0.0,Low
4691,1467.0,8.6821,80.75552,2026-08-31,Wildfire / Natural Fire,Wildfire / Natural Fire,16.5,Medium
7381,1467.0,8.67931,80.75907,2026-08-15,Wildfire / Natural Fire,Wildfire / Natural Fire,16.8,Medium
4692,1468.0,8.74873,80.32748,2026-08-31,Other/Unknown,Other/Unknown,0.0,Low
11166,1468.0,8.75317,80.33288,2026-07-18,Other/Unknown,Other/Unknown,0.0,Low
4698,1469.0,8.97013,80.69147,2026-08-31,Other/Unknown,Other/Unknown,0.0,Low
5950,1469.0,8.97291,80.68935,2026-08-28,Other/Unknown,Other/Unknown,0.0,Low
4699,1470.0,8.9767,80.37984,2026-08-31,Other/Unknown,Other/Unknown,0.0,Low
4700,1470.0,8.97723,80.38334,2026-08-31,Other/Unknown,Other/Unknown,0.0,Low
4712,1471.0,9.41306,80.4028,2026-08-31,Wildfire / Natural Fire,Wildfire / Natural Fire,16.7,Medium
4713,1471.0,9.41691,80.40578,2026-08-31,Wildfire / Natural Fire,Wildfire / Natural Fire,16.7,Medium
4956,1471.0,9.41566,80.40079,2026-09-01,Wildfire / Natural Fire,Wildfire / Natural Fire,16.6,Medium
4957,1471.0,9.41568,80.39275,2026-09-01,Wildfire / Natural Fire,Wildfire / Natural Fire,16.4,Medium
4958,1471.0,9.41628,80.39626,2026-09-01,Wildfire / Natural Fire,Wildfire / Natural Fire,16.5,Medium
4959,1471.0,9.41689,80.39977,2026-09-01,Wildfire / Natural Fire,Wildfire / Natural Fire,16.5,Medium
4960,1471.0,9.41749,80.40327,2026-09-01,Wildfire / Natural Fire,Wildfire / Natural Fire,16.6,Medium
4961,1471.0,9.41908,80.39658,2026-09-01,Wildfire / Natural Fire,Wildfire / Natural Fire,16.6,Medium
4962,1471.0,9.42139,80.41061,2026-09-01,Wildfire / Natural Fire,Wildfire / Natural Fire,16.4,Medium
4963,1471.0,9.42197,80.41412,2026-09-01,Wildfire / Natural Fire,Wildfire / Natural Fire,16.4,Medium
4964,1471.0,9.4227,80.40959,2026-09-01,Wildfire / Natural Fire,Wildfire / Natural Fire,16.6,Medium
4965,1471.0,9.4233,80.41309,2026-09-01,Wildfire / Natural Fire,Wildfire / Natural Fire,16.6,Medium
4966,1471.0,9.4273,80.41241,2026-09-01,Wildfire / Natural Fire,Wildfire / Natural Fire,17.0,Medium
5421,1471.0,9.41015,80.39861,2026-08-24,Wildfire / Natural Fire,Wildfire / Natural Fire,17.0,Medium
5422,1471.0,9.4129,80.40137,2026-08-24,Wildfire / Natural Fire,Wildfire / Natural Fire,17.1,Medium
5829,1471.0,9.4147,80.41617,2026-08-27,Wildfire / Natural Fire,Wildfire / Natural Fire,16.4,Medium
4716,1472.0,9.8061,77.88528,2026-08-31,Other/Unknown,Other/Unknown,3.9,Low
4717,1472.0,9.80675,77.88925,2026-08-31,Other/Unknown,Other/Unknown,3.9,Low
4721,1473.0,11.52704,77.24921,2026-08-31,Other/Unknown,Other/Unknown,0.0,Low
4722,1473.0,11.52934,77.24984,2026-08-31,Other/Unknown,Other/Unknown,0.0,Low
4725,1474.0,11.99381,79.54753,2026-08-31,Other/Unknown,Other/Unknown,11.6,Low
4726,1474.0,11.99713,79.547,2026-08-31,Other/Unknown,Other/Unknown,9.5,Low
4731,1475.0,14.47656,78.25895,2026-08-31,Industrial Fire,Industrial Fire,94.6,Critical
7738,1475.0,14.46839,78.25809,2026-08-18,Industrial Fire,Industrial Fire,98.5,Critical
7739,1475.0,14.46883,78.26192,2026-08-18,Industrial Fire,Industrial Fire,98.4,Critical
7740,1475.0,14.474,78.25748,2026-08-18,Industrial Fire,Industrial Fire,95.1,Critical
4732,1476.0,27.71435,68.49007,2026-08-31,Wildfire / Natural Fire,Wildfire / Natural Fire,17.9,Medium
4754,1476.0,27.71806,68.49272,2026-08-31,Wildfire / Natural Fire,Wildfire / Natural Fire,16.1,Medium
4741,1477.0,29.78555,91.60432,2026-08-31,Other/Unknown,Other/Unknown,8.0,Low
5042,1477.0,29.78695,91.60675,2026-09-01,Other/Unknown,Other/Unknown,8.1,Low
8291,1477.0,29.78707,91.60531,2026-08-11,Other/Unknown,Other/Unknown,0.0,Low
8520,1477.0,29.78699,91.60419,2026-08-04,Other/Unknown,Other/Unknown,5.1,Low
8643,1477.0,29.78754,91.60615,2026-08-06,Other/Unknown,Other/Unknown,0.0,Low
9388,1477.0,29.78733,91.60574,2026-08-01,Other/Unknown,Other/Unknown,0.8,Low
4748,1478.0,22.3858,73.11745,2026-08-31,Industrial Fire,Industrial Fire,98.3,Critical
4749,1478.0,22.3882,73.11613,2026-08-31,Industrial Fire,Industrial Fire,98.4,Critical
4750,1478.0,22.38964,73.11803,2026-08-31,Industrial Fire,Industrial Fire,98.3,Critical
5903,1478.0,22.38937,73.11508,2026-08-27,Industrial Fire,Industrial Fire,98.3,Critical
4758,1479.0,17.06269,76.97835,2026-08-31,Industrial Fire,Industrial Fire,98.6,Critical
7557,1479.0,17.06268,76.97933,2026-08-16,Industrial Fire,Industrial Fire,98.7,Critical
8585,1479.0,17.0624,76.98035,2026-08-05,Industrial Fire,Industrial Fire,98.6,Critical
9756,1479.0,17.06101,76.97936,2026-07-25,Industrial Fire,Industrial Fire,98.7,Critical
4766,1480.0,7.39012,80.88872,2026-08-31,Other/Unknown,Other/Unknown,0.0,Low
4767,1480.0,7.39378,80.89077,2026-08-31,Other/Unknown,Other/Unknown,0.0,Low
4768,1480.0,7.39473,80.88899,2026-08-31,Other/Unknown,Other/Unknown,0.0,Low
4769,1481.0,8.09268,80.79333,2026-08-31,Other/Unknown,Other/Unknown,0.0,Low
5197,1481.0,8.09333,80.78801,2026-09-02,Other/Unknown,Other/Unknown,0.0,Low
4770,1482.0,8.11074,79.87141,2026-08-31,Other/Unknown,Other/Unknown,0.0,Low
4771,1482.0,8.11138,79.86758,2026-08-31,Other/Unknown,Other/Unknown,0.0,Low
4772,1482.0,8.11194,79.87071,2026-08-31,Other/Unknown,Other/Unknown,0.0,Low
4774,1483.0,10.41461,77.11382,2026-08-31,Other/Unknown,Other/Unknown,0.0,Low
8052,1483.0,10.41551,77.10945,2026-08-09,Other/Unknown,Other/Unknown,0.0,Low
4777,1484.0,11.18313,79.09899,2026-08-31,Persistent Industrial Thermal Source,Persistent Industrial Thermal Source,58.6,High
5793,1484.0,11.18108,79.10128,2026-08-26,Persistent Industrial Thermal Source,Persistent Industrial Thermal Source,59.0,High
5892,1484.0,11.18222,79.10208,2026-08-27,Persistent Industrial Thermal Source,Persistent Industrial Thermal Source,58.8,High
8593,1484.0,11.18289,79.10062,2026-08-05,Persistent Industrial Thermal Source,Persistent Industrial Thermal Source,58.7,High
9071,1484.0,11.18101,79.10186,2026-07-30,Persistent Industrial Thermal Source,Persistent Industrial Thermal Source,59.8,High
9350,1484.0,11.18243,79.10094,2026-07-31,Persistent Industrial Thermal Source,Persistent Industrial Thermal Source,59.9,High
9470,1484.0,11.18186,79.0993,2026-08-01,Persistent Industrial Thermal Source,Persistent Industrial Thermal Source,59.9,High
4781,1485.0,12.59783,77.8851,2026-08-31,Other/Unknown,Other/Unknown,0.0,Low
4782,1485.0,12.60132,77.88569,2026-08-31,Other/Unknown,Other/Unknown,0.0,Low
8595,1485.0,12.60402,77.88007,2026-08-05,Other/Unknown,Other/Unknown,0.0,Low
4795,1486.0,6.73593,81.59883,2026-09-01,Wildfire / Natural Fire,Wildfire / Natural Fire,16.6,Medium
4796,1486.0,6.73672,81.60365,2026-09-01,Wildfire / Natural Fire,Wildfire / Natural Fire,16.9,Medium
4800,1487.0,6.8355,81.49601,2026-09-01,Wildfire / Natural Fire,Wildfire / Natural Fire,16.7,Medium
4801,1487.0,6.83939,81.49536,2026-09-01,Wildfire / Natural Fire,Wildfire / Natural Fire,16.7,Medium
4802,1488.0,6.84047,81.57497,2026-09-01,Wildfire / Natural Fire,Wildfire / Natural Fire,16.5,Medium
9780,1488.0,6.83845,81.56879,2026-07-25,Wildfire / Natural Fire,Wildfire / Natural Fire,15.9,Medium
4803,1489.0,6.84425,81.54947,2026-09-01,Wildfire / Natural Fire,Wildfire / Natural Fire,16.7,Medium
4804,1489.0,6.84813,81.54882,2026-09-01,Wildfire / Natural Fire,Wildfire / Natural Fire,16.7,Medium
4807,1490.0,7.07303,81.20502,2026-09-01,Industrial Fire,Industrial Fire,98.7,Critical
4808,1490.0,7.07577,81.20669,2026-09-01,Industrial Fire,Industrial Fire,98.7,Critical
4816,1491.0,7.32506,81.74758,2026-09-01,Other/Unknown,Other/Unknown,0.0,Low
6750,1491.0,7.32121,81.73981,2026-08-22,Other/Unknown,Other/Unknown,0.0,Low
4817,1492.0,7.33726,81.72639,2026-09-01,Other/Unknown,Other/Unknown,0.0,Low
5163,1492.0,7.34386,81.72089,2026-09-02,Other/Unknown,Other/Unknown,0.0,Low
4819,1493.0,7.29757,81.14172,2026-09-01,Other/Unknown,Other/Unknown,0.0,Low
5544,1493.0,7.28824,81.13609,2026-08-25,Other/Unknown,Other/Unknown,0.0,Low
5547,1493.0,7.29552,81.13499,2026-08-25,Other/Unknown,Other/Unknown,0.0,Low
4820,1494.0,7.36199,81.50616,2026-09-01,Other/Unknown,Other/Unknown,0.0,Low
9115,1494.0,7.3645,81.50945,2026-07-31,Other/Unknown,Other/Unknown,0.0,Low
4821,1495.0,7.39489,81.77684,2026-09-01,Other/Unknown,Other/Unknown,0.0,Low
5403,1495.0,7.38769,81.77917,2026-08-24,Other/Unknown,Other/Unknown,0.0,Low
4824,1496.0,7.45584,81.64682,2026-09-01,Other/Unknown,Other/Unknown,1.2,Low
4825,1496.0,7.45856,81.64819,2026-09-01,Other/Unknown,Other/Unknown,1.1,Low
4826,1497.0,7.63038,81.58308,2026-09-01,Other/Unknown,Other/Unknown,0.0,Low
4827,1497.0,7.6342,81.58244,2026-09-01,Other/Unknown,Other/Unknown,0.0,Low
11365,1497.0,7.6378,81.57784,2026-07-19,Other/Unknown,Other/Unknown,0.0,Low
4828,1498.0,7.7604,81.24961,2026-09-01,Wildfire / Natural Fire,Wildfire / Natural Fire,16.8,Medium
6094,1498.0,7.75189,81.25346,2026-08-19,Wildfire / Natural Fire,Wildfire / Natural Fire,16.6,Medium
6095,1498.0,7.75295,81.25404,2026-08-19,Wildfire / Natural Fire,Wildfire / Natural Fire,16.5,Medium
4837,1499.0,7.94456,81.37131,2026-09-01,Other/Unknown,Other/Unknown,0.0,Low
4838,1499.0,7.94534,81.37614,2026-09-01,Other/Unknown,Other/Unknown,0.0,Low
4841,1500.0,7.95932,80.72301,2026-09-01,Other/Unknown,Other/Unknown,0.0,Low
4842,1500.0,7.96034,80.72224,2026-09-01,Other/Unknown,Other/Unknown,0.0,Low
4848,1501.0,8.13979,81.4119,2026-09-01,Other/Unknown,Other/Unknown,1.9,Low
6768,1501.0,8.13909,81.41647,2026-08-22,Other/Unknown,Other/Unknown,0.0,Low
4858,1502.0,8.3114,80.28439,2026-09-01,Other/Unknown,Other/Unknown,0.0,Low
4859,1502.0,8.31414,80.28391,2026-09-01,Other/Unknown,Other/Unknown,0.0,Low
4861,1503.0,8.34424,80.18712,2026-09-01,Other/Unknown,Other/Unknown,0.0,Low
4862,1503.0,8.349,80.19014,2026-09-01,Other/Unknown,Other/Unknown,0.0,Low
4863,1504.0,8.35582,80.28069,2026-09-01,Other/Unknown,Other/Unknown,0.0,Low
4864,1504.0,8.36403,80.27928,2026-09-01,Other/Unknown,Other/Unknown,0.0,Low
4865,1505.0,8.37648,81.04984,2026-09-01,Wildfire / Natural Fire,Wildfire / Natural Fire,16.9,Medium
4867,1505.0,8.38429,81.04854,2026-09-01,Wildfire / Natural Fire,Wildfire / Natural Fire,17.5,Medium
4871,1506.0,8.40672,80.25681,2026-09-01,Other/Unknown,Other/Unknown,0.0,Low
4872,1506.0,8.40733,80.26052,2026-09-01,Other/Unknown,Other/Unknown,0.0,Low
4873,1506.0,8.41083,80.25612,2026-09-01,Other/Unknown,Other/Unknown,0.0,Low
4876,1507.0,8.41854,80.18941,2026-09-01,Other/Unknown,Other/Unknown,0.0,Low
6109,1507.0,8.41088,80.18614,2026-08-19,Other/Unknown,Other/Unknown,0.0,Low
4878,1508.0,8.43706,80.33877,2026-09-01,Wildfire / Natural Fire,Wildfire / Natural Fire,16.4,Medium
6573,1508.0,8.43317,80.33639,2026-08-21,Wildfire / Natural Fire,Wildfire / Natural Fire,17.1,Medium
4879,1509.0,8.44123,80.37093,2026-09-01,Other/Unknown,Other/Unknown,0.0,Low
4880,1509.0,8.44242,80.37146,2026-09-01,Other/Unknown,Other/Unknown,0.0,Low
4883,1510.0,8.46341,81.0887,2026-09-01,Wildfire / Natural Fire,Wildfire / Natural Fire,17.1,Medium
4886,1510.0,8.4673,81.08805,2026-09-01,Wildfire / Natural Fire,Wildfire / Natural Fire,16.5,Medium
4902,1511.0,8.56386,80.50555,2026-09-01,Other/Unknown,Other/Unknown,0.0,Low
4904,1511.0,8.56789,80.50488,2026-09-01,Other/Unknown,Other/Unknown,0.0,Low
4922,1512.0,8.68091,80.87888,2026-09-01,Wildfire / Natural Fire,Wildfire / Natural Fire,16.5,Medium
4924,1512.0,8.68568,80.88323,2026-09-01,Wildfire / Natural Fire,Wildfire / Natural Fire,16.7,Medium
4926,1513.0,8.69272,78.05309,2026-09-01,Other/Unknown,Other/Unknown,0.0,Low
4927,1513.0,8.69322,78.05519,2026-09-01,Other/Unknown,Other/Unknown,0.0,Low
4928,1513.0,8.69359,78.05819,2026-09-01,Other/Unknown,Other/Unknown,0.0,Low
8177,1513.0,8.69899,78.05886,2026-08-10,Other/Unknown,Other/Unknown,0.0,Low
4932,1514.0,8.89549,80.42211,2026-09-01,Wildfire / Natural Fire,Wildfire / Natural Fire,16.9,Medium
4933,1514.0,8.8961,80.42565,2026-09-01,Wildfire / Natural Fire,Wildfire / Natural Fire,16.9,Medium
4935,1515.0,8.9195,80.3924,2026-09-01,Wildfire / Natural Fire,Wildfire / Natural Fire,16.5,Medium
4937,1515.0,8.92294,80.38815,2026-09-01,Wildfire / Natural Fire,Wildfire / Natural Fire,16.9,Medium
7699,1515.0,8.91704,80.38799,2026-08-18,Wildfire / Natural Fire,Wildfire / Natural Fire,16.3,Medium
4938,1516.0,9.02756,80.16605,2026-09-01,Other/Unknown,Other/Unknown,0.0,Low
4939,1516.0,9.02817,80.16972,2026-09-01,Other/Unknown,Other/Unknown,0.0,Low
4940,1517.0,9.05315,80.14268,2026-09-01,Other/Unknown,Other/Unknown,0.0,Low
4941,1517.0,9.05558,80.14168,2026-09-01,Other/Unknown,Other/Unknown,0.0,Low
4942,1518.0,9.08676,79.74698,2026-09-01,Wildfire / Natural Fire,Wildfire / Natural Fire,15.8,Medium
4943,1518.0,9.08716,79.74696,2026-09-01,Wildfire / Natural Fire,Wildfire / Natural Fire,16.3,Medium
4944,1518.0,9.08741,79.75088,2026-09-01,Wildfire / Natural Fire,Wildfire / Natural Fire,15.7,Medium
10310,1518.0,9.0831,79.75172,2026-07-29,Wildfire / Natural Fire,Wildfire / Natural Fire,16.4,Medium
4954,1519.0,9.41327,80.36134,2026-09-01,Other/Unknown,Other/Unknown,0.0,Low
4955,1519.0,9.41424,80.36042,2026-09-01,Other/Unknown,Other/Unknown,0.0,Low
4967,1520.0,9.4283,80.39423,2026-09-01,Other/Unknown,Other/Unknown,0.0,Low
4968,1520.0,9.44431,80.39148,2026-09-01,Other/Unknown,Other/Unknown,0.0,Low
5262,1520.0,9.43089,80.39628,2026-09-02,Other/Unknown,Other/Unknown,0.0,Low
5263,1520.0,9.43142,80.39938,2026-09-02,Other/Unknown,Other/Unknown,0.0,Low
5268,1520.0,9.43506,80.38796,2026-09-02,Other/Unknown,Other/Unknown,0.0,Low
5269,1520.0,9.43638,80.39525,2026-09-02,Other/Unknown,Other/Unknown,0.0,Low
4973,1521.0,9.64288,80.3102,2026-09-01,Wildfire / Natural Fire,Wildfire / Natural Fire,16.5,Medium
5270,1521.0,9.64267,80.31721,2026-09-02,Wildfire / Natural Fire,Wildfire / Natural Fire,16.8,Medium
5271,1521.0,9.643,80.31789,2026-09-02,Wildfire / Natural Fire,Wildfire / Natural Fire,16.8,Medium
5272,1521.0,9.64335,80.32085,2026-09-02,Wildfire / Natural Fire,Wildfire / Natural Fire,17.0,Medium
5273,1521.0,9.64366,80.32153,2026-09-02,Wildfire / Natural Fire,Wildfire / Natural Fire,16.8,Medium
7854,1521.0,9.64156,80.321,2026-08-09,Wildfire / Natural Fire,Wildfire / Natural Fire,16.6,Medium
4976,1522.0,9.8107,78.22701,2026-09-01,Other/Unknown,Other/Unknown,0.0,Low
10154,1522.0,9.80197,78.22791,2026-07-28,Other/Unknown,Other/Unknown,0.0,Low
10155,1522.0,9.80313,78.22618,2026-07-28,Other/Unknown,Other/Unknown,0.0,Low
10321,1522.0,9.80157,78.23517,2026-07-29,Other/Unknown,Other/Unknown,0.0,Low
4977,1523.0,9.95757,77.88288,2026-09-01,Wildfire / Natural Fire,Wildfire / Natural Fire,16.6,Medium
4978,1523.0,9.95914,77.88472,2026-09-01,Wildfire / Natural Fire,Wildfire / Natural Fire,16.8,Medium
4979,1524.0,9.96654,77.89884,2026-09-01,Wildfire / Natural Fire,Wildfire / Natural Fire,16.5,Medium
4980,1524.0,9.96955,77.89621,2026-09-01,Wildfire / Natural Fire,Wildfire / Natural Fire,16.9,Medium
4981,1525.0,9.99659,77.51824,2026-09-01,Other/Unknown,Other/Unknown,0.0,Low
4982,1525.0,9.99667,77.52258,2026-09-01,Other/Unknown,Other/Unknown,0.0,Low
4983,1526.0,10.015,78.08784,2026-09-01,Other/Unknown,Other/Unknown,8.5,Low
10820,1526.0,10.01349,78.09101,2026-07-24,Other/Unknown,Other/Unknown,5.6,Low
4985,1527.0,10.44507,78.80642,2026-09-01,Other/Unknown,Other/Unknown,0.0,Low
4986,1527.0,10.44559,78.8073,2026-09-01,Other/Unknown,Other/Unknown,0.0,Low
4995,1528.0,11.69378,79.12559,2026-09-01,Other/Unknown,Other/Unknown,0.0,Low
4996,1528.0,11.69394,79.12669,2026-09-01,Other/Unknown,Other/Unknown,0.0,Low
4997,1528.0,11.69813,79.12595,2026-09-01,Other/Unknown,Other/Unknown,0.0,Low
5000,1529.0,12.09285,79.56569,2026-09-01,Other/Unknown,Other/Unknown,0.0,Low
5001,1529.0,12.09304,79.56533,2026-09-01,Other/Unknown,Other/Unknown,0.0,Low
5006,1530.0,12.6515,79.40098,2026-09-01,Other/Unknown,Other/Unknown,0.0,Low
5007,1530.0,12.65554,79.40025,2026-09-01,Other/Unknown,Other/Unknown,0.0,Low
5009,1531.0,12.82044,79.10441,2026-09-01,Other/Unknown,Other/Unknown,0.0,Low
5010,1531.0,12.82455,79.10368,2026-09-01,Other/Unknown,Other/Unknown,0.0,Low
5016,1532.0,14.43501,77.70506,2026-09-01,Other/Unknown,Other/Unknown,1.5,Low
5017,1532.0,14.43581,77.70943,2026-09-01,Other/Unknown,Other/Unknown,7.2,Low
5024,1533.0,15.88618,79.82315,2026-09-01,Other/Unknown,Other/Unknown,0.6,Low
5025,1533.0,15.88993,79.82246,2026-09-01,Other/Unknown,Other/Unknown,3.0,Low
5030,1534.0,36.37709,94.95622,2026-09-01,Industrial Fire,Industrial Fire,98.9,Critical
5031,1534.0,36.37725,94.94768,2026-09-01,Industrial Fire,Industrial Fire,98.7,Critical
5032,1534.0,36.3801,94.95391,2026-09-01,Industrial Fire,Industrial Fire,99.3,Critical
5033,1534.0,36.38021,94.94536,2026-09-01,Industrial Fire,Industrial Fire,99.1,Critical
5034,1534.0,36.38425,94.95636,2026-09-01,Industrial Fire,Industrial Fire,98.8,Critical
5035,1534.0,36.38441,94.94778,2026-09-01,Industrial Fire,Industrial Fire,98.9,Critical
5038,1534.0,36.38047,94.95726,2026-09-01,Industrial Fire,Industrial Fire,99.2,Critical
5039,1534.0,36.38081,94.95837,2026-09-01,Industrial Fire,Industrial Fire,98.9,Critical
5040,1534.0,36.38214,94.95275,2026-09-01,Industrial Fire,Industrial Fire,98.5,Critical
5041,1535.0,22.47377,91.73272,2026-09-01,Industrial Fire,Industrial Fire,98.7,Critical
5731,1535.0,22.47516,91.73235,2026-08-26,Industrial Fire,Industrial Fire,98.7,Critical
10868,1535.0,22.4739,91.73549,2026-07-24,Industrial Fire,Industrial Fire,98.6,Critical
5048,1536.0,10.92252,78.51923,2026-09-01,Other/Unknown,Other/Unknown,0.0,Low
8431,1536.0,10.92167,78.51196,2026-08-12,Other/Unknown,Other/Unknown,0.0,Low
5049,1537.0,10.94335,76.3877,2026-09-01,Other/Unknown,Other/Unknown,3.9,Low
8432,1537.0,10.94375,76.38715,2026-08-12,Other/Unknown,Other/Unknown,4.0,Low
8433,1537.0,10.94384,76.3857,2026-08-12,Other/Unknown,Other/Unknown,4.0,Low
5050,1538.0,10.99278,79.23927,2026-09-01,Other/Unknown,Other/Unknown,0.0,Low
5051,1538.0,10.99333,79.23576,2026-09-01,Other/Unknown,Other/Unknown,0.0,Low
5055,1539.0,11.58526,77.26942,2026-09-01,Other/Unknown,Other/Unknown,0.0,Low
5056,1539.0,11.58561,77.26827,2026-09-01,Other/Unknown,Other/Unknown,0.0,Low
5057,1539.0,11.58795,77.27676,2026-09-01,Other/Unknown,Other/Unknown,0.0,Low
5058,1539.0,11.58907,77.26917,2026-09-01,Other/Unknown,Other/Unknown,0.0,Low
5059,1539.0,11.592,77.27362,2026-09-01,Other/Unknown,Other/Unknown,0.0,Low
5060,1539.0,11.59257,77.26982,2026-09-01,Other/Unknown,Other/Unknown,0.0,Low
5352,1539.0,11.59482,77.264,2026-09-02,Other/Unknown,Other/Unknown,0.0,Low
5353,1539.0,11.59569,77.25757,2026-09-02,Other/Unknown,Other/Unknown,0.0,Low
5064,1540.0,12.29086,79.93877,2026-09-01,Other/Unknown,Other/Unknown,0.0,Low
5065,1540.0,12.29417,79.93931,2026-09-01,Other/Unknown,Other/Unknown,0.0,Low
5069,1541.0,14.51576,75.63882,2026-09-01,Other/Unknown,Other/Unknown,0.0,Low
5070,1541.0,14.5171,75.64188,2026-09-01,Other/Unknown,Other/Unknown,0.0,Low
5080,1542.0,6.57419,81.11971,2026-09-01,Other/Unknown,Other/Unknown,0.0,Low
5124,1542.0,6.56966,81.1199,2026-09-02,Other/Unknown,Other/Unknown,0.0,Low
5082,1543.0,6.77234,81.00491,2026-09-01,Industrial Fire,Industrial Fire,94.4,Critical
5083,1543.0,6.77437,81.00439,2026-09-01,Industrial Fire,Industrial Fire,98.1,Critical
5363,1543.0,6.77251,80.99814,2026-09-02,Industrial Fire,Industrial Fire,72.5,Critical
5093,1544.0,7.24225,80.88264,2026-09-01,Other/Unknown,Other/Unknown,0.0,Low
5094,1544.0,7.24854,80.88733,2026-09-01,Other/Unknown,Other/Unknown,0.0,Low
5148,1544.0,7.25258,80.891,2026-09-02,Other/Unknown,Other/Unknown,0.0,Low
5095,1545.0,7.37611,81.18176,2026-09-01,Other/Unknown,Other/Unknown,0.0,Low
5096,1545.0,7.37958,81.18234,2026-09-01,Other/Unknown,Other/Unknown,0.0,Low
5104,1546.0,8.5307,80.74348,2026-09-01,Other/Unknown,Other/Unknown,0.0,Low
5105,1546.0,8.53409,80.74403,2026-09-01,Other/Unknown,Other/Unknown,0.0,Low
5106,1547.0,8.6686,77.99117,2026-09-01,Other/Unknown,Other/Unknown,0.0,Low
7659,1547.0,8.67061,77.99346,2026-08-17,Other/Unknown,Other/Unknown,0.0,Low
9974,1547.0,8.67029,77.99158,2026-07-26,Other/Unknown,Other/Unknown,0.0,Low
10903,1547.0,8.67019,77.99132,2026-07-24,Other/Unknown,Other/Unknown,0.0,Low
5108,1548.0,9.56943,77.53551,2026-09-01,Other/Unknown,Other/Unknown,0.0,Low
5109,1548.0,9.56999,77.5319,2026-09-01,Other/Unknown,Other/Unknown,0.0,Low
5110,1548.0,9.5723,77.5396,2026-09-01,Other/Unknown,Other/Unknown,0.0,Low
5111,1548.0,9.57284,77.53609,2026-09-01,Other/Unknown,Other/Unknown,0.0,Low
5349,1548.0,9.56071,77.53418,2026-09-02,Other/Unknown,Other/Unknown,0.0,Low
5126,1549.0,6.69094,81.32561,2026-09-02,Wildfire / Natural Fire,Wildfire / Natural Fire,16.4,Medium
8197,1549.0,6.68748,81.3247,2026-08-11,Wildfire / Natural Fire,Wildfire / Natural Fire,16.9,Medium
8198,1549.0,6.68776,81.32225,2026-08-11,Wildfire / Natural Fire,Wildfire / Natural Fire,16.4,Medium
5129,1550.0,6.79481,81.59746,2026-09-02,Other/Unknown,Other/Unknown,0.0,Low
5130,1550.0,6.80013,81.59657,2026-09-02,Other/Unknown,Other/Unknown,0.0,Low
5131,1550.0,6.80072,81.59989,2026-09-02,Other/Unknown,Other/Unknown,0.0,Low
5132,1551.0,6.85732,81.46571,2026-09-02,Other/Unknown,Other/Unknown,0.0,Low
5133,1551.0,6.86213,81.46165,2026-09-02,Other/Unknown,Other/Unknown,0.0,Low
5136,1552.0,7.05386,81.45487,2026-09-02,Other/Unknown,Other/Unknown,0.0,Low
5137,1552.0,7.0563,81.45523,2026-09-02,Other/Unknown,Other/Unknown,0.0,Low
5138,1552.0,7.05682,81.45827,2026-09-02,Other/Unknown,Other/Unknown,0.0,Low
5140,1552.0,7.05969,81.45664,2026-09-02,Other/Unknown,Other/Unknown,0.0,Low
5141,1553.0,7.06316,81.80867,2026-09-02,Other/Unknown,Other/Unknown,0.0,Low
7148,1553.0,7.06421,81.81426,2026-08-14,Other/Unknown,Other/Unknown,0.0,Low
5142,1554.0,7.09891,81.70583,2026-09-02,Other/Unknown,Other/Unknown,0.0,Low
5143,1554.0,7.09954,81.70715,2026-09-02,Other/Unknown,Other/Unknown,0.0,Low
5146,1555.0,7.21062,81.82043,2026-09-02,Other/Unknown,Other/Unknown,19.0,Medium
5147,1555.0,7.21071,81.82072,2026-09-02,Other/Unknown,Other/Unknown,19.0,Medium
5943,1555.0,7.20586,81.80885,2026-08-28,Other/Unknown,Other/Unknown,0.0,Low
7634,1555.0,7.20693,81.81159,2026-08-17,Other/Unknown,Other/Unknown,0.0,Low
7635,1555.0,7.20699,81.81147,2026-08-17,Other/Unknown,Other/Unknown,0.0,Low
9630,1555.0,7.20738,81.81463,2026-07-25,Other/Unknown,Other/Unknown,0.0,Low
10254,1555.0,7.2101,81.8169,2026-07-29,Other/Unknown,Other/Unknown,19.9,Medium
5156,1556.0,7.33017,81.13794,2026-09-02,Other/Unknown,Other/Unknown,0.0,Low
8913,1556.0,7.33016,81.14448,2026-07-30,Other/Unknown,Other/Unknown,0.0,Low
5157,1557.0,7.33055,81.24025,2026-09-02,Other/Unknown,Other/Unknown,0.0,Low
5158,1557.0,7.33164,81.2386,2026-09-02,Other/Unknown,Other/Unknown,0.0,Low
5160,1557.0,7.33598,81.23946,2026-09-02,Other/Unknown,Other/Unknown,0.0,Low
5162,1558.0,7.34089,81.19734,2026-09-02,Other/Unknown,Other/Unknown,0.0,Low
7348,1558.0,7.3329,81.19061,2026-08-15,Other/Unknown,Other/Unknown,0.4,Low
8062,1558.0,7.33924,81.19566,2026-08-10,Other/Unknown,Other/Unknown,0.0,Low
5167,1559.0,7.37863,81.15845,2026-09-02,Wildfire / Natural Fire,Wildfire / Natural Fire,16.4,Medium
9836,1559.0,7.37718,81.15059,2026-07-26,Wildfire / Natural Fire,Wildfire / Natural Fire,17.0,Medium
9837,1559.0,7.3779,81.15482,2026-07-26,Wildfire / Natural Fire,Wildfire / Natural Fire,16.8,Medium
5169,1560.0,7.39372,81.18061,2026-09-02,Wildfire / Natural Fire,Wildfire / Natural Fire,16.3,Medium
8927,1560.0,7.40018,81.18004,2026-07-30,Wildfire / Natural Fire,Wildfire / Natural Fire,17.2,Medium
5171,1561.0,7.47581,80.9069,2026-09-02,Wildfire / Natural Fire,Wildfire / Natural Fire,16.4,Medium
5173,1561.0,7.48,80.90331,2026-09-02,Wildfire / Natural Fire,Wildfire / Natural Fire,16.7,Medium
5175,1562.0,7.5465,81.29754,2026-09-02,Wildfire / Natural Fire,Wildfire / Natural Fire,16.7,Medium
5176,1562.0,7.55034,81.30028,2026-09-02,Wildfire / Natural Fire,Wildfire / Natural Fire,16.8,Medium
5177,1562.0,7.5525,81.30016,2026-09-02,Wildfire / Natural Fire,Wildfire / Natural Fire,16.9,Medium
5335,1562.0,7.5548,81.30308,2026-09-02,Wildfire / Natural Fire,Wildfire / Natural Fire,16.3,Medium
5336,1562.0,7.55889,81.2997,2026-09-02,Wildfire / Natural Fire,Wildfire / Natural Fire,16.1,Medium
5179,1563.0,7.69899,81.23794,2026-09-02,Other/Unknown,Other/Unknown,0.0,Low
5180,1563.0,7.6996,81.24136,2026-09-02,Other/Unknown,Other/Unknown,0.0,Low
5188,1564.0,7.90335,81.47719,2026-09-02,Other/Unknown,Other/Unknown,4.4,Low
5189,1564.0,7.90781,81.475,2026-09-02,Other/Unknown,Other/Unknown,4.7,Low
5190,1564.0,7.9084,81.47823,2026-09-02,Other/Unknown,Other/Unknown,4.9,Low
5191,1564.0,7.90861,81.47627,2026-09-02,Other/Unknown,Other/Unknown,4.7,Low
6764,1564.0,7.90395,81.47636,2026-08-22,Other/Unknown,Other/Unknown,4.4,Low
7169,1564.0,7.90225,81.48327,2026-08-14,Other/Unknown,Other/Unknown,4.5,Low
7611,1564.0,7.903,81.49067,2026-08-17,Other/Unknown,Other/Unknown,9.1,Low
7612,1564.0,7.90644,81.47861,2026-08-17,Other/Unknown,Other/Unknown,4.6,Low
7613,1564.0,7.90649,81.48015,2026-08-17,Other/Unknown,Other/Unknown,4.7,Low
7672,1564.0,7.89501,81.47443,2026-08-18,Other/Unknown,Other/Unknown,4.5,Low
7674,1564.0,7.89822,81.47876,2026-08-18,Other/Unknown,Other/Unknown,4.5,Low
8224,1564.0,7.89147,81.48035,2026-08-11,Other/Unknown,Other/Unknown,4.1,Low
8225,1564.0,7.89212,81.48428,2026-08-11,Other/Unknown,Other/Unknown,4.0,Low
8226,1564.0,7.90745,81.47761,2026-08-11,Other/Unknown,Other/Unknown,4.5,Low
8453,1564.0,7.91424,81.47617,2026-08-13,Other/Unknown,Other/Unknown,5.0,Low
5195,1565.0,8.07954,80.59356,2026-09-02,Other/Unknown,Other/Unknown,0.0,Low
5196,1565.0,8.08167,80.59393,2026-09-02,Other/Unknown,Other/Unknown,0.0,Low
5200,1566.0,8.1841,81.33057,2026-09-02,Wildfire / Natural Fire,Wildfire / Natural Fire,16.4,Medium
6769,1566.0,8.18642,81.32485,2026-08-22,Wildfire / Natural Fire,Wildfire / Natural Fire,16.8,Medium
8961,1566.0,8.18944,81.32618,2026-07-30,Wildfire / Natural Fire,Wildfire / Natural Fire,16.2,Medium
5203,1567.0,8.3484,80.66866,2026-09-02,Wildfire / Natural Fire,Wildfire / Natural Fire,16.8,Medium
5588,1567.0,8.3507,80.67214,2026-08-25,Wildfire / Natural Fire,Wildfire / Natural Fire,16.4,Medium
5589,1567.0,8.35207,80.67225,2026-08-25,Wildfire / Natural Fire,Wildfire / Natural Fire,16.5,Medium
5205,1568.0,8.36511,80.79137,2026-09-02,Other/Unknown,Other/Unknown,0.0,Low
5206,1568.0,8.37057,80.79036,2026-09-02,Other/Unknown,Other/Unknown,0.0,Low
5207,1569.0,8.38044,80.47367,2026-09-02,Other/Unknown,Other/Unknown,0.0,Low
5208,1569.0,8.38162,80.47205,2026-09-02,Other/Unknown,Other/Unknown,0.0,Low
5210,1569.0,8.38229,80.47581,2026-09-02,Other/Unknown,Other/Unknown,0.0,Low
5209,1570.0,8.38184,80.82143,2026-09-02,Wildfire / Natural Fire,Wildfire / Natural Fire,16.1,Medium
5211,1570.0,8.38728,80.82038,2026-09-02,Wildfire / Natural Fire,Wildfire / Natural Fire,16.7,Medium
5213,1571.0,8.41631,80.3227,2026-09-02,Wildfire / Natural Fire,Wildfire / Natural Fire,16.6,Medium
5214,1571.0,8.417,80.32652,2026-09-02,Wildfire / Natural Fire,Wildfire / Natural Fire,16.8,Medium
5215,1572.0,8.43109,80.65472,2026-09-02,Wildfire / Natural Fire,Wildfire / Natural Fire,16.4,Medium
7030,1572.0,8.43758,80.66031,2026-08-23,Wildfire / Natural Fire,Wildfire / Natural Fire,16.8,Medium
5216,1573.0,8.43729,80.78544,2026-09-02,Other/Unknown,Other/Unknown,0.0,Low
5217,1573.0,8.43836,80.78616,2026-09-02,Other/Unknown,Other/Unknown,0.0,Low
5225,1574.0,8.49191,80.80196,2026-09-02,Other/Unknown,Other/Unknown,0.0,Low
5226,1574.0,8.49255,80.8055,2026-09-02,Other/Unknown,Other/Unknown,0.0,Low
5232,1575.0,8.53487,80.79079,2026-09-02,Wildfire / Natural Fire,Wildfire / Natural Fire,16.6,Medium
5233,1575.0,8.53549,80.7943,2026-09-02,Wildfire / Natural Fire,Wildfire / Natural Fire,16.6,Medium
5234,1575.0,8.53568,80.79343,2026-09-02,Wildfire / Natural Fire,Wildfire / Natural Fire,16.9,Medium
10770,1575.0,8.53839,80.7916,2026-07-24,Wildfire / Natural Fire,Wildfire / Natural Fire,16.4,Medium
5239,1576.0,8.57298,80.41463,2026-09-02,Other/Unknown,Other/Unknown,0.0,Low
5240,1576.0,8.57462,80.41475,2026-09-02,Other/Unknown,Other/Unknown,0.0,Low
5241,1577.0,8.57646,80.64652,2026-09-02,Wildfire / Natural Fire,Wildfire / Natural Fire,16.4,Medium
5242,1577.0,8.5813,80.64192,2026-09-02,Wildfire / Natural Fire,Wildfire / Natural Fire,17.6,Medium
11387,1577.0,8.5816,80.63703,2026-07-19,Wildfire / Natural Fire,Wildfire / Natural Fire,16.7,Medium
11388,1577.0,8.58215,80.64069,2026-07-19,Wildfire / Natural Fire,Wildfire / Natural Fire,16.5,Medium
11389,1577.0,8.58269,80.64434,2026-07-19,Wildfire / Natural Fire,Wildfire / Natural Fire,16.4,Medium
5250,1578.0,8.63088,80.72893,2026-09-02,Other/Unknown,Other/Unknown,0.0,Low
5251,1578.0,8.6315,80.72802,2026-09-02,Other/Unknown,Other/Unknown,0.0,Low
5253,1579.0,8.63886,80.4912,2026-09-02,Other/Unknown,Other/Unknown,0.0,Low
5254,1579.0,8.63953,80.49488,2026-09-02,Other/Unknown,Other/Unknown,2.1,Low
5257,1580.0,8.72116,81.12231,2026-09-02,Other/Unknown,Other/Unknown,0.0,Low
5258,1580.0,8.72707,81.12466,2026-09-02,Other/Unknown,Other/Unknown,0.0,Low
5259,1581.0,8.76981,80.87205,2026-09-02,Other/Unknown,Other/Unknown,0.0,Low
5691,1581.0,8.77482,80.87483,2026-08-26,Other/Unknown,Other/Unknown,0.0,Low
5276,1582.0,9.99482,79.18996,2026-09-02,Other/Unknown,Other/Unknown,0.0,Low
5833,1582.0,9.9931,79.18903,2026-08-27,Other/Unknown,Other/Unknown,0.0,Low
5308,1583.0,23.7665,86.37826,2026-09-02,Other/Unknown,Other/Unknown,0.0,Low
9732,1583.0,23.76636,86.37809,2026-07-25,Other/Unknown,Other/Unknown,0.0,Low
5310,1584.0,23.77496,85.99825,2026-09-02,Other/Unknown,Other/Unknown,0.0,Low
5312,1584.0,23.77554,85.99434,2026-09-02,Other/Unknown,Other/Unknown,0.0,Low
10925,1584.0,23.77311,85.99786,2026-07-16,Other/Unknown,Other/Unknown,0.0,Low
10926,1584.0,23.77705,85.99458,2026-07-16,Other/Unknown,Other/Unknown,0.0,Low
5351,1585.0,11.17563,79.08776,2026-09-02,Industrial Fire,Industrial Fire,98.4,Critical
5891,1585.0,11.17704,79.08945,2026-08-27,Industrial Fire,Industrial Fire,98.5,Critical
7565,1585.0,11.17648,79.08794,2026-08-16,Industrial Fire,Industrial Fire,98.4,Critical
9349,1585.0,11.17744,79.08931,2026-07-31,Industrial Fire,Industrial Fire,98.5,Critical
9469,1585.0,11.17522,79.08694,2026-08-01,Industrial Fire,Industrial Fire,98.5,Critical
5355,1586.0,12.84852,79.90374,2026-09-02,Other/Unknown,Other/Unknown,42.6,High
5356,1586.0,12.85253,79.90434,2026-09-02,Other/Unknown,Other/Unknown,0.0,Low
10231,1586.0,12.84878,79.90265,2026-07-28,Other/Unknown,Other/Unknown,45.9,High
10232,1586.0,12.85486,79.90347,2026-07-28,Other/Unknown,Other/Unknown,8.2,Low
5358,1587.0,6.3556,80.89746,2026-09-02,Other/Unknown,Other/Unknown,0.0,Low
5359,1587.0,6.35586,80.89634,2026-09-02,Other/Unknown,Other/Unknown,0.0,Low
5360,1587.0,6.35938,80.89688,2026-09-02,Other/Unknown,Other/Unknown,0.0,Low
5361,1588.0,6.60946,81.25787,2026-09-02,Other/Unknown,Other/Unknown,0.0,Low
6963,1588.0,6.59516,81.25749,2026-08-22,Other/Unknown,Other/Unknown,0.0,Low
10674,1588.0,6.59826,81.26197,2026-07-23,Other/Unknown,Other/Unknown,0.0,Low
10675,1588.0,6.60083,81.25937,2026-07-23,Other/Unknown,Other/Unknown,0.0,Low
5381,1589.0,29.08405,88.01155,2026-08-24,Other/Unknown,Other/Unknown,0.0,Low
5437,1589.0,29.08693,88.00976,2026-08-24,Other/Unknown,Other/Unknown,0.0,Low
5877,1589.0,29.08417,88.0132,2026-08-27,Other/Unknown,Other/Unknown,0.0,Low
5964,1589.0,29.08413,88.01273,2026-08-28,Other/Unknown,Other/Unknown,0.0,Low
9751,1589.0,29.08357,88.01095,2026-07-25,Other/Unknown,Other/Unknown,0.0,Low
10509,1589.0,29.08538,88.01153,2026-07-21,Other/Unknown,Other/Unknown,0.0,Low
10697,1589.0,29.08274,88.01346,2026-07-24,Other/Unknown,Other/Unknown,0.0,Low
5384,1590.0,6.52771,81.11231,2026-08-24,Other/Unknown,Other/Unknown,0.0,Low
6042,1590.0,6.51853,81.10849,2026-08-19,Other/Unknown,Other/Unknown,0.0,Low
10702,1590.0,6.52176,81.11407,2026-07-24,Other/Unknown,Other/Unknown,0.0,Low
5389,1591.0,7.15503,80.97341,2026-08-24,Other/Unknown,Wildfire / Natural Fire,16.9,Medium
5390,1591.0,7.15662,80.97082,2026-08-24,Other/Unknown,Wildfire / Natural Fire,17.5,Medium
5391,1591.0,7.15935,80.96866,2026-08-24,Other/Unknown,Wildfire / Natural Fire,15.8,Medium
5392,1591.0,7.16001,80.97327,2026-08-24,Other/Unknown,Wildfire / Natural Fire,17.1,Medium
5393,1591.0,7.16158,80.97058,2026-08-24,Other/Unknown,Wildfire / Natural Fire,17.2,Medium
5394,1591.0,7.16425,80.96798,2026-08-24,Other/Unknown,Other/Unknown,4.7,Low
5395,1591.0,7.1649,80.97253,2026-08-24,Other/Unknown,Wildfire / Natural Fire,15.2,Medium
5396,1591.0,7.16641,80.96938,2026-08-24,Other/Unknown,Other/Unknown,7.6,Low
5398,1592.0,7.30329,81.19003,2026-08-24,Wildfire / Natural Fire,Wildfire / Natural Fire,16.8,Medium
7153,1592.0,7.29912,81.1978,2026-08-14,Wildfire / Natural Fire,Wildfire / Natural Fire,16.4,Medium
5402,1593.0,7.34063,81.42898,2026-08-24,Other/Unknown,Other/Unknown,0.0,Low
8914,1593.0,7.33601,81.42571,2026-07-30,Other/Unknown,Other/Unknown,0.0,Low
5405,1594.0,7.69291,81.59333,2026-08-24,Wildfire / Natural Fire,Wildfire / Natural Fire,18.0,Medium
9152,1594.0,7.68749,81.59294,2026-07-31,Wildfire / Natural Fire,Wildfire / Natural Fire,16.6,Medium
10288,1594.0,7.68564,81.59031,2026-07-29,Wildfire / Natural Fire,Wildfire / Natural Fire,16.7,Medium
5412,1595.0,8.56977,80.46552,2026-08-24,Wildfire / Natural Fire,Wildfire / Natural Fire,16.7,Medium
7176,1595.0,8.5659,80.46375,2026-08-14,Wildfire / Natural Fire,Wildfire / Natural Fire,16.4,Medium
7177,1595.0,8.56604,80.46652,2026-08-14,Wildfire / Natural Fire,Wildfire / Natural Fire,16.4,Medium
5418,1596.0,8.86875,78.15804,2026-08-24,Other/Unknown,Other/Unknown,1.7,Low
10787,1596.0,8.86807,78.15605,2026-07-24,Other/Unknown,Other/Unknown,1.9,Low
5424,1597.0,9.61047,80.29727,2026-08-24,Other/Unknown,Other/Unknown,0.0,Low
5425,1597.0,9.61269,80.30055,2026-08-24,Other/Unknown,Other/Unknown,0.0,Low
5428,1598.0,29.95974,72.17165,2026-08-24,Wildfire / Natural Fire,Wildfire / Natural Fire,16.4,Medium
6809,1598.0,29.95708,72.17453,2026-08-22,Wildfire / Natural Fire,Wildfire / Natural Fire,17.2,Medium
5430,1599.0,30.63301,73.60488,2026-08-24,Other/Unknown,Other/Unknown,0.0,Low
6200,1599.0,30.63585,73.59945,2026-08-19,Other/Unknown,Other/Unknown,0.0,Low
5432,1600.0,30.89104,73.20267,2026-08-24,Wildfire / Natural Fire,Wildfire / Natural Fire,16.2,Medium
7254,1600.0,30.89121,73.19951,2026-08-14,Wildfire / Natural Fire,Wildfire / Natural Fire,15.4,Medium
7255,1600.0,30.89181,73.20399,2026-08-14,Wildfire / Natural Fire,Wildfire / Natural Fire,15.4,Medium
7256,1600.0,30.8953,73.20337,2026-08-14,Wildfire / Natural Fire,Wildfire / Natural Fire,15.4,Medium
7257,1600.0,30.89589,73.20786,2026-08-14,Wildfire / Natural Fire,Wildfire / Natural Fire,15.5,Medium
7889,1600.0,30.89251,73.20496,2026-08-09,Wildfire / Natural Fire,Wildfire / Natural Fire,15.4,Medium
7890,1600.0,30.89644,73.2084,2026-08-09,Wildfire / Natural Fire,Wildfire / Natural Fire,15.5,Medium
5449,1601.0,7.64049,80.96828,2026-08-24,Wildfire / Natural Fire,Wildfire / Natural Fire,16.3,Medium
5581,1601.0,7.63637,80.97568,2026-08-25,Wildfire / Natural Fire,Wildfire / Natural Fire,16.6,Medium
5582,1601.0,7.637,80.97987,2026-08-25,Wildfire / Natural Fire,Wildfire / Natural Fire,17.0,Medium
5583,1601.0,7.63762,80.98406,2026-08-25,Wildfire / Natural Fire,Wildfire / Natural Fire,17.0,Medium
8831,1601.0,7.64384,80.96423,2026-08-08,Wildfire / Natural Fire,Wildfire / Natural Fire,16.3,Medium
8832,1601.0,7.6444,80.95997,2026-08-08,Wildfire / Natural Fire,Wildfire / Natural Fire,16.4,Medium
5450,1602.0,7.2735,81.28102,2026-08-24,Other/Unknown,Other/Unknown,0.0,Low
7110,1602.0,7.27776,81.28109,2026-08-23,Other/Unknown,Other/Unknown,0.0,Low
7111,1602.0,7.27879,81.28441,2026-08-23,Other/Unknown,Other/Unknown,0.0,Low
5454,1603.0,33.85027,72.87061,2026-08-24,Other/Unknown,Other/Unknown,0.0,Low
8842,1603.0,33.84938,72.87296,2026-08-08,Other/Unknown,Other/Unknown,0.0,Low
5494,1604.0,29.68351,91.14562,2026-08-25,Other/Unknown,Other/Unknown,4.8,Low
7133,1604.0,29.6841,91.14074,2026-08-14,Other/Unknown,Other/Unknown,4.0,Low
7803,1604.0,29.678,91.13467,2026-08-09,Other/Unknown,Other/Unknown,6.6,Low
7804,1604.0,29.67816,91.13667,2026-08-09,Other/Unknown,Other/Unknown,4.3,Low
7805,1604.0,29.68395,91.14246,2026-08-09,Other/Unknown,Other/Unknown,6.6,Low
7806,1604.0,29.68417,91.14444,2026-08-09,Other/Unknown,Other/Unknown,4.2,Low
5498,1605.0,6.62764,81.1975,2026-08-25,Wildfire / Natural Fire,Wildfire / Natural Fire,16.6,Medium
5499,1605.0,6.62826,81.20171,2026-08-25,Wildfire / Natural Fire,Wildfire / Natural Fire,16.6,Medium
5500,1605.0,6.62887,81.20591,2026-08-25,Wildfire / Natural Fire,Wildfire / Natural Fire,16.7,Medium
5501,1605.0,6.6325,81.20537,2026-08-25,Wildfire / Natural Fire,Wildfire / Natural Fire,17.7,Medium
7766,1605.0,6.62802,81.19518,2026-08-18,Wildfire / Natural Fire,Wildfire / Natural Fire,16.3,Medium
7767,1605.0,6.62906,81.1973,2026-08-18,Wildfire / Natural Fire,Wildfire / Natural Fire,16.3,Medium
8731,1605.0,6.62676,81.18913,2026-08-07,Wildfire / Natural Fire,Wildfire / Natural Fire,16.3,Medium
8732,1605.0,6.62731,81.18541,2026-08-07,Wildfire / Natural Fire,Wildfire / Natural Fire,16.4,Medium
8733,1605.0,6.62785,81.18169,2026-08-07,Wildfire / Natural Fire,Wildfire / Natural Fire,16.4,Medium
8734,1605.0,6.6309,81.18976,2026-08-07,Wildfire / Natural Fire,Wildfire / Natural Fire,16.3,Medium
8735,1605.0,6.63144,81.18604,2026-08-07,Wildfire / Natural Fire,Wildfire / Natural Fire,16.4,Medium
5513,1606.0,6.72541,81.36154,2026-08-25,Other/Unknown,Other/Unknown,0.0,Low
5514,1606.0,6.72609,81.36019,2026-08-25,Other/Unknown,Other/Unknown,0.0,Low
5522,1607.0,6.8122,81.16679,2026-08-25,Other/Unknown,Other/Unknown,0.0,Low
5523,1607.0,6.81303,81.1674,2026-08-25,Other/Unknown,Other/Unknown,0.0,Low
7435,1607.0,6.81776,81.16775,2026-08-15,Other/Unknown,Other/Unknown,3.5,Low
7436,1607.0,6.81964,81.17075,2026-08-15,Other/Unknown,Other/Unknown,3.6,Low
7437,1607.0,6.82044,81.16622,2026-08-15,Other/Unknown,Other/Unknown,3.6,Low
7438,1607.0,6.82248,81.16821,2026-08-15,Other/Unknown,Other/Unknown,3.5,Low
7439,1607.0,6.82433,81.17148,2026-08-15,Other/Unknown,Other/Unknown,3.6,Low
7440,1607.0,6.82513,81.16695,2026-08-15,Other/Unknown,Other/Unknown,3.6,Low
7441,1607.0,6.82814,81.17716,2026-08-15,Other/Unknown,Other/Unknown,3.5,Low
7442,1607.0,6.82898,81.17235,2026-08-15,Other/Unknown,Other/Unknown,3.5,Low
5524,1608.0,6.86466,81.47404,2026-08-25,Other/Unknown,Other/Unknown,0.0,Low
5525,1608.0,6.86836,81.47356,2026-08-25,Other/Unknown,Other/Unknown,0.0,Low
5526,1609.0,6.87135,81.44212,2026-08-25,Other/Unknown,Other/Unknown,0.0,Low
5905,1609.0,6.8742,81.44757,2026-08-27,Other/Unknown,Other/Unknown,0.0,Low
5534,1610.0,6.9783,81.33369,2026-08-25,Wildfire / Natural Fire,Wildfire / Natural Fire,16.4,Medium
5535,1610.0,6.98196,81.33311,2026-08-25,Wildfire / Natural Fire,Wildfire / Natural Fire,16.8,Medium
5536,1611.0,6.99311,81.48762,2026-08-25,Wildfire / Natural Fire,Wildfire / Natural Fire,16.3,Medium
5537,1611.0,6.99681,81.48708,2026-08-25,Wildfire / Natural Fire,Wildfire / Natural Fire,17.1,Medium
5538,1612.0,7.00675,81.50349,2026-08-25,Other/Unknown,Other/Unknown,0.0,Low
5539,1612.0,7.01044,81.50293,2026-08-25,Other/Unknown,Other/Unknown,0.0,Low
5540,1613.0,7.10648,81.71599,2026-08-25,Other/Unknown,Other/Unknown,0.0,Low
5541,1613.0,7.10673,81.71281,2026-08-25,Other/Unknown,Other/Unknown,0.0,Low
5542,1613.0,7.10736,81.71725,2026-08-25,Other/Unknown,Other/Unknown,0.0,Low
5553,1614.0,7.30826,81.85727,2026-08-25,Other/Unknown,Other/Unknown,1.9,Low
6342,1614.0,7.30818,81.85501,2026-08-20,Other/Unknown,Other/Unknown,0.0,Low
5565,1615.0,7.36528,81.26039,2026-08-25,Wildfire / Natural Fire,Wildfire / Natural Fire,16.8,Medium
5566,1615.0,7.36624,81.2598,2026-08-25,Wildfire / Natural Fire,Wildfire / Natural Fire,16.9,Medium
5567,1615.0,7.36896,81.25998,2026-08-25,Wildfire / Natural Fire,Wildfire / Natural Fire,16.8,Medium
5568,1616.0,7.41669,81.25322,2026-08-25,Other/Unknown,Other/Unknown,0.0,Low
5569,1616.0,7.42036,81.25268,2026-08-25,Other/Unknown,Other/Unknown,0.0,Low
5572,1617.0,7.44835,81.68165,2026-08-25,Wildfire / Natural Fire,Wildfire / Natural Fire,16.3,Medium
9117,1617.0,7.45162,81.68291,2026-07-31,Wildfire / Natural Fire,Wildfire / Natural Fire,16.7,Medium
5575,1618.0,7.48018,81.02367,2026-08-25,Wildfire / Natural Fire,Wildfire / Natural Fire,16.6,Medium
5576,1618.0,7.48079,81.02785,2026-08-25,Wildfire / Natural Fire,Wildfire / Natural Fire,16.7,Medium
5578,1619.0,7.57043,81.61926,2026-08-25,Other/Unknown,Other/Unknown,0.0,Low
11359,1619.0,7.56073,81.61687,2026-07-19,Other/Unknown,Other/Unknown,0.0,Low
11360,1619.0,7.56479,81.62022,2026-07-19,Other/Unknown,Other/Unknown,0.0,Low
5579,1620.0,7.57651,81.40005,2026-08-25,Wildfire / Natural Fire,Wildfire / Natural Fire,16.7,Medium
5580,1620.0,7.57716,81.40447,2026-08-25,Wildfire / Natural Fire,Wildfire / Natural Fire,16.7,Medium
11361,1620.0,7.57719,81.40741,2026-07-19,Wildfire / Natural Fire,Wildfire / Natural Fire,16.4,Medium
5590,1621.0,8.35752,80.23368,2026-08-25,Other/Unknown,Other/Unknown,0.0,Low
5591,1621.0,8.36105,80.23316,2026-08-25,Other/Unknown,Other/Unknown,0.0,Low
5597,1622.0,8.44314,80.35169,2026-08-25,Wildfire / Natural Fire,Wildfire / Natural Fire,16.4,Medium
5598,1622.0,8.44372,80.35572,2026-08-25,Wildfire / Natural Fire,Wildfire / Natural Fire,16.8,Medium
5610,1623.0,8.63257,80.34579,2026-08-25,Wildfire / Natural Fire,Wildfire / Natural Fire,16.6,Medium
5611,1623.0,8.63329,80.34522,2026-08-25,Wildfire / Natural Fire,Wildfire / Natural Fire,16.5,Medium
5616,1624.0,10.21385,79.24151,2026-08-25,Other/Unknown,Other/Unknown,0.0,Low
5617,1624.0,10.2144,79.2453,2026-08-25,Other/Unknown,Other/Unknown,0.0,Low
5623,1625.0,29.78545,72.26527,2026-08-25,Wildfire / Natural Fire,Wildfire / Natural Fire,16.5,Medium
10660,1625.0,29.77621,72.26557,2026-07-23,Wildfire / Natural Fire,Wildfire / Natural Fire,16.9,Medium
10661,1625.0,29.77752,72.26281,2026-07-23,Wildfire / Natural Fire,Wildfire / Natural Fire,16.7,Medium
10662,1625.0,29.77814,72.26821,2026-07-23,Wildfire / Natural Fire,Wildfire / Natural Fire,16.9,Medium
11082,1625.0,29.78688,72.2688,2026-07-17,Wildfire / Natural Fire,Wildfire / Natural Fire,16.5,Medium
11083,1625.0,29.79049,72.25735,2026-07-17,Wildfire / Natural Fire,Wildfire / Natural Fire,16.7,Medium
5635,1626.0,31.09643,72.31196,2026-08-25,Other/Unknown,Other/Unknown,0.0,Low
5636,1626.0,31.09704,72.31596,2026-08-25,Other/Unknown,Other/Unknown,0.0,Low
5694,1627.0,9.00604,80.68044,2026-08-26,Wildfire / Natural Fire,Wildfire / Natural Fire,16.7,Medium
5886,1627.0,8.99971,80.67416,2026-08-27,Wildfire / Natural Fire,Wildfire / Natural Fire,16.3,Medium
7190,1627.0,9.01102,80.67626,2026-08-14,Wildfire / Natural Fire,Wildfire / Natural Fire,16.4,Medium
7191,1627.0,9.0128,80.67327,2026-08-14,Wildfire / Natural Fire,Wildfire / Natural Fire,16.8,Medium
7192,1627.0,9.01351,80.67845,2026-08-14,Wildfire / Natural Fire,Wildfire / Natural Fire,16.7,Medium
7193,1627.0,9.015,80.6757,2026-08-14,Wildfire / Natural Fire,Wildfire / Natural Fire,16.4,Medium
5703,1628.0,9.90823,78.08034,2026-08-26,Other/Unknown,Other/Unknown,0.0,Low
5704,1628.0,9.90871,78.08326,2026-08-26,Other/Unknown,Other/Unknown,0.0,Low
5705,1629.0,10.05334,77.95324,2026-08-26,Wildfire / Natural Fire,Wildfire / Natural Fire,16.8,Medium
6584,1629.0,10.04823,77.95352,2026-08-21,Wildfire / Natural Fire,Wildfire / Natural Fire,16.4,Medium
6585,1629.0,10.05175,77.94893,2026-08-21,Wildfire / Natural Fire,Wildfire / Natural Fire,16.5,Medium
6586,1629.0,10.05242,77.9528,2026-08-21,Wildfire / Natural Fire,Wildfire / Natural Fire,16.5,Medium
6711,1629.0,10.04985,77.95205,2026-08-21,Wildfire / Natural Fire,Wildfire / Natural Fire,16.0,Medium
5708,1630.0,14.2594,80.11615,2026-08-26,Industrial Fire,Industrial Fire,98.7,Critical
5709,1630.0,14.25997,80.11976,2026-08-26,Industrial Fire,Industrial Fire,98.8,Critical
8093,1630.0,14.25999,80.11745,2026-08-10,Industrial Fire,Industrial Fire,98.8,Critical
5723,1631.0,28.51536,68.00385,2026-08-26,Other/Unknown,Other/Unknown,0.0,Low
5724,1631.0,28.51605,68.00181,2026-08-26,Other/Unknown,Other/Unknown,0.0,Low
5725,1632.0,30.37163,73.89048,2026-08-26,Other/Unknown,Other/Unknown,0.0,Low
5726,1632.0,30.37266,73.89281,2026-08-26,Other/Unknown,Other/Unknown,0.0,Low
5762,1633.0,13.8324,79.25771,2026-08-26,Other/Unknown,Other/Unknown,0.0,Low
5917,1633.0,13.82483,79.2569,2026-08-27,Other/Unknown,Other/Unknown,0.0,Low
5792,1634.0,18.95733,73.94366,2026-08-26,Other/Unknown,Other/Unknown,0.0,Low
8055,1634.0,18.95695,73.94106,2026-08-09,Other/Unknown,Other/Unknown,0.0,Low
8854,1634.0,18.9562,73.94472,2026-08-08,Other/Unknown,Other/Unknown,0.0,Low
5811,1635.0,8.18319,81.21323,2026-08-27,Other/Unknown,Other/Unknown,0.0,Low
5812,1635.0,8.18388,81.21734,2026-08-27,Other/Unknown,Other/Unknown,0.0,Low
5813,1635.0,8.18817,81.2166,2026-08-27,Other/Unknown,Other/Unknown,0.0,Low
5816,1636.0,8.53706,77.95217,2026-08-27,Other/Unknown,Industrial Fire,48.9,High
5817,1636.0,8.53767,77.95551,2026-08-27,Other/Unknown,Industrial Fire,49.6,High
5821,1637.0,9.13009,77.84245,2026-08-27,Other/Unknown,Other/Unknown,0.0,Low
5822,1637.0,9.1307,77.84574,2026-08-27,Other/Unknown,Other/Unknown,0.0,Low
5823,1637.0,9.13252,77.84334,2026-08-27,Other/Unknown,Other/Unknown,0.0,Low
5826,1638.0,9.30457,78.81348,2026-08-27,Other/Unknown,Other/Unknown,0.0,Low
5827,1638.0,9.30486,78.81577,2026-08-27,Other/Unknown,Other/Unknown,0.0,Low
5844,1639.0,26.63018,70.38756,2026-08-27,Other/Unknown,Other/Unknown,0.0,Low
5845,1639.0,26.63397,70.38496,2026-08-27,Other/Unknown,Other/Unknown,0.0,Low
5852,1640.0,31.39647,72.43313,2026-08-27,Other/Unknown,Other/Unknown,0.0,Low
5853,1640.0,31.39734,72.43457,2026-08-27,Other/Unknown,Other/Unknown,0.0,Low
5854,1640.0,31.39786,72.4391,2026-08-27,Other/Unknown,Other/Unknown,0.0,Low
5857,1641.0,30.17446,72.42593,2026-08-27,Wildfire / Natural Fire,Wildfire / Natural Fire,16.5,Medium
5858,1641.0,30.17456,72.42779,2026-08-27,Wildfire / Natural Fire,Wildfire / Natural Fire,16.6,Medium
5878,1642.0,29.457,76.86609,2026-08-27,Wildfire / Natural Fire,Wildfire / Natural Fire,16.6,Medium
6448,1642.0,29.45876,76.86543,2026-08-20,Wildfire / Natural Fire,Wildfire / Natural Fire,16.3,Medium
6804,1642.0,29.45699,76.86504,2026-08-22,Wildfire / Natural Fire,Wildfire / Natural Fire,17.0,Medium
6805,1642.0,29.45792,76.8695,2026-08-22,Wildfire / Natural Fire,Wildfire / Natural Fire,17.1,Medium
6806,1642.0,29.46026,76.85947,2026-08-22,Wildfire / Natural Fire,Wildfire / Natural Fire,17.0,Medium
6807,1642.0,29.46118,76.86392,2026-08-22,Wildfire / Natural Fire,Wildfire / Natural Fire,17.0,Medium
7021,1642.0,29.45837,76.8635,2026-08-23,Wildfire / Natural Fire,Wildfire / Natural Fire,16.4,Medium
7042,1642.0,29.45605,76.86481,2026-08-23,Wildfire / Natural Fire,Wildfire / Natural Fire,16.3,Medium
7043,1642.0,29.45934,76.86684,2026-08-23,Wildfire / Natural Fire,Wildfire / Natural Fire,16.2,Medium
7044,1642.0,29.45968,76.85906,2026-08-23,Wildfire / Natural Fire,Wildfire / Natural Fire,16.1,Medium
7119,1642.0,29.45706,76.87043,2026-08-23,Wildfire / Natural Fire,Wildfire / Natural Fire,16.2,Medium
7120,1642.0,29.45788,76.86697,2026-08-23,Wildfire / Natural Fire,Wildfire / Natural Fire,17.3,Medium
5887,1643.0,9.49335,77.62408,2026-08-27,Other/Unknown,Other/Unknown,24.3,Medium
5888,1643.0,9.49338,77.62221,2026-08-27,Other/Unknown,Other/Unknown,21.8,Medium
5906,1644.0,7.3066,80.94781,2026-08-27,Other/Unknown,Other/Unknown,3.6,Low
5907,1644.0,7.30935,80.95189,2026-08-27,Other/Unknown,Other/Unknown,3.6,Low
5908,1644.0,7.30991,80.94836,2026-08-27,Other/Unknown,Other/Unknown,3.6,Low
5909,1644.0,7.31267,80.95242,2026-08-27,Other/Unknown,Other/Unknown,3.7,Low
5910,1644.0,7.31323,80.94892,2026-08-27,Other/Unknown,Other/Unknown,0.5,Low
7461,1644.0,7.31004,80.93993,2026-08-16,Other/Unknown,Other/Unknown,0.6,Low
5913,1645.0,8.40721,80.75729,2026-08-27,Other/Unknown,Other/Unknown,0.0,Low
5914,1645.0,8.41052,80.75783,2026-08-27,Other/Unknown,Other/Unknown,0.0,Low
5940,1646.0,6.8483,81.47719,2026-08-28,Wildfire / Natural Fire,Wildfire / Natural Fire,16.6,Medium
5941,1646.0,6.84907,81.48148,2026-08-28,Wildfire / Natural Fire,Wildfire / Natural Fire,16.8,Medium
5945,1647.0,8.66278,81.14859,2026-08-28,Other/Unknown,Other/Unknown,0.0,Low
9856,1647.0,8.66164,81.15449,2026-07-26,Other/Unknown,Other/Unknown,0.0,Low
10775,1647.0,8.66478,81.14608,2026-07-24,Other/Unknown,Other/Unknown,0.0,Low
5948,1648.0,8.72874,78.1054,2026-08-28,Industrial Fire,Industrial Fire,98.9,Critical
5949,1648.0,8.73258,78.10741,2026-08-28,Industrial Fire,Industrial Fire,98.6,Critical
5951,1649.0,9.277,78.39668,2026-08-28,Other/Unknown,Other/Unknown,0.0,Low
5952,1649.0,9.27714,78.39496,2026-08-28,Other/Unknown,Other/Unknown,0.0,Low
5966,1649.0,9.27846,78.39858,2026-08-28,Other/Unknown,Other/Unknown,0.0,Low
5953,1650.0,14.49166,79.70969,2026-08-28,Other/Unknown,Other/Unknown,0.0,Low
5954,1650.0,14.49187,79.7094,2026-08-28,Other/Unknown,Other/Unknown,0.0,Low
5967,1651.0,9.33079,77.52433,2026-08-28,Other/Unknown,Other/Unknown,0.0,Low
5968,1651.0,9.33131,77.52667,2026-08-28,Other/Unknown,Other/Unknown,0.0,Low
5969,1652.0,9.4159,77.509,2026-08-28,Other/Unknown,Other/Unknown,0.0,Low
5970,1652.0,9.41621,77.50993,2026-08-28,Other/Unknown,Other/Unknown,0.5,Low
5976,1653.0,29.27192,71.18018,2026-08-28,Other/Unknown,Other/Unknown,0.0,Low
5977,1653.0,29.27299,71.17931,2026-08-28,Other/Unknown,Other/Unknown,0.0,Low
5978,1654.0,36.74481,95.23365,2026-08-28,Other/Unknown,Other/Unknown,0.0,Low
5979,1654.0,36.74516,95.23571,2026-08-28,Other/Unknown,Other/Unknown,0.0,Low
6003,1655.0,6.81137,80.87222,2026-08-28,Other/Unknown,Other/Unknown,0.0,Low
6004,1655.0,6.81319,80.87464,2026-08-28,Other/Unknown,Other/Unknown,0.0,Low
6005,1655.0,6.81385,80.87016,2026-08-28,Other/Unknown,Other/Unknown,0.0,Low
6006,1655.0,6.81518,80.87301,2026-08-28,Other/Unknown,Other/Unknown,0.0,Low
6007,1655.0,6.817,80.87542,2026-08-28,Other/Unknown,Other/Unknown,0.0,Low
6008,1655.0,6.81763,80.87114,2026-08-28,Other/Unknown,Other/Unknown,0.0,Low
6025,1656.0,33.24416,71.29903,2026-08-28,Other/Unknown,Other/Unknown,0.0,Low
7410,1656.0,33.24784,71.28815,2026-08-15,Other/Unknown,Other/Unknown,0.0,Low
7411,1656.0,33.2496,71.28826,2026-08-15,Other/Unknown,Other/Unknown,0.0,Low
7454,1656.0,33.2472,71.29536,2026-08-15,Other/Unknown,Other/Unknown,0.0,Low
7455,1656.0,33.24773,71.29378,2026-08-15,Other/Unknown,Other/Unknown,0.0,Low
7456,1656.0,33.24935,71.28817,2026-08-15,Other/Unknown,Other/Unknown,0.0,Low
7457,1656.0,33.24991,71.28664,2026-08-15,Other/Unknown,Other/Unknown,0.0,Low
7589,1656.0,33.25005,71.29332,2026-08-16,Other/Unknown,Other/Unknown,0.0,Low
7590,1656.0,33.25105,71.28937,2026-08-16,Other/Unknown,Other/Unknown,0.0,Low
6036,1657.0,6.23004,81.06303,2026-08-19,Other/Unknown,Other/Unknown,0.0,Low
6037,1657.0,6.23047,81.06284,2026-08-19,Other/Unknown,Other/Unknown,0.0,Low
6040,1658.0,6.41853,81.12688,2026-08-19,Other/Unknown,Other/Unknown,0.0,Low
6041,1658.0,6.42231,81.122,2026-08-19,Other/Unknown,Other/Unknown,0.0,Low
6044,1659.0,6.73667,81.62422,2026-08-19,Wildfire / Natural Fire,Wildfire / Natural Fire,16.9,Medium
6045,1659.0,6.73724,81.6267,2026-08-19,Wildfire / Natural Fire,Wildfire / Natural Fire,17.0,Medium
6046,1659.0,6.7373,81.62887,2026-08-19,Wildfire / Natural Fire,Wildfire / Natural Fire,16.9,Medium
6047,1659.0,6.73792,81.63136,2026-08-19,Wildfire / Natural Fire,Wildfire / Natural Fire,16.8,Medium
6052,1660.0,7.08648,81.79789,2026-08-19,Other/Unknown,Other/Unknown,0.0,Low
6053,1660.0,7.08782,81.79578,2026-08-19,Other/Unknown,Other/Unknown,0.0,Low
7323,1660.0,7.08783,81.78349,2026-08-15,Other/Unknown,Other/Unknown,0.0,Low
7324,1660.0,7.08889,81.79051,2026-08-15,Other/Unknown,Other/Unknown,0.0,Low
7325,1660.0,7.08942,81.79402,2026-08-15,Other/Unknown,Other/Unknown,0.0,Low
7326,1660.0,7.09117,81.78297,2026-08-15,Other/Unknown,Other/Unknown,0.0,Low
6056,1661.0,7.22807,81.13277,2026-08-19,Wildfire / Natural Fire,Wildfire / Natural Fire,19.5,Medium
6057,1661.0,7.22857,81.1364,2026-08-19,Wildfire / Natural Fire,Wildfire / Natural Fire,20.3,Medium
6058,1661.0,7.23305,81.13596,2026-08-19,Wildfire / Natural Fire,Wildfire / Natural Fire,18.9,Medium
6059,1661.0,7.23752,81.13548,2026-08-19,Wildfire / Natural Fire,Wildfire / Natural Fire,18.5,Medium
6337,1661.0,7.2192,81.13906,2026-08-20,Wildfire / Natural Fire,Wildfire / Natural Fire,19.7,Medium
6338,1661.0,7.21973,81.14264,2026-08-20,Wildfire / Natural Fire,Wildfire / Natural Fire,20.9,Medium
6976,1661.0,7.21913,81.1442,2026-08-22,Wildfire / Natural Fire,Wildfire / Natural Fire,20.3,Medium
7109,1661.0,7.22024,81.14927,2026-08-23,Wildfire / Natural Fire,Wildfire / Natural Fire,20.1,Medium
7779,1661.0,7.22388,81.14285,2026-08-18,Wildfire / Natural Fire,Wildfire / Natural Fire,20.3,Medium
7780,1661.0,7.22787,81.14833,2026-08-18,Wildfire / Natural Fire,Wildfire / Natural Fire,20.4,Medium
7781,1661.0,7.22851,81.14391,2026-08-18,Wildfire / Natural Fire,Wildfire / Natural Fire,21.1,Medium
7782,1661.0,7.22923,81.13885,2026-08-18,Wildfire / Natural Fire,Wildfire / Natural Fire,20.7,Medium
7783,1661.0,7.23261,81.14859,2026-08-18,Wildfire / Natural Fire,Wildfire / Natural Fire,20.4,Medium
7784,1661.0,7.23396,81.13914,2026-08-18,Wildfire / Natural Fire,Wildfire / Natural Fire,20.7,Medium
6062,1662.0,7.31318,81.17209,2026-08-19,Other/Unknown,Other/Unknown,0.0,Low
6063,1662.0,7.31527,81.17111,2026-08-19,Other/Unknown,Other/Unknown,0.0,Low
6068,1663.0,7.39155,81.24351,2026-08-19,Other/Unknown,Other/Unknown,0.0,Low
6069,1663.0,7.39219,81.24805,2026-08-19,Other/Unknown,Other/Unknown,0.0,Low
6070,1663.0,7.39605,81.24292,2026-08-19,Other/Unknown,Other/Unknown,0.0,Low
6091,1664.0,7.59265,81.4476,2026-08-19,Other/Unknown,Other/Unknown,0.0,Low
9136,1664.0,7.5956,81.45546,2026-07-31,Other/Unknown,Other/Unknown,0.0,Low
6092,1665.0,7.70094,80.39207,2026-08-19,Other/Unknown,Other/Unknown,0.0,Low
6093,1665.0,7.70519,80.39142,2026-08-19,Other/Unknown,Other/Unknown,0.0,Low
6097,1666.0,7.85508,81.42368,2026-08-19,Wildfire / Natural Fire,Wildfire / Natural Fire,17.1,Medium
6098,1666.0,7.85574,81.42837,2026-08-19,Wildfire / Natural Fire,Wildfire / Natural Fire,17.0,Medium
6100,1667.0,8.06318,81.14916,2026-08-19,Other/Unknown,Other/Unknown,0.0,Low
6101,1667.0,8.06456,81.14703,2026-08-19,Other/Unknown,Other/Unknown,0.0,Low
6104,1668.0,8.19289,81.20457,2026-08-19,Wildfire / Natural Fire,Wildfire / Natural Fire,19.3,Medium
6105,1668.0,8.19289,81.20832,2026-08-19,Wildfire / Natural Fire,Wildfire / Natural Fire,19.3,Medium
6111,1669.0,8.47491,80.3939,2026-08-19,Other/Unknown,Other/Unknown,0.0,Low
6112,1669.0,8.47922,80.3933,2026-08-19,Other/Unknown,Other/Unknown,0.0,Low
6121,1670.0,8.61871,80.88013,2026-08-19,Other/Unknown,Other/Unknown,0.0,Low
6122,1670.0,8.62317,80.87952,2026-08-19,Other/Unknown,Other/Unknown,0.0,Low
6128,1671.0,8.64296,77.89849,2026-08-19,Wildfire / Natural Fire,Wildfire / Natural Fire,16.6,Medium
6129,1671.0,8.64359,77.90287,2026-08-19,Wildfire / Natural Fire,Wildfire / Natural Fire,18.1,Medium
6130,1672.0,8.71568,77.94273,2026-08-19,Wildfire / Natural Fire,Wildfire / Natural Fire,16.4,Medium
6131,1672.0,8.71631,77.94712,2026-08-19,Wildfire / Natural Fire,Wildfire / Natural Fire,16.7,Medium
6132,1672.0,8.71938,77.94218,2026-08-19,Wildfire / Natural Fire,Wildfire / Natural Fire,16.4,Medium
6133,1673.0,8.74087,77.59978,2026-08-19,Other/Unknown,Other/Unknown,8.5,Low
6295,1673.0,8.73686,77.60081,2026-08-19,Other/Unknown,Other/Unknown,5.7,Low
6296,1673.0,8.73753,77.59727,2026-08-19,Other/Unknown,Other/Unknown,8.6,Low
6297,1673.0,8.74163,77.60539,2026-08-19,Other/Unknown,Industrial Fire,52.6,High
6298,1673.0,8.7423,77.60185,2026-08-19,Other/Unknown,Other/Unknown,5.8,Low
6299,1673.0,8.74296,77.59831,2026-08-19,Other/Unknown,Other/Unknown,6.4,Low
6558,1673.0,8.73957,77.60084,2026-08-20,Other/Unknown,Other/Unknown,4.5,Low
6708,1673.0,8.74044,77.60186,2026-08-21,Other/Unknown,Other/Unknown,7.7,Low
6709,1673.0,8.74099,77.59838,2026-08-21,Other/Unknown,Other/Unknown,4.2,Low
6136,1674.0,8.89859,77.86332,2026-08-19,Other/Unknown,Other/Unknown,5.4,Low
6137,1674.0,8.89924,77.86769,2026-08-19,Other/Unknown,Other/Unknown,8.5,Low
6138,1674.0,8.8998,77.85522,2026-08-19,Other/Unknown,Other/Unknown,8.7,Low
6140,1674.0,8.90042,77.8596,2026-08-19,Other/Unknown,Other/Unknown,4.3,Low
6141,1674.0,8.90104,77.86399,2026-08-19,Other/Unknown,Other/Unknown,4.2,Low
6142,1674.0,8.9035,77.85469,2026-08-19,Other/Unknown,Other/Unknown,4.8,Low
6144,1674.0,8.90412,77.85908,2026-08-19,Other/Unknown,Other/Unknown,8.6,Low
6146,1674.0,8.90474,77.86346,2026-08-19,Other/Unknown,Other/Unknown,8.5,Low
8394,1674.0,8.89707,77.86404,2026-08-12,Other/Unknown,Other/Unknown,19.0,Medium
8395,1674.0,8.9007,77.85759,2026-08-12,Other/Unknown,Other/Unknown,4.4,Low
8396,1674.0,8.90267,77.85844,2026-08-12,Other/Unknown,Other/Unknown,6.6,Low
6139,1675.0,8.90038,77.80621,2026-08-19,Industrial Fire,Industrial Fire,98.5,Critical
6143,1675.0,8.90407,77.80566,2026-08-19,Industrial Fire,Industrial Fire,98.5,Critical
6145,1675.0,8.90469,77.81,2026-08-19,Industrial Fire,Industrial Fire,93.2,Critical
6147,1676.0,8.90883,77.7077,2026-08-19,Industrial Fire,Industrial Fire,94.5,Critical
7844,1676.0,8.90778,77.70798,2026-08-09,Industrial Fire,Industrial Fire,94.3,Critical
6148,1677.0,8.91504,78.00077,2026-08-19,Other/Unknown,Other/Unknown,5.2,Low
7697,1677.0,8.9135,77.99487,2026-08-18,Other/Unknown,Other/Unknown,7.4,Low
7698,1677.0,8.91391,77.99789,2026-08-18,Other/Unknown,Other/Unknown,4.7,Low
6150,1678.0,9.02323,80.83984,2026-08-19,Other/Unknown,Other/Unknown,0.0,Low
6151,1678.0,9.02384,80.84435,2026-08-19,Other/Unknown,Other/Unknown,0.0,Low
6152,1679.0,9.03106,77.75757,2026-08-19,Wildfire / Natural Fire,Wildfire / Natural Fire,16.7,Medium
6153,1679.0,9.03169,77.76192,2026-08-19,Wildfire / Natural Fire,Wildfire / Natural Fire,16.9,Medium
6154,1679.0,9.03474,77.75704,2026-08-19,Wildfire / Natural Fire,Wildfire / Natural Fire,16.9,Medium
6155,1679.0,9.03537,77.76139,2026-08-19,Wildfire / Natural Fire,Wildfire / Natural Fire,16.8,Medium
8397,1679.0,9.03714,77.75275,2026-08-12,Wildfire / Natural Fire,Wildfire / Natural Fire,16.4,Medium
6159,1680.0,9.36352,78.6637,2026-08-19,Wildfire / Natural Fire,Wildfire / Natural Fire,16.4,Medium
6580,1680.0,9.36559,78.66248,2026-08-21,Wildfire / Natural Fire,Wildfire / Natural Fire,16.8,Medium
6161,1681.0,9.38992,80.58401,2026-08-19,Other/Unknown,Other/Unknown,1.8,Low
6162,1681.0,9.39086,80.58241,2026-08-19,Other/Unknown,Other/Unknown,5.2,Low
6163,1681.0,9.39435,80.58342,2026-08-19,Other/Unknown,Other/Unknown,5.2,Low
6166,1682.0,9.45543,78.69313,2026-08-19,Other/Unknown,Other/Unknown,0.0,Low
10802,1682.0,9.458,78.68839,2026-07-24,Other/Unknown,Other/Unknown,0.0,Low
6167,1683.0,9.51772,78.22963,2026-08-19,Industrial Fire,Industrial Fire,98.4,Critical
6168,1683.0,9.52153,78.22908,2026-08-19,Industrial Fire,Industrial Fire,98.5,Critical
6169,1683.0,9.52219,78.23375,2026-08-19,Industrial Fire,Industrial Fire,98.3,Critical
6170,1683.0,9.52467,78.22387,2026-08-19,Industrial Fire,Industrial Fire,98.6,Critical
6171,1684.0,9.57684,78.31702,2026-08-19,Industrial Fire,Industrial Fire,98.7,Critical
7198,1684.0,9.57608,78.31172,2026-08-14,Industrial Fire,Industrial Fire,98.4,Critical
7199,1684.0,9.57666,78.31569,2026-08-14,Industrial Fire,Industrial Fire,98.4,Critical
6177,1685.0,11.14616,76.89647,2026-08-19,Other/Unknown,Other/Unknown,0.0,Low
6178,1685.0,11.14976,76.89596,2026-08-19,Other/Unknown,Other/Unknown,0.0,Low
6186,1686.0,29.96772,71.26892,2026-08-19,Other/Unknown,Other/Unknown,0.0,Low
6187,1686.0,29.96822,71.26781,2026-08-19,Other/Unknown,Other/Unknown,0.0,Low
6188,1687.0,29.97297,72.62572,2026-08-19,Other/Unknown,Other/Unknown,0.0,Low
6190,1687.0,29.97657,72.62513,2026-08-19,Other/Unknown,Other/Unknown,0.0,Low
6189,1688.0,29.97413,72.18383,2026-08-19,Other/Unknown,Other/Unknown,0.0,Low
6191,1688.0,29.97767,72.18323,2026-08-19,Other/Unknown,Other/Unknown,0.0,Low
6192,1689.0,30.0102,72.62923,2026-08-19,Wildfire / Natural Fire,Wildfire / Natural Fire,16.4,Medium
6193,1689.0,30.01081,72.63397,2026-08-19,Wildfire / Natural Fire,Wildfire / Natural Fire,16.6,Medium
6194,1689.0,30.01381,72.62862,2026-08-19,Wildfire / Natural Fire,Wildfire / Natural Fire,16.4,Medium
6196,1690.0,30.32764,72.14849,2026-08-19,Other/Unknown,Other/Unknown,0.0,Low
6197,1690.0,30.32824,72.15308,2026-08-19,Other/Unknown,Other/Unknown,0.0,Low
6229,1691.0,24.28024,91.38567,2026-08-19,Other/Unknown,Other/Unknown,0.0,Low
10672,1691.0,24.27999,91.38542,2026-07-23,Other/Unknown,Other/Unknown,5.0,Low
6231,1692.0,25.60961,89.81148,2026-08-19,Other/Unknown,Other/Unknown,0.0,Low
6232,1692.0,25.61233,89.81267,2026-08-19,Other/Unknown,Other/Unknown,0.0,Low
6239,1693.0,6.60867,81.18574,2026-08-19,Other/Unknown,Other/Unknown,0.0,Low
7576,1693.0,6.60892,81.18781,2026-08-16,Other/Unknown,Other/Unknown,0.0,Low
6240,1694.0,7.57253,80.92683,2026-08-19,Other/Unknown,Other/Unknown,0.0,Low
6241,1694.0,7.57323,80.92142,2026-08-19,Other/Unknown,Other/Unknown,0.0,Low
6242,1694.0,7.57378,80.92686,2026-08-19,Other/Unknown,Other/Unknown,0.0,Low
6243,1694.0,7.57451,80.92145,2026-08-19,Other/Unknown,Other/Unknown,0.0,Low
6302,1694.0,7.57133,80.92029,2026-08-19,Other/Unknown,Other/Unknown,0.0,Low
7820,1694.0,7.5681,80.92384,2026-08-09,Other/Unknown,Other/Unknown,0.0,Low
6260,1695.0,24.14009,82.70357,2026-08-19,Other/Unknown,Other/Unknown,0.0,Low
9055,1695.0,24.13606,82.6973,2026-07-30,Other/Unknown,Other/Unknown,0.0,Low
9056,1695.0,24.13778,82.69932,2026-07-30,Other/Unknown,Other/Unknown,0.0,Low
9057,1695.0,24.14061,82.70523,2026-07-30,Other/Unknown,Other/Unknown,0.0,Low
9311,1695.0,24.14058,82.70781,2026-07-31,Other/Unknown,Other/Unknown,0.0,Low
9312,1695.0,24.14388,82.70842,2026-07-31,Other/Unknown,Other/Unknown,0.0,Low
9742,1695.0,24.1417,82.70517,2026-07-25,Other/Unknown,Other/Unknown,0.0,Low
6306,1696.0,6.35584,81.14819,2026-08-20,Wildfire / Natural Fire,Wildfire / Natural Fire,16.5,Medium
6307,1696.0,6.35923,81.14768,2026-08-20,Wildfire / Natural Fire,Wildfire / Natural Fire,16.5,Medium
7679,1696.0,6.35878,81.14948,2026-08-18,Wildfire / Natural Fire,Wildfire / Natural Fire,18.3,Medium
7680,1696.0,6.35941,81.15408,2026-08-18,Wildfire / Natural Fire,Wildfire / Natural Fire,18.3,Medium
6314,1697.0,6.6253,81.24866,2026-08-20,Wildfire / Natural Fire,Wildfire / Natural Fire,16.5,Medium
6315,1697.0,6.62535,81.24851,2026-08-20,Wildfire / Natural Fire,Wildfire / Natural Fire,16.3,Medium
6316,1697.0,6.6259,81.25217,2026-08-20,Wildfire / Natural Fire,Wildfire / Natural Fire,16.3,Medium
10995,1697.0,6.62337,81.25171,2026-07-17,Wildfire / Natural Fire,Wildfire / Natural Fire,17.6,Medium
10996,1697.0,6.62473,81.25899,2026-07-17,Wildfire / Natural Fire,Wildfire / Natural Fire,17.5,Medium
10997,1697.0,6.6249,81.24995,2026-07-17,Wildfire / Natural Fire,Wildfire / Natural Fire,17.6,Medium
10998,1697.0,6.62629,81.25719,2026-07-17,Wildfire / Natural Fire,Wildfire / Natural Fire,17.6,Medium
10999,1697.0,6.63061,81.25043,2026-07-17,Wildfire / Natural Fire,Wildfire / Natural Fire,16.8,Medium
6320,1698.0,6.72316,81.06162,2026-08-20,Wildfire / Natural Fire,Wildfire / Natural Fire,16.3,Medium
6321,1698.0,6.72654,81.06101,2026-08-20,Wildfire / Natural Fire,Wildfire / Natural Fire,16.8,Medium
6322,1698.0,6.72991,81.06036,2026-08-20,Wildfire / Natural Fire,Wildfire / Natural Fire,16.8,Medium
6323,1698.0,6.73046,81.06409,2026-08-20,Wildfire / Natural Fire,Wildfire / Natural Fire,16.8,Medium
6324,1698.0,6.73328,81.05975,2026-08-20,Wildfire / Natural Fire,Wildfire / Natural Fire,17.7,Medium
10937,1698.0,6.72905,81.06881,2026-07-16,Wildfire / Natural Fire,Wildfire / Natural Fire,16.2,Medium
6328,1699.0,6.7872,81.46957,2026-08-20,Other/Unknown,Other/Unknown,0.0,Low
7144,1699.0,6.78809,81.47303,2026-08-14,Other/Unknown,Other/Unknown,0.0,Low
7145,1699.0,6.79066,81.46186,2026-08-14,Other/Unknown,Other/Unknown,0.0,Low
6331,1700.0,6.82714,81.50195,2026-08-20,Wildfire / Natural Fire,Wildfire / Natural Fire,16.5,Medium
7319,1700.0,6.82552,81.50262,2026-08-15,Wildfire / Natural Fire,Wildfire / Natural Fire,17.5,Medium
6336,1701.0,7.19321,81.76139,2026-08-20,Other/Unknown,Other/Unknown,0.0,Low
7810,1701.0,7.19186,81.74882,2026-08-09,Other/Unknown,Other/Unknown,0.0,Low
7811,1701.0,7.19216,81.75013,2026-08-09,Other/Unknown,Other/Unknown,0.0,Low
9626,1701.0,7.18583,81.76392,2026-07-25,Other/Unknown,Other/Unknown,0.0,Low
9627,1701.0,7.19306,81.7664,2026-07-25,Other/Unknown,Other/Unknown,0.8,Low
10008,1701.0,7.19165,81.77459,2026-07-27,Other/Unknown,Other/Unknown,0.0,Low
10009,1701.0,7.19237,81.77859,2026-07-27,Other/Unknown,Other/Unknown,0.0,Low
10010,1701.0,7.19811,81.7444,2026-07-27,Other/Unknown,Other/Unknown,0.0,Low
10253,1701.0,7.19829,81.76385,2026-07-29,Other/Unknown,Other/Unknown,0.0,Low
10533,1701.0,7.19035,81.75748,2026-07-22,Other/Unknown,Other/Unknown,0.9,Low
10534,1701.0,7.19228,81.75621,2026-07-22,Other/Unknown,Other/Unknown,0.0,Low
10535,1701.0,7.19671,81.75636,2026-07-22,Other/Unknown,Other/Unknown,4.1,Low
10536,1701.0,7.19864,81.75513,2026-07-22,Other/Unknown,Other/Unknown,4.0,Low
10611,1701.0,7.18467,81.75263,2026-07-23,Other/Unknown,Other/Unknown,0.7,Low
10612,1701.0,7.18597,81.76203,2026-07-23,Other/Unknown,Other/Unknown,0.0,Low
11353,1701.0,7.1955,81.7493,2026-07-19,Other/Unknown,Other/Unknown,0.8,Low
6353,1702.0,7.34035,81.75928,2026-08-20,Other/Unknown,Other/Unknown,0.0,Low
7349,1702.0,7.34131,81.7579,2026-08-15,Other/Unknown,Other/Unknown,0.0,Low
6360,1703.0,7.45547,81.08854,2026-08-20,Other/Unknown,Other/Unknown,0.0,Low
6361,1703.0,7.45602,81.09219,2026-08-20,Other/Unknown,Other/Unknown,0.0,Low
9644,1703.0,7.46126,81.09501,2026-07-25,Other/Unknown,Other/Unknown,0.0,Low
6363,1704.0,7.50069,81.27799,2026-08-20,Other/Unknown,Other/Unknown,0.0,Low
9124,1704.0,7.50291,81.28059,2026-07-31,Other/Unknown,Other/Unknown,0.0,Low
6364,1705.0,7.52927,80.93124,2026-08-20,Other/Unknown,Other/Unknown,0.0,Low
6365,1705.0,7.52982,80.93488,2026-08-20,Other/Unknown,Other/Unknown,0.0,Low
6366,1705.0,7.53321,80.93436,2026-08-20,Other/Unknown,Other/Unknown,0.0,Low
6388,1706.0,8.82787,80.89571,2026-08-20,Wildfire / Natural Fire,Wildfire / Natural Fire,16.4,Medium
7189,1706.0,8.83132,80.89387,2026-08-14,Wildfire / Natural Fire,Wildfire / Natural Fire,16.4,Medium
7619,1706.0,8.82442,80.90121,2026-08-17,Wildfire / Natural Fire,Wildfire / Natural Fire,16.6,Medium
7620,1706.0,8.82503,80.90459,2026-08-17,Wildfire / Natural Fire,Wildfire / Natural Fire,16.6,Medium
7621,1706.0,8.82915,80.8968,2026-08-17,Wildfire / Natural Fire,Wildfire / Natural Fire,17.0,Medium
7622,1706.0,8.82977,80.9002,2026-08-17,Wildfire / Natural Fire,Wildfire / Natural Fire,16.6,Medium
7623,1706.0,8.83039,80.90359,2026-08-17,Wildfire / Natural Fire,Wildfire / Natural Fire,16.6,Medium
6397,1707.0,10.20464,78.83772,2026-08-20,Wildfire / Natural Fire,Wildfire / Natural Fire,16.9,Medium
7487,1707.0,10.20671,78.83601,2026-08-16,Wildfire / Natural Fire,Wildfire / Natural Fire,16.4,Medium
6417,1708.0,17.50684,82.94902,2026-08-20,Industrial Fire,Industrial Fire,98.3,Critical
6418,1708.0,17.50736,82.95307,2026-08-20,Industrial Fire,Industrial Fire,98.4,Critical
6419,1708.0,17.51158,82.95251,2026-08-20,Industrial Fire,Industrial Fire,98.7,Critical
6454,1709.0,14.60754,79.6615,2026-08-20,Other/Unknown,Other/Unknown,4.0,Low
6607,1709.0,14.60742,79.66074,2026-08-21,Other/Unknown,Other/Unknown,6.9,Low
6608,1709.0,14.60819,79.65999,2026-08-21,Other/Unknown,Other/Unknown,6.4,Low
6537,1710.0,23.78225,85.57,2026-08-20,Other/Unknown,Other/Unknown,0.0,Low
6915,1710.0,23.78123,85.57403,2026-08-22,Other/Unknown,Other/Unknown,0.0,Low
8029,1710.0,23.78459,85.56609,2026-08-09,Other/Unknown,Other/Unknown,0.0,Low
8146,1710.0,23.78002,85.57363,2026-08-10,Other/Unknown,Other/Unknown,0.0,Low
8147,1710.0,23.78163,85.56542,2026-08-10,Other/Unknown,Other/Unknown,0.0,Low
8343,1710.0,23.77981,85.57465,2026-08-11,Other/Unknown,Other/Unknown,0.0,Low
8344,1710.0,23.78109,85.56696,2026-08-11,Other/Unknown,Other/Unknown,0.0,Low
9735,1710.0,23.78343,85.57757,2026-07-25,Other/Unknown,Other/Unknown,0.0,Low
10219,1710.0,23.78166,85.5735,2026-07-28,Other/Unknown,Other/Unknown,0.0,Low
10927,1710.0,23.78004,85.57303,2026-07-16,Other/Unknown,Other/Unknown,0.0,Low
10928,1710.0,23.78344,85.57362,2026-07-16,Other/Unknown,Other/Unknown,0.0,Low
6541,1711.0,24.71524,75.95329,2026-08-20,Industrial Fire,Industrial Fire,98.5,Critical
6932,1711.0,24.71618,75.953,2026-08-22,Industrial Fire,Industrial Fire,98.5,Critical
6542,1712.0,25.03646,87.38701,2026-08-20,Other/Unknown,Other/Unknown,0.0,Low
6543,1712.0,25.03673,87.38658,2026-08-20,Other/Unknown,Other/Unknown,0.0,Low
7098,1712.0,25.03607,87.38985,2026-08-23,Other/Unknown,Other/Unknown,0.0,Low
7552,1712.0,25.03796,87.39037,2026-08-16,Other/Unknown,Other/Unknown,0.0,Low
8357,1712.0,25.03586,87.38855,2026-08-11,Other/Unknown,Other/Unknown,0.0,Low
8429,1712.0,25.03583,87.3895,2026-08-12,Other/Unknown,Other/Unknown,0.0,Low
8659,1712.0,25.03714,87.38972,2026-08-06,Other/Unknown,Other/Unknown,4.0,Low
10054,1712.0,25.03638,87.38838,2026-07-27,Other/Unknown,Other/Unknown,0.6,Low
6547,1713.0,6.64198,80.81609,2026-08-20,Other/Unknown,Other/Unknown,0.0,Low
6548,1713.0,6.64253,80.81303,2026-08-20,Other/Unknown,Other/Unknown,0.0,Low
6549,1713.0,6.64453,80.81778,2026-08-20,Other/Unknown,Other/Unknown,0.0,Low
6550,1713.0,6.64509,80.81454,2026-08-20,Other/Unknown,Other/Unknown,0.0,Low
6551,1713.0,6.64705,80.81706,2026-08-20,Other/Unknown,Other/Unknown,0.0,Low
6552,1713.0,6.64764,80.81381,2026-08-20,Other/Unknown,Other/Unknown,0.0,Low
6557,1714.0,7.39811,81.10191,2026-08-20,Other/Unknown,Other/Unknown,0.0,Low
6564,1714.0,7.39327,81.09946,2026-08-21,Other/Unknown,Other/Unknown,0.0,Low
6565,1714.0,7.39688,81.09885,2026-08-21,Other/Unknown,Other/Unknown,0.0,Low
6566,1715.0,7.51083,81.69547,2026-08-21,Wildfire / Natural Fire,Wildfire / Natural Fire,16.5,Medium
8934,1715.0,7.51412,81.69109,2026-07-30,Wildfire / Natural Fire,Wildfire / Natural Fire,17.5,Medium
6575,1716.0,8.77386,80.41042,2026-08-21,Wildfire / Natural Fire,Wildfire / Natural Fire,17.0,Medium
6576,1716.0,8.77498,80.40853,2026-08-21,Wildfire / Natural Fire,Wildfire / Natural Fire,16.5,Medium
6591,1717.0,10.86179,78.60693,2026-08-21,Other/Unknown,Other/Unknown,0.0,Low
6592,1717.0,10.86351,78.60498,2026-08-21,Other/Unknown,Other/Unknown,0.0,Low
6600,1718.0,11.71186,79.12611,2026-08-21,Wildfire / Natural Fire,Wildfire / Natural Fire,19.2,Medium
6601,1718.0,11.71266,79.13078,2026-08-21,Wildfire / Natural Fire,Wildfire / Natural Fire,16.9,Medium
6625,1719.0,29.47919,71.78834,2026-08-21,Other/Unknown,Other/Unknown,0.0,Low
6626,1719.0,29.48029,71.78488,2026-08-21,Other/Unknown,Other/Unknown,0.0,Low
6629,1720.0,29.98619,72.59346,2026-08-21,Other/Unknown,Other/Unknown,0.0,Low
8682,1720.0,29.99058,72.58743,2026-08-07,Other/Unknown,Other/Unknown,0.0,Low
6634,1721.0,30.48677,71.85528,2026-08-21,Other/Unknown,Other/Unknown,0.0,Low
6635,1721.0,30.4877,71.85971,2026-08-21,Other/Unknown,Other/Unknown,0.0,Low
6641,1722.0,35.77929,71.34325,2026-08-21,Other/Unknown,Other/Unknown,0.0,Low
6642,1722.0,35.77944,71.34021,2026-08-21,Other/Unknown,Other/Unknown,0.0,Low
6643,1722.0,35.78532,71.34322,2026-08-21,Other/Unknown,Other/Unknown,0.0,Low
6724,1722.0,35.78307,71.34697,2026-08-21,Other/Unknown,Other/Unknown,0.0,Low
6725,1722.0,35.78323,71.34509,2026-08-21,Other/Unknown,Other/Unknown,0.0,Low
6816,1722.0,35.77949,71.34142,2026-08-22,Other/Unknown,Other/Unknown,0.0,Low
6817,1722.0,35.78005,71.34366,2026-08-22,Other/Unknown,Other/Unknown,0.0,Low
6818,1722.0,35.78503,71.34227,2026-08-22,Other/Unknown,Other/Unknown,0.0,Low
6648,1723.0,23.71933,85.00983,2026-08-21,Other/Unknown,Other/Unknown,0.0,Low
6885,1723.0,23.71957,85.01024,2026-08-22,Other/Unknown,Other/Unknown,0.0,Low
7539,1723.0,23.72058,85.00829,2026-08-16,Other/Unknown,Other/Unknown,0.0,Low
8167,1723.0,23.71813,85.00859,2026-08-10,Other/Unknown,Other/Unknown,0.0,Low
8168,1723.0,23.72211,85.0095,2026-08-10,Other/Unknown,Other/Unknown,0.0,Low
9729,1723.0,23.7212,85.00928,2026-07-25,Other/Unknown,Other/Unknown,0.0,Low
9942,1723.0,23.71868,85.00743,2026-07-26,Other/Unknown,Other/Unknown,0.0,Low
6650,1724.0,24.92917,84.14589,2026-08-21,Other/Unknown,Other/Unknown,0.0,Low
6651,1724.0,24.92936,84.14852,2026-08-21,Other/Unknown,Other/Unknown,0.0,Low
6657,1725.0,17.29117,78.40939,2026-08-21,Industrial Fire,Industrial Fire,98.3,Critical
6658,1725.0,17.29336,78.40997,2026-08-21,Industrial Fire,Industrial Fire,98.4,Critical
9758,1725.0,17.29367,78.40926,2026-07-25,Industrial Fire,Industrial Fire,98.3,Critical
6707,1726.0,8.59524,77.89958,2026-08-21,Other/Unknown,Other/Unknown,0.0,Low
7031,1726.0,8.60119,77.89647,2026-08-23,Other/Unknown,Other/Unknown,0.0,Low
6712,1727.0,10.08768,77.23882,2026-08-21,Other/Unknown,Other/Unknown,0.0,Low
6713,1727.0,10.08821,77.23543,2026-08-21,Other/Unknown,Other/Unknown,0.0,Low
6714,1727.0,10.09154,77.23588,2026-08-21,Other/Unknown,Other/Unknown,0.0,Low
6715,1727.0,10.09488,77.23631,2026-08-21,Other/Unknown,Other/Unknown,0.0,Low
6955,1727.0,10.0821,77.23841,2026-08-22,Other/Unknown,Other/Unknown,0.0,Low
6956,1727.0,10.08541,77.24478,2026-08-22,Other/Unknown,Other/Unknown,0.0,Low
6716,1728.0,10.24319,77.2169,2026-08-21,Other/Unknown,Other/Unknown,0.0,Low
6717,1728.0,10.24541,77.22453,2026-08-21,Other/Unknown,Other/Unknown,0.0,Low
6718,1728.0,10.24596,77.22096,2026-08-21,Other/Unknown,Other/Unknown,0.0,Low
6719,1728.0,10.24651,77.21736,2026-08-21,Other/Unknown,Other/Unknown,0.0,Low
6720,1728.0,10.24707,77.21375,2026-08-21,Other/Unknown,Other/Unknown,0.0,Low
6721,1728.0,10.24929,77.22139,2026-08-21,Other/Unknown,Other/Unknown,0.0,Low
6722,1728.0,10.2504,77.21418,2026-08-21,Other/Unknown,Other/Unknown,0.0,Low
6957,1728.0,10.2395,77.21495,2026-08-22,Other/Unknown,Other/Unknown,0.0,Low
6726,1729.0,35.78896,71.32448,2026-08-21,Other/Unknown,Other/Unknown,0.0,Low
6727,1729.0,35.78955,71.32182,2026-08-21,Other/Unknown,Other/Unknown,0.0,Low
6731,1730.0,27.50355,68.7322,2026-08-21,Other/Unknown,Other/Unknown,0.0,Low
6732,1730.0,27.50491,68.73128,2026-08-21,Other/Unknown,Other/Unknown,5.3,Low
6735,1731.0,6.34838,81.34315,2026-08-22,Wildfire / Natural Fire,Wildfire / Natural Fire,16.8,Medium
6736,1731.0,6.35328,81.34239,2026-08-22,Wildfire / Natural Fire,Wildfire / Natural Fire,16.8,Medium
6745,1732.0,6.77002,81.52097,2026-08-22,Other/Unknown,Other/Unknown,0.0,Low
9815,1732.0,6.76661,81.52686,2026-07-26,Other/Unknown,Other/Unknown,0.0,Low
9816,1732.0,6.76826,81.52631,2026-07-26,Other/Unknown,Other/Unknown,0.0,Low
6747,1733.0,6.87378,81.61257,2026-08-22,Other/Unknown,Other/Unknown,0.0,Low
6748,1733.0,6.87433,81.61431,2026-08-22,Other/Unknown,Other/Unknown,0.0,Low
11021,1733.0,6.87796,81.60595,2026-07-17,Other/Unknown,Other/Unknown,0.0,Low
6749,1734.0,6.92842,80.95791,2026-08-22,Other/Unknown,Other/Unknown,0.0,Low
6969,1734.0,6.93567,80.96031,2026-08-22,Other/Unknown,Other/Unknown,0.0,Low
6970,1734.0,6.939,80.96082,2026-08-22,Other/Unknown,Other/Unknown,0.0,Low
6753,1735.0,7.33641,81.84488,2026-08-22,Industrial Fire,Industrial Fire,98.5,Critical
6755,1735.0,7.33841,81.84257,2026-08-22,Industrial Fire,Industrial Fire,98.4,Critical
6766,1736.0,8.0688,81.23716,2026-08-22,Industrial Fire,Industrial Fire,98.7,Critical
6767,1736.0,8.0697,81.24239,2026-08-22,Industrial Fire,Industrial Fire,94.7,Critical
6773,1737.0,8.61922,81.18944,2026-08-22,Other/Unknown,Other/Unknown,2.0,Low
9854,1737.0,8.62055,81.19012,2026-07-26,Other/Unknown,Wildfire / Natural Fire,14.4,Low
6775,1738.0,9.29744,77.75079,2026-08-22,Other/Unknown,Other/Unknown,0.6,Low
6777,1738.0,9.29573,77.75149,2026-08-22,Other/Unknown,Other/Unknown,0.5,Low
6779,1739.0,11.40803,78.71432,2026-08-22,Other/Unknown,Other/Unknown,0.0,Low
6780,1739.0,11.41039,78.7151,2026-08-22,Other/Unknown,Other/Unknown,0.0,Low
6781,1740.0,11.72656,78.68904,2026-08-22,Wildfire / Natural Fire,Wildfire / Natural Fire,16.3,Medium
6782,1740.0,11.72925,78.6898,2026-08-22,Wildfire / Natural Fire,Wildfire / Natural Fire,16.3,Medium
7735,1740.0,11.72489,78.6914,2026-08-18,Wildfire / Natural Fire,Wildfire / Natural Fire,16.9,Medium
9701,1740.0,11.73022,78.68802,2026-07-25,Wildfire / Natural Fire,Wildfire / Natural Fire,17.0,Medium
6784,1741.0,15.16272,77.14871,2026-08-22,Other/Unknown,Other/Unknown,0.0,Low
6785,1741.0,15.16347,77.15242,2026-08-22,Other/Unknown,Other/Unknown,0.0,Low
6786,1742.0,15.20609,77.16582,2026-08-22,Other/Unknown,Other/Unknown,0.0,Low
6787,1742.0,15.20629,77.16636,2026-08-22,Other/Unknown,Other/Unknown,3.5,Low
6810,1743.0,30.04478,71.98708,2026-08-22,Other/Unknown,Other/Unknown,0.0,Low
6811,1743.0,30.0458,71.99122,2026-08-22,Other/Unknown,Other/Unknown,0.0,Low
6812,1744.0,30.57678,72.26831,2026-08-22,Other/Unknown,Other/Unknown,0.0,Low
6813,1744.0,30.57812,72.26745,2026-08-22,Other/Unknown,Other/Unknown,0.0,Low
6890,1745.0,23.74471,85.50642,2026-08-22,Other/Unknown,Other/Unknown,0.5,Low
7541,1745.0,23.74492,85.50591,2026-08-16,Other/Unknown,Other/Unknown,0.5,Low
8141,1745.0,23.74609,85.50594,2026-08-10,Other/Unknown,Other/Unknown,0.5,Low
8336,1745.0,23.74338,85.50407,2026-08-11,Other/Unknown,Other/Unknown,0.5,Low
9438,1745.0,23.7438,85.50382,2026-08-01,Other/Unknown,Other/Unknown,0.5,Low
10924,1745.0,23.74455,85.50565,2026-07-16,Other/Unknown,Other/Unknown,0.0,Low
6928,1746.0,23.82765,84.92325,2026-08-22,Other/Unknown,Other/Unknown,0.0,Low
9547,1746.0,23.82626,84.92207,2026-08-02,Other/Unknown,Other/Unknown,0.0,Low
6950,1747.0,8.06154,80.76864,2026-08-22,Other/Unknown,Other/Unknown,0.0,Low
6951,1747.0,8.06492,80.76916,2026-08-22,Other/Unknown,Other/Unknown,0.0,Low
6965,1748.0,6.81104,81.30546,2026-08-22,Other/Unknown,Other/Unknown,15.8,Medium
6966,1748.0,6.81436,81.30598,2026-08-22,Other/Unknown,Other/Unknown,37.4,Medium
6967,1749.0,6.85888,81.5591,2026-08-22,Other/Unknown,Other/Unknown,0.0,Low
10519,1749.0,6.85339,81.5647,2026-07-21,Other/Unknown,Other/Unknown,0.0,Low
6968,1750.0,6.93446,81.59588,2026-08-22,Other/Unknown,Other/Unknown,4.0,Low
7777,1750.0,6.93897,81.60261,2026-08-18,Other/Unknown,Other/Unknown,4.5,Low
8885,1750.0,6.9306,81.60418,2026-07-30,Other/Unknown,Other/Unknown,7.5,Low
9958,1750.0,6.9412,81.60496,2026-07-26,Other/Unknown,Other/Unknown,4.6,Low
6972,1751.0,7.00823,81.19087,2026-08-22,Other/Unknown,Other/Unknown,0.0,Low
6973,1751.0,7.00877,81.18748,2026-08-22,Other/Unknown,Other/Unknown,0.0,Low
6974,1751.0,7.01209,81.18801,2026-08-22,Other/Unknown,Other/Unknown,0.0,Low
6983,1752.0,6.36817,81.33694,2026-08-23,Wildfire / Natural Fire,Wildfire / Natural Fire,17.0,Medium
6984,1752.0,6.37194,81.33924,2026-08-23,Wildfire / Natural Fire,Wildfire / Natural Fire,16.9,Medium
6985,1753.0,6.38213,81.1468,2026-08-23,Other/Unknown,Other/Unknown,0.0,Low
6986,1753.0,6.38365,81.1438,2026-08-23,Other/Unknown,Other/Unknown,0.0,Low
6991,1754.0,7.30336,81.1138,2026-08-23,Other/Unknown,Other/Unknown,0.0,Low
7024,1754.0,7.3016,81.11191,2026-08-23,Other/Unknown,Other/Unknown,0.0,Low
7025,1754.0,7.30424,81.11216,2026-08-23,Other/Unknown,Other/Unknown,0.0,Low
6995,1755.0,7.34757,81.45149,2026-08-23,Wildfire / Natural Fire,Wildfire / Natural Fire,16.6,Medium
6996,1755.0,7.34827,81.45456,2026-08-23,Wildfire / Natural Fire,Wildfire / Natural Fire,16.5,Medium
7011,1756.0,24.07321,96.04733,2026-08-23,Other/Unknown,Other/Unknown,0.0,Low
7012,1756.0,24.07573,96.04757,2026-08-23,Other/Unknown,Other/Unknown,0.0,Low
7018,1757.0,29.22488,88.35183,2026-08-23,Other/Unknown,Other/Unknown,0.0,Low
7894,1757.0,29.22542,88.34853,2026-08-09,Other/Unknown,Other/Unknown,0.0,Low
7917,1757.0,29.22488,88.34971,2026-08-09,Other/Unknown,Other/Unknown,0.0,Low
7918,1757.0,29.22537,88.34882,2026-08-09,Other/Unknown,Other/Unknown,0.0,Low
8151,1757.0,29.22212,88.35135,2026-08-10,Other/Unknown,Other/Unknown,0.0,Low
8289,1757.0,29.22609,88.34823,2026-08-11,Other/Unknown,Other/Unknown,0.0,Low
8640,1757.0,29.22348,88.34969,2026-08-06,Other/Unknown,Other/Unknown,0.0,Low
10190,1757.0,29.22512,88.34985,2026-07-28,Other/Unknown,Other/Unknown,0.0,Low
7019,1758.0,29.24969,88.8512,2026-08-23,Other/Unknown,Other/Unknown,0.0,Low
7020,1758.0,29.25687,88.85385,2026-08-23,Other/Unknown,Other/Unknown,0.0,Low
7023,1759.0,7.18133,81.19161,2026-08-23,Industrial Fire,Industrial Fire,98.8,Critical
10521,1759.0,7.1917,81.17561,2026-07-21,Industrial Fire,Industrial Fire,87.4,Critical
10522,1759.0,7.19392,81.18323,2026-07-21,Industrial Fire,Industrial Fire,94.2,Critical
10523,1759.0,7.19503,81.17616,2026-07-21,Industrial Fire,Industrial Fire,79.3,Critical
10524,1759.0,7.20058,81.18427,2026-07-21,Industrial Fire,Industrial Fire,78.0,Critical
10525,1759.0,7.20113,81.18076,2026-07-21,Industrial Fire,Industrial Fire,78.0,Critical
10584,1759.0,7.18873,81.18666,2026-07-22,Industrial Fire,Industrial Fire,98.4,Critical
10585,1759.0,7.1928,81.18794,2026-07-22,Industrial Fire,Industrial Fire,97.0,Critical
10586,1759.0,7.19334,81.18417,2026-07-22,Industrial Fire,Industrial Fire,95.4,Critical
10587,1759.0,7.19691,81.18891,2026-07-22,Industrial Fire,Industrial Fire,87.1,Critical
7026,1760.0,7.42141,81.16647,2026-08-23,Other/Unknown,Other/Unknown,0.0,Low
8219,1760.0,7.42013,81.15775,2026-08-11,Other/Unknown,Other/Unknown,0.0,Low
7027,1761.0,7.93745,81.35905,2026-08-23,Other/Unknown,Other/Unknown,0.0,Low
7028,1761.0,7.93791,81.36346,2026-08-23,Other/Unknown,Other/Unknown,0.0,Low
7035,1762.0,9.40167,78.73985,2026-08-23,Wildfire / Natural Fire,Wildfire / Natural Fire,16.4,Medium
8400,1762.0,9.39539,78.73707,2026-08-12,Wildfire / Natural Fire,Wildfire / Natural Fire,16.4,Medium
8401,1762.0,9.39776,78.73965,2026-08-12,Wildfire / Natural Fire,Wildfire / Natural Fire,16.9,Medium
8402,1762.0,9.40201,78.73626,2026-08-12,Wildfire / Natural Fire,Wildfire / Natural Fire,16.4,Medium
7104,1763.0,7.0977,81.07322,2026-08-23,Other/Unknown,Other/Unknown,0.0,Low
7105,1763.0,7.09819,81.07236,2026-08-23,Other/Unknown,Other/Unknown,0.0,Low
7106,1763.0,7.09829,81.06927,2026-08-23,Other/Unknown,Other/Unknown,0.0,Low
7107,1763.0,7.09879,81.06809,2026-08-23,Other/Unknown,Other/Unknown,0.0,Low
7112,1764.0,10.07071,77.25803,2026-08-23,Other/Unknown,Other/Unknown,0.0,Low
7113,1764.0,10.0711,77.255,2026-08-23,Other/Unknown,Other/Unknown,0.0,Low
7114,1764.0,10.07149,77.25207,2026-08-23,Other/Unknown,Other/Unknown,0.0,Low
7115,1764.0,10.07236,77.25639,2026-08-23,Other/Unknown,Other/Unknown,0.0,Low
7116,1764.0,10.07274,77.25336,2026-08-23,Other/Unknown,Other/Unknown,0.0,Low
7134,1765.0,29.70123,91.11729,2026-08-14,Other/Unknown,Other/Unknown,0.0,Low
7135,1765.0,29.70388,91.11877,2026-08-14,Other/Unknown,Other/Unknown,0.0,Low
7807,1765.0,29.7055,91.12065,2026-08-09,Other/Unknown,Other/Unknown,0.0,Low
10699,1765.0,29.70165,91.11971,2026-07-24,Other/Unknown,Other/Unknown,0.0,Low
7138,1766.0,6.76902,81.36734,2026-08-14,Wildfire / Natural Fire,Wildfire / Natural Fire,16.6,Medium
7139,1766.0,6.76952,81.3709,2026-08-14,Wildfire / Natural Fire,Wildfire / Natural Fire,16.6,Medium
7150,1767.0,7.23446,81.77828,2026-08-14,Other/Unknown,Other/Unknown,0.0,Low
9833,1767.0,7.22312,81.77488,2026-07-26,Other/Unknown,Other/Unknown,3.1,Low
9834,1767.0,7.22731,81.77419,2026-07-26,Other/Unknown,Other/Unknown,0.0,Low
7158,1768.0,7.69557,81.30759,2026-08-14,Wildfire / Natural Fire,Wildfire / Natural Fire,17.0,Medium
7159,1768.0,7.69609,81.31118,2026-08-14,Wildfire / Natural Fire,Wildfire / Natural Fire,16.6,Medium
7160,1768.0,7.69964,81.30701,2026-08-14,Wildfire / Natural Fire,Wildfire / Natural Fire,17.0,Medium
7161,1768.0,7.70016,81.31061,2026-08-14,Wildfire / Natural Fire,Wildfire / Natural Fire,16.6,Medium
7179,1769.0,8.65779,80.8905,2026-08-14,Other/Unknown,Other/Unknown,0.0,Low
7180,1769.0,8.66231,80.89346,2026-08-14,Other/Unknown,Other/Unknown,0.0,Low
7181,1770.0,8.68916,80.46336,2026-08-14,Other/Unknown,Other/Unknown,0.0,Low
8073,1770.0,8.68488,80.46899,2026-08-10,Other/Unknown,Other/Unknown,0.0,Low
7196,1771.0,9.41698,77.81709,2026-08-14,Industrial Fire,Industrial Fire,99.2,Critical
7624,1771.0,9.42494,77.81399,2026-08-17,Industrial Fire,Industrial Fire,98.7,Critical
7200,1772.0,9.94017,78.72459,2026-08-14,Industrial Fire,Industrial Fire,98.2,Critical
7201,1772.0,9.94318,78.71989,2026-08-14,Industrial Fire,Industrial Fire,98.5,Critical
7202,1772.0,9.94619,78.71519,2026-08-14,Industrial Fire,Industrial Fire,98.4,Critical
7204,1773.0,10.16352,78.93459,2026-08-14,Other/Unknown,Other/Unknown,0.0,Low
8472,1773.0,10.16619,78.93098,2026-08-13,Other/Unknown,Other/Unknown,0.0,Low
7212,1774.0,14.31833,77.41064,2026-08-14,Other/Unknown,Other/Unknown,0.0,Low
7213,1774.0,14.3213,77.40604,2026-08-14,Other/Unknown,Other/Unknown,0.0,Low
7214,1774.0,14.32188,77.41011,2026-08-14,Other/Unknown,Other/Unknown,0.0,Low
7215,1774.0,14.32246,77.41421,2026-08-14,Other/Unknown,Other/Unknown,0.0,Low
7216,1774.0,14.32542,77.40958,2026-08-14,Other/Unknown,Other/Unknown,0.0,Low
7217,1774.0,14.326,77.41369,2026-08-14,Other/Unknown,Other/Unknown,0.0,Low
7218,1774.0,14.32896,77.40906,2026-08-14,Other/Unknown,Other/Unknown,0.3,Low
7219,1774.0,14.33192,77.40444,2026-08-14,Other/Unknown,Other/Unknown,0.0,Low
7220,1774.0,14.33251,77.40853,2026-08-14,Other/Unknown,Other/Unknown,0.0,Low
7233,1775.0,29.78008,72.30405,2026-08-14,Other/Unknown,Other/Unknown,0.0,Low
11219,1775.0,29.77667,72.30079,2026-07-18,Other/Unknown,Other/Unknown,0.0,Low
7239,1776.0,30.01564,72.56848,2026-08-14,Other/Unknown,Other/Unknown,0.0,Low
7748,1776.0,30.01328,72.56928,2026-08-18,Other/Unknown,Other/Unknown,0.0,Low
7241,1777.0,30.07075,71.48827,2026-08-14,Other/Unknown,Other/Unknown,0.0,Low
10349,1777.0,30.06398,71.48653,2026-07-29,Other/Unknown,Other/Unknown,0.0,Low
7243,1778.0,30.41155,71.94455,2026-08-14,Other/Unknown,Other/Unknown,0.0,Low
7244,1778.0,30.4149,71.94391,2026-08-14,Other/Unknown,Other/Unknown,0.0,Low
7248,1779.0,30.60084,72.0713,2026-08-14,Other/Unknown,Other/Unknown,0.0,Low
8767,1779.0,30.60304,72.0806,2026-08-08,Other/Unknown,Other/Unknown,0.0,Low
7259,1780.0,30.90756,73.21498,2026-08-14,Other/Unknown,Other/Unknown,0.0,Low
7264,1780.0,30.91165,73.21886,2026-08-14,Other/Unknown,Other/Unknown,0.0,Low
7265,1781.0,31.03194,73.37009,2026-08-14,Other/Unknown,Other/Unknown,0.0,Low
7524,1781.0,31.0305,73.36909,2026-08-16,Other/Unknown,Other/Unknown,0.0,Low
7267,1782.0,31.70236,72.48913,2026-08-14,Other/Unknown,Other/Unknown,0.0,Low
7268,1782.0,31.7036,72.48791,2026-08-14,Other/Unknown,Other/Unknown,0.0,Low
7269,1783.0,32.03644,71.12323,2026-08-14,Other/Unknown,Other/Unknown,0.0,Low
7270,1783.0,32.03977,71.12256,2026-08-14,Other/Unknown,Other/Unknown,0.0,Low
7271,1783.0,32.04037,71.12668,2026-08-14,Other/Unknown,Other/Unknown,0.0,Low
10185,1783.0,32.03902,71.12704,2026-07-28,Other/Unknown,Other/Unknown,0.0,Low
7287,1784.0,28.60834,68.63084,2026-08-14,Industrial Fire,Industrial Fire,95.9,Critical
8995,1784.0,28.61067,68.63036,2026-07-30,Industrial Fire,Industrial Fire,96.1,Critical
8996,1784.0,28.611,68.62634,2026-07-30,Industrial Fire,Industrial Fire,96.0,Critical
10096,1784.0,28.60843,68.63328,2026-07-27,Industrial Fire,Industrial Fire,95.8,Critical
10097,1784.0,28.60855,68.63534,2026-07-27,Industrial Fire,Industrial Fire,95.8,Critical
10175,1784.0,28.60888,68.63496,2026-07-28,Industrial Fire,Industrial Fire,96.3,Critical
10243,1784.0,28.60755,68.63316,2026-07-28,Industrial Fire,Industrial Fire,95.9,Critical
10244,1784.0,28.61207,68.62585,2026-07-28,Industrial Fire,Industrial Fire,95.7,Critical
7304,1785.0,6.37115,81.1376,2026-08-15,Other/Unknown,Other/Unknown,0.0,Low
8193,1785.0,6.37665,81.13255,2026-08-11,Other/Unknown,Other/Unknown,0.0,Low
7305,1786.0,6.37501,81.0518,2026-08-15,Other/Unknown,Other/Unknown,0.0,Low
7306,1786.0,6.37833,81.05128,2026-08-15,Other/Unknown,Other/Unknown,0.0,Low
7329,1787.0,7.13562,81.78342,2026-08-15,Wildfire / Natural Fire,Wildfire / Natural Fire,16.5,Medium
7631,1787.0,7.12642,81.7802,2026-08-17,Wildfire / Natural Fire,Wildfire / Natural Fire,16.5,Medium
7632,1787.0,7.12697,81.78335,2026-08-17,Wildfire / Natural Fire,Wildfire / Natural Fire,16.5,Medium
8891,1787.0,7.14204,81.77482,2026-07-30,Wildfire / Natural Fire,Wildfire / Natural Fire,16.7,Medium
8892,1787.0,7.14432,81.76727,2026-07-30,Wildfire / Natural Fire,Wildfire / Natural Fire,16.9,Medium
9613,1787.0,7.13123,81.78024,2026-07-25,Wildfire / Natural Fire,Wildfire / Natural Fire,17.1,Medium
9614,1787.0,7.13458,81.77972,2026-07-25,Wildfire / Natural Fire,Wildfire / Natural Fire,17.1,Medium
7330,1788.0,7.14985,81.14191,2026-08-15,Other/Unknown,Other/Unknown,0.0,Low
7331,1788.0,7.15318,81.14142,2026-08-15,Other/Unknown,Other/Unknown,0.0,Low
7338,1789.0,7.22135,81.79135,2026-08-15,Other/Unknown,Other/Unknown,3.9,Low
9830,1789.0,7.21308,81.79221,2026-07-26,Other/Unknown,Other/Unknown,9.0,Low
10255,1789.0,7.2152,81.79267,2026-07-29,Other/Unknown,Other/Unknown,3.9,Low
7339,1790.0,7.22374,81.20788,2026-08-15,Other/Unknown,Other/Unknown,0.0,Low
7340,1790.0,7.226,81.20042,2026-08-15,Other/Unknown,Other/Unknown,0.0,Low
7341,1791.0,7.25144,81.69704,2026-08-15,Other/Unknown,Other/Unknown,0.0,Low
7812,1791.0,7.24903,81.69079,2026-08-09,Other/Unknown,Other/Unknown,0.0,Low
7813,1791.0,7.24969,81.69533,2026-08-09,Other/Unknown,Other/Unknown,0.0,Low
7353,1792.0,7.4235,81.29427,2026-08-15,Wildfire / Natural Fire,Wildfire / Natural Fire,16.4,Medium
10729,1792.0,7.42875,81.29411,2026-07-24,Wildfire / Natural Fire,Wildfire / Natural Fire,17.0,Medium
7354,1793.0,7.42812,81.68315,2026-08-15,Other/Unknown,Other/Unknown,0.0,Low
7355,1793.0,7.42865,81.68666,2026-08-15,Other/Unknown,Other/Unknown,0.0,Low
7368,1794.0,7.72114,81.34359,2026-08-15,Other/Unknown,Other/Unknown,0.0,Low
7369,1794.0,7.72394,81.3396,2026-08-15,Other/Unknown,Other/Unknown,0.0,Low
7370,1794.0,7.72447,81.34308,2026-08-15,Other/Unknown,Other/Unknown,0.0,Low
7375,1795.0,8.34802,80.2693,2026-08-15,Wildfire / Natural Fire,Wildfire / Natural Fire,16.6,Medium
7376,1795.0,8.35009,80.26845,2026-08-15,Wildfire / Natural Fire,Wildfire / Natural Fire,16.4,Medium
7377,1795.0,8.35063,80.27195,2026-08-15,Wildfire / Natural Fire,Wildfire / Natural Fire,16.3,Medium
7389,1796.0,14.47548,79.97254,2026-08-15,Other/Unknown,Other/Unknown,11.5,Low
7390,1796.0,14.47881,79.97202,2026-08-15,Other/Unknown,Other/Unknown,23.1,Medium
7399,1797.0,27.80209,69.54681,2026-08-15,Wildfire / Natural Fire,Wildfire / Natural Fire,19.3,Medium
10171,1797.0,27.80078,69.54572,2026-07-28,Wildfire / Natural Fire,Wildfire / Natural Fire,16.7,Medium
7403,1798.0,22.35315,96.7031,2026-08-15,Industrial Fire,Industrial Fire,98.3,Critical
7404,1798.0,22.35743,96.70364,2026-08-15,Industrial Fire,Industrial Fire,98.4,Critical
10552,1798.0,22.35536,96.70344,2026-07-22,Industrial Fire,Industrial Fire,98.4,Critical
7412,1799.0,33.27397,71.59183,2026-08-15,Other/Unknown,Other/Unknown,0.0,Low
7923,1799.0,33.27035,71.58929,2026-08-09,Other/Unknown,Other/Unknown,0.0,Low
7924,1799.0,33.27303,71.59341,2026-08-09,Other/Unknown,Other/Unknown,0.0,Low
7925,1799.0,33.27439,71.58952,2026-08-09,Other/Unknown,Other/Unknown,0.0,Low
7419,1800.0,12.28915,78.93369,2026-08-15,Other/Unknown,Other/Unknown,0.0,Low
7420,1800.0,12.29187,78.93195,2026-08-15,Other/Unknown,Other/Unknown,0.0,Low
7433,1801.0,6.73721,81.02435,2026-08-15,Other/Unknown,Other/Unknown,0.0,Low
7434,1801.0,6.73881,81.02721,2026-08-15,Other/Unknown,Other/Unknown,0.0,Low
7445,1802.0,10.62393,79.12068,2026-08-15,Other/Unknown,Other/Unknown,0.0,Low
7446,1802.0,10.62608,79.11906,2026-08-15,Other/Unknown,Other/Unknown,0.0,Low
7463,1803.0,7.73834,81.5024,2026-08-16,Other/Unknown,Other/Unknown,7.2,Low
8950,1803.0,7.73846,81.51904,2026-07-30,Other/Unknown,Other/Unknown,4.3,Low
8951,1803.0,7.74354,81.50751,2026-07-30,Other/Unknown,Other/Unknown,7.2,Low
8952,1803.0,7.74407,81.51102,2026-07-30,Other/Unknown,Other/Unknown,4.6,Low
8953,1803.0,7.74513,81.51804,2026-07-30,Other/Unknown,Other/Unknown,7.9,Low
8954,1803.0,7.74741,81.51051,2026-07-30,Other/Unknown,Other/Unknown,4.5,Low
7470,1804.0,8.05386,81.24757,2026-08-16,Industrial Fire,Industrial Fire,98.2,Critical
7471,1804.0,8.05624,81.24507,2026-08-16,Industrial Fire,Industrial Fire,98.5,Critical
7472,1804.0,8.05773,81.24693,2026-08-16,Industrial Fire,Industrial Fire,98.3,Critical
7481,1805.0,9.45774,77.60921,2026-08-16,Other/Unknown,Other/Unknown,27.0,Medium
7482,1805.0,9.45867,77.61446,2026-08-16,Other/Unknown,Other/Unknown,4.9,Low
7485,1806.0,9.85071,77.88331,2026-08-16,Other/Unknown,Other/Unknown,0.0,Low
7486,1806.0,9.85307,77.88065,2026-08-16,Other/Unknown,Other/Unknown,0.0,Low
7505,1807.0,14.56593,77.56482,2026-08-16,Other/Unknown,Other/Unknown,0.0,Low
7506,1807.0,14.56621,77.56371,2026-08-16,Other/Unknown,Other/Unknown,0.0,Low
7527,1808.0,23.48163,87.36025,2026-08-16,Other/Unknown,Other/Unknown,0.0,Low
8316,1808.0,23.48925,87.36892,2026-08-11,Other/Unknown,Other/Unknown,0.0,Low
10197,1808.0,23.48405,87.36268,2026-07-28,Other/Unknown,Other/Unknown,0.0,Low
10510,1808.0,23.484,87.36176,2026-07-21,Other/Unknown,Other/Unknown,0.0,Low
7528,1809.0,23.63231,86.29353,2026-08-16,Other/Unknown,Other/Unknown,0.0,Low
10198,1809.0,23.6315,86.29636,2026-07-28,Other/Unknown,Other/Unknown,0.0,Low
7559,1810.0,10.35551,77.15921,2026-08-16,Other/Unknown,Other/Unknown,0.0,Low
7560,1810.0,10.35654,77.1524,2026-08-16,Other/Unknown,Other/Unknown,0.0,Low
7561,1810.0,10.35705,77.14909,2026-08-16,Other/Unknown,Other/Unknown,0.0,Low
7562,1810.0,10.36002,77.15292,2026-08-16,Other/Unknown,Other/Unknown,0.0,Low
7563,1810.0,10.36054,77.14954,2026-08-16,Other/Unknown,Other/Unknown,0.0,Low
7661,1810.0,10.35866,77.14888,2026-08-17,Other/Unknown,Other/Unknown,0.0,Low
7662,1810.0,10.36136,77.14999,2026-08-17,Other/Unknown,Other/Unknown,0.0,Low
7663,1810.0,10.36181,77.14661,2026-08-17,Other/Unknown,Other/Unknown,0.0,Low
7664,1810.0,10.36333,77.14931,2026-08-17,Other/Unknown,Other/Unknown,0.0,Low
7579,1811.0,7.34767,81.24226,2026-08-16,Other/Unknown,Other/Unknown,0.0,Low
7580,1811.0,7.35945,81.23593,2026-08-16,Other/Unknown,Other/Unknown,0.0,Low
10588,1811.0,7.352,81.23986,2026-07-22,Other/Unknown,Other/Unknown,0.0,Low
7581,1812.0,7.38599,80.92137,2026-08-16,Other/Unknown,Other/Unknown,0.0,Low
7582,1812.0,7.38881,80.92573,2026-08-16,Other/Unknown,Other/Unknown,0.0,Low
7583,1813.0,7.397,80.91884,2026-08-16,Wildfire / Natural Fire,Wildfire / Natural Fire,16.5,Medium
7597,1813.0,7.39652,80.92043,2026-08-17,Wildfire / Natural Fire,Wildfire / Natural Fire,16.8,Medium
7587,1814.0,7.98776,79.86501,2026-08-16,Industrial Fire,Industrial Fire,98.5,Critical
10530,1814.0,7.98758,79.86589,2026-07-21,Industrial Fire,Industrial Fire,98.6,Critical
7598,1815.0,7.39885,80.90202,2026-08-17,Wildfire / Natural Fire,Wildfire / Natural Fire,16.9,Medium
7599,1815.0,7.39953,80.90575,2026-08-17,Wildfire / Natural Fire,Wildfire / Natural Fire,16.9,Medium
7600,1815.0,7.40015,80.90923,2026-08-17,Wildfire / Natural Fire,Wildfire / Natural Fire,16.8,Medium
7601,1816.0,7.42131,81.18064,2026-08-17,Other/Unknown,Other/Unknown,0.0,Low
7603,1816.0,7.4248,81.18104,2026-08-17,Other/Unknown,Other/Unknown,0.0,Low
7610,1817.0,7.8946,81.41067,2026-08-17,Other/Unknown,Other/Unknown,0.0,Low
7673,1817.0,7.89723,81.41067,2026-08-18,Other/Unknown,Other/Unknown,0.0,Low
7614,1818.0,7.9129,81.45583,2026-08-17,Other/Unknown,Other/Unknown,0.0,Low
7615,1818.0,7.91302,81.45422,2026-08-17,Other/Unknown,Other/Unknown,0.0,Low
7625,1819.0,9.75891,78.5976,2026-08-17,Wildfire / Natural Fire,Wildfire / Natural Fire,16.5,Medium
7626,1819.0,9.75952,78.60124,2026-08-17,Wildfire / Natural Fire,Wildfire / Natural Fire,16.6,Medium
7628,1820.0,7.10485,81.78197,2026-08-17,Other/Unknown,Other/Unknown,0.0,Low
7629,1820.0,7.10503,81.78075,2026-08-17,Other/Unknown,Other/Unknown,0.0,Low
7630,1820.0,7.10559,81.78389,2026-08-17,Other/Unknown,Other/Unknown,0.0,Low
7633,1821.0,7.16783,81.80219,2026-08-17,Other/Unknown,Other/Unknown,0.0,Low
9624,1821.0,7.16511,81.80021,2026-07-25,Other/Unknown,Other/Unknown,0.0,Low
7639,1822.0,29.91381,71.71052,2026-08-17,Wildfire / Natural Fire,Wildfire / Natural Fire,16.9,Medium
7640,1822.0,29.91521,71.71583,2026-08-17,Wildfire / Natural Fire,Wildfire / Natural Fire,16.9,Medium
7643,1823.0,9.88751,77.86655,2026-08-17,Other/Unknown,Other/Unknown,0.0,Low
7644,1823.0,9.88916,77.87049,2026-08-17,Other/Unknown,Other/Unknown,0.0,Low
7649,1824.0,35.24258,68.10051,2026-08-17,Other/Unknown,Other/Unknown,0.0,Low
7650,1824.0,35.24283,68.10374,2026-08-17,Other/Unknown,Other/Unknown,0.0,Low
7652,1825.0,29.65801,90.89878,2026-08-17,Industrial Fire,Industrial Fire,98.6,Critical
8496,1825.0,29.6602,90.89964,2026-08-13,Industrial Fire,Industrial Fire,98.7,Critical
8497,1825.0,29.6605,90.89847,2026-08-13,Industrial Fire,Industrial Fire,98.6,Critical
8642,1825.0,29.6602,90.89965,2026-08-06,Industrial Fire,Industrial Fire,98.7,Critical
8730,1825.0,29.66177,90.90686,2026-08-07,Industrial Fire,Industrial Fire,98.8,Critical
8791,1825.0,29.65848,90.89863,2026-08-08,Industrial Fire,Industrial Fire,98.6,Critical
11290,1825.0,29.65723,90.89783,2026-07-18,Industrial Fire,Industrial Fire,98.6,Critical
11291,1825.0,29.65961,90.90656,2026-07-18,Industrial Fire,Industrial Fire,98.9,Critical
11292,1825.0,29.66132,90.90285,2026-07-18,Industrial Fire,Industrial Fire,98.8,Critical
7665,1826.0,10.91686,78.14649,2026-08-17,Other/Unknown,Other/Unknown,0.4,Low
7666,1826.0,10.92123,78.14713,2026-08-17,Other/Unknown,Other/Unknown,0.0,Low
7682,1827.0,6.69037,80.83154,2026-08-18,Other/Unknown,Other/Unknown,10.0,Low
7768,1827.0,6.69147,80.83995,2026-08-18,Other/Unknown,Other/Unknown,13.4,Low
7769,1827.0,6.69223,80.83482,2026-08-18,Other/Unknown,Other/Unknown,13.3,Low
7770,1827.0,6.69242,80.83759,2026-08-18,Other/Unknown,Other/Unknown,13.4,Low
7694,1828.0,8.61775,77.96022,2026-08-18,Wildfire / Natural Fire,Other/Unknown,0.0,Low
10773,1828.0,8.61782,77.95454,2026-07-24,Wildfire / Natural Fire,Other/Unknown,1.0,Low
7700,1829.0,8.92865,77.50169,2026-08-18,Wildfire / Natural Fire,Wildfire / Natural Fire,16.7,Medium
7701,1829.0,8.92939,77.50723,2026-08-18,Wildfire / Natural Fire,Wildfire / Natural Fire,16.9,Medium
7708,1830.0,9.31592,77.47726,2026-08-18,Wildfire / Natural Fire,Wildfire / Natural Fire,17.0,Medium
7710,1830.0,9.31747,77.48039,2026-08-18,Wildfire / Natural Fire,Wildfire / Natural Fire,17.0,Medium
11410,1830.0,9.31594,77.47405,2026-07-19,Wildfire / Natural Fire,Wildfire / Natural Fire,16.4,Medium
11412,1830.0,9.31651,77.47769,2026-07-19,Wildfire / Natural Fire,Wildfire / Natural Fire,16.5,Medium
7711,1831.0,9.32526,77.54498,2026-08-18,Other/Unknown,Other/Unknown,0.0,Low
7712,1831.0,9.32631,77.54832,2026-08-18,Other/Unknown,Other/Unknown,0.4,Low
7716,1832.0,9.97656,77.62728,2026-08-18,Other/Unknown,Other/Unknown,0.0,Low
7717,1832.0,9.97747,77.62643,2026-08-18,Other/Unknown,Other/Unknown,0.0,Low
7727,1833.0,11.14147,78.58251,2026-08-18,Wildfire / Natural Fire,Wildfire / Natural Fire,16.4,Medium
7728,1833.0,11.14221,78.58167,2026-08-18,Wildfire / Natural Fire,Wildfire / Natural Fire,16.6,Medium
7729,1833.0,11.14694,78.58183,2026-08-18,Wildfire / Natural Fire,Wildfire / Natural Fire,16.4,Medium
7730,1834.0,11.66187,78.67394,2026-08-18,Wildfire / Natural Fire,Wildfire / Natural Fire,17.7,Medium
7731,1834.0,11.66242,78.67835,2026-08-18,Wildfire / Natural Fire,Wildfire / Natural Fire,17.7,Medium
7732,1834.0,11.66789,78.67705,2026-08-18,Wildfire / Natural Fire,Wildfire / Natural Fire,17.7,Medium
7733,1835.0,11.70585,78.76863,2026-08-18,Other/Unknown,Other/Unknown,0.0,Low
7734,1835.0,11.70775,78.76962,2026-08-18,Other/Unknown,Other/Unknown,0.0,Low
7745,1836.0,28.73033,68.09136,2026-08-18,Industrial Fire,Industrial Fire,98.0,Critical
7746,1836.0,28.73092,68.09602,2026-08-18,Industrial Fire,Industrial Fire,83.4,Critical
7749,1837.0,30.4691,73.88613,2026-08-18,Other/Unknown,Other/Unknown,0.0,Low
7750,1837.0,30.47086,73.88448,2026-08-18,Other/Unknown,Other/Unknown,0.0,Low
7751,1837.0,30.47113,73.88796,2026-08-18,Other/Unknown,Other/Unknown,0.0,Low
11108,1837.0,30.47028,73.88473,2026-07-17,Other/Unknown,Other/Unknown,0.0,Low
7763,1838.0,27.53036,77.65813,2026-08-18,Industrial Fire,Industrial Fire,98.5,Critical
7764,1838.0,27.5312,77.66014,2026-08-18,Industrial Fire,Industrial Fire,98.5,Critical
7771,1839.0,6.85854,81.09821,2026-08-18,Other/Unknown,Other/Unknown,0.0,Low
7772,1839.0,6.86302,81.10007,2026-08-18,Other/Unknown,Other/Unknown,0.0,Low
7775,1839.0,6.86042,81.10104,2026-08-18,Other/Unknown,Other/Unknown,0.0,Low
7776,1839.0,6.86124,81.09518,2026-08-18,Other/Unknown,Other/Unknown,0.0,Low
7773,1840.0,10.48666,79.32134,2026-08-18,Other/Unknown,Other/Unknown,0.0,Low
7774,1840.0,10.48713,79.31767,2026-08-18,Other/Unknown,Other/Unknown,0.0,Low
7787,1841.0,7.62339,81.76878,2026-08-18,Other/Unknown,Other/Unknown,0.0,Low
7788,1841.0,7.6244,81.77097,2026-08-18,Other/Unknown,Other/Unknown,0.0,Low
7801,1842.0,29.30249,90.7239,2026-08-09,Other/Unknown,Other/Unknown,0.0,Low
9487,1842.0,29.30248,90.72501,2026-08-02,Other/Unknown,Other/Unknown,0.0,Low
7817,1843.0,7.46565,81.67219,2026-08-09,Other/Unknown,Other/Unknown,0.0,Low
10265,1843.0,7.46392,81.6725,2026-07-29,Other/Unknown,Other/Unknown,0.0,Low
10266,1843.0,7.46522,81.6722,2026-07-29,Other/Unknown,Other/Unknown,0.0,Low
7825,1844.0,7.93397,81.3446,2026-08-09,Other/Unknown,Other/Unknown,0.0,Low
10226,1844.0,7.93365,81.3458,2026-07-28,Other/Unknown,Other/Unknown,0.0,Low
7826,1845.0,8.00115,81.21894,2026-08-09,Other/Unknown,Other/Unknown,0.0,Low
7827,1845.0,8.00548,81.22277,2026-08-09,Other/Unknown,Other/Unknown,0.0,Low
7836,1846.0,8.67597,80.36073,2026-08-09,Other/Unknown,Other/Unknown,0.0,Low
10776,1846.0,8.66808,80.35825,2026-07-24,Other/Unknown,Other/Unknown,0.0,Low
7838,1847.0,8.71225,80.35955,2026-08-09,Other/Unknown,Other/Unknown,0.0,Low
7839,1847.0,8.71466,80.3596,2026-08-09,Other/Unknown,Other/Unknown,0.0,Low
7845,1848.0,9.23388,78.68824,2026-08-09,Other/Unknown,Other/Unknown,0.0,Low
7846,1848.0,9.23726,78.68773,2026-08-09,Other/Unknown,Other/Unknown,0.0,Low
7847,1849.0,9.25581,78.76631,2026-08-09,Other/Unknown,Other/Unknown,0.0,Low
7848,1849.0,9.25919,78.76579,2026-08-09,Other/Unknown,Other/Unknown,0.0,Low
7856,1850.0,9.76124,80.20286,2026-08-09,Other/Unknown,Other/Unknown,0.0,Low
8972,1850.0,9.75948,80.2087,2026-07-30,Other/Unknown,Other/Unknown,0.0,Low
7859,1851.0,9.88524,78.29355,2026-08-09,Other/Unknown,Other/Unknown,10.2,Low
7860,1851.0,9.88578,78.29712,2026-08-09,Other/Unknown,Other/Unknown,8.8,Low
7868,1852.0,13.35524,76.1264,2026-08-09,Other/Unknown,Other/Unknown,0.0,Low
7869,1852.0,13.35856,76.12586,2026-08-09,Other/Unknown,Other/Unknown,0.0,Low
7877,1853.0,15.86068,76.55389,2026-08-09,Industrial Fire,Industrial Fire,98.5,Critical
7878,1853.0,15.86401,76.55335,2026-08-09,Industrial Fire,Industrial Fire,98.3,Critical
7879,1853.0,15.86455,76.55697,2026-08-09,Industrial Fire,Industrial Fire,98.3,Critical
7882,1854.0,16.87387,76.99135,2026-08-09,Industrial Fire,Industrial Fire,98.4,Critical
7883,1854.0,16.87724,76.99081,2026-08-09,Industrial Fire,Industrial Fire,98.7,Critical
7891,1855.0,30.91877,71.95527,2026-08-09,Other/Unknown,Other/Unknown,0.0,Low
8118,1855.0,30.92426,71.95514,2026-08-10,Other/Unknown,Other/Unknown,0.0,Low
7919,1856.0,29.37353,91.14912,2026-08-09,Other/Unknown,Other/Unknown,0.0,Low
7920,1856.0,29.37619,91.15083,2026-08-09,Other/Unknown,Other/Unknown,0.0,Low
8153,1856.0,29.37813,91.15085,2026-08-10,Other/Unknown,Other/Unknown,0.0,Low
8495,1856.0,29.37553,91.15138,2026-08-13,Other/Unknown,Other/Unknown,0.0,Low
8641,1856.0,29.37585,91.15074,2026-08-06,Other/Unknown,Other/Unknown,0.0,Low
8728,1856.0,29.37461,91.1497,2026-08-07,Other/Unknown,Other/Unknown,0.0,Low
8729,1856.0,29.37792,91.15035,2026-08-07,Other/Unknown,Other/Unknown,0.0,Low
8790,1856.0,29.37856,91.14952,2026-08-08,Other/Unknown,Other/Unknown,0.0,Low
11289,1856.0,29.37588,91.15239,2026-07-18,Other/Unknown,Other/Unknown,0.0,Low
7954,1857.0,21.05272,72.85251,2026-08-09,Other/Unknown,Other/Unknown,0.0,Low
7955,1857.0,21.05607,72.85309,2026-08-09,Other/Unknown,Other/Unknown,0.0,Low
7965,1858.0,21.29874,81.60884,2026-08-09,Industrial Fire,Industrial Fire,98.3,Critical
9346,1858.0,21.29755,81.60822,2026-07-31,Industrial Fire,Industrial Fire,98.3,Critical
8039,1859.0,9.71063,77.60217,2026-08-09,Other/Unknown,Other/Unknown,0.0,Low
8040,1859.0,9.71142,77.59763,2026-08-09,Other/Unknown,Other/Unknown,0.0,Low
8041,1859.0,9.71238,77.60028,2026-08-09,Other/Unknown,Other/Unknown,0.0,Low
8042,1859.0,9.7151,77.60211,2026-08-09,Other/Unknown,Other/Unknown,0.0,Low
8043,1859.0,9.71592,77.59735,2026-08-09,Other/Unknown,Other/Unknown,0.0,Low
8044,1859.0,9.71691,77.59991,2026-08-09,Other/Unknown,Other/Unknown,0.0,Low
8045,1859.0,9.71963,77.60168,2026-08-09,Other/Unknown,Other/Unknown,0.0,Low
8046,1859.0,9.71971,77.60912,2026-08-09,Other/Unknown,Other/Unknown,0.0,Low
8047,1859.0,9.72057,77.60439,2026-08-09,Other/Unknown,Other/Unknown,0.0,Low
8048,1859.0,9.72244,77.61123,2026-08-09,Other/Unknown,Other/Unknown,0.0,Low
8049,1859.0,9.72325,77.60651,2026-08-09,Other/Unknown,Other/Unknown,0.0,Low
8050,1859.0,9.72415,77.60929,2026-08-09,Other/Unknown,Other/Unknown,0.0,Low
8051,1859.0,9.725,77.60458,2026-08-09,Other/Unknown,Other/Unknown,0.0,Low
8085,1859.0,9.70958,77.59943,2026-08-10,Other/Unknown,Other/Unknown,0.0,Low
8186,1859.0,9.71671,77.59083,2026-08-10,Other/Unknown,Other/Unknown,0.0,Low
8187,1859.0,9.72326,77.61427,2026-08-10,Other/Unknown,Other/Unknown,0.0,Low
8068,1860.0,8.58914,80.54917,2026-08-10,Other/Unknown,Other/Unknown,0.0,Low
10296,1860.0,8.59193,80.55653,2026-07-29,Other/Unknown,Other/Unknown,0.5,Low
8071,1861.0,8.66499,77.87334,2026-08-10,Other/Unknown,Other/Unknown,0.0,Low
9857,1861.0,8.66401,77.87219,2026-07-26,Other/Unknown,Other/Unknown,0.0,Low
8075,1862.0,8.84993,80.89687,2026-08-10,Other/Unknown,Other/Unknown,0.0,Low
10786,1862.0,8.84854,80.90269,2026-07-24,Other/Unknown,Other/Unknown,0.0,Low
8076,1863.0,8.86692,80.58389,2026-08-10,Other/Unknown,Other/Unknown,0.0,Low
8077,1863.0,8.86749,80.58756,2026-08-10,Other/Unknown,Other/Unknown,0.0,Low
8081,1864.0,9.53488,78.5205,2026-08-10,Other/Unknown,Other/Unknown,0.0,Low
10809,1864.0,9.53733,78.52048,2026-07-24,Other/Unknown,Other/Unknown,0.0,Low
8082,1865.0,9.65751,78.09645,2026-08-10,Other/Unknown,Other/Unknown,0.0,Low
8083,1865.0,9.65848,78.09887,2026-08-10,Other/Unknown,Other/Unknown,0.0,Low
8087,1866.0,10.007,78.03323,2026-08-10,Other/Unknown,Wildfire / Natural Fire,15.6,Medium
9193,1866.0,10.00652,78.03616,2026-07-31,Other/Unknown,Other/Unknown,13.9,Low
10818,1866.0,10.00549,78.03773,2026-07-24,Other/Unknown,Other/Unknown,14.0,Low
10819,1866.0,10.00883,78.03722,2026-07-24,Other/Unknown,Wildfire / Natural Fire,16.6,Medium
8107,1867.0,29.47674,71.57613,2026-08-10,Wildfire / Natural Fire,Wildfire / Natural Fire,16.3,Medium
8679,1867.0,29.47439,71.57051,2026-08-07,Wildfire / Natural Fire,Wildfire / Natural Fire,16.9,Medium
8680,1867.0,29.47925,71.56997,2026-08-07,Wildfire / Natural Fire,Wildfire / Natural Fire,16.9,Medium
8112,1868.0,30.6178,72.00645,2026-08-10,Wildfire / Natural Fire,Wildfire / Natural Fire,16.1,Medium
10462,1868.0,30.61756,72.01085,2026-07-20,Wildfire / Natural Fire,Wildfire / Natural Fire,16.7,Medium
8113,1869.0,30.66344,72.10561,2026-08-10,Other/Unknown,Other/Unknown,0.0,Low
8114,1869.0,30.66452,72.10686,2026-08-10,Other/Unknown,Other/Unknown,0.0,Low
8115,1870.0,30.6663,71.79234,2026-08-10,Other/Unknown,Other/Unknown,0.0,Low
8283,1870.0,30.66321,71.79121,2026-08-11,Other/Unknown,Other/Unknown,0.0,Low
8284,1870.0,30.66816,71.78967,2026-08-11,Other/Unknown,Other/Unknown,0.0,Low
8119,1871.0,30.93043,71.92529,2026-08-10,Other/Unknown,Other/Unknown,0.0,Low
8120,1871.0,30.93421,71.92432,2026-08-10,Other/Unknown,Other/Unknown,0.0,Low
8121,1872.0,30.97559,70.80282,2026-08-10,Wildfire / Natural Fire,Wildfire / Natural Fire,16.8,Medium
8784,1872.0,30.9771,70.80613,2026-08-08,Wildfire / Natural Fire,Wildfire / Natural Fire,16.8,Medium
9502,1872.0,30.9766,70.80549,2026-08-02,Wildfire / Natural Fire,Wildfire / Natural Fire,16.6,Medium
10183,1872.0,30.97597,70.8031,2026-07-28,Wildfire / Natural Fire,Wildfire / Natural Fire,16.8,Medium
8123,1873.0,29.26117,91.92243,2026-08-10,Industrial Fire,Industrial Fire,98.9,Critical
8152,1873.0,29.26332,91.92432,2026-08-10,Industrial Fire,Industrial Fire,98.8,Critical
8290,1873.0,29.26308,91.92442,2026-08-11,Industrial Fire,Industrial Fire,98.8,Critical
8494,1873.0,29.26384,91.9249,2026-08-13,Industrial Fire,Industrial Fire,98.8,Critical
8726,1873.0,29.26254,91.92178,2026-08-07,Industrial Fire,Industrial Fire,98.7,Critical
8727,1873.0,29.26521,91.92635,2026-08-07,Industrial Fire,Industrial Fire,98.7,Critical
10467,1873.0,29.26098,91.92349,2026-07-20,Industrial Fire,Industrial Fire,99.0,Critical
10873,1873.0,29.26314,91.92422,2026-07-24,Industrial Fire,Industrial Fire,97.6,Critical
8175,1874.0,7.38877,81.22155,2026-08-10,Wildfire / Natural Fire,Wildfire / Natural Fire,16.5,Medium
8214,1874.0,7.3861,81.2234,2026-08-11,Wildfire / Natural Fire,Wildfire / Natural Fire,16.7,Medium
8216,1874.0,7.39043,81.22261,2026-08-11,Wildfire / Natural Fire,Wildfire / Natural Fire,16.8,Medium
8178,1875.0,9.20653,77.49845,2026-08-10,Other/Unknown,Other/Unknown,0.0,Low
9789,1875.0,9.20834,77.50013,2026-07-25,Other/Unknown,Other/Unknown,0.0,Low
10904,1875.0,9.20877,77.49895,2026-07-24,Other/Unknown,Other/Unknown,0.0,Low
8180,1876.0,9.52627,77.44958,2026-08-10,Other/Unknown,Other/Unknown,0.0,Low
8181,1876.0,9.52684,77.44609,2026-08-10,Other/Unknown,Other/Unknown,0.0,Low
8182,1876.0,9.52966,77.44995,2026-08-10,Other/Unknown,Other/Unknown,0.0,Low
8183,1876.0,9.53022,77.44653,2026-08-10,Other/Unknown,Other/Unknown,0.0,Low
8365,1876.0,9.52184,77.45166,2026-08-11,Other/Unknown,Other/Unknown,0.0,Low
8366,1876.0,9.53687,77.45146,2026-08-11,Other/Unknown,Other/Unknown,0.0,Low
8184,1877.0,9.70315,77.58917,2026-08-10,Other/Unknown,Other/Unknown,0.0,Low
8185,1877.0,9.70653,77.58966,2026-08-10,Other/Unknown,Other/Unknown,0.0,Low
8188,1878.0,9.89699,77.68813,2026-08-10,Other/Unknown,Other/Unknown,0.0,Low
8189,1878.0,9.90036,77.68868,2026-08-10,Other/Unknown,Other/Unknown,0.0,Low
8192,1879.0,28.06321,95.35553,2026-08-11,Other/Unknown,Other/Unknown,0.0,Low
9594,1879.0,28.06422,95.3549,2026-07-25,Other/Unknown,Other/Unknown,0.0,Low
8194,1880.0,6.65509,81.18199,2026-08-11,Other/Unknown,Other/Unknown,0.0,Low
8195,1880.0,6.65942,81.1833,2026-08-11,Other/Unknown,Other/Unknown,0.0,Low
8196,1880.0,6.6595,81.18127,2026-08-11,Other/Unknown,Other/Unknown,0.0,Low
8203,1881.0,6.76589,81.44145,2026-08-11,Wildfire / Natural Fire,Wildfire / Natural Fire,16.3,Medium
8874,1881.0,6.77041,81.43979,2026-07-30,Wildfire / Natural Fire,Wildfire / Natural Fire,16.7,Medium
8875,1881.0,6.77094,81.44327,2026-07-30,Wildfire / Natural Fire,Wildfire / Natural Fire,16.7,Medium
8876,1881.0,6.77373,81.43929,2026-07-30,Wildfire / Natural Fire,Wildfire / Natural Fire,18.3,Medium
8877,1881.0,6.77426,81.44276,2026-07-30,Wildfire / Natural Fire,Wildfire / Natural Fire,17.2,Medium
8204,1882.0,6.8257,81.58957,2026-08-11,Wildfire / Natural Fire,Wildfire / Natural Fire,17.3,Medium
8205,1882.0,6.82637,81.59361,2026-08-11,Wildfire / Natural Fire,Wildfire / Natural Fire,17.3,Medium
8206,1882.0,6.83064,81.59292,2026-08-11,Wildfire / Natural Fire,Wildfire / Natural Fire,16.4,Medium
8207,1883.0,6.90725,81.61715,2026-08-11,Other/Unknown,Other/Unknown,0.0,Low
8208,1883.0,6.90791,81.62111,2026-08-11,Other/Unknown,Other/Unknown,0.0,Low
8209,1883.0,6.91217,81.62042,2026-08-11,Other/Unknown,Other/Unknown,0.8,Low
9077,1883.0,6.90898,81.61223,2026-07-30,Other/Unknown,Other/Unknown,0.4,Low
8217,1884.0,7.40687,81.32104,2026-08-11,Other/Unknown,Other/Unknown,0.0,Low
8218,1884.0,7.41117,81.32027,2026-08-11,Other/Unknown,Other/Unknown,0.0,Low
8220,1885.0,7.42813,81.15214,2026-08-11,Other/Unknown,Other/Unknown,0.4,Low
11026,1885.0,7.4328,81.14552,2026-07-17,Other/Unknown,Other/Unknown,0.0,Low
11027,1885.0,7.4342,81.14468,2026-07-17,Other/Unknown,Other/Unknown,0.0,Low
8221,1886.0,7.47229,81.30639,2026-08-11,Other/Unknown,Other/Unknown,0.0,Low
9118,1886.0,7.45488,81.30405,2026-07-31,Other/Unknown,Other/Unknown,0.0,Low
9120,1886.0,7.45878,81.3035,2026-07-31,Other/Unknown,Other/Unknown,0.0,Low
9121,1886.0,7.46268,81.30296,2026-07-31,Other/Unknown,Other/Unknown,0.0,Low
9967,1886.0,7.467,81.3025,2026-07-26,Other/Unknown,Other/Unknown,0.0,Low
8233,1887.0,10.93295,78.50113,2026-08-11,Other/Unknown,Other/Unknown,0.0,Low
8234,1887.0,10.93614,78.50137,2026-08-11,Other/Unknown,Other/Unknown,0.0,Low
8245,1888.0,14.85612,76.95194,2026-08-11,Other/Unknown,Other/Unknown,0.0,Low
8246,1888.0,14.8567,76.95497,2026-08-11,Other/Unknown,Other/Unknown,0.0,Low
8256,1889.0,16.18703,79.21886,2026-08-11,Other/Unknown,Other/Unknown,0.0,Low
8257,1889.0,16.1912,79.21764,2026-08-11,Other/Unknown,Other/Unknown,0.0,Low
8258,1889.0,16.19199,79.22189,2026-08-11,Other/Unknown,Other/Unknown,0.0,Low
8287,1890.0,30.66169,71.88341,2026-08-11,Wildfire / Natural Fire,Wildfire / Natural Fire,16.6,Medium
8637,1890.0,30.65817,71.87918,2026-08-06,Wildfire / Natural Fire,Wildfire / Natural Fire,16.3,Medium
8774,1890.0,30.66328,71.87726,2026-08-08,Wildfire / Natural Fire,Wildfire / Natural Fire,16.5,Medium
8775,1890.0,30.66391,71.88257,2026-08-08,Wildfire / Natural Fire,Wildfire / Natural Fire,16.5,Medium
8356,1891.0,25.03476,87.37252,2026-08-11,Other/Unknown,Other/Unknown,0.0,Low
8658,1891.0,25.03371,87.36905,2026-08-06,Other/Unknown,Other/Unknown,0.0,Low
8697,1891.0,25.03565,87.36957,2026-08-07,Other/Unknown,Other/Unknown,0.0,Low
10053,1891.0,25.03533,87.37167,2026-07-27,Other/Unknown,Other/Unknown,0.0,Low
8361,1892.0,28.6487,77.58789,2026-08-11,Industrial Fire,Industrial Fire,98.6,Critical
8362,1892.0,28.65111,77.58927,2026-08-11,Industrial Fire,Industrial Fire,98.6,Critical
8391,1893.0,26.32264,87.24606,2026-08-12,Other/Unknown,Other/Unknown,0.0,Low
10035,1893.0,26.32159,87.24554,2026-07-27,Other/Unknown,Other/Unknown,0.0,Low
8392,1894.0,8.72599,77.55264,2026-08-12,Other/Unknown,Other/Unknown,0.0,Low
8393,1894.0,8.72601,77.55209,2026-08-12,Other/Unknown,Other/Unknown,0.0,Low
8398,1895.0,9.07997,77.74262,2026-08-12,Other/Unknown,Other/Unknown,0.0,Low
8399,1895.0,9.08511,77.74313,2026-08-12,Other/Unknown,Other/Unknown,0.0,Low
8407,1896.0,30.63067,72.02832,2026-08-12,Wildfire / Natural Fire,Wildfire / Natural Fire,16.5,Medium
8408,1896.0,30.63098,72.03254,2026-08-12,Wildfire / Natural Fire,Wildfire / Natural Fire,16.5,Medium
8486,1896.0,30.63135,72.03081,2026-08-13,Wildfire / Natural Fire,Wildfire / Natural Fire,16.4,Medium
8487,1896.0,30.63265,72.03162,2026-08-13,Wildfire / Natural Fire,Wildfire / Natural Fire,16.3,Medium
8410,1897.0,31.40686,72.34518,2026-08-12,Other/Unknown,Other/Unknown,0.0,Low
8411,1897.0,31.41129,72.3446,2026-08-12,Other/Unknown,Other/Unknown,0.0,Low
8412,1897.0,31.41257,72.34469,2026-08-12,Other/Unknown,Other/Unknown,0.0,Low
8427,1898.0,24.16736,82.62198,2026-08-12,Other/Unknown,Other/Unknown,0.0,Low
9061,1898.0,24.16305,82.62984,2026-07-30,Other/Unknown,Other/Unknown,0.0,Low
9062,1898.0,24.16471,82.62849,2026-07-30,Other/Unknown,Other/Unknown,0.0,Low
9063,1898.0,24.16782,82.62561,2026-07-30,Other/Unknown,Other/Unknown,0.0,Low
9315,1898.0,24.1629,82.63084,2026-07-31,Other/Unknown,Other/Unknown,0.0,Low
8451,1899.0,7.18049,81.00858,2026-08-13,Other/Unknown,Other/Unknown,0.0,Low
8452,1899.0,7.18077,81.00758,2026-08-13,Other/Unknown,Other/Unknown,0.0,Low
8461,1900.0,8.72843,80.47789,2026-08-13,Other/Unknown,Other/Unknown,0.0,Low
8462,1900.0,8.72888,80.48133,2026-08-13,Other/Unknown,Other/Unknown,0.0,Low
8463,1901.0,8.76691,77.69192,2026-08-13,Industrial Fire,Industrial Fire,96.9,Critical
10550,1901.0,8.76218,77.69276,2026-07-22,Industrial Fire,Industrial Fire,98.2,Critical
8466,1902.0,9.13136,80.44212,2026-08-13,Other/Unknown,Other/Unknown,0.0,Low
8467,1902.0,9.13221,80.44027,2026-08-13,Other/Unknown,Other/Unknown,0.0,Low
8468,1903.0,9.16061,80.66372,2026-08-13,Other/Unknown,Other/Unknown,0.0,Low
8469,1903.0,9.16139,80.66515,2026-08-13,Other/Unknown,Other/Unknown,0.0,Low
8470,1904.0,9.47122,78.82121,2026-08-13,Other/Unknown,Other/Unknown,0.0,Low
9180,1904.0,9.47484,78.82008,2026-07-31,Other/Unknown,Other/Unknown,0.0,Low
8481,1905.0,29.64513,71.6638,2026-08-13,Other/Unknown,Other/Unknown,0.0,Low
8482,1905.0,29.64557,71.66782,2026-08-13,Other/Unknown,Other/Unknown,0.0,Low
8534,1906.0,9.11885,77.59209,2026-08-05,Wildfire / Natural Fire,Wildfire / Natural Fire,16.9,Medium
9671,1906.0,9.11794,77.59937,2026-07-25,Wildfire / Natural Fire,Wildfire / Natural Fire,16.5,Medium
9672,1906.0,9.12185,77.59873,2026-07-25,Wildfire / Natural Fire,Wildfire / Natural Fire,16.4,Medium
8536,1907.0,9.49282,78.58743,2026-08-05,Other/Unknown,Other/Unknown,2.2,Low
9679,1907.0,9.49523,78.58398,2026-07-25,Other/Unknown,Other/Unknown,0.7,Low
10805,1907.0,9.49454,78.58665,2026-07-24,Other/Unknown,Other/Unknown,0.7,Low
10806,1907.0,9.49535,78.58585,2026-07-24,Other/Unknown,Other/Unknown,0.8,Low
11042,1907.0,9.49787,78.58649,2026-07-17,Other/Unknown,Wildfire / Natural Fire,15.0,Medium
8539,1908.0,9.62481,78.86961,2026-08-05,Other/Unknown,Other/Unknown,0.0,Low
9184,1908.0,9.62345,78.86769,2026-07-31,Other/Unknown,Other/Unknown,0.0,Low
8542,1909.0,9.87739,78.25546,2026-08-05,Other/Unknown,Other/Unknown,8.2,Low
8543,1909.0,9.88149,78.25475,2026-08-05,Other/Unknown,Other/Unknown,0.0,Low
8560,1910.0,30.65468,72.24837,2026-08-05,Other/Unknown,Other/Unknown,0.0,Low
8690,1910.0,30.65503,72.24939,2026-08-07,Other/Unknown,Other/Unknown,0.0,Low
8691,1910.0,30.66016,72.24886,2026-08-07,Other/Unknown,Other/Unknown,0.0,Low
8772,1910.0,30.65776,72.24519,2026-08-08,Other/Unknown,Other/Unknown,0.0,Low
8773,1910.0,30.65879,72.24271,2026-08-08,Other/Unknown,Other/Unknown,0.0,Low
8597,1911.0,14.29144,77.75444,2026-08-05,Other/Unknown,Other/Unknown,0.0,Low
8598,1911.0,14.29199,77.75083,2026-08-05,Other/Unknown,Other/Unknown,0.0,Low
8608,1912.0,8.86704,78.12225,2026-08-05,Industrial Fire,Industrial Fire,84.8,Critical
9975,1912.0,8.8669,78.12173,2026-07-26,Industrial Fire,Industrial Fire,95.2,Critical
8609,1913.0,9.46912,78.57309,2026-08-05,Other/Unknown,Other/Unknown,0.0,Low
8610,1913.0,9.47245,78.57364,2026-08-05,Other/Unknown,Other/Unknown,0.0,Low
8618,1914.0,7.44586,81.37011,2026-08-06,Other/Unknown,Other/Unknown,0.7,Low
9966,1914.0,7.45046,81.36887,2026-07-26,Other/Unknown,Other/Unknown,0.2,Low
8619,1915.0,7.44782,81.14836,2026-08-06,Wildfire / Natural Fire,Wildfire / Natural Fire,16.3,Medium
8620,1915.0,7.45074,81.14673,2026-08-06,Wildfire / Natural Fire,Wildfire / Natural Fire,16.7,Medium
8621,1915.0,7.45266,81.14748,2026-08-06,Wildfire / Natural Fire,Wildfire / Natural Fire,16.3,Medium
8622,1916.0,7.54742,81.19791,2026-08-06,Wildfire / Natural Fire,Wildfire / Natural Fire,17.3,Medium
10538,1916.0,7.52003,81.19276,2026-07-22,Wildfire / Natural Fire,Wildfire / Natural Fire,16.5,Medium
10539,1916.0,7.52045,81.18983,2026-07-22,Wildfire / Natural Fire,Wildfire / Natural Fire,16.5,Medium
10540,1916.0,7.52658,81.19163,2026-07-22,Wildfire / Natural Fire,Wildfire / Natural Fire,16.5,Medium
10541,1916.0,7.527,81.18865,2026-07-22,Wildfire / Natural Fire,Wildfire / Natural Fire,16.5,Medium
10945,1916.0,7.53529,81.19795,2026-07-16,Wildfire / Natural Fire,Wildfire / Natural Fire,16.2,Medium
11000,1916.0,7.53116,81.19807,2026-07-17,Wildfire / Natural Fire,Wildfire / Natural Fire,17.0,Medium
11029,1916.0,7.52734,81.20441,2026-07-17,Wildfire / Natural Fire,Wildfire / Natural Fire,17.5,Medium
11030,1916.0,7.52851,81.20244,2026-07-17,Wildfire / Natural Fire,Wildfire / Natural Fire,17.3,Medium
11031,1916.0,7.53406,81.19674,2026-07-17,Wildfire / Natural Fire,Wildfire / Natural Fire,16.5,Medium
11032,1916.0,7.53914,81.19793,2026-07-17,Wildfire / Natural Fire,Wildfire / Natural Fire,16.6,Medium
11033,1916.0,7.54029,81.19606,2026-07-17,Wildfire / Natural Fire,Wildfire / Natural Fire,16.5,Medium
8632,1917.0,30.56788,71.62594,2026-08-06,Wildfire / Natural Fire,Wildfire / Natural Fire,16.8,Medium
8633,1917.0,30.56894,71.63015,2026-08-06,Wildfire / Natural Fire,Wildfire / Natural Fire,17.0,Medium
8634,1918.0,33.17128,70.45007,2026-08-06,Other/Unknown,Other/Unknown,0.0,Low
8743,1918.0,33.17331,70.45238,2026-08-07,Other/Unknown,Other/Unknown,0.0,Low
9589,1918.0,33.17102,70.44909,2026-08-02,Other/Unknown,Other/Unknown,0.0,Low
9590,1918.0,33.17432,70.44987,2026-08-02,Other/Unknown,Other/Unknown,0.0,Low
8660,1919.0,25.4376,86.06772,2026-08-06,Other/Unknown,Other/Unknown,0.0,Low
8698,1919.0,25.43726,86.06737,2026-08-07,Other/Unknown,Other/Unknown,0.0,Low
8662,1920.0,7.4045,81.22028,2026-08-06,Other/Unknown,Other/Unknown,0.0,Low
8663,1920.0,7.40504,81.21681,2026-08-06,Other/Unknown,Other/Unknown,0.0,Low
8671,1921.0,29.26978,88.90321,2026-08-07,Other/Unknown,Other/Unknown,0.0,Low
10247,1921.0,29.26861,88.90479,2026-07-29,Other/Unknown,Other/Unknown,0.0,Low
8672,1922.0,8.75627,78.18294,2026-08-07,Persistent Industrial Thermal Source,Persistent Industrial Thermal Source,58.9,High
8673,1922.0,8.76202,78.18221,2026-08-07,Persistent Industrial Thermal Source,Persistent Industrial Thermal Source,58.9,High
8963,1922.0,8.76042,78.18317,2026-07-30,Persistent Industrial Thermal Source,Persistent Industrial Thermal Source,59.6,High
9088,1922.0,8.75744,78.18471,2026-07-30,Persistent Industrial Thermal Source,Persistent Industrial Thermal Source,58.8,High
9089,1922.0,8.75825,78.18236,2026-07-30,Persistent Industrial Thermal Source,Persistent Industrial Thermal Source,58.7,High
9172,1922.0,8.7604,78.18185,2026-07-31,Persistent Industrial Thermal Source,Persistent Industrial Thermal Source,59.0,High
9465,1922.0,8.75715,78.183,2026-08-01,Persistent Industrial Thermal Source,Persistent Industrial Thermal Source,58.7,High
9466,1922.0,8.75772,78.17909,2026-08-01,Persistent Industrial Thermal Source,Persistent Industrial Thermal Source,58.7,High
10298,1922.0,8.75761,78.18333,2026-07-29,Persistent Industrial Thermal Source,Persistent Industrial Thermal Source,58.9,High
10422,1922.0,8.75877,78.18235,2026-07-29,Persistent Industrial Thermal Source,Persistent Industrial Thermal Source,58.6,High
10423,1922.0,8.76074,78.18166,2026-07-29,Persistent Industrial Thermal Source,Persistent Industrial Thermal Source,58.7,High
10621,1922.0,8.75839,78.18192,2026-07-23,Persistent Industrial Thermal Source,Persistent Industrial Thermal Source,58.9,High
10622,1922.0,8.75995,78.18253,2026-07-23,Persistent Industrial Thermal Source,Persistent Industrial Thermal Source,58.8,High
10682,1922.0,8.75791,78.17783,2026-07-23,Persistent Industrial Thermal Source,Persistent Industrial Thermal Source,58.7,High
11399,1922.0,8.75953,78.18171,2026-07-19,Persistent Industrial Thermal Source,Persistent Industrial Thermal Source,58.8,High
8675,1923.0,24.45387,68.30828,2026-08-07,Other/Unknown,Other/Unknown,0.0,Low
8676,1923.0,24.45394,68.31149,2026-08-07,Other/Unknown,Other/Unknown,0.0,Low
11056,1923.0,24.45372,68.31278,2026-07-17,Other/Unknown,Other/Unknown,0.0,Low
8683,1924.0,30.27043,73.32155,2026-08-07,Wildfire / Natural Fire,Wildfire / Natural Fire,16.3,Medium
8684,1924.0,30.27074,73.32553,2026-08-07,Wildfire / Natural Fire,Wildfire / Natural Fire,16.6,Medium
8685,1924.0,30.27128,73.32471,2026-08-07,Wildfire / Natural Fire,Wildfire / Natural Fire,16.6,Medium
8686,1925.0,30.61707,72.13042,2026-08-07,Other/Unknown,Other/Unknown,0.0,Low
8687,1925.0,30.61736,72.13383,2026-08-07,Other/Unknown,Other/Unknown,0.0,Low
8688,1925.0,30.61991,72.13137,2026-08-07,Other/Unknown,Other/Unknown,0.0,Low
8768,1925.0,30.61395,72.13991,2026-08-08,Other/Unknown,Other/Unknown,0.0,Low
8689,1926.0,30.62494,72.0656,2026-08-07,Other/Unknown,Other/Unknown,0.0,Low
8770,1926.0,30.62918,72.07106,2026-08-08,Other/Unknown,Other/Unknown,0.0,Low
8771,1926.0,30.63301,72.07047,2026-08-08,Other/Unknown,Other/Unknown,0.0,Low
11264,1926.0,30.62035,72.05736,2026-07-18,Other/Unknown,Other/Unknown,0.0,Low
8692,1927.0,30.78971,71.86646,2026-08-07,Wildfire / Natural Fire,Wildfire / Natural Fire,17.1,Medium
8693,1927.0,30.79083,71.86834,2026-08-07,Wildfire / Natural Fire,Wildfire / Natural Fire,17.1,Medium
8779,1927.0,30.79273,71.87044,2026-08-08,Wildfire / Natural Fire,Wildfire / Natural Fire,16.7,Medium
8780,1927.0,30.79337,71.87579,2026-08-08,Wildfire / Natural Fire,Wildfire / Natural Fire,16.7,Medium
8753,1928.0,6.81248,81.78204,2026-08-08,Other/Unknown,Other/Unknown,0.0,Low
8754,1928.0,6.81376,81.77986,2026-08-08,Other/Unknown,Other/Unknown,0.0,Low
8755,1929.0,6.82072,81.803,2026-08-08,Industrial Fire,Industrial Fire,98.3,Critical
8756,1929.0,6.82115,81.8061,2026-08-08,Industrial Fire,Industrial Fire,98.4,Critical
8757,1929.0,6.82226,81.80397,2026-08-08,Industrial Fire,Industrial Fire,98.4,Critical
8758,1929.0,6.82267,81.80707,2026-08-08,Industrial Fire,Industrial Fire,98.5,Critical
9995,1929.0,6.82186,81.80378,2026-07-27,Industrial Fire,Industrial Fire,99.2,Critical
9996,1929.0,6.82203,81.80404,2026-07-27,Industrial Fire,Industrial Fire,99.2,Critical
9997,1929.0,6.82258,81.80785,2026-07-27,Industrial Fire,Industrial Fire,99.3,Critical
9998,1929.0,6.82277,81.80808,2026-07-27,Industrial Fire,Industrial Fire,99.3,Critical
8761,1930.0,9.75537,77.6293,2026-08-08,Wildfire / Natural Fire,Wildfire / Natural Fire,16.8,Medium
8861,1930.0,9.75953,77.62386,2026-08-08,Wildfire / Natural Fire,Wildfire / Natural Fire,16.1,Medium
8786,1931.0,33.74333,70.22848,2026-08-08,Other/Unknown,Other/Unknown,0.0,Low
8787,1931.0,33.74356,70.23043,2026-08-08,Other/Unknown,Other/Unknown,0.0,Low
8873,1932.0,6.75566,81.41,2026-07-30,Other/Unknown,Other/Unknown,0.0,Low
9603,1932.0,6.75765,81.41828,2026-07-25,Other/Unknown,Other/Unknown,0.0,Low
8878,1933.0,6.78318,81.43429,2026-07-30,Other/Unknown,Other/Unknown,0.0,Low
9604,1933.0,6.79132,81.43512,2026-07-25,Other/Unknown,Other/Unknown,0.0,Low
9605,1933.0,6.79222,81.43438,2026-07-25,Other/Unknown,Other/Unknown,0.0,Low
8879,1934.0,6.7988,81.58162,2026-07-30,Other/Unknown,Other/Unknown,0.0,Low
9817,1934.0,6.7876,81.57262,2026-07-26,Other/Unknown,Other/Unknown,0.0,Low
10127,1934.0,6.79658,81.57292,2026-07-28,Other/Unknown,Other/Unknown,0.0,Low
8886,1935.0,6.99338,81.30516,2026-07-30,Other/Unknown,Other/Unknown,0.0,Low
8888,1935.0,6.9967,81.30465,2026-07-30,Other/Unknown,Other/Unknown,0.0,Low
8893,1936.0,7.15395,81.74065,2026-07-30,Wildfire / Natural Fire,Wildfire / Natural Fire,16.7,Medium
8894,1936.0,7.15448,81.74417,2026-07-30,Wildfire / Natural Fire,Wildfire / Natural Fire,16.7,Medium
8895,1936.0,7.15835,81.74718,2026-07-30,Wildfire / Natural Fire,Wildfire / Natural Fire,16.4,Medium
8897,1936.0,7.1677,81.76374,2026-07-30,Wildfire / Natural Fire,Wildfire / Natural Fire,17.5,Medium
9102,1936.0,7.15609,81.76354,2026-07-31,Wildfire / Natural Fire,Wildfire / Natural Fire,16.5,Medium
9103,1936.0,7.15761,81.75616,2026-07-31,Wildfire / Natural Fire,Wildfire / Natural Fire,16.4,Medium
9104,1936.0,7.15838,81.76079,2026-07-31,Wildfire / Natural Fire,Wildfire / Natural Fire,16.4,Medium
9105,1936.0,7.15915,81.75828,2026-07-31,Wildfire / Natural Fire,Wildfire / Natural Fire,16.4,Medium
9622,1936.0,7.15806,81.75443,2026-07-25,Wildfire / Natural Fire,Wildfire / Natural Fire,16.5,Medium
9625,1936.0,7.16638,81.76396,2026-07-25,Wildfire / Natural Fire,Wildfire / Natural Fire,16.4,Medium
10006,1936.0,7.16348,81.75041,2026-07-27,Wildfire / Natural Fire,Wildfire / Natural Fire,16.4,Medium
8896,1937.0,7.1673,81.73864,2026-07-30,Wildfire / Natural Fire,Wildfire / Natural Fire,16.7,Medium
8898,1937.0,7.17011,81.73462,2026-07-30,Wildfire / Natural Fire,Wildfire / Natural Fire,16.4,Medium
8899,1937.0,7.17064,81.73813,2026-07-30,Wildfire / Natural Fire,Wildfire / Natural Fire,16.8,Medium
8900,1937.0,7.17398,81.73763,2026-07-30,Wildfire / Natural Fire,Wildfire / Natural Fire,16.8,Medium
9079,1937.0,7.18201,81.74039,2026-07-30,Wildfire / Natural Fire,Wildfire / Natural Fire,16.2,Medium
9080,1937.0,7.18611,81.73679,2026-07-30,Wildfire / Natural Fire,Wildfire / Natural Fire,16.2,Medium
9081,1937.0,7.18802,81.7261,2026-07-30,Wildfire / Natural Fire,Wildfire / Natural Fire,16.2,Medium
9082,1937.0,7.1919,81.73232,2026-07-30,Wildfire / Natural Fire,Wildfire / Natural Fire,16.2,Medium
11354,1937.0,7.19558,81.72559,2026-07-19,Wildfire / Natural Fire,Wildfire / Natural Fire,16.7,Medium
11355,1937.0,7.19615,81.72945,2026-07-19,Wildfire / Natural Fire,Wildfire / Natural Fire,16.6,Medium
11356,1937.0,7.19672,81.73331,2026-07-19,Wildfire / Natural Fire,Wildfire / Natural Fire,16.6,Medium
8901,1938.0,7.21139,81.6524,2026-07-30,Other/Unknown,Other/Unknown,0.0,Low
9831,1938.0,7.22029,81.65233,2026-07-26,Other/Unknown,Other/Unknown,0.0,Low
9832,1938.0,7.22093,81.65614,2026-07-26,Other/Unknown,Other/Unknown,0.0,Low
10012,1938.0,7.2176,81.65291,2026-07-27,Other/Unknown,Other/Unknown,0.0,Low
10013,1938.0,7.22399,81.65604,2026-07-27,Other/Unknown,Other/Unknown,0.0,Low
10014,1938.0,7.22412,81.65594,2026-07-27,Other/Unknown,Other/Unknown,0.0,Low
10015,1938.0,7.22485,81.66003,2026-07-27,Other/Unknown,Other/Unknown,0.0,Low
8902,1939.0,7.22931,81.23882,2026-07-30,Other/Unknown,Other/Unknown,0.0,Low
8903,1939.0,7.23263,81.23832,2026-07-30,Other/Unknown,Other/Unknown,0.0,Low
10723,1939.0,7.22859,81.2448,2026-07-24,Other/Unknown,Other/Unknown,0.0,Low
8906,1940.0,7.30448,81.57709,2026-07-30,Other/Unknown,Other/Unknown,0.0,Low
8908,1940.0,7.30501,81.58059,2026-07-30,Other/Unknown,Other/Unknown,0.0,Low
8909,1940.0,7.30782,81.57658,2026-07-30,Other/Unknown,Other/Unknown,0.0,Low
8911,1940.0,7.30835,81.58009,2026-07-30,Other/Unknown,Other/Unknown,0.0,Low
8912,1940.0,7.31115,81.57609,2026-07-30,Other/Unknown,Other/Unknown,0.0,Low
8907,1941.0,7.30477,81.69183,2026-07-30,Other/Unknown,Other/Unknown,0.0,Low
8910,1941.0,7.30811,81.69132,2026-07-30,Other/Unknown,Other/Unknown,0.0,Low
8915,1942.0,7.35615,81.73795,2026-07-30,Other/Unknown,Other/Unknown,0.0,Low
9114,1942.0,7.35535,81.73048,2026-07-31,Other/Unknown,Other/Unknown,0.0,Low
8916,1943.0,7.35753,81.34679,2026-07-30,Wildfire / Natural Fire,Wildfire / Natural Fire,16.4,Medium
8917,1943.0,7.36033,81.3428,2026-07-30,Wildfire / Natural Fire,Wildfire / Natural Fire,17.8,Medium
8918,1943.0,7.36086,81.34629,2026-07-30,Wildfire / Natural Fire,Wildfire / Natural Fire,17.8,Medium
8919,1943.0,7.36313,81.33881,2026-07-30,Wildfire / Natural Fire,Wildfire / Natural Fire,16.6,Medium
8920,1943.0,7.36366,81.3423,2026-07-30,Wildfire / Natural Fire,Wildfire / Natural Fire,17.8,Medium
8921,1943.0,7.36419,81.34579,2026-07-30,Wildfire / Natural Fire,Wildfire / Natural Fire,17.8,Medium
8922,1943.0,7.36698,81.34181,2026-07-30,Wildfire / Natural Fire,Wildfire / Natural Fire,16.3,Medium
9116,1943.0,7.36853,81.34122,2026-07-31,Wildfire / Natural Fire,Wildfire / Natural Fire,16.3,Medium
8923,1944.0,7.38007,81.73793,2026-07-30,Other/Unknown,Other/Unknown,0.0,Low
8925,1944.0,7.38342,81.73743,2026-07-30,Other/Unknown,Other/Unknown,0.0,Low
8929,1945.0,7.47372,81.28914,2026-07-30,Other/Unknown,Other/Unknown,0.0,Low
10272,1945.0,7.47846,81.2899,2026-07-29,Other/Unknown,Other/Unknown,0.0,Low
8931,1946.0,7.49717,81.42114,2026-07-30,Other/Unknown,Other/Unknown,0.0,Low
8932,1946.0,7.4977,81.42463,2026-07-30,Other/Unknown,Other/Unknown,0.0,Low
10273,1946.0,7.48536,81.42532,2026-07-29,Other/Unknown,Other/Unknown,0.0,Low
10274,1946.0,7.48894,81.42109,2026-07-29,Other/Unknown,Other/Unknown,0.0,Low
10275,1946.0,7.48946,81.42468,2026-07-29,Other/Unknown,Other/Unknown,0.0,Low
10276,1946.0,7.49305,81.42054,2026-07-29,Other/Unknown,Other/Unknown,0.0,Low
8936,1947.0,7.55904,81.27185,2026-07-30,Other/Unknown,Other/Unknown,0.0,Low
9839,1947.0,7.55399,81.27061,2026-07-26,Other/Unknown,Other/Unknown,0.0,Low
10619,1947.0,7.55454,81.26694,2026-07-23,Other/Unknown,Other/Unknown,0.0,Low
8937,1948.0,7.57519,81.49093,2026-07-30,Other/Unknown,Other/Unknown,0.0,Low
8938,1948.0,7.57572,81.49443,2026-07-30,Other/Unknown,Other/Unknown,0.0,Low
8939,1949.0,7.64899,81.57295,2026-07-30,Other/Unknown,Other/Unknown,0.0,Low
8940,1949.0,7.65339,81.57947,2026-07-30,Other/Unknown,Other/Unknown,0.0,Low
8941,1949.0,7.65672,81.57896,2026-07-30,Other/Unknown,Other/Unknown,0.0,Low
8942,1949.0,7.65726,81.58247,2026-07-30,Other/Unknown,Other/Unknown,0.0,Low
10754,1949.0,7.64088,81.56915,2026-07-24,Other/Unknown,Other/Unknown,0.0,Low
8943,1950.0,7.65846,81.56792,2026-07-30,Other/Unknown,Other/Unknown,0.0,Low
9659,1950.0,7.66037,81.56879,2026-07-25,Other/Unknown,Other/Unknown,0.0,Low
8944,1951.0,7.6597,81.46375,2026-07-30,Wildfire / Natural Fire,Wildfire / Natural Fire,16.4,Medium
8945,1951.0,7.6625,81.45975,2026-07-30,Wildfire / Natural Fire,Wildfire / Natural Fire,16.2,Medium
8946,1951.0,7.66583,81.45924,2026-07-30,Wildfire / Natural Fire,Wildfire / Natural Fire,16.2,Medium
9145,1951.0,7.66164,81.44938,2026-07-31,Wildfire / Natural Fire,Wildfire / Natural Fire,15.9,Medium
9146,1951.0,7.6624,81.45413,2026-07-31,Wildfire / Natural Fire,Wildfire / Natural Fire,16.3,Medium
9147,1951.0,7.664,81.4518,2026-07-31,Wildfire / Natural Fire,Wildfire / Natural Fire,16.5,Medium
9148,1951.0,7.6648,81.45654,2026-07-31,Wildfire / Natural Fire,Wildfire / Natural Fire,16.4,Medium
9658,1951.0,7.65345,81.45728,2026-07-25,Wildfire / Natural Fire,Wildfire / Natural Fire,16.2,Medium
9660,1951.0,7.66886,81.45853,2026-07-25,Wildfire / Natural Fire,Wildfire / Natural Fire,16.0,Medium
8948,1952.0,7.68173,81.45957,2026-07-30,Other/Unknown,Other/Unknown,0.0,Low
10136,1952.0,7.68283,81.45654,2026-07-28,Other/Unknown,Other/Unknown,0.0,Low
8958,1953.0,7.85524,81.37222,2026-07-30,Wildfire / Natural Fire,Wildfire / Natural Fire,16.8,Medium
11375,1953.0,7.85538,81.37425,2026-07-19,Wildfire / Natural Fire,Wildfire / Natural Fire,16.5,Medium
8959,1954.0,7.92455,81.27509,2026-07-30,Other/Unknown,Other/Unknown,0.0,Low
11377,1954.0,7.92062,81.27559,2026-07-19,Other/Unknown,Other/Unknown,0.0,Low
11378,1954.0,7.92407,81.27508,2026-07-19,Other/Unknown,Other/Unknown,0.0,Low
11379,1954.0,7.92463,81.27886,2026-07-19,Other/Unknown,Other/Unknown,0.0,Low
8966,1955.0,9.38353,78.76695,2026-07-30,Other/Unknown,Other/Unknown,0.0,Low
8967,1955.0,9.38694,78.7664,2026-07-30,Other/Unknown,Other/Unknown,0.0,Low
8975,1956.0,27.70756,68.57163,2026-07-30,Other/Unknown,Other/Unknown,0.0,Low
8976,1956.0,27.71198,68.57047,2026-07-30,Other/Unknown,Other/Unknown,0.0,Low
8979,1957.0,27.98466,68.93643,2026-07-30,Other/Unknown,Other/Unknown,0.0,Low
8980,1957.0,27.98574,68.93775,2026-07-30,Other/Unknown,Other/Unknown,0.0,Low
8985,1958.0,36.93259,80.30154,2026-07-30,Other/Unknown,Other/Unknown,0.0,Low
10373,1958.0,36.93246,80.30218,2026-07-29,Other/Unknown,Other/Unknown,0.0,Low
11435,1958.0,36.93393,80.30153,2026-07-19,Other/Unknown,Other/Unknown,0.0,Low
9054,1959.0,23.99013,79.39404,2026-07-30,Industrial Fire,Industrial Fire,98.4,Critical
9740,1959.0,23.99007,79.39203,2026-07-25,Industrial Fire,Industrial Fire,98.7,Critical
10893,1959.0,23.98989,79.39357,2026-07-24,Industrial Fire,Industrial Fire,98.4,Critical
9060,1960.0,24.16191,82.601,2026-07-30,Other/Unknown,Other/Unknown,0.0,Low
10224,1960.0,24.1613,82.60507,2026-07-28,Other/Unknown,Other/Unknown,0.0,Low
9075,1961.0,6.88759,81.56491,2026-07-30,Other/Unknown,Other/Unknown,0.0,Low
9076,1961.0,6.88853,81.56789,2026-07-30,Other/Unknown,Other/Unknown,0.0,Low
9821,1961.0,6.89017,81.56811,2026-07-26,Other/Unknown,Other/Unknown,0.0,Low
9083,1962.0,7.22085,81.45557,2026-07-30,Wildfire / Natural Fire,Wildfire / Natural Fire,16.3,Medium
9084,1962.0,7.22131,81.45717,2026-07-30,Wildfire / Natural Fire,Wildfire / Natural Fire,16.3,Medium
9110,1962.0,7.2194,81.45242,2026-07-31,Wildfire / Natural Fire,Wildfire / Natural Fire,18.0,Medium
9085,1963.0,7.27939,81.07865,2026-07-30,Other/Unknown,Other/Unknown,0.0,Low
9086,1963.0,7.28076,81.07696,2026-07-30,Other/Unknown,Other/Unknown,0.0,Low
9112,1963.0,7.27766,81.07352,2026-07-31,Other/Unknown,Other/Unknown,0.0,Low
9090,1964.0,10.06893,77.45542,2026-07-30,Other/Unknown,Other/Unknown,0.0,Low
9091,1964.0,10.06937,77.45595,2026-07-30,Other/Unknown,Other/Unknown,0.0,Low
9092,1964.0,10.07186,77.45966,2026-07-30,Other/Unknown,Other/Unknown,0.0,Low
9093,1964.0,10.07229,77.46024,2026-07-30,Other/Unknown,Other/Unknown,0.0,Low
9094,1964.0,10.07259,77.45537,2026-07-30,Other/Unknown,Other/Unknown,0.0,Low
9095,1964.0,10.073,77.45592,2026-07-30,Other/Unknown,Other/Unknown,0.0,Low
10425,1964.0,10.07832,77.46371,2026-07-29,Other/Unknown,Other/Unknown,0.0,Low
10426,1964.0,10.07843,77.46563,2026-07-29,Other/Unknown,Other/Unknown,0.0,Low
9106,1965.0,7.16969,81.77555,2026-07-31,Wildfire / Natural Fire,Wildfire / Natural Fire,16.7,Medium
9107,1965.0,7.17206,81.7728,2026-07-31,Wildfire / Natural Fire,Wildfire / Natural Fire,17.1,Medium
9108,1965.0,7.17283,81.77742,2026-07-31,Wildfire / Natural Fire,Wildfire / Natural Fire,16.6,Medium
9109,1965.0,7.17348,81.77495,2026-07-31,Wildfire / Natural Fire,Wildfire / Natural Fire,16.7,Medium
9621,1965.0,7.15463,81.77661,2026-07-25,Wildfire / Natural Fire,Wildfire / Natural Fire,16.5,Medium
9623,1965.0,7.16466,81.77505,2026-07-25,Wildfire / Natural Fire,Wildfire / Natural Fire,16.4,Medium
10721,1965.0,7.15965,81.78175,2026-07-24,Wildfire / Natural Fire,Wildfire / Natural Fire,16.5,Medium
10722,1965.0,7.16013,81.78042,2026-07-24,Wildfire / Natural Fire,Wildfire / Natural Fire,16.6,Medium
9125,1966.0,7.50815,81.67551,2026-07-31,Other/Unknown,Other/Unknown,0.0,Low
9126,1966.0,7.5127,81.67953,2026-07-31,Other/Unknown,Other/Unknown,0.0,Low
9129,1967.0,7.58401,81.71673,2026-07-31,Other/Unknown,Other/Unknown,0.0,Low
9130,1967.0,7.58462,81.71523,2026-07-31,Other/Unknown,Other/Unknown,0.0,Low
9132,1967.0,7.58703,81.71151,2026-07-31,Other/Unknown,Other/Unknown,0.0,Low
9134,1967.0,7.5878,81.71611,2026-07-31,Other/Unknown,Other/Unknown,0.0,Low
9135,1967.0,7.5884,81.7146,2026-07-31,Other/Unknown,Other/Unknown,0.0,Low
9131,1968.0,7.58698,81.68784,2026-07-31,Other/Unknown,Other/Unknown,0.0,Low
9133,1968.0,7.58776,81.68627,2026-07-31,Other/Unknown,Other/Unknown,0.0,Low
9137,1969.0,7.60823,81.72224,2026-07-31,Other/Unknown,Other/Unknown,2.2,Low
9138,1969.0,7.60899,81.72683,2026-07-31,Other/Unknown,Industrial Fire,51.6,High
10025,1969.0,7.60544,81.72329,2026-07-27,Other/Unknown,Other/Unknown,0.0,Low
9139,1970.0,7.61604,81.26422,2026-07-31,Other/Unknown,Other/Unknown,0.0,Low
9140,1970.0,7.61641,81.26225,2026-07-31,Other/Unknown,Other/Unknown,0.0,Low
9141,1970.0,7.61914,81.25868,2026-07-31,Other/Unknown,Other/Unknown,0.0,Low
9142,1970.0,7.62029,81.26157,2026-07-31,Other/Unknown,Other/Unknown,0.0,Low
9143,1970.0,7.62383,81.26303,2026-07-31,Other/Unknown,Other/Unknown,0.0,Low
9144,1970.0,7.62418,81.261,2026-07-31,Other/Unknown,Other/Unknown,0.0,Low
9153,1971.0,7.68768,81.66441,2026-07-31,Other/Unknown,Other/Unknown,2.3,Low
9154,1971.0,7.68779,81.66187,2026-07-31,Other/Unknown,Other/Unknown,1.7,Low
9155,1972.0,7.70869,81.53181,2026-07-31,Other/Unknown,Other/Unknown,0.0,Low
9661,1972.0,7.70727,81.52883,2026-07-25,Other/Unknown,Other/Unknown,0.0,Low
9156,1973.0,7.71331,81.55991,2026-07-31,Wildfire / Natural Fire,Wildfire / Natural Fire,16.4,Medium
9157,1973.0,7.71408,81.5646,2026-07-31,Wildfire / Natural Fire,Wildfire / Natural Fire,16.7,Medium
9158,1973.0,7.71636,81.55462,2026-07-31,Wildfire / Natural Fire,Wildfire / Natural Fire,16.4,Medium
9160,1974.0,7.74,81.53151,2026-07-31,Other/Unknown,Other/Unknown,0.0,Low
9161,1974.0,7.74076,81.53621,2026-07-31,Other/Unknown,Other/Unknown,0.0,Low
9162,1975.0,7.75221,81.53432,2026-07-31,Other/Unknown,Other/Unknown,0.0,Low
9164,1975.0,7.75678,81.53839,2026-07-31,Other/Unknown,Other/Unknown,0.0,Low
10763,1975.0,7.76373,81.53905,2026-07-24,Other/Unknown,Other/Unknown,0.0,Low
10764,1975.0,7.76406,81.54079,2026-07-24,Other/Unknown,Other/Unknown,0.0,Low
9163,1976.0,7.75448,81.54839,2026-07-31,Wildfire / Natural Fire,Wildfire / Natural Fire,16.4,Medium
9477,1976.0,7.75788,81.55358,2026-08-02,Wildfire / Natural Fire,Wildfire / Natural Fire,16.8,Medium
9478,1976.0,7.7611,81.55444,2026-08-02,Wildfire / Natural Fire,Wildfire / Natural Fire,14.6,Low
9173,1977.0,8.76957,80.2338,2026-07-31,Other/Unknown,Other/Unknown,0.0,Low
9174,1977.0,8.77019,80.23743,2026-07-31,Other/Unknown,Other/Unknown,0.0,Low
9182,1978.0,9.58715,78.81624,2026-07-31,Other/Unknown,Other/Unknown,0.0,Low
9183,1978.0,9.58817,78.81823,2026-07-31,Other/Unknown,Other/Unknown,0.0,Low
9191,1979.0,9.97583,78.28342,2026-07-31,Other/Unknown,Other/Unknown,0.0,Low
10037,1979.0,9.96835,78.28912,2026-07-27,Other/Unknown,Other/Unknown,0.0,Low
10157,1979.0,9.97086,78.28806,2026-07-28,Other/Unknown,Other/Unknown,0.0,Low
9194,1980.0,10.07881,79.13869,2026-07-31,Other/Unknown,Other/Unknown,0.0,Low
9195,1980.0,10.08159,79.13962,2026-07-31,Other/Unknown,Other/Unknown,0.0,Low
9225,1981.0,27.50666,72.43296,2026-07-31,Industrial Fire,Industrial Fire,95.1,Critical
9226,1981.0,27.50789,72.43858,2026-07-31,Industrial Fire,Industrial Fire,98.7,Critical
9227,1981.0,27.50912,72.4442,2026-07-31,Industrial Fire,Industrial Fire,98.7,Critical
9228,1981.0,27.51035,72.44982,2026-07-31,Industrial Fire,Industrial Fire,98.3,Critical
9229,1981.0,27.51134,72.43169,2026-07-31,Industrial Fire,Industrial Fire,98.6,Critical
9230,1981.0,27.51257,72.4373,2026-07-31,Industrial Fire,Industrial Fire,98.5,Critical
9231,1981.0,27.5138,72.44293,2026-07-31,Industrial Fire,Industrial Fire,98.7,Critical
9232,1981.0,27.51503,72.44856,2026-07-31,Industrial Fire,Industrial Fire,98.4,Critical
9233,1982.0,30.29496,73.73587,2026-07-31,Other/Unknown,Other/Unknown,0.0,Low
9234,1982.0,30.29584,73.74016,2026-07-31,Other/Unknown,Other/Unknown,0.0,Low
10352,1982.0,30.29878,73.74285,2026-07-29,Other/Unknown,Other/Unknown,0.0,Low
9310,1983.0,24.11732,86.35205,2026-07-31,Other/Unknown,Other/Unknown,0.0,Low
9741,1983.0,24.11728,86.35124,2026-07-25,Other/Unknown,Other/Unknown,0.0,Low
9327,1984.0,28.83179,78.76865,2026-07-31,Industrial Fire,Industrial Fire,94.6,Critical
9328,1984.0,28.83574,78.76926,2026-07-31,Industrial Fire,Industrial Fire,98.2,Critical
9367,1985.0,11.05063,79.35343,2026-08-01,Other/Unknown,Other/Unknown,0.0,Low
9368,1985.0,11.05169,79.3529,2026-08-01,Other/Unknown,Other/Unknown,0.0,Low
9371,1986.0,12.16273,79.51328,2026-08-01,Other/Unknown,Other/Unknown,0.0,Low
9372,1986.0,12.16129,79.51262,2026-08-01,Other/Unknown,Other/Unknown,0.0,Low
9385,1987.0,31.67013,73.18804,2026-08-01,Other/Unknown,Other/Unknown,0.0,Low
9386,1987.0,31.67132,73.1893,2026-08-01,Other/Unknown,Other/Unknown,0.0,Low
9427,1988.0,23.66364,86.91719,2026-08-01,Other/Unknown,Other/Unknown,0.0,Low
9508,1988.0,23.66153,86.91164,2026-08-02,Other/Unknown,Other/Unknown,0.0,Low
9456,1989.0,6.41755,80.93444,2026-08-01,Other/Unknown,Other/Unknown,0.0,Low
9457,1989.0,6.41834,80.93413,2026-08-01,Other/Unknown,Other/Unknown,0.0,Low
9460,1990.0,7.55418,80.92736,2026-08-01,Other/Unknown,Other/Unknown,0.0,Low
9461,1990.0,7.55771,80.92791,2026-08-01,Other/Unknown,Other/Unknown,0.0,Low
9481,1991.0,21.6516,94.757,2026-08-02,Other/Unknown,Other/Unknown,0.0,Low
9482,1991.0,21.65218,94.76128,2026-08-02,Other/Unknown,Other/Unknown,0.0,Low
9495,1992.0,29.77161,72.32706,2026-08-02,Other/Unknown,Other/Unknown,0.0,Low
9496,1992.0,29.77267,72.3238,2026-08-02,Other/Unknown,Other/Unknown,0.0,Low
9497,1993.0,29.93701,72.94817,2026-08-02,Wildfire / Natural Fire,Wildfire / Natural Fire,16.6,Medium
9498,1993.0,29.93864,72.94911,2026-08-02,Wildfire / Natural Fire,Wildfire / Natural Fire,16.7,Medium
9506,1994.0,22.87305,88.21144,2026-08-02,Other/Unknown,Other/Unknown,0.0,Low
10917,1994.0,22.87362,88.21392,2026-07-16,Other/Unknown,Other/Unknown,0.0,Low
9587,1995.0,32.82849,71.60101,2026-08-02,Other/Unknown,Other/Unknown,0.0,Low
9991,1995.0,32.82578,71.60197,2026-07-26,Other/Unknown,Other/Unknown,0.0,Low
10686,1995.0,32.82825,71.60221,2026-07-23,Other/Unknown,Other/Unknown,0.0,Low
9610,1996.0,7.04691,81.05749,2026-07-25,Other/Unknown,Industrial Fire,93.3,Critical
9611,1996.0,7.0503,81.05693,2026-07-25,Other/Unknown,Other/Unknown,14.9,Low
9612,1996.0,7.05086,81.06049,2026-07-25,Other/Unknown,Other/Unknown,14.9,Low
9615,1997.0,7.14205,81.71719,2026-07-25,Other/Unknown,Other/Unknown,0.0,Low
9616,1997.0,7.14259,81.72071,2026-07-25,Other/Unknown,Other/Unknown,0.0,Low
9617,1997.0,7.14539,81.71666,2026-07-25,Other/Unknown,Other/Unknown,0.0,Low
9618,1997.0,7.14594,81.72019,2026-07-25,Other/Unknown,Other/Unknown,0.0,Low
9629,1998.0,7.20681,81.25064,2026-07-25,Other/Unknown,Other/Unknown,0.0,Low
9631,1998.0,7.21019,81.25011,2026-07-25,Other/Unknown,Other/Unknown,0.0,Low
9632,1998.0,7.21356,81.24958,2026-07-25,Other/Unknown,Other/Unknown,0.0,Low
9633,1998.0,7.22031,81.2485,2026-07-25,Other/Unknown,Other/Unknown,0.0,Low
9635,1999.0,7.22595,81.26243,2026-07-25,Other/Unknown,Other/Unknown,0.0,Low
9636,1999.0,7.22707,81.26962,2026-07-25,Other/Unknown,Other/Unknown,0.0,Low
9637,1999.0,7.23045,81.2691,2026-07-25,Other/Unknown,Other/Unknown,0.0,Low
11156,1999.0,7.23321,81.25528,2026-07-18,Other/Unknown,Other/Unknown,0.0,Low
11157,1999.0,7.23381,81.25955,2026-07-18,Other/Unknown,Other/Unknown,0.0,Low
9639,2000.0,7.2703,81.80128,2026-07-25,Other/Unknown,Other/Unknown,0.0,Low
10256,2000.0,7.26355,81.80156,2026-07-29,Other/Unknown,Other/Unknown,0.0,Low
10258,2000.0,7.26408,81.80129,2026-07-29,Other/Unknown,Other/Unknown,0.0,Low
9645,2001.0,7.46283,81.41505,2026-07-25,Other/Unknown,Other/Unknown,0.0,Low
10133,2001.0,7.46724,81.41615,2026-07-28,Other/Unknown,Other/Unknown,0.0,Low
9648,2002.0,7.49998,81.25513,2026-07-25,Other/Unknown,Other/Unknown,0.0,Low
9649,2002.0,7.5028,81.25101,2026-07-25,Other/Unknown,Other/Unknown,0.0,Low
9650,2002.0,7.50391,81.25819,2026-07-25,Other/Unknown,Other/Unknown,0.0,Low
9655,2003.0,7.61801,81.5609,2026-07-25,Other/Unknown,Other/Unknown,0.0,Low
10026,2003.0,7.61232,81.5638,2026-07-27,Other/Unknown,Other/Unknown,0.0,Low
9657,2004.0,7.64466,81.60021,2026-07-25,Other/Unknown,Other/Unknown,0.0,Low
9844,2004.0,7.64325,81.59858,2026-07-26,Other/Unknown,Other/Unknown,0.0,Low
9845,2004.0,7.64362,81.59879,2026-07-26,Other/Unknown,Other/Unknown,0.0,Low
9662,2005.0,7.72685,81.23381,2026-07-25,Other/Unknown,Other/Unknown,0.0,Low
9663,2005.0,7.73022,81.23329,2026-07-25,Other/Unknown,Other/Unknown,0.0,Low
9673,2006.0,9.16651,78.04524,2026-07-25,Other/Unknown,Other/Unknown,10.4,Low
9674,2006.0,9.16966,78.04662,2026-07-25,Other/Unknown,Other/Unknown,11.3,Low
9682,2007.0,9.57775,77.87535,2026-07-25,Other/Unknown,Other/Unknown,9.1,Low
9683,2007.0,9.57965,77.87807,2026-07-25,Other/Unknown,Other/Unknown,9.9,Low
9697,2008.0,11.28183,78.36697,2026-07-25,Other/Unknown,Other/Unknown,0.0,Low
9698,2008.0,11.28244,78.37044,2026-07-25,Other/Unknown,Other/Unknown,0.0,Low
9702,2009.0,12.00109,78.78092,2026-07-25,Other/Unknown,Other/Unknown,0.0,Low
9703,2009.0,12.00164,78.77988,2026-07-25,Other/Unknown,Other/Unknown,0.0,Low
9752,2010.0,30.16682,70.92638,2026-07-25,Other/Unknown,Other/Unknown,0.0,Low
9753,2010.0,30.16896,70.92863,2026-07-25,Other/Unknown,Other/Unknown,0.0,Low
9754,2010.0,30.16927,70.92484,2026-07-25,Other/Unknown,Other/Unknown,0.0,Low
9755,2010.0,30.17215,70.92696,2026-07-25,Other/Unknown,Other/Unknown,0.0,Low
9792,2010.0,30.16939,70.93171,2026-07-25,Other/Unknown,Other/Unknown,0.0,Low
9767,2011.0,10.18617,77.27609,2026-07-25,Wildfire / Natural Fire,Wildfire / Natural Fire,16.2,Medium
10823,2011.0,10.19416,77.27584,2026-07-24,Wildfire / Natural Fire,Wildfire / Natural Fire,17.1,Medium
9785,2012.0,7.80256,80.49333,2026-07-25,Other/Unknown,Other/Unknown,0.0,Low
10900,2012.0,7.79546,80.49115,2026-07-24,Other/Unknown,Other/Unknown,0.0,Low
10901,2012.0,7.80092,80.49208,2026-07-24,Other/Unknown,Other/Unknown,0.0,Low
9790,2013.0,9.61007,78.25507,2026-07-25,Other/Unknown,Other/Unknown,0.0,Low
9791,2013.0,9.6107,78.25127,2026-07-25,Other/Unknown,Other/Unknown,0.0,Low
9795,2014.0,6.65913,80.97109,2026-07-26,Other/Unknown,Other/Unknown,0.0,Low
9951,2014.0,6.65105,80.96626,2026-07-26,Other/Unknown,Other/Unknown,0.0,Low
9952,2014.0,6.65381,80.96651,2026-07-26,Other/Unknown,Other/Unknown,0.0,Low
9953,2014.0,6.65713,80.96707,2026-07-26,Other/Unknown,Other/Unknown,0.0,Low
9797,2015.0,6.69174,81.16842,2026-07-26,Wildfire / Natural Fire,Wildfire / Natural Fire,18.5,Medium
9799,2015.0,6.69245,81.17272,2026-07-26,Wildfire / Natural Fire,Wildfire / Natural Fire,18.5,Medium
9800,2015.0,6.69315,81.17699,2026-07-26,Wildfire / Natural Fire,Wildfire / Natural Fire,19.3,Medium
9803,2015.0,6.69613,81.16769,2026-07-26,Wildfire / Natural Fire,Wildfire / Natural Fire,18.5,Medium
9805,2015.0,6.69684,81.17197,2026-07-26,Wildfire / Natural Fire,Wildfire / Natural Fire,18.5,Medium
9807,2015.0,6.69754,81.17621,2026-07-26,Wildfire / Natural Fire,Wildfire / Natural Fire,19.3,Medium
9818,2016.0,6.82497,81.26569,2026-07-26,Other/Unknown,Other/Unknown,0.0,Low
9819,2016.0,6.82517,81.26598,2026-07-26,Other/Unknown,Other/Unknown,0.0,Low
9820,2017.0,6.83574,80.95586,2026-07-26,Other/Unknown,Other/Unknown,0.0,Low
10085,2017.0,6.83606,80.96377,2026-07-27,Other/Unknown,Other/Unknown,0.0,Low
10711,2017.0,6.8296,80.95567,2026-07-24,Other/Unknown,Other/Unknown,0.6,Low
9827,2018.0,7.18127,81.78176,2026-07-26,Other/Unknown,Other/Unknown,0.0,Low
10007,2018.0,7.18229,81.78858,2026-07-27,Other/Unknown,Other/Unknown,0.0,Low
9840,2019.0,7.57028,81.67813,2026-07-26,Other/Unknown,Other/Unknown,0.0,Low
9841,2019.0,7.57447,81.67744,2026-07-26,Other/Unknown,Other/Unknown,0.0,Low
9842,2019.0,7.57512,81.68127,2026-07-26,Other/Unknown,Other/Unknown,0.0,Low
10282,2019.0,7.56916,81.68024,2026-07-29,Other/Unknown,Other/Unknown,0.0,Low
9858,2020.0,8.68839,80.39858,2026-07-26,Wildfire / Natural Fire,Wildfire / Natural Fire,17.0,Medium
9859,2020.0,8.68916,80.40307,2026-07-26,Wildfire / Natural Fire,Wildfire / Natural Fire,17.0,Medium
9860,2021.0,8.84534,81.01709,2026-07-26,Wildfire / Natural Fire,Wildfire / Natural Fire,16.6,Medium
9861,2021.0,8.84753,81.01942,2026-07-26,Wildfire / Natural Fire,Wildfire / Natural Fire,17.0,Medium
9862,2021.0,8.85032,81.02039,2026-07-26,Wildfire / Natural Fire,Wildfire / Natural Fire,16.6,Medium
9864,2022.0,9.37899,77.92585,2026-07-26,Other/Unknown,Other/Unknown,0.0,Low
9865,2022.0,9.3792,77.92735,2026-07-26,Other/Unknown,Other/Unknown,0.0,Low
9866,2023.0,9.50276,78.04283,2026-07-26,Other/Unknown,Other/Unknown,0.0,Low
9867,2023.0,9.50334,78.04597,2026-07-26,Other/Unknown,Other/Unknown,0.0,Low
9877,2024.0,11.78077,79.44133,2026-07-26,Other/Unknown,Other/Unknown,0.0,Low
9878,2024.0,11.78529,79.4405,2026-07-26,Other/Unknown,Other/Unknown,0.0,Low
9879,2024.0,11.78611,79.44511,2026-07-26,Other/Unknown,Other/Unknown,0.0,Low
9882,2025.0,15.1398,79.87268,2026-07-26,Other/Unknown,Other/Unknown,0.0,Low
9883,2025.0,15.14143,79.87263,2026-07-26,Other/Unknown,Other/Unknown,0.0,Low
9907,2026.0,27.27032,88.30042,2026-07-26,Wildfire / Natural Fire,Wildfire / Natural Fire,16.9,Medium
9908,2026.0,27.27429,88.29869,2026-07-26,Wildfire / Natural Fire,Wildfire / Natural Fire,16.4,Medium
9913,2027.0,35.20901,68.10361,2026-07-26,Other/Unknown,Other/Unknown,0.0,Low
9914,2027.0,35.20938,68.11154,2026-07-26,Other/Unknown,Other/Unknown,0.0,Low
9948,2028.0,24.16825,80.69648,2026-07-26,Industrial Fire,Industrial Fire,98.4,Critical
10895,2028.0,24.16793,80.69418,2026-07-24,Industrial Fire,Industrial Fire,98.5,Critical
9954,2029.0,6.68267,81.19126,2026-07-26,Other/Unknown,Other/Unknown,0.0,Low
9955,2029.0,6.68601,81.1918,2026-07-26,Other/Unknown,Other/Unknown,0.0,Low
9961,2030.0,7.06252,81.41898,2026-07-26,Other/Unknown,Other/Unknown,0.0,Low
9962,2030.0,7.06586,81.41956,2026-07-26,Other/Unknown,Other/Unknown,0.0,Low
11127,2030.0,7.06299,81.41061,2026-07-17,Other/Unknown,Other/Unknown,0.0,Low
9968,2031.0,7.52838,81.21864,2026-07-26,Other/Unknown,Other/Unknown,0.0,Low
9969,2031.0,7.52894,81.21513,2026-07-26,Other/Unknown,Other/Unknown,0.0,Low
9986,2032.0,11.1092,79.2571,2026-07-26,Other/Unknown,Other/Unknown,0.0,Low
9987,2032.0,11.11263,79.25764,2026-07-26,Other/Unknown,Other/Unknown,0.0,Low
9994,2033.0,33.827,72.83048,2026-07-26,Other/Unknown,Other/Unknown,0.0,Low
10099,2033.0,33.82937,72.82973,2026-07-27,Other/Unknown,Other/Unknown,0.0,Low
10000,2034.0,7.14491,81.81149,2026-07-27,Wildfire / Natural Fire,Wildfire / Natural Fire,16.6,Medium
10001,2034.0,7.14493,81.81158,2026-07-27,Wildfire / Natural Fire,Wildfire / Natural Fire,16.6,Medium
10002,2034.0,7.15065,81.81046,2026-07-27,Wildfire / Natural Fire,Wildfire / Natural Fire,16.6,Medium
10003,2034.0,7.15068,81.81055,2026-07-27,Wildfire / Natural Fire,Wildfire / Natural Fire,16.6,Medium
10004,2034.0,7.15206,81.81844,2026-07-27,Wildfire / Natural Fire,Wildfire / Natural Fire,11.9,Low
10005,2034.0,7.15214,81.81852,2026-07-27,Wildfire / Natural Fire,Wildfire / Natural Fire,12.1,Low
10251,2034.0,7.14785,81.80265,2026-07-29,Wildfire / Natural Fire,Wildfire / Natural Fire,16.4,Medium
10252,2034.0,7.15447,81.81692,2026-07-29,Wildfire / Natural Fire,Wildfire / Natural Fire,16.4,Medium
10022,2035.0,7.54397,81.64734,2026-07-27,Other/Unknown,Other/Unknown,0.0,Low
10023,2035.0,7.54436,81.64738,2026-07-27,Other/Unknown,Other/Unknown,0.0,Low
10024,2036.0,7.5947,81.72931,2026-07-27,Other/Unknown,Other/Unknown,0.0,Low
10135,2036.0,7.59562,81.72387,2026-07-28,Other/Unknown,Other/Unknown,0.0,Low
10027,2037.0,7.86876,81.3022,2026-07-27,Other/Unknown,Other/Unknown,0.0,Low
10028,2037.0,7.87384,81.29683,2026-07-27,Other/Unknown,Other/Unknown,0.0,Low
10038,2038.0,24.3411,68.0527,2026-07-27,Other/Unknown,Other/Unknown,0.0,Low
11055,2038.0,24.3357,68.05937,2026-07-17,Other/Unknown,Other/Unknown,0.0,Low
10043,2039.0,29.20518,71.50465,2026-07-27,Other/Unknown,Other/Unknown,0.0,Low
10044,2039.0,29.20547,71.50839,2026-07-27,Other/Unknown,Other/Unknown,0.0,Low
10047,2040.0,29.28664,70.95149,2026-07-27,Other/Unknown,Other/Unknown,0.0,Low
10048,2040.0,29.28693,70.95494,2026-07-27,Other/Unknown,Other/Unknown,0.0,Low
10082,2041.0,13.21387,80.26139,2026-07-27,Industrial Fire,Industrial Fire,98.4,Critical
10083,2041.0,13.21473,80.26047,2026-07-27,Industrial Fire,Industrial Fire,98.3,Critical
10089,2042.0,7.06273,80.89155,2026-07-27,Other/Unknown,Other/Unknown,8.1,Low
10090,2042.0,7.06332,80.8876,2026-07-27,Other/Unknown,Other/Unknown,8.2,Low
10091,2042.0,7.06656,80.89203,2026-07-27,Other/Unknown,Other/Unknown,24.4,Medium
10092,2042.0,7.06716,80.88806,2026-07-27,Other/Unknown,Other/Unknown,23.4,Medium
10106,2043.0,20.88293,96.03716,2026-07-28,Industrial Fire,Industrial Fire,98.6,Critical
10107,2043.0,20.88583,96.03255,2026-07-28,Industrial Fire,Industrial Fire,98.5,Critical
10108,2043.0,20.8864,96.03661,2026-07-28,Industrial Fire,Industrial Fire,98.6,Critical
10109,2043.0,20.88698,96.0407,2026-07-28,Industrial Fire,Industrial Fire,98.4,Critical
10110,2043.0,20.88988,96.03607,2026-07-28,Industrial Fire,Industrial Fire,98.5,Critical
10111,2043.0,20.89046,96.04016,2026-07-28,Industrial Fire,Industrial Fire,98.4,Critical
10113,2044.0,20.98175,96.02229,2026-07-28,Industrial Fire,Industrial Fire,98.3,Critical
10114,2044.0,20.9858,96.02582,2026-07-28,Industrial Fire,Industrial Fire,95.2,Critical
10115,2044.0,20.9887,96.02119,2026-07-28,Industrial Fire,Industrial Fire,96.8,Critical
10116,2044.0,20.98928,96.02527,2026-07-28,Industrial Fire,Other/Unknown,41.6,High
10138,2045.0,7.72773,81.51827,2026-07-28,Other/Unknown,Other/Unknown,0.0,Low
10761,2045.0,7.73099,81.52523,2026-07-24,Other/Unknown,Other/Unknown,0.0,Low
10144,2046.0,9.43212,77.73875,2026-07-28,Industrial Fire,Industrial Fire,96.0,Critical
10145,2046.0,9.43271,77.73971,2026-07-28,Industrial Fire,Industrial Fire,96.6,Critical
10146,2047.0,9.51827,77.78963,2026-07-28,Industrial Fire,Industrial Fire,99.5,Critical
10147,2047.0,9.52283,77.789,2026-07-28,Industrial Fire,Industrial Fire,99.7,Critical
10228,2047.0,9.52289,77.7887,2026-07-28,Industrial Fire,Industrial Fire,98.5,Critical
10316,2047.0,9.52072,77.78873,2026-07-29,Industrial Fire,Industrial Fire,98.5,Critical
10148,2048.0,9.73477,78.41372,2026-07-28,Other/Unknown,Other/Unknown,0.0,Low
10149,2048.0,9.73544,78.4189,2026-07-28,Other/Unknown,Other/Unknown,0.0,Low
10150,2048.0,9.73558,78.41689,2026-07-28,Other/Unknown,Other/Unknown,0.0,Low
10152,2049.0,9.79294,77.4472,2026-07-28,Wildfire / Natural Fire,Wildfire / Natural Fire,16.8,Medium
10153,2049.0,9.79743,77.44672,2026-07-28,Wildfire / Natural Fire,Wildfire / Natural Fire,16.8,Medium
10158,2050.0,9.97502,77.99715,2026-07-28,Other/Unknown,Other/Unknown,6.0,Low
10159,2050.0,9.97569,78.00208,2026-07-28,Other/Unknown,Other/Unknown,5.9,Low
10160,2051.0,15.91214,79.31462,2026-07-28,Other/Unknown,Other/Unknown,0.0,Low
10161,2051.0,15.91251,79.31521,2026-07-28,Other/Unknown,Other/Unknown,0.0,Low
10176,2052.0,28.85993,70.32304,2026-07-28,Wildfire / Natural Fire,Wildfire / Natural Fire,16.8,Medium
10177,2052.0,28.86116,70.32491,2026-07-28,Wildfire / Natural Fire,Wildfire / Natural Fire,16.7,Medium
10187,2053.0,33.38183,71.28741,2026-07-28,Other/Unknown,Other/Unknown,0.0,Low
10188,2053.0,33.38227,71.29179,2026-07-28,Other/Unknown,Other/Unknown,0.0,Low
10229,2054.0,12.09085,77.04575,2026-07-28,Other/Unknown,Other/Unknown,0.0,Low
10230,2054.0,12.09363,77.04418,2026-07-28,Other/Unknown,Other/Unknown,0.0,Low
10237,2055.0,34.16758,74.61053,2026-07-28,Other/Unknown,Other/Unknown,0.0,Low
10238,2055.0,34.17107,74.61147,2026-07-28,Other/Unknown,Other/Unknown,0.0,Low
10249,2056.0,6.94333,81.04182,2026-07-29,Other/Unknown,Other/Unknown,0.0,Low
10250,2056.0,6.9473,81.04124,2026-07-29,Other/Unknown,Other/Unknown,2.3,Low
10261,2057.0,7.39477,81.37077,2026-07-29,Other/Unknown,Other/Unknown,0.0,Low
10262,2057.0,7.39887,81.37027,2026-07-29,Other/Unknown,Other/Unknown,0.0,Low
10278,2058.0,7.50749,81.43353,2026-07-29,Other/Unknown,Other/Unknown,0.0,Low
10279,2058.0,7.50803,81.43726,2026-07-29,Other/Unknown,Other/Unknown,0.0,Low
10280,2058.0,7.50855,81.44091,2026-07-29,Other/Unknown,Other/Unknown,0.0,Low
10284,2059.0,7.58549,80.93409,2026-07-29,Other/Unknown,Other/Unknown,0.0,Low
10366,2059.0,7.58596,80.92436,2026-07-29,Other/Unknown,Other/Unknown,0.0,Low
10367,2059.0,7.5879,80.9295,2026-07-29,Other/Unknown,Other/Unknown,0.0,Low
10368,2059.0,7.58877,80.92237,2026-07-29,Other/Unknown,Other/Unknown,0.0,Low
10369,2059.0,7.59221,80.93221,2026-07-29,Other/Unknown,Other/Unknown,0.0,Low
10370,2059.0,7.59313,80.92517,2026-07-29,Other/Unknown,Other/Unknown,0.0,Low
10371,2059.0,7.59507,80.93027,2026-07-29,Other/Unknown,Other/Unknown,0.0,Low
10372,2059.0,7.59594,80.92319,2026-07-29,Other/Unknown,Other/Unknown,0.0,Low
10292,2060.0,8.03703,81.20779,2026-07-29,Other/Unknown,Other/Unknown,0.0,Low
10293,2060.0,8.03751,81.20824,2026-07-29,Other/Unknown,Other/Unknown,0.0,Low
10302,2061.0,8.88115,78.08689,2026-07-29,Other/Unknown,Other/Unknown,4.7,Low
10788,2061.0,8.87846,78.08958,2026-07-24,Other/Unknown,Other/Unknown,4.9,Low
10308,2062.0,9.05433,80.71424,2026-07-29,Wildfire / Natural Fire,Wildfire / Natural Fire,16.8,Medium
10309,2062.0,9.05541,80.7114,2026-07-29,Wildfire / Natural Fire,Wildfire / Natural Fire,16.9,Medium
10317,2063.0,9.58143,78.25474,2026-07-29,Other/Unknown,Other/Unknown,0.0,Low
10318,2063.0,9.58553,78.25816,2026-07-29,Other/Unknown,Other/Unknown,0.0,Low
10320,2064.0,9.80126,78.333,2026-07-29,Wildfire / Natural Fire,Wildfire / Natural Fire,19.4,Medium
11189,2064.0,9.79812,78.32645,2026-07-18,Wildfire / Natural Fire,Wildfire / Natural Fire,16.8,Medium
11190,2064.0,9.80198,78.3259,2026-07-18,Wildfire / Natural Fire,Wildfire / Natural Fire,21.0,Medium
10328,2065.0,29.509,72.04996,2026-07-29,Other/Unknown,Other/Unknown,0.0,Low
10329,2065.0,29.51235,72.04933,2026-07-29,Other/Unknown,Other/Unknown,0.0,Low
10332,2066.0,29.67288,72.17453,2026-07-29,Other/Unknown,Other/Unknown,0.0,Low
10333,2066.0,29.67346,72.17863,2026-07-29,Other/Unknown,Other/Unknown,0.0,Low
10655,2066.0,29.66572,72.176,2026-07-23,Other/Unknown,Other/Unknown,0.0,Low
10348,2067.0,30.0622,73.35979,2026-07-29,Other/Unknown,Other/Unknown,0.0,Low
10350,2067.0,30.06569,73.35918,2026-07-29,Other/Unknown,Other/Unknown,0.0,Low
10383,2068.0,34.50575,69.19833,2026-07-29,Other/Unknown,Other/Unknown,0.0,Low
10384,2068.0,34.50621,69.1936,2026-07-29,Other/Unknown,Other/Unknown,0.0,Low
10427,2069.0,6.24862,80.7161,2026-07-20,Wildfire / Natural Fire,Wildfire / Natural Fire,16.5,Medium
10428,2069.0,6.24975,80.71695,2026-07-20,Wildfire / Natural Fire,Wildfire / Natural Fire,16.6,Medium
10431,2070.0,9.16154,77.31667,2026-07-20,Wildfire / Natural Fire,Wildfire / Natural Fire,16.8,Medium
10473,2070.0,9.16759,77.31052,2026-07-20,Wildfire / Natural Fire,Wildfire / Natural Fire,16.2,Medium
10474,2070.0,9.17089,77.31107,2026-07-20,Wildfire / Natural Fire,Wildfire / Natural Fire,16.2,Medium
10475,2070.0,9.17384,77.31139,2026-07-20,Wildfire / Natural Fire,Wildfire / Natural Fire,16.2,Medium
10476,2070.0,9.17439,77.30786,2026-07-20,Wildfire / Natural Fire,Wildfire / Natural Fire,16.2,Medium
10477,2070.0,9.1766,77.31534,2026-07-20,Wildfire / Natural Fire,Wildfire / Natural Fire,16.2,Medium
10478,2070.0,9.17715,77.31189,2026-07-20,Wildfire / Natural Fire,Wildfire / Natural Fire,16.2,Medium
10479,2070.0,9.1777,77.30841,2026-07-20,Wildfire / Natural Fire,Wildfire / Natural Fire,16.2,Medium
10480,2070.0,9.17936,77.31927,2026-07-20,Wildfire / Natural Fire,Wildfire / Natural Fire,14.5,Low
10435,2071.0,27.59579,68.38673,2026-07-20,Wildfire / Natural Fire,Wildfire / Natural Fire,16.6,Medium
10436,2071.0,27.59672,68.39063,2026-07-20,Wildfire / Natural Fire,Wildfire / Natural Fire,17.1,Medium
10464,2071.0,27.59765,68.38886,2026-07-20,Wildfire / Natural Fire,Wildfire / Natural Fire,16.4,Medium
10443,2072.0,29.78709,72.69772,2026-07-20,Other/Unknown,Other/Unknown,0.0,Low
10444,2072.0,29.78772,72.69733,2026-07-20,Other/Unknown,Other/Unknown,0.0,Low
10449,2073.0,29.90122,72.27789,2026-07-20,Wildfire / Natural Fire,Wildfire / Natural Fire,16.7,Medium
10450,2073.0,29.90208,72.28215,2026-07-20,Wildfire / Natural Fire,Wildfire / Natural Fire,16.8,Medium
10490,2074.0,9.45786,78.62679,2026-07-21,Other/Unknown,Other/Unknown,0.0,Low
10491,2074.0,9.4586,78.62737,2026-07-21,Other/Unknown,Other/Unknown,0.0,Low
10492,2075.0,9.54116,78.7685,2026-07-21,Wildfire / Natural Fire,Wildfire / Natural Fire,16.8,Medium
10493,2075.0,9.54182,78.77206,2026-07-21,Wildfire / Natural Fire,Wildfire / Natural Fire,16.8,Medium
10494,2075.0,9.54248,78.77563,2026-07-21,Wildfire / Natural Fire,Wildfire / Natural Fire,17.2,Medium
10495,2075.0,9.54728,78.77107,2026-07-21,Wildfire / Natural Fire,Wildfire / Natural Fire,16.8,Medium
10496,2075.0,9.54794,78.77464,2026-07-21,Wildfire / Natural Fire,Wildfire / Natural Fire,17.2,Medium
10516,2076.0,6.82945,80.9402,2026-07-21,Other/Unknown,Other/Unknown,0.0,Low
10517,2076.0,6.83,80.93671,2026-07-21,Other/Unknown,Other/Unknown,0.0,Low
10518,2076.0,6.8372,80.93431,2026-07-21,Other/Unknown,Other/Unknown,0.0,Low
10527,2077.0,7.32562,80.86584,2026-07-21,Other/Unknown,Other/Unknown,0.0,Low
10528,2077.0,7.32897,80.8663,2026-07-21,Other/Unknown,Other/Unknown,0.0,Low
10529,2077.0,7.3295,80.86292,2026-07-21,Other/Unknown,Other/Unknown,0.0,Low
10537,2078.0,7.5165,81.24504,2026-07-22,Wildfire / Natural Fire,Wildfire / Natural Fire,16.4,Medium
10616,2078.0,7.51031,81.24462,2026-07-23,Wildfire / Natural Fire,Wildfire / Natural Fire,17.3,Medium
10617,2078.0,7.51457,81.23818,2026-07-23,Wildfire / Natural Fire,Wildfire / Natural Fire,17.3,Medium
10618,2078.0,7.51535,81.24389,2026-07-23,Wildfire / Natural Fire,Wildfire / Natural Fire,17.3,Medium
10738,2078.0,7.50824,81.22991,2026-07-24,Wildfire / Natural Fire,Wildfire / Natural Fire,18.2,Medium
10739,2078.0,7.50887,81.23431,2026-07-24,Wildfire / Natural Fire,Wildfire / Natural Fire,16.5,Medium
10741,2078.0,7.50968,81.22906,2026-07-24,Wildfire / Natural Fire,Wildfire / Natural Fire,18.1,Medium
10742,2078.0,7.51033,81.23344,2026-07-24,Wildfire / Natural Fire,Wildfire / Natural Fire,17.1,Medium
10743,2078.0,7.51194,81.22942,2026-07-24,Wildfire / Natural Fire,Wildfire / Natural Fire,18.1,Medium
10744,2078.0,7.51256,81.23377,2026-07-24,Wildfire / Natural Fire,Wildfire / Natural Fire,16.8,Medium
10745,2078.0,7.51337,81.22854,2026-07-24,Wildfire / Natural Fire,Wildfire / Natural Fire,18.1,Medium
10746,2078.0,7.51402,81.2329,2026-07-24,Wildfire / Natural Fire,Wildfire / Natural Fire,17.1,Medium
10747,2078.0,7.51562,81.22887,2026-07-24,Wildfire / Natural Fire,Wildfire / Natural Fire,18.1,Medium
10545,2079.0,8.62434,77.78712,2026-07-22,Wildfire / Natural Fire,Wildfire / Natural Fire,16.2,Medium
10546,2079.0,8.62484,77.79086,2026-07-22,Wildfire / Natural Fire,Wildfire / Natural Fire,16.5,Medium
10547,2079.0,8.62754,77.78538,2026-07-22,Wildfire / Natural Fire,Wildfire / Natural Fire,16.3,Medium
10548,2079.0,8.62802,77.78912,2026-07-22,Wildfire / Natural Fire,Wildfire / Natural Fire,16.7,Medium
10549,2079.0,8.62995,77.78645,2026-07-22,Wildfire / Natural Fire,Wildfire / Natural Fire,16.2,Medium
10572,2080.0,8.35429,81.30424,2026-07-22,Other/Unknown,Other/Unknown,0.0,Low
10573,2080.0,8.35484,81.30036,2026-07-22,Other/Unknown,Other/Unknown,0.0,Low
10768,2080.0,8.35279,81.30163,2026-07-24,Other/Unknown,Other/Unknown,0.0,Low
10578,2081.0,6.93373,80.83585,2026-07-22,Other/Unknown,Other/Unknown,0.0,Low
10579,2081.0,6.93803,80.83606,2026-07-22,Other/Unknown,Other/Unknown,0.0,Low
10580,2081.0,6.93895,80.82978,2026-07-22,Other/Unknown,Other/Unknown,0.0,Low
10581,2081.0,6.93944,80.82641,2026-07-22,Other/Unknown,Other/Unknown,0.0,Low
10582,2081.0,6.94328,80.82977,2026-07-22,Other/Unknown,Other/Unknown,0.0,Low
10583,2082.0,6.94713,81.62669,2026-07-22,Industrial Fire,Industrial Fire,98.4,Critical
10610,2082.0,6.94388,81.63197,2026-07-23,Industrial Fire,Industrial Fire,98.8,Critical
10589,2083.0,7.68464,80.72226,2026-07-22,Other/Unknown,Other/Unknown,0.0,Low
11368,2083.0,7.69104,80.71726,2026-07-19,Other/Unknown,Other/Unknown,0.0,Low
10601,2084.0,36.78861,93.39333,2026-07-23,Other/Unknown,Other/Unknown,12.4,Low
10602,2084.0,36.78922,93.398,2026-07-23,Other/Unknown,Other/Unknown,12.3,Low
10603,2084.0,36.78984,93.40267,2026-07-23,Other/Unknown,Other/Unknown,0.0,Low
10604,2084.0,36.79204,93.39265,2026-07-23,Other/Unknown,Other/Unknown,12.5,Low
10605,2084.0,36.79266,93.39732,2026-07-23,Other/Unknown,Other/Unknown,12.4,Low
10606,2084.0,36.79327,93.40199,2026-07-23,Other/Unknown,Other/Unknown,0.0,Low
10607,2084.0,36.79547,93.39196,2026-07-23,Other/Unknown,Other/Unknown,13.7,Low
10628,2085.0,9.22084,77.77129,2026-07-23,Industrial Fire,Industrial Fire,97.9,Critical
10629,2085.0,9.22492,77.77073,2026-07-23,Industrial Fire,Industrial Fire,98.7,Critical
10632,2086.0,9.30218,78.09783,2026-07-23,Wildfire / Natural Fire,Wildfire / Natural Fire,16.7,Medium
10633,2086.0,9.30635,78.09724,2026-07-23,Wildfire / Natural Fire,Wildfire / Natural Fire,16.7,Medium
10639,2087.0,12.98165,79.26957,2026-07-23,Industrial Fire,Industrial Fire,98.5,Critical
10640,2087.0,12.98173,79.2668,2026-07-23,Industrial Fire,Industrial Fire,98.6,Critical
10641,2088.0,13.19946,80.29171,2026-07-23,Other/Unknown,Other/Unknown,0.7,Low
10642,2088.0,13.20152,80.29202,2026-07-23,Other/Unknown,Other/Unknown,0.8,Low
10647,2089.0,15.82534,80.06384,2026-07-23,Other/Unknown,Other/Unknown,0.0,Low
10648,2089.0,15.82563,80.06254,2026-07-23,Other/Unknown,Other/Unknown,0.0,Low
10649,2089.0,15.82599,80.06583,2026-07-23,Other/Unknown,Other/Unknown,0.0,Low
10650,2090.0,16.03826,80.022,2026-07-23,Other/Unknown,Other/Unknown,0.0,Low
10651,2090.0,16.0385,80.02033,2026-07-23,Other/Unknown,Other/Unknown,0.0,Low
10654,2091.0,29.5795,72.13531,2026-07-23,Other/Unknown,Other/Unknown,0.0,Low
11072,2091.0,29.58052,72.13503,2026-07-17,Other/Unknown,Other/Unknown,0.0,Low
10676,2092.0,6.77085,80.82979,2026-07-23,Other/Unknown,Other/Unknown,0.0,Low
10677,2092.0,6.77682,80.8299,2026-07-23,Other/Unknown,Other/Unknown,0.0,Low
10678,2093.0,6.91306,81.17121,2026-07-23,Other/Unknown,Other/Unknown,0.0,Low
10679,2093.0,6.91347,81.17299,2026-07-23,Other/Unknown,Other/Unknown,0.0,Low
10692,2094.0,15.96356,80.93718,2026-07-23,Other/Unknown,Other/Unknown,0.0,Low
10693,2094.0,15.96499,80.93744,2026-07-23,Other/Unknown,Other/Unknown,0.0,Low
10694,2095.0,17.70737,83.20943,2026-07-23,Industrial Fire,Industrial Fire,98.5,Critical
10695,2095.0,17.71089,83.21264,2026-07-23,Industrial Fire,Industrial Fire,98.4,Critical
10705,2096.0,6.72045,80.89485,2026-07-24,Other/Unknown,Other/Unknown,12.3,Low
10706,2096.0,6.72402,80.89422,2026-07-24,Other/Unknown,Other/Unknown,8.2,Low
10709,2097.0,6.81672,81.42989,2026-07-24,Other/Unknown,Other/Unknown,0.0,Low
10710,2097.0,6.82042,81.42943,2026-07-24,Other/Unknown,Other/Unknown,0.0,Low
10713,2098.0,6.96421,81.62643,2026-07-24,Other/Unknown,Other/Unknown,22.4,Medium
10714,2098.0,6.96795,81.6259,2026-07-24,Other/Unknown,Other/Unknown,10.5,Low
10715,2099.0,6.97368,81.07737,2026-07-24,Other/Unknown,Other/Unknown,8.2,Low
10717,2099.0,6.97735,81.07713,2026-07-24,Other/Unknown,Other/Unknown,20.0,Medium
10727,2100.0,7.40982,81.33607,2026-07-24,Other/Unknown,Other/Unknown,0.0,Low
10728,2100.0,7.41219,81.33686,2026-07-24,Other/Unknown,Other/Unknown,0.0,Low
10751,2101.0,7.61624,81.63783,2026-07-24,Other/Unknown,Other/Unknown,4.5,Low
10752,2101.0,7.62001,81.6373,2026-07-24,Other/Unknown,Other/Unknown,4.9,Low
10757,2102.0,7.72666,81.22313,2026-07-24,Wildfire / Natural Fire,Wildfire / Natural Fire,16.4,Medium
10758,2102.0,7.72811,81.2215,2026-07-24,Wildfire / Natural Fire,Wildfire / Natural Fire,16.8,Medium
10759,2102.0,7.72972,81.21819,2026-07-24,Wildfire / Natural Fire,Wildfire / Natural Fire,16.7,Medium
10760,2102.0,7.73035,81.22257,2026-07-24,Wildfire / Natural Fire,Wildfire / Natural Fire,16.4,Medium
10762,2102.0,7.73342,81.21767,2026-07-24,Wildfire / Natural Fire,Wildfire / Natural Fire,16.5,Medium
10766,2103.0,8.27043,80.53904,2026-07-24,Wildfire / Natural Fire,Wildfire / Natural Fire,16.5,Medium
10767,2103.0,8.27189,80.53917,2026-07-24,Wildfire / Natural Fire,Wildfire / Natural Fire,16.8,Medium
10782,2104.0,8.76761,80.3772,2026-07-24,Other/Unknown,Other/Unknown,0.0,Low
10783,2104.0,8.77119,80.37666,2026-07-24,Other/Unknown,Other/Unknown,0.0,Low
10808,2105.0,9.52567,78.32798,2026-07-24,Other/Unknown,Other/Unknown,11.0,Low
11187,2105.0,9.52307,78.33055,2026-07-18,Other/Unknown,Other/Unknown,7.4,Low
10825,2106.0,10.34789,77.17265,2026-07-24,Other/Unknown,Other/Unknown,0.0,Low
10826,2106.0,10.35121,77.17213,2026-07-24,Other/Unknown,Other/Unknown,0.0,Low
10827,2107.0,10.38708,79.22437,2026-07-24,Other/Unknown,Other/Unknown,0.0,Low
10828,2107.0,10.39054,79.22385,2026-07-24,Other/Unknown,Other/Unknown,0.0,Low
10832,2108.0,10.67069,79.61633,2026-07-24,Other/Unknown,Other/Unknown,0.0,Low
10833,2108.0,10.67364,79.61184,2026-07-24,Other/Unknown,Other/Unknown,0.0,Low
10836,2109.0,10.84654,78.79582,2026-07-24,Other/Unknown,Other/Unknown,0.0,Low
10837,2109.0,10.84708,78.79957,2026-07-24,Other/Unknown,Other/Unknown,0.0,Low
10841,2110.0,11.39055,79.72801,2026-07-24,Other/Unknown,Other/Unknown,0.0,Low
10842,2110.0,11.39208,79.72757,2026-07-24,Other/Unknown,Other/Unknown,0.0,Low
10852,2111.0,18.30467,78.66856,2026-07-24,Industrial Fire,Industrial Fire,98.8,Critical
10853,2111.0,18.30893,78.67248,2026-07-24,Industrial Fire,Industrial Fire,98.4,Critical
10859,2112.0,30.50584,73.81229,2026-07-24,Other/Unknown,Other/Unknown,0.0,Low
10860,2112.0,30.50923,73.81166,2026-07-24,Other/Unknown,Other/Unknown,0.0,Low
11260,2112.0,30.50582,73.81284,2026-07-18,Other/Unknown,Other/Unknown,0.0,Low
10861,2113.0,30.72807,73.80727,2026-07-24,Other/Unknown,Other/Unknown,0.0,Low
10862,2113.0,30.72849,73.80787,2026-07-24,Other/Unknown,Other/Unknown,0.0,Low
10863,2114.0,30.85359,75.53551,2026-07-24,Other/Unknown,Other/Unknown,0.0,Low
10864,2114.0,30.85431,75.53709,2026-07-24,Other/Unknown,Other/Unknown,0.0,Low
10865,2115.0,31.31094,75.34057,2026-07-24,Other/Unknown,Other/Unknown,0.0,Low
10866,2115.0,31.31453,75.33996,2026-07-24,Other/Unknown,Other/Unknown,0.0,Low
10906,2116.0,10.98197,78.15816,2026-07-24,Other/Unknown,Other/Unknown,0.0,Low
10907,2116.0,10.98564,78.15651,2026-07-24,Other/Unknown,Other/Unknown,0.0,Low
10908,2116.0,10.98638,78.15899,2026-07-24,Other/Unknown,Other/Unknown,0.0,Low
10933,2117.0,12.64747,77.9019,2026-07-16,Other/Unknown,Other/Unknown,1.2,Low
10934,2117.0,12.65199,77.9026,2026-07-16,Other/Unknown,Other/Unknown,0.4,Low
10938,2118.0,6.81401,81.05591,2026-07-16,Other/Unknown,Other/Unknown,0.0,Low
10939,2118.0,6.81695,81.05994,2026-07-16,Other/Unknown,Other/Unknown,0.0,Low
10940,2118.0,6.81754,81.05616,2026-07-16,Other/Unknown,Other/Unknown,0.0,Low
10941,2118.0,6.8199,81.0639,2026-07-16,Other/Unknown,Other/Unknown,0.0,Low
10943,2119.0,7.05354,80.76323,2026-07-16,Other/Unknown,Other/Unknown,0.0,Low
10944,2119.0,7.05708,80.76373,2026-07-16,Other/Unknown,Other/Unknown,0.0,Low
10949,2120.0,9.20688,77.29968,2026-07-16,Wildfire / Natural Fire,Wildfire / Natural Fire,17.6,Medium
10950,2120.0,9.20743,77.29573,2026-07-16,Wildfire / Natural Fire,Wildfire / Natural Fire,17.3,Medium
10951,2120.0,9.21078,77.30449,2026-07-16,Wildfire / Natural Fire,Wildfire / Natural Fire,16.3,Medium
10952,2120.0,9.21132,77.30069,2026-07-16,Wildfire / Natural Fire,Wildfire / Natural Fire,16.3,Medium
10953,2120.0,9.21237,77.29327,2026-07-16,Wildfire / Natural Fire,Wildfire / Natural Fire,16.7,Medium
10954,2120.0,9.2169,77.29372,2026-07-16,Wildfire / Natural Fire,Wildfire / Natural Fire,16.7,Medium
10955,2120.0,9.21739,77.29026,2026-07-16,Wildfire / Natural Fire,Wildfire / Natural Fire,16.4,Medium
10956,2120.0,9.22041,77.30135,2026-07-16,Wildfire / Natural Fire,Wildfire / Natural Fire,16.3,Medium
10957,2120.0,9.22094,77.29756,2026-07-16,Wildfire / Natural Fire,Wildfire / Natural Fire,16.4,Medium
10958,2120.0,9.22388,77.30915,2026-07-16,Wildfire / Natural Fire,Wildfire / Natural Fire,16.4,Medium
10959,2120.0,9.22442,77.3054,2026-07-16,Wildfire / Natural Fire,Wildfire / Natural Fire,16.3,Medium
10960,2120.0,9.22495,77.30166,2026-07-16,Wildfire / Natural Fire,Wildfire / Natural Fire,16.3,Medium
10961,2120.0,9.22548,77.29791,2026-07-16,Wildfire / Natural Fire,Wildfire / Natural Fire,16.4,Medium
10962,2120.0,9.22585,77.30701,2026-07-16,Wildfire / Natural Fire,Wildfire / Natural Fire,16.6,Medium
10963,2120.0,9.22601,77.29424,2026-07-16,Wildfire / Natural Fire,Wildfire / Natural Fire,16.4,Medium
10964,2120.0,9.22636,77.30325,2026-07-16,Wildfire / Natural Fire,Wildfire / Natural Fire,16.4,Medium
10965,2120.0,9.22687,77.2995,2026-07-16,Wildfire / Natural Fire,Wildfire / Natural Fire,16.4,Medium
10966,2120.0,9.22738,77.29577,2026-07-16,Wildfire / Natural Fire,Wildfire / Natural Fire,16.6,Medium
10967,2120.0,9.2284,77.30962,2026-07-16,Wildfire / Natural Fire,Wildfire / Natural Fire,16.3,Medium
10968,2120.0,9.22949,77.30202,2026-07-16,Wildfire / Natural Fire,Wildfire / Natural Fire,16.8,Medium
10969,2120.0,9.23003,77.29824,2026-07-16,Wildfire / Natural Fire,Wildfire / Natural Fire,16.7,Medium
10970,2120.0,9.23141,77.29986,2026-07-16,Wildfire / Natural Fire,Wildfire / Natural Fire,16.4,Medium
10973,2121.0,29.85906,68.26806,2026-07-16,Wildfire / Natural Fire,Wildfire / Natural Fire,19.6,Medium
10974,2121.0,29.86094,68.27856,2026-07-16,Wildfire / Natural Fire,Wildfire / Natural Fire,19.6,Medium
10975,2121.0,29.8619,68.27361,2026-07-16,Wildfire / Natural Fire,Wildfire / Natural Fire,19.6,Medium
10976,2121.0,29.86371,68.26427,2026-07-16,Wildfire / Natural Fire,Wildfire / Natural Fire,19.5,Medium
11086,2121.0,29.85955,68.28825,2026-07-17,Wildfire / Natural Fire,Wildfire / Natural Fire,20.1,Medium
11087,2121.0,29.86036,68.28558,2026-07-17,Wildfire / Natural Fire,Wildfire / Natural Fire,19.8,Medium
11088,2121.0,29.86167,68.26613,2026-07-17,Wildfire / Natural Fire,Wildfire / Natural Fire,19.6,Medium
11137,2121.0,29.86107,68.25831,2026-07-17,Wildfire / Natural Fire,Wildfire / Natural Fire,19.5,Medium
11138,2121.0,29.86437,68.25899,2026-07-17,Wildfire / Natural Fire,Wildfire / Natural Fire,19.5,Medium
11139,2121.0,29.86661,68.288,2026-07-17,Wildfire / Natural Fire,Wildfire / Natural Fire,19.5,Medium
11001,2122.0,14.07075,79.14064,2026-07-17,Wildfire / Natural Fire,Wildfire / Natural Fire,16.4,Medium
11002,2122.0,14.07253,79.13901,2026-07-17,Wildfire / Natural Fire,Wildfire / Natural Fire,17.0,Medium
11003,2122.0,14.07788,79.13882,2026-07-17,Wildfire / Natural Fire,Wildfire / Natural Fire,16.7,Medium
11023,2123.0,7.42462,81.27885,2026-07-17,Wildfire / Natural Fire,Wildfire / Natural Fire,16.8,Medium
11024,2123.0,7.42525,81.28382,2026-07-17,Wildfire / Natural Fire,Wildfire / Natural Fire,16.8,Medium
11025,2123.0,7.42762,81.28281,2026-07-17,Wildfire / Natural Fire,Wildfire / Natural Fire,17.4,Medium
11043,2124.0,13.86944,77.54027,2026-07-17,Industrial Fire,Industrial Fire,98.0,Critical
11044,2124.0,13.87338,77.54034,2026-07-17,Industrial Fire,Industrial Fire,98.0,Critical
11046,2125.0,14.30766,77.43884,2026-07-17,Other/Unknown,Other/Unknown,0.0,Low
11047,2125.0,14.30805,77.44221,2026-07-17,Other/Unknown,Other/Unknown,0.0,Low
11048,2126.0,14.34031,77.21676,2026-07-17,Other/Unknown,Other/Unknown,0.0,Low
11049,2126.0,14.34069,77.21999,2026-07-17,Other/Unknown,Other/Unknown,0.0,Low
11052,2127.0,23.45904,68.86655,2026-07-17,Other/Unknown,Other/Unknown,0.0,Low
11053,2127.0,23.45962,68.87083,2026-07-17,Other/Unknown,Other/Unknown,0.0,Low
11058,2128.0,27.05003,70.78942,2026-07-17,Other/Unknown,Other/Unknown,0.0,Low
11059,2128.0,27.05102,70.78933,2026-07-17,Other/Unknown,Other/Unknown,0.0,Low
11060,2129.0,27.43947,70.62661,2026-07-17,Wildfire / Natural Fire,Wildfire / Natural Fire,16.3,Medium
11061,2129.0,27.44353,70.62605,2026-07-17,Wildfire / Natural Fire,Wildfire / Natural Fire,17.8,Medium
11062,2129.0,27.44399,70.63004,2026-07-17,Wildfire / Natural Fire,Wildfire / Natural Fire,18.7,Medium
11066,2130.0,29.50639,71.6973,2026-07-17,Other/Unknown,Other/Unknown,0.0,Low
11067,2130.0,29.50687,71.70228,2026-07-17,Other/Unknown,Other/Unknown,0.0,Low
11068,2130.0,29.51132,71.70171,2026-07-17,Other/Unknown,Other/Unknown,0.0,Low
11205,2130.0,29.50699,71.69997,2026-07-18,Other/Unknown,Other/Unknown,0.0,Low
11206,2130.0,29.51045,71.69936,2026-07-18,Other/Unknown,Other/Unknown,0.0,Low
11069,2131.0,29.51937,71.98148,2026-07-17,Other/Unknown,Other/Unknown,0.0,Low
11070,2131.0,29.52009,71.98343,2026-07-17,Other/Unknown,Other/Unknown,0.0,Low
11071,2131.0,29.5239,71.98092,2026-07-17,Other/Unknown,Other/Unknown,0.0,Low
11074,2132.0,29.65393,72.31633,2026-07-17,Other/Unknown,Other/Unknown,0.0,Low
11075,2132.0,29.65702,72.31361,2026-07-17,Other/Unknown,Other/Unknown,0.0,Low
11076,2132.0,29.65856,72.31577,2026-07-17,Other/Unknown,Other/Unknown,0.0,Low
11080,2133.0,29.76143,72.34937,2026-07-17,Other/Unknown,Other/Unknown,0.0,Low
11081,2133.0,29.7637,72.35056,2026-07-17,Other/Unknown,Other/Unknown,0.0,Low
11218,2133.0,29.76597,72.35924,2026-07-18,Other/Unknown,Other/Unknown,0.0,Low
11084,2134.0,29.80775,72.70896,2026-07-17,Other/Unknown,Other/Unknown,0.0,Low
11085,2134.0,29.80775,72.71011,2026-07-17,Other/Unknown,Other/Unknown,0.0,Low
11224,2134.0,29.80638,72.70833,2026-07-18,Other/Unknown,Other/Unknown,0.0,Low
11091,2135.0,29.87941,72.47874,2026-07-17,Other/Unknown,Other/Unknown,0.0,Low
11092,2135.0,29.88172,72.47547,2026-07-17,Other/Unknown,Other/Unknown,0.0,Low
11093,2135.0,29.88226,72.48108,2026-07-17,Other/Unknown,Other/Unknown,0.0,Low
11094,2135.0,29.8841,72.47818,2026-07-17,Other/Unknown,Other/Unknown,0.0,Low
11096,2136.0,29.92795,72.75726,2026-07-17,Other/Unknown,Other/Unknown,0.0,Low
11097,2136.0,29.92796,72.75976,2026-07-17,Other/Unknown,Other/Unknown,0.0,Low
11098,2137.0,29.94922,72.41373,2026-07-17,Other/Unknown,Other/Unknown,0.0,Low
11099,2137.0,29.9539,72.41318,2026-07-17,Other/Unknown,Other/Unknown,0.0,Low
11101,2138.0,29.98311,71.8051,2026-07-17,Other/Unknown,Other/Unknown,0.0,Low
11104,2138.0,29.98761,71.80453,2026-07-17,Other/Unknown,Other/Unknown,0.0,Low
11102,2139.0,29.98639,72.506,2026-07-17,Wildfire / Natural Fire,Wildfire / Natural Fire,17.4,Medium
11103,2139.0,29.98736,72.50309,2026-07-17,Wildfire / Natural Fire,Wildfire / Natural Fire,16.9,Medium
11105,2139.0,29.98786,72.50876,2026-07-17,Wildfire / Natural Fire,Wildfire / Natural Fire,16.9,Medium
11110,2140.0,30.60949,73.85471,2026-07-17,Wildfire / Natural Fire,Wildfire / Natural Fire,16.2,Medium
11111,2140.0,30.61407,73.84721,2026-07-17,Wildfire / Natural Fire,Wildfire / Natural Fire,16.9,Medium
11128,2141.0,7.1094,81.37981,2026-07-17,Wildfire / Natural Fire,Wildfire / Natural Fire,16.3,Medium
11154,2141.0,7.11106,81.37775,2026-07-18,Wildfire / Natural Fire,Wildfire / Natural Fire,16.7,Medium
11155,2141.0,7.11556,81.37688,2026-07-18,Wildfire / Natural Fire,Wildfire / Natural Fire,16.5,Medium
11129,2142.0,6.72345,80.85384,2026-07-17,Industrial Fire,Industrial Fire,98.5,Critical
11147,2142.0,6.72127,80.85799,2026-07-18,Industrial Fire,Industrial Fire,98.6,Critical
11131,2143.0,33.3532,71.14253,2026-07-17,Other/Unknown,Other/Unknown,0.0,Low
11132,2143.0,33.35656,71.14323,2026-07-17,Other/Unknown,Other/Unknown,0.0,Low
11145,2144.0,6.56108,80.77666,2026-07-18,Other/Unknown,Other/Unknown,0.0,Low
11146,2144.0,6.56539,80.77602,2026-07-18,Other/Unknown,Other/Unknown,0.0,Low
11150,2145.0,6.84116,81.17413,2026-07-18,Other/Unknown,Other/Unknown,0.0,Low
11151,2145.0,6.84302,81.17602,2026-07-18,Other/Unknown,Other/Unknown,0.0,Low
11171,2146.0,9.01797,80.11431,2026-07-18,Other/Unknown,Other/Unknown,0.0,Low
11172,2146.0,9.02225,80.11375,2026-07-18,Other/Unknown,Other/Unknown,0.0,Low
11174,2147.0,9.09949,77.43114,2026-07-18,Other/Unknown,Other/Unknown,0.0,Low
11175,2147.0,9.10011,77.43537,2026-07-18,Other/Unknown,Other/Unknown,0.0,Low
11176,2147.0,9.10375,77.43484,2026-07-18,Other/Unknown,Other/Unknown,0.0,Low
11177,2147.0,9.10434,77.43622,2026-07-18,Other/Unknown,Other/Unknown,0.0,Low
11184,2148.0,9.49893,77.64961,2026-07-18,Other/Unknown,Other/Unknown,0.0,Low
11185,2148.0,9.50262,77.64908,2026-07-18,Other/Unknown,Other/Unknown,0.0,Low
11186,2148.0,9.50631,77.64854,2026-07-18,Other/Unknown,Other/Unknown,0.0,Low
11192,2149.0,9.9381,77.86986,2026-07-18,Other/Unknown,Other/Unknown,0.0,Low
11193,2149.0,9.93874,77.87442,2026-07-18,Other/Unknown,Other/Unknown,0.0,Low
11210,2150.0,29.69586,72.03886,2026-07-18,Wildfire / Natural Fire,Wildfire / Natural Fire,16.8,Medium
11211,2150.0,29.69602,72.04007,2026-07-18,Wildfire / Natural Fire,Wildfire / Natural Fire,17.2,Medium
11212,2150.0,29.69646,72.04336,2026-07-18,Wildfire / Natural Fire,Wildfire / Natural Fire,16.8,Medium
11213,2151.0,29.70308,71.9838,2026-07-18,Other/Unknown,Other/Unknown,0.0,Low
11214,2151.0,29.70659,71.98318,2026-07-18,Other/Unknown,Other/Unknown,0.0,Low
11220,2152.0,29.78022,72.44232,2026-07-18,Wildfire / Natural Fire,Wildfire / Natural Fire,16.4,Medium
11221,2152.0,29.78081,72.447,2026-07-18,Wildfire / Natural Fire,Wildfire / Natural Fire,18.3,Medium
11226,2153.0,29.85411,72.35133,2026-07-18,Other/Unknown,Other/Unknown,0.0,Low
11229,2153.0,29.86125,72.35012,2026-07-18,Other/Unknown,Other/Unknown,0.0,Low
11230,2154.0,29.87564,72.61404,2026-07-18,Other/Unknown,Other/Unknown,0.0,Low
11231,2154.0,29.87638,72.61639,2026-07-18,Other/Unknown,Other/Unknown,0.0,Low
11235,2155.0,29.91721,72.38821,2026-07-18,Other/Unknown,Other/Unknown,0.0,Low
11236,2155.0,29.91781,72.39288,2026-07-18,Other/Unknown,Other/Unknown,0.0,Low
11237,2155.0,29.92259,72.40162,2026-07-18,Other/Unknown,Other/Unknown,0.0,Low
11239,2156.0,29.96903,71.49902,2026-07-18,Other/Unknown,Other/Unknown,0.0,Low
11240,2156.0,29.96961,71.50336,2026-07-18,Other/Unknown,Other/Unknown,0.0,Low
11245,2157.0,30.08213,71.51136,2026-07-18,Other/Unknown,Other/Unknown,0.0,Low
11246,2157.0,30.08271,71.51572,2026-07-18,Other/Unknown,Other/Unknown,0.0,Low
11249,2158.0,30.15864,73.27311,2026-07-18,Other/Unknown,Other/Unknown,0.0,Low
11250,2158.0,30.16238,73.27251,2026-07-18,Other/Unknown,Other/Unknown,0.0,Low
11253,2159.0,30.4264,73.17506,2026-07-18,Other/Unknown,Other/Unknown,0.0,Low
11254,2159.0,30.43013,73.17446,2026-07-18,Other/Unknown,Other/Unknown,0.0,Low
11258,2160.0,30.49526,72.76694,2026-07-18,Other/Unknown,Other/Unknown,0.0,Low
11259,2160.0,30.49588,72.77187,2026-07-18,Other/Unknown,Other/Unknown,0.0,Low
11276,2161.0,31.63401,72.89532,2026-07-18,Other/Unknown,Other/Unknown,0.0,Low
11277,2161.0,31.63486,72.89757,2026-07-18,Other/Unknown,Other/Unknown,0.0,Low
11279,2162.0,31.98038,73.16248,2026-07-18,Other/Unknown,Other/Unknown,0.0,Low
11280,2162.0,31.98418,73.16187,2026-07-18,Other/Unknown,Other/Unknown,0.0,Low
11281,2163.0,32.01652,73.18194,2026-07-18,Other/Unknown,Other/Unknown,0.0,Low
11282,2163.0,32.02095,73.18678,2026-07-18,Other/Unknown,Other/Unknown,0.0,Low
11284,2164.0,32.11917,73.32789,2026-07-18,Other/Unknown,Other/Unknown,0.0,Low
11285,2164.0,32.11983,73.33344,2026-07-18,Other/Unknown,Other/Unknown,0.0,Low
11317,2165.0,35.28773,72.10094,2026-07-18,Other/Unknown,Other/Unknown,0.0,Low
11318,2165.0,35.28872,72.10421,2026-07-18,Other/Unknown,Other/Unknown,0.0,Low
11345,2166.0,6.41337,81.10265,2026-07-19,Other/Unknown,Other/Unknown,0.0,Low
11346,2166.0,6.41676,81.10213,2026-07-19,Other/Unknown,Other/Unknown,0.0,Low
11363,2167.0,7.60929,81.60168,2026-07-19,Other/Unknown,Other/Unknown,0.0,Low
11364,2167.0,7.60985,81.60554,2026-07-19,Other/Unknown,Other/Unknown,0.0,Low
11366,2168.0,7.64133,81.31678,2026-07-19,Other/Unknown,Other/Unknown,0.0,Low
11367,2168.0,7.64478,81.31628,2026-07-19,Other/Unknown,Other/Unknown,0.0,Low
11396,2169.0,8.74156,77.95508,2026-07-19,Other/Unknown,Other/Unknown,9.8,Low
11397,2169.0,8.74212,77.95865,2026-07-19,Other/Unknown,Other/Unknown,9.8,Low
11398,2169.0,8.74492,77.95454,2026-07-19,Other/Unknown,Other/Unknown,8.7,Low
11402,2170.0,8.82253,80.8035,2026-07-19,Wildfire / Natural Fire,Wildfire / Natural Fire,17.5,Medium
11403,2170.0,8.82595,80.80298,2026-07-19,Wildfire / Natural Fire,Wildfire / Natural Fire,17.5,Medium
11409,2171.0,9.31305,77.32127,2026-07-19,Other/Unknown,Other/Unknown,0.0,Low
11411,2171.0,9.31647,77.32088,2026-07-19,Other/Unknown,Other/Unknown,0.0,Low
11414,2171.0,9.32051,77.32431,2026-07-19,Other/Unknown,Other/Unknown,0.0,Low
11415,2171.0,9.32393,77.32397,2026-07-19,Other/Unknown,Other/Unknown,0.0,Low
11436,2172.0,32.1259,73.12619,2026-07-19,Other/Unknown,Other/Unknown,0.0,Low
11437,2172.0,32.12811,73.12691,2026-07-19,Other/Unknown,Other/Unknown,0.0,Low
11438,2173.0,32.97864,72.15359,2026-07-19,Other/Unknown,Other/Unknown,0.0,Low
11439,2173.0,32.98287,72.15416,2026-07-19,Other/Unknown,Other/Unknown,0.0,Low
