id,latitude,longitude,event_date,frp,cluster_label
1038,6.71136,81.53332,2026-09-08,5.84,0
1039,6.71596,81.53243,2026-09-08,5.37,0
3,6.72456,81.28551,2026-09-08,6.84,1
4,7.61222,80.93584,2026-09-08,6.81,2
1040,6.72456,81.28551,2026-09-08,6.84,1
6,7.97608,80.05353,2026-09-08,9.72,3
7,8.15005,81.13979,2026-09-08,7.53,4
8,8.54175,80.52318,2026-09-08,7.06,5
9,9.37813,80.43444,2026-09-08,7.48,6
1041,7.61222,80.93584,2026-09-08,6.81,2
1042,7.95023,80.10661,2026-09-08,6.49,7
1043,7.97608,80.05353,2026-09-08,9.72,3
13,11.16977,79.58669,2026-09-08,5.67,8
14,11.44852,79.55484,2026-09-08,6.1,9
1044,8.15005,81.13979,2026-09-08,7.53,4
1045,8.54175,80.52318,2026-09-08,7.06,5
17,11.91456,78.91544,2026-09-08,4.43,10
1046,9.37813,80.43444,2026-09-08,7.48,6
1047,10.41876,79.25484,2026-09-08,7.07,11
1048,10.42313,79.25229,2026-09-08,10.43,11
1049,10.42577,79.25342,2026-09-08,7.07,11
1050,11.16977,79.58669,2026-09-08,5.67,8
23,22.68995,92.1611,2026-09-08,2.89,12
1051,11.44852,79.55484,2026-09-08,6.1,9
25,27.94888,95.25629,2026-09-08,2.75,13
26,28.65772,77.57368,2026-09-08,3.21,14
1052,11.71798,79.20487,2026-09-08,6.98,15
1053,11.71861,79.20637,2026-09-08,4.97,15
1054,11.91456,78.91544,2026-09-08,4.43,10
30,31.21099,75.96707,2026-09-08,2.47,16
1055,16.86624,79.28669,2026-09-08,10.5,17
1056,16.86987,79.28905,2026-09-08,9.74,17
1057,17.42077,82.34301,2026-09-08,2.06,18
1058,17.42123,82.3414,2026-09-08,2.8,18
1059,19.09924,82.16588,2026-09-08,3.91,19
1060,22.68995,92.1611,2026-09-08,2.89,12
1061,23.67418,86.0887,2026-09-08,7.74,20
1062,27.94888,95.25629,2026-09-08,2.75,13
1063,28.65772,77.57368,2026-09-08,3.21,14
1064,29.9065,74.94508,2026-09-08,13.87,21
1065,29.90792,74.9504,2026-09-08,16.71,21
42,8.43047,80.35378,2026-09-08,6.95,22
1066,29.90838,74.94791,2026-09-08,15.56,21
44,8.68277,80.80513,2026-09-08,3.8,23
1067,31.21099,75.96707,2026-09-08,2.47,16
48,9.24284,77.45622,2026-09-08,6.7,24
50,9.34557,78.82265,2026-09-08,7.49,25
53,9.48111,78.22231,2026-09-08,3.12,26
54,9.53493,78.64525,2026-09-08,10.55,27
1068,6.38879,81.01832,2026-09-08,5.0,28
1069,6.39152,81.01944,2026-09-08,4.47,28
1070,7.56449,81.01935,2026-09-08,10.86,29
1071,7.56569,81.05844,2026-09-08,13.73,30
1072,7.56799,81.02248,2026-09-08,9.12,29
1073,7.56993,81.06039,2026-09-08,10.01,30
1074,7.7091,80.68776,2026-09-08,10.21,31
62,12.06157,77.02383,2026-09-08,2.86,32
63,12.09969,77.06045,2026-09-08,3.63,33
64,12.6018,76.3521,2026-09-08,1.17,34
65,12.68629,79.22961,2026-09-08,5.0,35
66,13.76837,76.63393,2026-09-08,3.36,36
67,14.2825,76.63771,2026-09-08,4.58,37
68,16.83965,76.57693,2026-09-08,3.65,38
69,20.81934,71.06818,2026-09-08,2.79,39
1075,7.70964,80.69207,2026-09-08,14.15,31
1076,7.71078,80.68703,2026-09-08,9.17,31
1077,7.71136,80.69144,2026-09-08,9.17,31
1078,7.84198,79.8895,2026-09-08,7.16,40
74,24.67546,68.22954,2026-09-08,3.29,41
75,24.88822,68.00552,2026-09-08,4.46,42
1079,8.43047,80.35378,2026-09-08,6.95,22
1080,8.60429,77.96714,2026-09-08,2.57,43
78,25.57998,68.63033,2026-09-08,3.84,44
1081,8.68277,80.80513,2026-09-08,3.8,23
1082,8.95051,80.46358,2026-09-08,3.53,45
81,26.15266,68.60349,2026-09-08,6.53,46
82,26.61547,68.16102,2026-09-08,10.62,47
83,27.97179,68.9266,2026-09-08,3.99,48
84,28.04094,69.6731,2026-09-08,4.14,49
85,29.82304,72.84699,2026-09-08,2.06,50
86,30.33233,71.97624,2026-09-08,5.02,51
1083,9.09733,77.4617,2026-09-08,1.47,52
1084,9.09777,77.45968,2026-09-08,1.46,52
89,31.45633,72.13813,2026-09-08,2.5,53
90,35.48441,74.07708,2026-09-08,5.29,54
91,33.37469,70.30645,2026-09-08,3.7,55
1085,9.24284,77.45622,2026-09-08,6.7,24
93,19.96099,79.33219,2026-09-08,0.78,56
1086,9.34336,77.66833,2026-09-08,1.47,57
95,20.79587,85.25201,2026-09-08,3.87,58
96,20.80691,85.25891,2026-09-08,2.19,58
1087,9.34557,78.82265,2026-09-08,7.49,25
1088,9.3474,77.66602,2026-09-08,2.13,57
1089,9.34892,77.66765,2026-09-08,1.47,57
1090,9.48111,78.22231,2026-09-08,3.12,26
1091,9.53493,78.64525,2026-09-08,10.55,27
1092,9.84427,77.43711,2026-09-08,1.08,59
1093,9.84432,77.43795,2026-09-08,2.31,59
1094,10.26803,77.25012,2026-09-08,4.37,60
1095,10.26851,77.25398,2026-09-08,13.47,60
1096,10.26912,77.25885,2026-09-08,13.47,60
1097,10.27382,77.25198,2026-09-08,8.66,60
1098,10.27434,77.2561,2026-09-08,7.95,60
1099,12.06157,77.02383,2026-09-08,2.86,32
1100,12.09969,77.06045,2026-09-08,3.63,33
115,20.96824,85.15533,2026-09-08,1.8,61
1101,12.6018,76.3521,2026-09-08,1.17,34
117,20.97303,86.00401,2026-09-08,1.05,62
118,20.97745,85.16879,2026-09-08,1.53,61
119,21.07918,85.03577,2026-09-08,2.47,63
120,21.24244,79.22527,2026-09-08,1.09,64
1102,12.68629,79.22961,2026-09-08,5.0,35
1103,13.76837,76.63393,2026-09-08,3.36,36
1104,14.2825,76.63771,2026-09-08,4.58,37
1105,16.83965,76.57693,2026-09-08,3.65,38
1106,20.81934,71.06818,2026-09-08,2.79,39
1107,21.10201,72.65463,2026-09-08,4.88,65
1108,21.10262,72.63547,2026-09-08,9.33,65
128,22.21111,84.86725,2026-09-08,0.93,66
129,22.32055,82.56607,2026-09-08,1.13,67
130,22.33052,82.60535,2026-09-08,0.57,68
131,22.4775,90.71188,2026-09-08,0.43,69
1109,21.10373,72.64575,2026-09-08,10.64,65
1110,21.10607,72.6489,2026-09-08,10.32,65
1111,24.67546,68.22954,2026-09-08,3.29,41
1112,24.88822,68.00552,2026-09-08,4.46,42
1113,25.02114,68.23278,2026-09-08,3.65,70
1114,25.02487,68.23222,2026-09-08,7.97,70
1115,25.57998,68.63033,2026-09-08,3.84,44
139,23.61153,87.1468,2026-09-08,0.84,71
1116,26.11402,68.94534,2026-09-08,5.33,72
1117,26.11474,68.94655,2026-09-08,2.47,72
142,23.67217,86.11553,2026-09-08,1.25,20
143,23.68253,86.09591,2026-09-08,1.63,20
1118,26.15266,68.60349,2026-09-08,6.53,46
1119,26.61547,68.16102,2026-09-08,10.62,47
1120,27.97179,68.9266,2026-09-08,3.99,48
1121,28.04094,69.6731,2026-09-08,4.14,49
1122,29.82304,72.84699,2026-09-08,2.06,50
1123,30.33233,71.97624,2026-09-08,5.02,51
152,24.92294,84.15626,2026-09-08,1.73,73
156,12.69771,76.40362,2026-09-08,2.14,74
157,14.60695,79.35424,2026-09-08,2.36,75
1124,31.33438,72.16042,2026-09-08,2.1,76
159,17.46397,80.65453,2026-09-08,1.51,77
1125,31.33746,72.16238,2026-09-08,3.64,76
1126,31.45633,72.13813,2026-09-08,2.5,53
162,6.78723,81.522,2026-09-08,0.93,78
163,7.74249,80.7152,2026-09-08,1.31,79
1127,35.48441,74.07708,2026-09-08,5.29,54
165,8.10951,79.96661,2026-09-08,2.24,80
1128,33.37469,70.30645,2026-09-08,3.7,55
1129,19.10295,82.16367,2026-09-08,1.37,19
168,9.93439,78.31834,2026-09-08,0.7,81
1130,19.96099,79.33219,2026-09-08,0.78,56
170,10.39128,79.30709,2026-09-08,2.85,82
171,28.34513,77.23094,2026-09-08,0.78,83
1131,20.78671,85.26124,2026-09-08,2.18,58
1132,20.79587,85.25201,2026-09-08,3.87,58
1133,20.80691,85.25891,2026-09-08,2.19,58
1134,20.86284,84.98545,2026-09-08,1.25,84
1135,20.86435,84.99242,2026-09-08,1.16,84
177,29.63118,77.24579,2026-09-08,0.58,85
178,32.28975,70.74053,2026-09-08,2.4,86
1136,20.86501,84.98708,2026-09-08,1.16,84
1137,20.86611,84.99142,2026-09-08,1.96,84
1138,20.88556,84.98448,2026-09-08,1.3,87
1139,20.89022,84.97961,2026-09-08,1.48,87
183,33.80086,72.09872,2026-09-08,1.52,88
184,33.90252,74.64256,2026-09-08,1.2,89
1140,20.95109,86.04737,2026-09-08,1.38,90
1141,20.95175,86.04957,2026-09-08,1.4,90
1142,20.96103,85.1719,2026-09-08,1.48,61
1143,20.96147,85.17611,2026-09-08,2.6,61
1144,20.96218,85.17078,2026-09-08,3.59,61
1145,20.96296,85.18839,2026-09-08,1.24,61
1146,20.96362,85.18311,2026-09-08,1.24,61
1147,20.96399,85.18727,2026-09-08,2.38,61
1148,20.96497,85.17246,2026-09-08,1.63,61
194,26.09434,68.87854,2026-09-08,1.69,91
1149,20.96564,85.16711,2026-09-08,2.31,61
1150,20.96801,86.01303,2026-09-08,1.58,62
1151,20.96823,85.17837,2026-09-08,1.63,61
1152,20.96824,85.15533,2026-09-08,1.8,61
1153,20.9689,85.17302,2026-09-08,1.63,61
1154,20.97303,86.00401,2026-09-08,1.05,62
1155,20.97745,85.16879,2026-09-08,1.53,61
1156,21.07918,85.03577,2026-09-08,2.47,63
1157,21.24244,79.22527,2026-09-08,1.09,64
1158,21.33592,78.96922,2026-09-08,1.74,92
1159,21.3374,78.96973,2026-09-08,2.12,92
1160,21.67748,84.04029,2026-09-08,1.83,93
1161,21.68175,84.04088,2026-09-08,1.39,93
1162,21.91912,83.35267,2026-09-08,0.71,94
1163,21.91968,83.34795,2026-09-08,0.71,94
1164,21.92199,83.3504,2026-09-08,1.63,94
1165,22.21111,84.86725,2026-09-08,0.93,66
217,19.82081,79.33638,2026-09-08,1.84,95
1166,22.32055,82.56607,2026-09-08,1.13,67
219,20.35331,72.95158,2026-09-08,2.13,96
1167,22.33052,82.60535,2026-09-08,0.57,68
1168,22.4775,90.71188,2026-09-08,0.43,69
1169,22.78655,86.19794,2026-09-08,1.5,97
1170,22.79034,86.19852,2026-09-08,2.54,97
224,24.79702,94.19991,2026-09-09,1.88,98
225,27.37927,95.33396,2026-09-09,2.29,99
1171,22.79099,86.19352,2026-09-08,2.54,97
1172,23.55746,87.24306,2026-09-08,5.33,100
1173,23.55808,87.23852,2026-09-08,5.48,100
1174,23.55933,87.22939,2026-09-08,2.15,100
1175,23.5617,87.2391,2026-09-08,5.48,100
231,29.30994,88.86318,2026-09-09,2.64,101
1176,23.61153,87.1468,2026-09-08,0.84,71
1177,23.66251,87.15499,2026-09-08,1.3,102
1178,23.66553,87.1602,2026-09-08,1.3,102
235,6.33895,80.99429,2026-09-09,6.59,103
1179,23.67217,86.11553,2026-09-08,1.25,20
1180,23.68253,86.09591,2026-09-08,1.63,20
1181,23.69677,86.07681,2026-09-08,3.27,20
1182,23.7728,86.20103,2026-09-08,2.29,104
1183,23.77346,86.19588,2026-09-08,1.73,104
1184,23.77914,86.21259,2026-09-08,1.55,104
242,6.58226,81.1302,2026-09-09,1.47,105
243,6.59408,81.17841,2026-09-09,9.85,106
245,6.73186,81.15031,2026-09-09,3.58,107
246,6.84331,81.76249,2026-09-09,4.29,108
250,7.1891,81.5724,2026-09-09,3.39,109
251,7.25047,81.77212,2026-09-09,2.24,110
252,7.28344,81.82129,2026-09-09,2.31,111
253,7.31883,81.84831,2026-09-09,1.82,112
254,7.43295,81.12988,2026-09-09,6.63,113
255,7.51097,80.19008,2026-09-09,5.17,114
256,7.54614,81.36263,2026-09-09,3.4,115
257,7.55166,80.19073,2026-09-09,2.5,116
258,7.59074,81.05297,2026-09-09,6.15,117
259,7.61807,81.03234,2026-09-09,6.72,118
260,7.70898,80.0405,2026-09-09,8.36,119
261,7.71594,81.0788,2026-09-09,2.92,120
262,7.77461,80.47596,2026-09-09,11.62,121
263,7.79754,80.64051,2026-09-09,6.34,122
264,7.80289,80.15063,2026-09-09,4.35,123
1185,23.7798,86.20742,2026-09-08,2.44,104
266,7.92872,80.28514,2026-09-09,7.9,124
1186,23.80277,86.33076,2026-09-08,0.85,125
1187,23.83902,85.30463,2026-09-08,1.02,126
269,7.93867,80.57105,2026-09-09,5.95,127
1188,23.83938,85.30389,2026-09-08,0.51,126
271,7.94733,80.45666,2026-09-09,5.62,128
1189,24.92294,84.15626,2026-09-08,1.73,73
1190,26.64162,79.47488,2026-09-08,0.53,129
1191,11.86825,79.20898,2026-09-08,0.69,130
1192,11.86972,79.20905,2026-09-08,0.73,130
1193,12.69771,76.40362,2026-09-08,2.14,74
277,8.07086,80.09274,2026-09-09,2.55,131
278,8.09054,80.54442,2026-09-09,7.04,132
1194,14.60695,79.35424,2026-09-08,2.36,75
1195,15.17607,76.65705,2026-09-08,2.31,133
281,8.12681,80.0978,2026-09-09,7.15,134
1196,17.46397,80.65453,2026-09-08,1.51,77
1197,17.60929,83.20439,2026-09-08,0.83,135
1198,19.0977,82.16817,2026-09-08,1.64,19
1199,6.78723,81.522,2026-09-08,0.93,78
1200,7.74249,80.7152,2026-09-08,1.31,79
1201,7.87005,80.20573,2026-09-08,0.6,136
1202,8.10951,79.96661,2026-09-08,2.24,80
1203,8.16852,80.86479,2026-09-08,0.81,137
1204,8.17287,80.86552,2026-09-08,0.36,137
1205,9.93439,78.31834,2026-09-08,0.7,81
292,8.30616,80.48454,2026-09-09,3.36,138
1206,10.26213,77.25868,2026-09-08,0.89,60
294,8.31061,80.6608,2026-09-09,10.03,139
295,8.31722,81.01086,2026-09-09,4.48,140
1207,10.39128,79.30709,2026-09-08,2.85,82
1208,28.34513,77.23094,2026-09-08,0.78,83
298,8.3732,80.40456,2026-09-09,3.21,141
1209,28.744,76.92703,2026-09-08,0.88,142
302,8.46447,80.82089,2026-09-09,10.99,143
303,8.46842,80.24854,2026-09-09,2.25,144
304,8.50964,80.51556,2026-09-09,5.28,145
305,8.53304,78.12076,2026-09-09,2.69,146
306,8.59542,80.85155,2026-09-09,4.99,147
308,8.61346,80.4192,2026-09-09,5.62,148
309,8.64196,81.08068,2026-09-09,6.21,149
310,8.7018,80.28503,2026-09-09,6.94,150
311,8.70837,80.40471,2026-09-09,3.3,151
1210,28.74435,76.92632,2026-09-08,1.24,142
314,8.88306,77.78769,2026-09-09,2.52,152
315,8.91723,80.44055,2026-09-09,9.36,153
316,8.93182,80.89063,2026-09-09,6.54,154
317,8.94801,80.85964,2026-09-09,9.03,155
318,9.05835,80.58269,2026-09-09,4.52,156
319,9.38469,80.47755,2026-09-09,10.9,157
320,9.63687,78.10203,2026-09-09,5.41,158
321,9.80809,77.51385,2026-09-09,7.83,159
1211,28.77183,77.56693,2026-09-08,0.51,160
1212,29.47554,76.86042,2026-09-08,0.75,161
324,10.09023,77.69757,2026-09-09,1.42,162
1213,29.47636,76.85699,2026-09-08,0.75,161
1214,29.63118,77.24579,2026-09-08,0.58,85
1215,32.28975,70.74053,2026-09-08,2.4,86
328,10.31302,78.61387,2026-09-09,4.49,163
1216,32.65488,70.47535,2026-09-08,1.05,164
1217,32.88793,71.61536,2026-09-08,2.77,165
331,10.43343,77.19473,2026-09-09,9.4,166
332,10.44232,77.11541,2026-09-09,2.39,167
333,10.53283,78.61864,2026-09-09,1.94,168
334,10.67141,78.88138,2026-09-09,4.19,169
335,10.68338,79.27805,2026-09-09,3.25,170
336,10.90465,78.49009,2026-09-09,4.58,171
1218,33.29699,71.18787,2026-09-08,0.84,172
1219,33.54652,71.54891,2026-09-08,1.34,173
339,11.02803,77.51046,2026-09-09,4.23,174
340,12.06407,79.16139,2026-09-09,2.28,175
341,12.56395,79.11487,2026-09-09,15.8,176
342,13.86723,77.47733,2026-09-09,4.47,177
343,14.04664,79.93987,2026-09-09,2.68,178
344,14.5568,78.02254,2026-09-09,4.37,179
345,14.70121,79.99017,2026-09-09,3.2,180
346,14.79568,79.02826,2026-09-09,11.93,181
1220,33.80086,72.09872,2026-09-08,1.52,88
1221,33.90252,74.64256,2026-09-08,1.2,89
1222,35.96978,68.6861,2026-09-08,1.1,182
350,17.38081,75.72618,2026-09-09,3.99,183
351,18.37337,74.35523,2026-09-09,5.1,184
352,18.48067,73.98694,2026-09-09,5.5,185
1223,22.26371,75.1344,2026-09-08,1.06,186
1224,23.2817,72.41914,2026-09-08,0.89,187
355,18.62244,74.55608,2026-09-09,4.25,188
356,18.64365,74.65992,2026-09-09,4.85,189
1225,23.28408,72.41761,2026-09-08,0.91,187
1226,24.6623,74.63559,2026-09-08,1.89,190
1227,24.66258,74.636,2026-09-08,1.81,190
360,18.99486,74.43908,2026-09-09,3.27,191
361,19.65047,74.57458,2026-09-09,6.15,192
1228,24.69026,73.00349,2026-09-08,1.03,193
1229,24.93405,74.6332,2026-09-08,1.36,194
1230,25.38731,68.58466,2026-09-08,1.19,195
368,21.45597,72.9502,2026-09-09,3.95,196
369,21.96141,72.51338,2026-09-09,6.19,197
370,22.35983,82.30304,2026-09-09,8.43,198
371,22.4838,70.93859,2026-09-09,3.49,199
372,22.55157,71.63312,2026-09-09,5.82,200
373,22.78069,69.46031,2026-09-09,3.57,201
374,22.87284,69.57805,2026-09-09,4.04,202
375,22.89505,69.89949,2026-09-09,1.82,203
1231,26.09434,68.87854,2026-09-08,1.69,91
1232,26.87394,73.51777,2026-09-08,1.38,204
1233,27.66834,76.12954,2026-09-08,0.87,205
1234,28.42417,69.70237,2026-09-08,1.8,206
380,23.03181,69.53057,2026-09-09,2.6,207
381,23.05331,69.64938,2026-09-09,5.02,208
382,23.10171,72.47737,2026-09-09,4.76,209
383,23.50802,72.15764,2026-09-09,3.69,210
384,23.57267,72.47577,2026-09-09,4.27,211
385,24.48032,69.0869,2026-09-09,2.81,212
386,25.00024,69.17052,2026-09-09,0.73,213
387,25.35773,69.0938,2026-09-09,2.47,214
1235,15.13748,76.71239,2026-09-08,1.38,215
389,25.41987,68.99232,2026-09-09,4.22,216
390,25.79195,68.59055,2026-09-09,1.24,217
391,25.89977,68.76244,2026-09-09,2.09,218
392,26.14395,68.98871,2026-09-09,2.69,219
1236,15.17795,76.657,2026-09-08,3.05,133
1237,15.17892,76.66013,2026-09-08,2.95,133
1238,15.18275,76.67428,2026-09-08,1.89,133
1239,15.22613,76.76373,2026-09-08,1.03,220
1240,15.65884,73.9893,2026-09-08,1.44,221
1241,15.6609,73.98779,2026-09-08,1.28,221
1242,18.57086,74.15802,2026-09-08,0.94,222
1243,18.57162,74.15484,2026-09-08,0.82,222
1244,18.68038,73.04181,2026-09-08,2.04,223
1245,18.68104,73.0387,2026-09-08,1.06,223
403,30.3203,69.8423,2026-09-09,2.96,224
404,30.46224,73.80231,2026-09-09,3.04,225
1246,18.6817,73.03559,2026-09-08,1.06,223
1247,18.68233,73.04176,2026-09-08,1.64,223
407,31.12966,74.65249,2026-09-09,2.66,226
408,31.39262,73.96021,2026-09-09,4.82,227
409,36.79524,81.54149,2026-09-09,6.22,228
410,28.58281,96.94934,2026-09-09,1.2,229
411,20.99799,86.01233,2026-09-09,0.42,230
412,6.72036,81.1439,2026-09-09,1.04,231
414,26.702,77.84742,2026-09-09,1.27,232
1248,18.68296,73.03863,2026-09-08,2.36,223
1249,18.68424,73.03241,2026-09-08,1.8,223
1250,18.68609,73.03984,2026-09-08,1.06,223
420,28.275,77.1826,2026-09-09,0.78,233
421,28.27803,77.27264,2026-09-09,1.08,234
1251,18.6874,73.03365,2026-09-08,2.33,223
1252,18.69113,73.041,2026-09-08,2.15,223
424,28.35967,77.24104,2026-09-09,0.92,235
1253,18.69305,73.04095,2026-09-08,2.21,223
1254,19.82081,79.33638,2026-09-08,1.84,95
1255,19.93463,73.71231,2026-09-08,0.43,236
1256,20.35331,72.95158,2026-09-08,2.13,96
1257,20.91132,71.46037,2026-09-08,1.86,237
430,29.02955,73.97697,2026-09-09,1.05,238
431,31.25911,76.92336,2026-09-09,0.89,239
1258,21.10329,72.63621,2026-09-08,2.74,65
1259,21.10576,72.64803,2026-09-08,2.49,65
1260,22.92725,70.10981,2026-09-08,4.11,240
435,32.72005,72.92374,2026-09-09,0.93,241
1261,24.79702,94.19991,2026-09-09,1.88,98
1262,27.37927,95.33396,2026-09-09,2.29,99
1263,27.87187,96.85019,2026-09-09,6.71,242
439,33.90514,71.91456,2026-09-09,2.04,243
1264,27.87366,96.83576,2026-09-09,5.55,242
1265,27.87488,96.84531,2026-09-09,2.22,242
1266,27.93021,96.76659,2026-09-09,4.17,244
443,20.86701,70.56599,2026-09-09,1.55,245
444,20.86824,71.39729,2026-09-09,0.73,246
1267,28.01827,96.64623,2026-09-09,1.22,247
1268,29.30994,88.86318,2026-09-09,2.64,101
1269,29.55372,90.96186,2026-09-09,1.68,248
1270,29.5571,90.96114,2026-09-09,1.68,248
1271,29.56206,90.99042,2026-09-09,2.63,249
1272,6.33895,80.99429,2026-09-09,6.59,103
1273,6.36096,80.77393,2026-09-09,2.49,250
1274,6.36174,80.77742,2026-09-09,5.69,250
1275,6.36473,80.94134,2026-09-09,7.83,251
1276,6.36599,80.94292,2026-09-09,9.15,251
1277,6.39418,81.13857,2026-09-09,5.83,252
456,22.33882,69.85501,2026-09-09,3.38,253
1278,6.39629,81.13673,2026-09-09,3.52,252
1279,6.58226,81.1302,2026-09-09,1.47,105
1280,6.59408,81.17841,2026-09-09,9.85,106
460,22.80195,70.89373,2026-09-09,0.85,254
1281,6.71685,81.32734,2026-09-09,8.54,255
468,23.05618,69.9922,2026-09-09,0.62,256
469,23.25672,70.26176,2026-09-09,1.41,257
470,23.31528,70.4887,2026-09-09,1.43,258
1282,6.73186,81.15031,2026-09-09,3.58,107
1283,6.84331,81.76249,2026-09-09,4.29,108
1284,6.98842,81.59173,2026-09-09,6.85,259
1285,6.99588,81.58228,2026-09-09,4.03,260
1286,6.99729,81.58129,2026-09-09,2.32,260
1287,7.1891,81.5724,2026-09-09,3.39,109
1288,7.25047,81.77212,2026-09-09,2.24,110
1289,7.28344,81.82129,2026-09-09,2.31,111
479,25.95813,68.36952,2026-09-09,1.18,261
1290,7.31883,81.84831,2026-09-09,1.82,112
1291,7.43295,81.12988,2026-09-09,6.63,113
1292,7.51097,80.19008,2026-09-09,5.17,114
1293,7.54614,81.36263,2026-09-09,3.4,115
1294,7.55166,80.19073,2026-09-09,2.5,116
1295,7.59074,81.05297,2026-09-09,6.15,117
1296,7.61807,81.03234,2026-09-09,6.72,118
487,13.89847,76.565,2026-09-09,0.34,262
1297,7.70898,80.0405,2026-09-09,8.36,119
1298,7.71594,81.0788,2026-09-09,2.92,120
1299,7.77461,80.47596,2026-09-09,11.62,121
1300,7.79754,80.64051,2026-09-09,6.34,122
492,16.64885,74.31091,2026-09-09,0.57,263
493,18.39037,74.80548,2026-09-09,0.64,264
494,18.56875,74.52725,2026-09-09,0.96,265
1301,7.80289,80.15063,2026-09-09,4.35,123
1302,7.87047,80.20759,2026-09-09,3.88,136
1303,7.92872,80.28514,2026-09-09,7.9,124
1304,7.93467,81.38467,2026-09-09,2.49,266
499,19.17833,70.94522,2026-09-09,0.67,267
1305,7.9366,81.38432,2026-09-09,4.08,266
1306,7.93867,80.57105,2026-09-09,5.95,127
1307,7.93974,81.38399,2026-09-09,2.49,266
1308,7.94733,80.45666,2026-09-09,5.62,128
504,27.86725,96.95296,2026-09-10,10.53,268
1309,7.96101,80.10643,2026-09-09,5.84,7
506,28.03857,96.65233,2026-09-10,4.27,269
507,28.14016,96.67348,2026-09-10,7.19,270
1310,8.03355,80.4838,2026-09-09,3.38,271
1311,8.03416,80.48712,2026-09-09,5.25,271
1312,8.0565,80.40259,2026-09-09,7.49,272
1313,8.0572,80.40765,2026-09-09,7.49,272
515,29.64131,90.97839,2026-09-10,2.56,273
516,36.85529,93.2654,2026-09-10,6.01,274
517,6.18368,81.11115,2026-09-10,5.21,275
518,6.22965,80.91109,2026-09-10,5.26,276
521,6.43301,80.75185,2026-09-10,2.97,277
522,6.53781,80.99404,2026-09-10,2.07,278
1314,8.07086,80.09274,2026-09-09,2.55,131
1315,8.09054,80.54442,2026-09-09,7.04,132
1316,8.12141,80.80586,2026-09-09,3.52,279
1317,8.1263,80.8052,2026-09-09,3.52,279
1318,8.12681,80.0978,2026-09-09,7.15,134
528,6.71419,81.1232,2026-09-10,4.24,280
1319,8.21031,80.56414,2026-09-09,5.45,281
1320,8.21103,80.56943,2026-09-09,5.45,281
1321,8.21852,81.07156,2026-09-09,6.22,282
532,6.74246,81.39359,2026-09-10,1.73,283
533,6.79604,81.27726,2026-09-10,2.45,284
534,6.80416,81.43225,2026-09-10,2.46,285
535,6.85638,81.54122,2026-09-10,5.85,286
536,6.85811,81.50098,2026-09-10,6.21,287
537,7.2688,81.12688,2026-09-10,3.74,288
1322,8.2188,81.07023,2026-09-09,10.97,282
1323,8.22351,81.07091,2026-09-09,6.22,282
540,7.52287,80.01469,2026-09-10,4.18,289
541,7.57065,81.38146,2026-09-10,7.76,290
542,7.57501,80.85505,2026-09-10,3.96,291
1324,8.22378,81.06954,2026-09-09,4.23,282
1325,8.26615,80.16025,2026-09-09,11.17,292
545,7.72321,80.02804,2026-09-10,4.29,293
546,7.78208,80.6227,2026-09-10,4.39,294
547,7.79099,79.91326,2026-09-10,2.85,295
548,7.79616,81.06741,2026-09-10,4.02,296
549,7.80208,79.89999,2026-09-10,2.17,297
550,7.81471,80.60565,2026-09-10,3.44,298
1326,8.27084,80.15961,2026-09-09,11.17,292
1327,8.30223,81.01012,2026-09-09,14.97,299
553,7.88685,80.23586,2026-09-10,4.27,300
554,7.93977,81.18617,2026-09-10,3.45,301
1328,8.3023,81.01288,2026-09-09,8.12,299
1329,8.30616,80.48454,2026-09-09,3.36,138
1330,8.30727,81.0122,2026-09-09,9.38,299
1331,8.31061,80.6608,2026-09-09,10.03,139
559,7.98573,80.10244,2026-09-10,1.6,302
560,7.99371,80.15654,2026-09-10,3.31,303
561,8.00195,80.11581,2026-09-10,2.24,304
562,8.01429,80.03149,2026-09-10,5.56,305
563,8.03297,80.39876,2026-09-10,9.04,306
564,8.03946,80.09521,2026-09-10,1.98,307
565,8.0436,80.3488,2026-09-10,6.07,308
1332,8.31722,81.01086,2026-09-09,4.48,140
570,8.09644,79.8333,2026-09-10,5.35,309
571,8.12294,80.154,2026-09-10,3.64,310
572,8.13631,80.58918,2026-09-10,5.58,311
1333,8.37003,80.74961,2026-09-09,0.82,312
574,8.21551,80.41754,2026-09-10,3.38,313
575,8.25431,80.53484,2026-09-10,1.96,314
576,8.2586,80.31792,2026-09-10,2.92,315
577,8.26426,80.72923,2026-09-10,3.4,316
1334,8.37234,77.62077,2026-09-09,10.28,317
1335,8.3732,80.40456,2026-09-09,3.21,141
580,8.35593,81.05505,2026-09-10,2.93,318
581,8.3942,80.80408,2026-09-10,5.67,319
582,8.41038,80.19921,2026-09-10,4.97,320
583,8.43785,77.62556,2026-09-10,4.26,321
584,8.45284,80.87688,2026-09-10,8.25,322
1336,8.37381,77.62325,2026-09-09,6.09,317
1337,8.44805,80.62918,2026-09-09,10.36,323
1338,8.44878,80.63449,2026-09-09,11.76,323
1339,8.46447,80.82089,2026-09-09,10.99,143
589,8.4756,80.77567,2026-09-10,5.95,324
1340,8.46842,80.24854,2026-09-09,2.25,144
591,8.48641,80.82534,2026-09-10,12.4,143
1341,8.50964,80.51556,2026-09-09,5.28,145
1342,8.53304,78.12076,2026-09-09,2.69,146
1343,8.59542,80.85155,2026-09-09,4.99,147
595,8.50423,80.27431,2026-09-10,5.29,325
1344,8.60634,77.96951,2026-09-09,4.79,43
1345,8.61346,80.4192,2026-09-09,5.62,148
1346,8.64196,81.08068,2026-09-09,6.21,149
599,8.52043,80.57953,2026-09-10,3.76,326
600,8.53261,80.71205,2026-09-10,5.46,327
601,8.53792,80.43253,2026-09-10,2.49,328
602,8.54136,80.84736,2026-09-10,5.93,329
1347,8.7018,80.28503,2026-09-09,6.94,150
604,8.55859,80.7635,2026-09-10,4.72,330
1348,8.70837,80.40471,2026-09-09,3.3,151
1349,8.74929,81.1545,2026-09-09,3.03,331
1350,8.75256,81.15276,2026-09-09,3.32,331
608,8.56803,80.48994,2026-09-10,4.61,332
609,8.58175,80.3605,2026-09-10,4.48,333
610,8.59828,80.34993,2026-09-10,3.94,334
611,8.60132,80.66886,2026-09-10,4.42,335
612,8.61125,80.33987,2026-09-10,2.49,336
613,8.62137,77.9171,2026-09-10,4.2,337
614,8.65117,80.70818,2026-09-10,4.04,338
615,8.66123,80.41534,2026-09-10,3.02,339
616,8.67276,80.85483,2026-09-10,3.16,340
1351,8.88306,77.78769,2026-09-09,2.52,152
1352,8.91723,80.44055,2026-09-09,9.36,153
619,8.67813,80.65878,2026-09-10,3.84,341
622,8.7021,80.74874,2026-09-10,3.75,342
623,8.70693,80.80807,2026-09-10,2.76,343
1353,8.93182,80.89063,2026-09-09,6.54,154
1354,8.94801,80.85964,2026-09-09,9.03,155
1355,9.05835,80.58269,2026-09-09,4.52,156
1356,9.38469,80.47755,2026-09-09,10.9,157
1357,9.63687,78.10203,2026-09-09,5.41,158
630,8.77444,77.74644,2026-09-10,6.31,344
631,8.80572,81.10435,2026-09-10,3.22,345
1358,9.80809,77.51385,2026-09-09,7.83,159
1359,9.83046,77.55689,2026-09-09,2.25,346
1360,9.83092,77.56013,2026-09-09,3.1,346
635,8.83364,80.99052,2026-09-10,127.29,347
636,8.83971,80.33202,2026-09-10,5.77,348
1361,10.09023,77.69757,2026-09-09,1.42,162
638,8.86325,80.85946,2026-09-10,1.91,349
1362,10.25719,77.25083,2026-09-09,94.07,350
640,8.87069,80.70781,2026-09-10,3.94,351
1363,10.25788,77.24821,2026-09-09,50.16,350
642,8.88205,80.68487,2026-09-10,2.26,352
1364,10.26118,77.24303,2026-09-09,26.52,350
644,8.90645,80.56729,2026-09-10,10.52,353
645,8.92134,80.41907,2026-09-10,5.0,354
646,8.92612,80.47646,2026-09-10,7.81,355
647,8.93338,80.57601,2026-09-10,6.9,356
1365,10.31302,78.61387,2026-09-09,4.49,163
1366,10.34718,79.41057,2026-09-09,3.7,357
650,8.95275,80.68353,2026-09-10,5.84,358
1367,10.34748,79.41254,2026-09-09,3.18,357
652,8.96166,80.89814,2026-09-10,8.67,359
1368,10.43343,77.19473,2026-09-09,9.4,166
654,9.02902,80.24326,2026-09-10,3.25,360
655,9.08842,80.89799,2026-09-10,6.03,361
656,9.20652,80.63198,2026-09-10,3.51,362
657,9.3272,80.36589,2026-09-10,1.52,363
658,9.00893,77.79801,2026-09-10,14.15,364
659,9.24757,77.89983,2026-09-10,9.52,365
660,9.3672,80.43958,2026-09-10,5.1,366
661,9.41302,80.28743,2026-09-10,3.99,367
662,9.81509,78.59298,2026-09-10,4.08,368
663,13.56128,76.31514,2026-09-10,3.46,369
664,14.14186,76.48392,2026-09-10,2.44,370
1369,10.44232,77.11541,2026-09-09,2.39,167
1370,10.53283,78.61864,2026-09-09,1.94,168
669,15.22379,78.51904,2026-09-10,3.06,371
671,15.40017,77.02663,2026-09-10,3.03,372
672,15.82326,76.42226,2026-09-10,2.48,373
673,15.87121,80.60237,2026-09-10,4.57,374
674,16.61314,75.89799,2026-09-10,2.37,375
675,17.30929,77.62043,2026-09-10,3.08,376
676,17.69838,75.36028,2026-09-10,1.85,377
677,17.97609,74.36363,2026-09-10,3.02,378
1371,10.67141,78.88138,2026-09-09,4.19,169
1372,10.68338,79.27805,2026-09-09,3.25,170
1373,10.90465,78.49009,2026-09-09,4.58,171
1374,10.91727,78.97856,2026-09-09,2.94,379
1375,10.91968,78.97959,2026-09-09,1.76,379
1376,11.02803,77.51046,2026-09-09,4.23,174
1377,12.06407,79.16139,2026-09-09,2.28,175
685,21.80279,83.89226,2026-09-10,2.34,380
1378,12.56395,79.11487,2026-09-09,15.8,176
1379,13.86723,77.47733,2026-09-09,4.47,177
1380,14.04664,79.93987,2026-09-09,2.68,178
1381,14.5568,78.02254,2026-09-09,4.37,179
690,23.10672,72.22006,2026-09-10,2.57,381
691,25.61475,75.90067,2026-09-10,2.98,382
1382,14.70121,79.99017,2026-09-09,3.2,180
693,26.07044,74.30474,2026-09-10,1.79,383
694,28.03975,75.82047,2026-09-10,2.28,384
695,28.77153,71.01676,2026-09-10,8.4,385
696,29.7994,72.815,2026-09-10,1.64,386
697,29.89805,72.95081,2026-09-10,1.75,387
1383,14.79568,79.02826,2026-09-09,11.93,181
1384,15.17479,76.67694,2026-09-09,4.6,133
1385,15.17643,76.65775,2026-09-09,6.01,133
701,30.72232,73.71585,2026-09-10,3.1,388
702,31.12557,74.68327,2026-09-10,2.01,389
703,31.13243,74.62755,2026-09-10,6.93,390
704,31.3569,75.92867,2026-09-10,2.8,391
705,31.40409,73.5051,2026-09-10,2.73,392
706,31.41759,75.8811,2026-09-10,7.11,393
707,31.53902,74.82557,2026-09-10,3.68,394
708,31.56346,74.60093,2026-09-10,4.09,395
709,31.62473,75.01824,2026-09-10,7.26,396
1386,15.18199,76.66843,2026-09-09,6.09,133
1387,17.38081,75.72618,2026-09-09,3.99,183
712,31.6471,75.02378,2026-09-10,5.25,397
713,31.73356,74.64149,2026-09-10,2.77,398
714,31.76258,74.94447,2026-09-10,3.39,399
715,32.62136,71.96693,2026-09-10,4.0,400
1388,18.37337,74.35523,2026-09-09,5.1,184
717,27.31865,95.26725,2026-09-10,1.4,401
718,27.46212,95.47769,2026-09-10,0.51,402
1389,18.48067,73.98694,2026-09-09,5.5,185
1390,18.55479,74.31213,2026-09-09,7.86,403
1391,18.55849,74.3116,2026-09-09,8.74,403
722,31.25028,76.92976,2026-09-10,0.53,239
723,31.32711,76.89539,2026-09-10,0.67,404
724,31.61421,74.37569,2026-09-10,1.47,405
727,33.26874,71.30938,2026-09-10,0.93,406
729,36.99753,80.1908,2026-09-10,1.21,407
1392,18.62244,74.55608,2026-09-09,4.25,188
731,18.80503,74.26031,2026-09-10,0.97,408
1393,18.64365,74.65992,2026-09-09,4.85,189
733,19.41766,71.39006,2026-09-10,2.82,409
1394,18.68402,73.04089,2026-09-09,8.87,223
1395,18.68637,73.03223,2026-09-09,6.71,223
1396,18.691,73.03982,2026-09-09,8.26,223
1397,18.99486,74.43908,2026-09-09,3.27,191
1398,19.65047,74.57458,2026-09-09,6.15,192
739,24.57784,74.80502,2026-09-10,0.49,410
740,24.65848,73.87827,2026-09-10,1.02,411
1399,21.10127,72.63649,2026-09-09,10.01,65
742,24.6917,74.68143,2026-09-10,1.21,412
743,24.76389,74.60896,2026-09-10,2.49,413
1400,21.10479,72.63596,2026-09-09,10.01,65
1401,21.10594,72.64432,2026-09-09,8.38,65
1402,21.10652,72.6485,2026-09-09,8.4,65
1403,21.1083,72.63541,2026-09-09,3.48,65
1404,21.11181,72.63486,2026-09-09,3.48,65
749,26.29624,74.1245,2026-09-10,0.96,414
750,26.60533,73.68541,2026-09-10,0.55,415
1405,21.45597,72.9502,2026-09-09,3.95,196
1406,21.96141,72.51338,2026-09-09,6.19,197
1407,22.35983,82.30304,2026-09-09,8.43,198
1408,22.4838,70.93859,2026-09-09,3.49,199
1409,22.55157,71.63312,2026-09-09,5.82,200
1410,22.78069,69.46031,2026-09-09,3.57,201
1411,22.87284,69.57805,2026-09-09,4.04,202
1412,22.89505,69.89949,2026-09-09,1.82,203
1413,22.92988,70.10869,2026-09-09,6.77,240
760,28.72888,77.15527,2026-09-10,0.78,416
761,28.77258,76.70015,2026-09-10,2.26,417
762,28.83644,77.14004,2026-09-10,2.12,418
1414,22.9318,69.69779,2026-09-09,2.27,419
1415,22.93237,69.70152,2026-09-09,3.74,419
765,15.33521,76.28432,2026-09-10,0.93,420
766,15.57361,73.74066,2026-09-10,0.97,421
1416,22.93511,69.6972,2026-09-09,2.27,419
1417,23.03181,69.53057,2026-09-09,2.6,207
1418,23.05331,69.64938,2026-09-09,5.02,208
1419,23.10171,72.47737,2026-09-09,4.76,209
1420,23.50802,72.15764,2026-09-09,3.69,210
1421,23.57267,72.47577,2026-09-09,4.27,211
1422,24.48032,69.0869,2026-09-09,2.81,212
774,22.85678,71.53668,2026-09-10,0.66,422
1423,25.00024,69.17052,2026-09-09,0.73,213
1424,25.35773,69.0938,2026-09-09,2.47,214
782,27.76703,96.05153,2026-09-11,2.21,423
1425,25.38771,68.58407,2026-09-09,4.62,195
1426,25.41987,68.99232,2026-09-09,4.22,216
785,27.95016,95.23589,2026-09-11,2.44,424
1427,25.79195,68.59055,2026-09-09,1.24,217
1428,25.89977,68.76244,2026-09-09,2.09,218
1429,26.14395,68.98871,2026-09-09,2.69,219
789,6.32772,80.99232,2026-09-11,9.46,425
1430,26.64183,79.48302,2026-09-09,4.48,129
791,6.43032,81.0219,2026-09-11,5.1,426
792,6.45361,80.75334,2026-09-11,4.69,427
793,6.55016,80.87274,2026-09-11,6.59,428
794,6.87345,81.516,2026-09-11,3.28,429
1431,26.78156,72.00723,2026-09-09,7.69,430
1432,26.78459,72.00198,2026-09-09,7.69,430
1433,26.78636,72.01598,2026-09-09,19.54,430
798,7.00834,81.58915,2026-09-11,8.77,259
799,7.04885,81.36258,2026-09-11,2.5,431
800,7.28462,81.12443,2026-09-11,5.72,432
1434,26.78939,72.01074,2026-09-09,9.4,430
1435,26.79242,72.0055,2026-09-09,15.04,430
803,7.29222,80.90644,2026-09-11,9.69,433
804,7.35999,80.85026,2026-09-11,2.58,434
805,7.39979,81.1692,2026-09-11,5.2,435
806,7.43177,81.0183,2026-09-11,4.46,436
807,7.4521,81.65658,2026-09-11,2.95,437
808,7.45285,81.26469,2026-09-11,1.51,438
809,7.46692,81.26621,2026-09-11,1.97,439
1436,26.7936,72.01483,2026-09-09,9.4,430
1437,26.79663,72.00959,2026-09-09,4.85,430
812,7.50022,81.00719,2026-09-11,13.75,440
813,7.51028,81.56757,2026-09-11,3.6,441
814,7.56389,80.63634,2026-09-11,2.95,442
815,7.60552,80.9675,2026-09-11,10.24,443
816,7.61301,81.01514,2026-09-11,2.33,444
817,7.61714,80.84123,2026-09-11,4.5,445
818,7.71343,80.83015,2026-09-11,12.23,446
819,7.79306,81.22885,2026-09-11,14.16,447
820,7.82195,81.20905,2026-09-11,2.83,448
821,7.82437,80.31818,2026-09-11,2.96,449
822,7.8662,80.01651,2026-09-11,10.98,450
823,7.89431,80.01201,2026-09-11,24.01,451
1438,26.79723,72.01426,2026-09-09,4.85,430
1439,28.42417,69.70093,2026-09-09,3.82,206
826,7.93462,80.06189,2026-09-11,3.76,452
1440,30.3203,69.8423,2026-09-09,2.96,224
829,7.95865,81.19073,2026-09-11,5.49,453
832,7.99013,81.21532,2026-09-11,1.86,454
833,8.02441,81.07615,2026-09-11,1.4,455
834,8.02976,80.57709,2026-09-11,3.02,456
1441,30.46224,73.80231,2026-09-09,3.04,225
1442,31.11923,74.6719,2026-09-09,10.59,457
1443,31.12366,74.67133,2026-09-09,6.33,457
838,8.15112,80.08427,2026-09-11,11.03,458
839,8.20834,79.98703,2026-09-11,6.63,459
840,8.22219,81.02239,2026-09-11,8.9,460
841,8.23207,80.26948,2026-09-11,2.64,461
1444,31.12966,74.65249,2026-09-09,2.66,226
1445,31.39262,73.96021,2026-09-09,4.82,227
844,8.29414,80.21237,2026-09-11,5.4,462
1446,36.79524,81.54149,2026-09-09,6.22,228
1447,28.58281,96.94934,2026-09-09,1.2,229
847,8.30266,77.63816,2026-09-11,6.52,463
848,8.30716,80.17469,2026-09-11,5.12,464
1448,20.99799,86.01233,2026-09-09,0.42,230
1449,6.72036,81.1439,2026-09-09,1.04,231
851,8.33641,80.40082,2026-09-11,15.22,465
852,8.34312,80.37651,2026-09-11,2.73,466
853,8.36264,80.8055,2026-09-11,8.12,467
1450,26.25893,74.09446,2026-09-09,1.6,468
855,8.37283,80.80388,2026-09-11,5.02,469
856,8.38194,80.42064,2026-09-11,6.01,470
857,8.3827,80.4476,2026-09-11,9.25,471
858,8.39982,80.53334,2026-09-11,5.51,472
859,8.40384,80.33569,2026-09-11,2.95,473
1451,26.702,77.84742,2026-09-09,1.27,232
1452,26.87392,73.51785,2026-09-09,1.08,204
1453,26.87812,73.51436,2026-09-09,1.08,204
1454,26.92571,73.46764,2026-09-09,1.03,474
864,8.48565,80.52334,2026-09-11,2.29,475
1455,27.28872,73.83931,2026-09-09,1.61,476
1456,27.66891,76.13161,2026-09-09,2.32,205
867,8.5069,80.7668,2026-09-11,4.02,477
870,8.58726,80.3494,2026-09-11,4.77,478
871,8.61787,80.4757,2026-09-11,5.99,479
872,8.61995,78.07992,2026-09-11,4.45,480
873,8.64889,81.00204,2026-09-11,5.13,481
874,8.68756,80.91789,2026-09-11,5.86,482
875,8.71449,80.17688,2026-09-11,4.68,483
876,8.72995,77.52225,2026-09-11,3.73,484
877,8.77848,77.56741,2026-09-11,2.92,485
878,8.92184,77.48255,2026-09-11,8.51,486
879,8.96205,80.7947,2026-09-11,8.02,487
880,8.97476,80.89706,2026-09-11,8.49,488
881,9.38751,80.61357,2026-09-11,8.08,489
882,18.21146,74.44026,2026-09-11,5.36,490
883,18.26146,75.48334,2026-09-11,5.57,491
1457,28.275,77.1826,2026-09-09,0.78,233
1458,28.27803,77.27264,2026-09-09,1.08,234
887,21.1883,81.39214,2026-09-11,5.07,492
1459,28.34753,77.25915,2026-09-09,1.02,493
889,23.16489,82.34189,2026-09-11,6.1,494
1460,28.34835,77.25511,2026-09-09,1.02,493
1461,28.35967,77.24104,2026-09-09,0.92,235
892,25.27196,69.08585,2026-09-11,3.64,495
1462,28.37098,77.22699,2026-09-09,1.01,496
1463,28.3718,77.22294,2026-09-09,1.32,496
1464,28.42315,69.70135,2026-09-09,1.92,206
1465,28.42652,69.70199,2026-09-09,1.46,206
1466,28.77395,77.56806,2026-09-09,0.77,160
898,26.95863,68.40443,2026-09-11,2.82,497
1467,29.02955,73.97697,2026-09-09,1.05,238
1468,31.25911,76.92336,2026-09-09,0.89,239
1469,32.57447,72.56104,2026-09-09,2.05,498
1470,32.65298,70.47419,2026-09-09,1.53,164
1471,32.7166,72.77676,2026-09-09,1.21,499
904,29.13163,75.77078,2026-09-11,3.84,500
905,30.48006,73.87495,2026-09-11,2.48,501
906,30.72791,76.34161,2026-09-11,1.3,502
907,30.87024,70.64391,2026-09-11,6.05,503
908,30.87769,75.94084,2026-09-11,3.0,504
909,30.98912,74.20541,2026-09-11,3.03,505
910,31.25864,74.47987,2026-09-11,2.36,506
911,31.45933,74.51919,2026-09-11,2.97,507
912,31.59567,74.82895,2026-09-11,2.21,508
913,31.74919,74.49052,2026-09-11,5.09,509
914,31.78289,75.174,2026-09-11,3.43,510
915,31.86762,75.00837,2026-09-11,5.58,511
916,32.1289,73.31739,2026-09-11,2.97,512
1472,32.72005,72.92374,2026-09-09,0.93,241
1473,32.8899,71.61823,2026-09-09,1.08,165
1474,33.54676,71.54985,2026-09-09,0.93,173
1475,33.68788,72.7118,2026-09-09,2.94,513
1476,33.90514,71.91456,2026-09-09,2.04,243
922,27.325,95.27734,2026-09-11,0.61,401
1477,17.61107,83.20312,2026-09-09,1.97,135
1478,19.93405,73.71447,2026-09-09,0.62,236
1479,19.93644,73.71235,2026-09-09,1.54,236
926,30.44506,70.56732,2026-09-11,0.72,514
927,32.29601,74.31258,2026-09-11,1.05,515
1480,20.86701,70.56599,2026-09-09,1.55,245
929,33.71712,73.97829,2026-09-11,1.08,516
930,20.75914,85.29253,2026-09-11,1.19,517
1481,20.86824,71.39729,2026-09-09,0.73,246
1482,20.90956,71.46092,2026-09-09,2.1,237
1483,21.10076,72.63695,2026-09-09,5.71,65
1484,21.10252,72.63594,2026-09-09,10.96,65
1485,21.10281,72.64636,2026-09-09,3.56,65
1486,21.10432,72.63768,2026-09-09,5.71,65
1487,21.10452,72.64532,2026-09-09,18.82,65
942,22.05133,88.12428,2026-09-11,1.24,518
943,22.2472,87.39132,2026-09-11,1.37,519
1488,21.10808,72.64604,2026-09-09,18.82,65
945,22.36546,87.01844,2026-09-11,0.92,520
1489,21.10964,72.63737,2026-09-09,4.74,65
1490,21.69743,72.53883,2026-09-09,0.44,521
948,22.37859,87.28189,2026-09-11,2.67,522
1491,22.26339,75.13261,2026-09-09,1.44,186
1492,22.33705,69.86613,2026-09-09,3.31,253
1493,22.33882,69.85501,2026-09-09,3.38,253
1494,22.41555,69.03904,2026-09-09,3.3,523
953,23.26521,70.25777,2026-09-11,0.85,257
1495,22.41887,69.03963,2026-09-09,2.1,523
955,23.5627,87.08546,2026-09-11,1.24,524
1496,22.65471,70.98373,2026-09-09,0.49,525
1497,22.80195,70.89373,2026-09-09,0.85,254
1498,22.90915,69.69665,2026-09-09,1.67,526
1499,22.91245,69.69726,2026-09-09,1.06,526
960,23.6774,86.1067,2026-09-11,1.17,20
1500,22.92675,69.82255,2026-09-09,1.46,527
1501,22.92927,70.10672,2026-09-09,1.86,240
1502,22.92957,69.69656,2026-09-09,2.26,419
1503,22.93229,69.70088,2026-09-09,2.27,419
1504,22.93287,69.69716,2026-09-09,7.62,419
1505,23.05618,69.9922,2026-09-09,0.62,256
1506,23.25672,70.26176,2026-09-09,1.41,257
1507,23.31528,70.4887,2026-09-09,1.43,258
1508,24.66075,74.63564,2026-09-09,2.06,190
970,23.69408,85.36958,2026-09-11,3.16,528
1509,24.66097,74.634,2026-09-09,2.08,190
1510,24.8211,73.09267,2026-09-09,1.45,529
1511,24.93354,74.6346,2026-09-09,1.39,194
1512,25.38741,68.58442,2026-09-09,0.88,195
975,23.71227,86.45252,2026-09-11,0.41,530
976,23.73847,86.43504,2026-09-11,2.43,531
977,23.73969,85.01115,2026-09-11,0.79,532
978,23.75447,85.85305,2026-09-11,2.0,533
1513,25.38799,68.58036,2026-09-09,0.88,195
1514,25.7812,73.699,2026-09-09,1.14,534
1515,25.78472,73.69977,2026-09-09,1.14,534
987,23.78417,86.34245,2026-09-11,1.93,535
988,23.7882,85.55163,2026-09-11,2.36,536
1516,25.95813,68.36952,2026-09-09,1.18,261
1517,12.97965,74.85469,2026-09-09,3.13,537
1518,12.98171,74.85807,2026-09-09,3.59,537
1519,12.98266,74.85311,2026-09-09,17.03,537
1520,12.98359,74.84822,2026-09-09,17.03,537
1521,12.98431,74.85551,2026-09-09,19.31,537
1522,12.98521,74.85059,2026-09-09,19.31,537
996,24.19785,82.71539,2026-09-11,2.61,538
997,13.18113,79.91359,2026-09-11,0.88,539
998,13.39206,80.10056,2026-09-11,1.34,540
999,15.02417,78.01468,2026-09-11,2.26,541
1000,15.02515,76.50147,2026-09-11,0.8,542
1523,12.98732,74.8539,2026-09-09,2.71,537
1524,13.89847,76.565,2026-09-09,0.34,262
1525,15.13735,76.7136,2026-09-09,0.3,215
1526,15.17594,76.67782,2026-09-09,0.56,133
1005,15.17464,76.69185,2026-09-11,1.61,543
1527,15.17654,76.67481,2026-09-09,0.64,133
1528,15.22533,76.76504,2026-09-09,0.75,220
1529,16.64885,74.31091,2026-09-09,0.57,263
1530,18.39037,74.80548,2026-09-09,0.64,264
1531,18.56875,74.52725,2026-09-09,0.96,265
1532,18.68556,73.03335,2026-09-09,1.89,223
1533,18.68642,73.02856,2026-09-09,1.21,223
1534,18.85631,72.92681,2026-09-09,1.34,544
1535,18.86003,72.92754,2026-09-09,1.39,544
1536,19.17833,70.94522,2026-09-09,0.67,267
1016,18.81351,74.30283,2026-09-11,0.44,545
1017,19.22277,74.8159,2026-09-11,0.77,546
1018,19.27853,71.42562,2026-09-11,2.82,547
1537,19.52799,71.29915,2026-09-09,0.98,548
1538,19.57354,71.3653,2026-09-09,1.23,549
1539,10.78634,76.78297,2026-09-09,0.81,550
1540,10.78694,76.78407,2026-09-09,0.73,550
1541,27.86725,96.95296,2026-09-10,10.53,268
1024,6.8708,81.53381,2026-09-11,2.02,286
1025,7.16058,81.04489,2026-09-11,0.74,551
1026,7.17868,81.09897,2026-09-11,0.74,552
1027,7.65734,80.63947,2026-09-11,1.93,553
1542,28.0171,96.64835,2026-09-10,4.76,247
1543,28.03857,96.65233,2026-09-10,4.27,269
1544,28.14016,96.67348,2026-09-10,7.19,270
1545,28.64556,90.82092,2026-09-10,3.74,554
1032,11.57125,77.67776,2026-09-11,2.27,555
1,6.71136,81.53332,2026-09-08,5.84,0
2,6.71596,81.53243,2026-09-08,5.37,0
5,7.95023,80.10661,2026-09-08,6.49,7
272,7.96101,80.10643,2026-09-09,5.84,7
555,7.95035,80.10378,2026-09-10,3.24,7
827,7.95252,80.10713,2026-09-11,3.17,7
828,7.95602,80.10657,2026-09-11,3.17,7
10,10.41876,79.25484,2026-09-08,7.07,11
11,10.42313,79.25229,2026-09-08,10.43,11
12,10.42577,79.25342,2026-09-08,7.07,11
15,11.71798,79.20487,2026-09-08,6.98,15
16,11.71861,79.20637,2026-09-08,4.97,15
18,16.86624,79.28669,2026-09-08,10.5,17
19,16.86987,79.28905,2026-09-08,9.74,17
20,17.42077,82.34301,2026-09-08,2.06,18
21,17.42123,82.3414,2026-09-08,2.8,18
22,19.09924,82.16588,2026-09-08,3.91,19
92,19.10295,82.16367,2026-09-08,1.37,19
161,19.0977,82.16817,2026-09-08,1.64,19
24,23.67418,86.0887,2026-09-08,7.74,20
957,23.66734,86.09063,2026-09-11,1.46,20
27,29.9065,74.94508,2026-09-08,13.87,21
28,29.90792,74.9504,2026-09-08,16.71,21
29,29.90838,74.94791,2026-09-08,15.56,21
31,6.38879,81.01832,2026-09-08,5.0,28
32,6.39152,81.01944,2026-09-08,4.47,28
33,7.56449,81.01935,2026-09-08,10.86,29
35,7.56799,81.02248,2026-09-08,9.12,29
34,7.56569,81.05844,2026-09-08,13.73,30
36,7.56993,81.06039,2026-09-08,10.01,30
37,7.7091,80.68776,2026-09-08,10.21,31
38,7.70964,80.69207,2026-09-08,14.15,31
39,7.71078,80.68703,2026-09-08,9.17,31
40,7.71136,80.69144,2026-09-08,9.17,31
41,7.84198,79.8895,2026-09-08,7.16,40
551,7.83892,79.8868,2026-09-10,3.39,40
552,7.84237,79.88628,2026-09-10,8.36,40
43,8.60429,77.96714,2026-09-08,2.57,43
307,8.60634,77.96951,2026-09-09,4.79,43
45,8.95051,80.46358,2026-09-08,3.53,45
648,8.94576,80.46112,2026-09-10,1.42,45
649,8.94933,80.4606,2026-09-10,2.29,45
46,9.09733,77.4617,2026-09-08,1.47,52
47,9.09777,77.45968,2026-09-08,1.46,52
49,9.34336,77.66833,2026-09-08,1.47,57
51,9.3474,77.66602,2026-09-08,2.13,57
52,9.34892,77.66765,2026-09-08,1.47,57
55,9.84427,77.43711,2026-09-08,1.08,59
56,9.84432,77.43795,2026-09-08,2.31,59
57,10.26803,77.25012,2026-09-08,4.37,60
58,10.26851,77.25398,2026-09-08,13.47,60
59,10.26912,77.25885,2026-09-08,13.47,60
60,10.27382,77.25198,2026-09-08,8.66,60
61,10.27434,77.2561,2026-09-08,7.95,60
169,10.26213,77.25868,2026-09-08,0.89,60
70,21.10201,72.65463,2026-09-08,4.88,65
71,21.10262,72.63547,2026-09-08,9.33,65
72,21.10373,72.64575,2026-09-08,10.64,65
73,21.10607,72.6489,2026-09-08,10.32,65
221,21.10329,72.63621,2026-09-08,2.74,65
222,21.10576,72.64803,2026-09-08,2.49,65
362,21.10127,72.63649,2026-09-09,10.01,65
363,21.10479,72.63596,2026-09-09,10.01,65
364,21.10594,72.64432,2026-09-09,8.38,65
365,21.10652,72.6485,2026-09-09,8.4,65
366,21.1083,72.63541,2026-09-09,3.48,65
367,21.11181,72.63486,2026-09-09,3.48,65
446,21.10076,72.63695,2026-09-09,5.71,65
447,21.10252,72.63594,2026-09-09,10.96,65
448,21.10281,72.64636,2026-09-09,3.56,65
449,21.10432,72.63768,2026-09-09,5.71,65
450,21.10452,72.64532,2026-09-09,18.82,65
451,21.10808,72.64604,2026-09-09,18.82,65
452,21.10964,72.63737,2026-09-09,4.74,65
680,21.10157,72.63602,2026-09-10,16.7,65
681,21.10355,72.64788,2026-09-10,6.53,65
682,21.10696,72.64724,2026-09-10,6.53,65
767,21.10259,72.63643,2026-09-10,0.76,65
768,21.10481,72.64471,2026-09-10,0.82,65
885,21.1033,72.63795,2026-09-11,5.89,65
886,21.10511,72.64705,2026-09-11,9.15,65
932,21.10116,72.63661,2026-09-11,9.18,65
933,21.10441,72.6459,2026-09-11,6.65,65
934,21.10548,72.6372,2026-09-11,3.95,65
935,21.10603,72.64871,2026-09-11,7.13,65
936,21.10653,72.64437,2026-09-11,7.13,65
937,21.10755,72.63565,2026-09-11,4.4,65
938,21.10872,72.64648,2026-09-11,6.65,65
939,21.10979,72.63779,2026-09-11,3.95,65
76,25.02114,68.23278,2026-09-08,3.65,70
77,25.02487,68.23222,2026-09-08,7.97,70
79,26.11402,68.94534,2026-09-08,5.33,72
80,26.11474,68.94655,2026-09-08,2.47,72
87,31.33438,72.16042,2026-09-08,2.1,76
88,31.33746,72.16238,2026-09-08,3.64,76
94,20.78671,85.26124,2026-09-08,2.18,58
931,20.78374,85.25797,2026-09-11,1.74,58
97,20.86284,84.98545,2026-09-08,1.25,84
98,20.86435,84.99242,2026-09-08,1.16,84
99,20.86501,84.98708,2026-09-08,1.16,84
100,20.86611,84.99142,2026-09-08,1.96,84
101,20.88556,84.98448,2026-09-08,1.3,87
102,20.89022,84.97961,2026-09-08,1.48,87
103,20.95109,86.04737,2026-09-08,1.38,90
104,20.95175,86.04957,2026-09-08,1.4,90
105,20.96103,85.1719,2026-09-08,1.48,61
106,20.96147,85.17611,2026-09-08,2.6,61
107,20.96218,85.17078,2026-09-08,3.59,61
108,20.96296,85.18839,2026-09-08,1.24,61
109,20.96362,85.18311,2026-09-08,1.24,61
110,20.96399,85.18727,2026-09-08,2.38,61
111,20.96497,85.17246,2026-09-08,1.63,61
112,20.96564,85.16711,2026-09-08,2.31,61
114,20.96823,85.17837,2026-09-08,1.63,61
116,20.9689,85.17302,2026-09-08,1.63,61
113,20.96801,86.01303,2026-09-08,1.58,62
737,20.96593,86.01443,2026-09-10,1.97,62
738,20.97001,86.01376,2026-09-10,2.0,62
121,21.33592,78.96922,2026-09-08,1.74,92
122,21.3374,78.96973,2026-09-08,2.12,92
123,21.67748,84.04029,2026-09-08,1.83,93
124,21.68175,84.04088,2026-09-08,1.39,93
125,21.91912,83.35267,2026-09-08,0.71,94
126,21.91968,83.34795,2026-09-08,0.71,94
127,21.92199,83.3504,2026-09-08,1.63,94
888,21.92127,83.3507,2026-09-11,9.06,94
132,22.78655,86.19794,2026-09-08,1.5,97
133,22.79034,86.19852,2026-09-08,2.54,97
134,22.79099,86.19352,2026-09-08,2.54,97
135,23.55746,87.24306,2026-09-08,5.33,100
136,23.55808,87.23852,2026-09-08,5.48,100
137,23.55933,87.22939,2026-09-08,2.15,100
138,23.5617,87.2391,2026-09-08,5.48,100
954,23.55926,87.23817,2026-09-11,1.74,100
140,23.66251,87.15499,2026-09-08,1.3,102
141,23.66553,87.1602,2026-09-08,1.3,102
956,23.66188,87.15467,2026-09-11,1.31,102
144,23.69677,86.07681,2026-09-08,3.27,20
971,23.69616,86.07954,2026-09-11,2.97,20
972,23.69703,86.07521,2026-09-11,2.97,20
973,23.6979,86.07088,2026-09-11,2.77,20
974,23.70125,86.07622,2026-09-11,2.97,20
145,23.7728,86.20103,2026-09-08,2.29,104
146,23.77346,86.19588,2026-09-08,1.73,104
147,23.77914,86.21259,2026-09-08,1.55,104
148,23.7798,86.20742,2026-09-08,2.44,104
983,23.77329,86.19618,2026-09-11,1.69,104
984,23.7749,86.21031,2026-09-11,1.35,104
985,23.77917,86.21124,2026-09-11,3.19,104
986,23.78005,86.20687,2026-09-11,2.85,104
149,23.80277,86.33076,2026-09-08,0.85,125
687,23.80222,86.32877,2026-09-10,4.63,125
688,23.80455,86.32764,2026-09-10,3.46,125
991,23.80108,86.33093,2026-09-11,1.08,125
992,23.80401,86.33302,2026-09-11,1.38,125
993,23.80489,86.32858,2026-09-11,1.38,125
994,23.80536,86.33195,2026-09-11,1.08,125
995,23.80626,86.32754,2026-09-11,1.08,125
150,23.83902,85.30463,2026-09-08,1.02,126
151,23.83938,85.30389,2026-09-08,0.51,126
153,26.64162,79.47488,2026-09-08,0.53,129
393,26.64183,79.48302,2026-09-09,4.48,129
154,11.86825,79.20898,2026-09-08,0.69,130
155,11.86972,79.20905,2026-09-08,0.73,130
158,15.17607,76.65705,2026-09-08,2.31,133
199,15.17795,76.657,2026-09-08,3.05,133
200,15.17892,76.66013,2026-09-08,2.95,133
201,15.18275,76.67428,2026-09-08,1.89,133
347,15.17479,76.67694,2026-09-09,4.6,133
348,15.17643,76.65775,2026-09-09,6.01,133
349,15.18199,76.66843,2026-09-09,6.09,133
489,15.17594,76.67782,2026-09-09,0.56,133
490,15.17654,76.67481,2026-09-09,0.64,133
1001,15.16826,76.67259,2026-09-11,2.01,133
1004,15.17353,76.65462,2026-09-11,1.95,133
1006,15.17631,76.65878,2026-09-11,1.95,133
1007,15.17686,76.65517,2026-09-11,1.95,133
1008,15.1802,76.65571,2026-09-11,0.72,133
160,17.60929,83.20439,2026-09-08,0.83,135
440,17.61107,83.20312,2026-09-09,1.97,135
164,7.87005,80.20573,2026-09-08,0.6,136
265,7.87047,80.20759,2026-09-09,3.88,136
166,8.16852,80.86479,2026-09-08,0.81,137
167,8.17287,80.86552,2026-09-08,0.36,137
172,28.744,76.92703,2026-09-08,0.88,142
173,28.74435,76.92632,2026-09-08,1.24,142
174,28.77183,77.56693,2026-09-08,0.51,160
429,28.77395,77.56806,2026-09-09,0.77,160
175,29.47554,76.86042,2026-09-08,0.75,161
176,29.47636,76.85699,2026-09-08,0.75,161
763,29.47655,76.85686,2026-09-10,1.21,161
179,32.65488,70.47535,2026-09-08,1.05,164
433,32.65298,70.47419,2026-09-09,1.53,164
180,32.88793,71.61536,2026-09-08,2.77,165
436,32.8899,71.61823,2026-09-09,1.08,165
716,32.8899,71.61734,2026-09-10,1.94,165
181,33.29699,71.18787,2026-09-08,0.84,172
928,33.29487,71.18565,2026-09-11,0.38,172
182,33.54652,71.54891,2026-09-08,1.34,173
437,33.54676,71.54985,2026-09-09,0.93,173
185,35.96978,68.6861,2026-09-08,1.1,182
779,35.96773,68.68616,2026-09-10,1.14,182
186,22.26371,75.1344,2026-09-08,1.06,186
454,22.26339,75.13261,2026-09-09,1.44,186
187,23.2817,72.41914,2026-09-08,0.89,187
188,23.28408,72.41761,2026-09-08,0.91,187
189,24.6623,74.63559,2026-09-08,1.89,190
190,24.66258,74.636,2026-09-08,1.81,190
471,24.66075,74.63564,2026-09-09,2.06,190
472,24.66097,74.634,2026-09-09,2.08,190
191,24.69026,73.00349,2026-09-08,1.03,193
741,24.6893,73.00108,2026-09-10,1.13,193
192,24.93405,74.6332,2026-09-08,1.36,194
474,24.93354,74.6346,2026-09-09,1.39,194
745,24.93236,74.63454,2026-09-10,1.16,194
193,25.38731,68.58466,2026-09-08,1.19,195
388,25.38771,68.58407,2026-09-09,4.62,195
475,25.38741,68.58442,2026-09-09,0.88,195
476,25.38799,68.58036,2026-09-09,0.88,195
746,25.38889,68.58051,2026-09-10,1.91,195
1033,25.38903,68.58649,2026-09-11,0.79,195
195,26.87394,73.51777,2026-09-08,1.38,204
415,26.87392,73.51785,2026-09-09,1.08,204
416,26.87812,73.51436,2026-09-09,1.08,204
751,26.87366,73.51543,2026-09-10,0.82,204
752,26.87709,73.51604,2026-09-10,1.48,204
196,27.66834,76.12954,2026-09-08,0.87,205
419,27.66891,76.13161,2026-09-09,2.32,205
755,27.66628,76.12898,2026-09-10,0.88,205
756,27.66895,76.13351,2026-09-10,0.88,205
757,27.66957,76.12965,2026-09-10,0.88,205
197,28.42417,69.70237,2026-09-08,1.8,206
402,28.42417,69.70093,2026-09-09,3.82,206
427,28.42315,69.70135,2026-09-09,1.92,206
428,28.42652,69.70199,2026-09-09,1.46,206
759,28.42366,69.70142,2026-09-10,1.87,206
925,28.42292,69.69965,2026-09-11,1.66,206
198,15.13748,76.71239,2026-09-08,1.38,215
488,15.13735,76.7136,2026-09-09,0.3,215
202,15.22613,76.76373,2026-09-08,1.03,220
491,15.22533,76.76504,2026-09-09,0.75,220
670,15.22531,76.76296,2026-09-10,1.81,220
1009,15.22512,76.76299,2026-09-11,0.96,220
203,15.65884,73.9893,2026-09-08,1.44,221
204,15.6609,73.98779,2026-09-08,1.28,221
1010,15.65624,73.99073,2026-09-11,0.43,221
205,18.57086,74.15802,2026-09-08,0.94,222
206,18.57162,74.15484,2026-09-08,0.82,222
207,18.68038,73.04181,2026-09-08,2.04,223
208,18.68104,73.0387,2026-09-08,1.06,223
209,18.6817,73.03559,2026-09-08,1.06,223
210,18.68233,73.04176,2026-09-08,1.64,223
211,18.68296,73.03863,2026-09-08,2.36,223
212,18.68424,73.03241,2026-09-08,1.8,223
213,18.68609,73.03984,2026-09-08,1.06,223
214,18.6874,73.03365,2026-09-08,2.33,223
215,18.69113,73.041,2026-09-08,2.15,223
216,18.69305,73.04095,2026-09-08,2.21,223
357,18.68402,73.04089,2026-09-09,8.87,223
358,18.68637,73.03223,2026-09-09,6.71,223
359,18.691,73.03982,2026-09-09,8.26,223
495,18.68556,73.03335,2026-09-09,1.89,223
496,18.68642,73.02856,2026-09-09,1.21,223
730,18.68038,73.03343,2026-09-10,0.53,223
884,18.69317,73.04006,2026-09-11,4.98,223
1013,18.68483,73.02999,2026-09-11,1.51,223
1014,18.69148,73.0425,2026-09-11,1.61,223
1015,18.69197,73.03873,2026-09-11,1.61,223
218,19.93463,73.71231,2026-09-08,0.43,236
441,19.93405,73.71447,2026-09-09,0.62,236
442,19.93644,73.71235,2026-09-09,1.54,236
736,19.93596,73.71201,2026-09-10,3.98,236
1020,19.93491,73.71051,2026-09-11,1.46,236
220,20.91132,71.46037,2026-09-08,1.86,237
445,20.90956,71.46092,2026-09-09,2.1,237
223,22.92725,70.10981,2026-09-08,4.11,240
376,22.92988,70.10869,2026-09-09,6.77,240
464,22.92927,70.10672,2026-09-09,1.86,240
689,22.92957,70.10769,2026-09-10,7.09,240
226,27.87187,96.85019,2026-09-09,6.71,242
227,27.87366,96.83576,2026-09-09,5.55,242
228,27.87488,96.84531,2026-09-09,2.22,242
229,27.93021,96.76659,2026-09-09,4.17,244
783,27.92588,96.77444,2026-09-11,2.76,244
784,27.93463,96.77489,2026-09-11,4.73,244
230,28.01827,96.64623,2026-09-09,1.22,247
505,28.0171,96.64835,2026-09-10,4.76,247
232,29.55372,90.96186,2026-09-09,1.68,248
233,29.5571,90.96114,2026-09-09,1.68,248
512,29.55354,90.96339,2026-09-10,2.72,248
234,29.56206,90.99042,2026-09-09,2.63,249
511,29.5509,90.99295,2026-09-10,3.09,249
513,29.55512,90.99184,2026-09-10,3.09,249
514,29.55596,90.98885,2026-09-10,3.58,249
236,6.36096,80.77393,2026-09-09,2.49,250
237,6.36174,80.77742,2026-09-09,5.69,250
238,6.36473,80.94134,2026-09-09,7.83,251
239,6.36599,80.94292,2026-09-09,9.15,251
790,6.3591,80.94524,2026-09-11,4.04,251
240,6.39418,81.13857,2026-09-09,5.83,252
241,6.39629,81.13673,2026-09-09,3.52,252
244,6.71685,81.32734,2026-09-09,8.54,255
529,6.71681,81.31925,2026-09-10,5.46,255
247,6.98842,81.59173,2026-09-09,6.85,259
797,6.97968,81.59059,2026-09-11,4.62,259
248,6.99588,81.58228,2026-09-09,4.03,260
249,6.99729,81.58129,2026-09-09,2.32,260
267,7.93467,81.38467,2026-09-09,2.49,266
268,7.9366,81.38432,2026-09-09,4.08,266
270,7.93974,81.38399,2026-09-09,2.49,266
273,8.03355,80.4838,2026-09-09,3.38,271
274,8.03416,80.48712,2026-09-09,5.25,271
275,8.0565,80.40259,2026-09-09,7.49,272
276,8.0572,80.40765,2026-09-09,7.49,272
279,8.12141,80.80586,2026-09-09,3.52,279
280,8.1263,80.8052,2026-09-09,3.52,279
282,8.21031,80.56414,2026-09-09,5.45,281
283,8.21103,80.56943,2026-09-09,5.45,281
284,8.21852,81.07156,2026-09-09,6.22,282
285,8.2188,81.07023,2026-09-09,10.97,282
286,8.22351,81.07091,2026-09-09,6.22,282
287,8.22378,81.06954,2026-09-09,4.23,282
288,8.26615,80.16025,2026-09-09,11.17,292
289,8.27084,80.15961,2026-09-09,11.17,292
290,8.30223,81.01012,2026-09-09,14.97,299
291,8.3023,81.01288,2026-09-09,8.12,299
293,8.30727,81.0122,2026-09-09,9.38,299
296,8.37003,80.74961,2026-09-09,0.82,312
854,8.37158,80.75124,2026-09-11,2.94,312
297,8.37234,77.62077,2026-09-09,10.28,317
299,8.37381,77.62325,2026-09-09,6.09,317
300,8.44805,80.62918,2026-09-09,10.36,323
301,8.44878,80.63449,2026-09-09,11.76,323
312,8.74929,81.1545,2026-09-09,3.03,331
313,8.75256,81.15276,2026-09-09,3.32,331
322,9.83046,77.55689,2026-09-09,2.25,346
323,9.83092,77.56013,2026-09-09,3.1,346
325,10.25719,77.25083,2026-09-09,94.07,350
326,10.25788,77.24821,2026-09-09,50.16,350
327,10.26118,77.24303,2026-09-09,26.52,350
329,10.34718,79.41057,2026-09-09,3.7,357
330,10.34748,79.41254,2026-09-09,3.18,357
337,10.91727,78.97856,2026-09-09,2.94,379
338,10.91968,78.97959,2026-09-09,1.76,379
353,18.55479,74.31213,2026-09-09,7.86,403
354,18.55849,74.3116,2026-09-09,8.74,403
377,22.9318,69.69779,2026-09-09,2.27,419
378,22.93237,69.70152,2026-09-09,3.74,419
379,22.93511,69.6972,2026-09-09,2.27,419
465,22.92957,69.69656,2026-09-09,2.26,419
466,22.93229,69.70088,2026-09-09,2.27,419
467,22.93287,69.69716,2026-09-09,7.62,419
776,22.93274,69.70058,2026-09-10,2.53,419
777,22.93341,69.69515,2026-09-10,2.36,419
778,22.93421,69.69978,2026-09-10,4.31,419
951,22.93276,69.70088,2026-09-11,0.56,419
952,22.9331,69.69727,2026-09-11,0.56,419
394,26.78156,72.00723,2026-09-09,7.69,430
395,26.78459,72.00198,2026-09-09,7.69,430
396,26.78636,72.01598,2026-09-09,19.54,430
397,26.78939,72.01074,2026-09-09,9.4,430
398,26.79242,72.0055,2026-09-09,15.04,430
399,26.7936,72.01483,2026-09-09,9.4,430
400,26.79663,72.00959,2026-09-09,4.85,430
401,26.79723,72.01426,2026-09-09,4.85,430
405,31.11923,74.6719,2026-09-09,10.59,457
406,31.12366,74.67133,2026-09-09,6.33,457
413,26.25893,74.09446,2026-09-09,1.6,468
748,26.25889,74.09734,2026-09-10,0.86,468
417,26.92571,73.46764,2026-09-09,1.03,474
753,26.926,73.46916,2026-09-10,1.04,474
418,27.28872,73.83931,2026-09-09,1.61,476
754,27.28744,73.8385,2026-09-10,1.43,476
422,28.34753,77.25915,2026-09-09,1.02,493
423,28.34835,77.25511,2026-09-09,1.02,493
425,28.37098,77.22699,2026-09-09,1.01,496
426,28.3718,77.22294,2026-09-09,1.32,496
758,28.37354,77.22604,2026-09-10,3.11,496
432,32.57447,72.56104,2026-09-09,2.05,498
725,32.57674,72.56385,2026-09-10,2.56,498
434,32.7166,72.77676,2026-09-09,1.21,499
726,32.71613,72.77508,2026-09-10,0.99,499
438,33.68788,72.7118,2026-09-09,2.94,513
728,33.69003,72.71127,2026-09-10,1.58,513
453,21.69743,72.53883,2026-09-09,0.44,521
769,21.6959,72.5407,2026-09-10,0.8,521
770,21.6993,72.54128,2026-09-10,0.8,521
455,22.33705,69.86613,2026-09-09,3.31,253
771,22.33524,69.86731,2026-09-10,3.02,253
457,22.41555,69.03904,2026-09-09,3.3,523
458,22.41887,69.03963,2026-09-09,2.1,523
772,22.41582,69.04021,2026-09-10,2.07,523
949,22.41649,69.03779,2026-09-11,1.4,523
459,22.65471,70.98373,2026-09-09,0.49,525
773,22.65436,70.98223,2026-09-10,1.6,525
461,22.90915,69.69665,2026-09-09,1.67,526
462,22.91245,69.69726,2026-09-09,1.06,526
775,22.90592,69.70102,2026-09-10,2.16,526
463,22.92675,69.82255,2026-09-09,1.46,527
950,22.9267,69.82265,2026-09-11,0.89,527
473,24.8211,73.09267,2026-09-09,1.45,529
744,24.8193,73.09328,2026-09-10,1.07,529
477,25.7812,73.699,2026-09-09,1.14,534
478,25.78472,73.69977,2026-09-09,1.14,534
692,25.78353,73.69852,2026-09-10,2.65,534
747,25.78426,73.6976,2026-09-10,1.1,534
480,12.97965,74.85469,2026-09-09,3.13,537
481,12.98171,74.85807,2026-09-09,3.59,537
482,12.98266,74.85311,2026-09-09,17.03,537
483,12.98359,74.84822,2026-09-09,17.03,537
484,12.98431,74.85551,2026-09-09,19.31,537
485,12.98521,74.85059,2026-09-09,19.31,537
486,12.98732,74.8539,2026-09-09,2.71,537
497,18.85631,72.92681,2026-09-09,1.34,544
498,18.86003,72.92754,2026-09-09,1.39,544
500,19.52799,71.29915,2026-09-09,0.98,548
734,19.52787,71.29878,2026-09-10,2.6,548
501,19.57354,71.3653,2026-09-09,1.23,549
735,19.57193,71.36428,2026-09-10,3.3,549
502,10.78634,76.78297,2026-09-09,0.81,550
503,10.78694,76.78407,2026-09-09,0.73,550
508,28.64556,90.82092,2026-09-10,3.74,554
509,28.64619,90.82393,2026-09-10,4.14,554
510,28.64667,90.82605,2026-09-10,3.74,554
519,6.34238,81.35419,2026-09-10,3.19,556
520,6.343,81.35838,2026-09-10,3.19,556
523,6.56251,81.06124,2026-09-10,2.43,557
524,6.56406,81.06118,2026-09-10,3.65,557
525,6.56548,81.05662,2026-09-10,1.89,557
526,6.68837,81.07207,2026-09-10,3.3,558
527,6.69194,81.0714,2026-09-10,3.97,558
530,6.7193,80.93414,2026-09-10,5.5,559
531,6.72283,80.93341,2026-09-10,5.38,559
538,7.38554,81.5505,2026-09-10,3.72,560
539,7.38721,81.54916,2026-09-10,4.09,560
543,7.64512,80.13367,2026-09-10,4.91,561
544,7.64569,80.13751,2026-09-10,3.25,561
556,7.95742,80.422,2026-09-10,5.15,562
557,7.96095,80.42149,2026-09-10,5.15,562
558,7.9668,80.04636,2026-09-10,3.39,563
830,7.96736,80.03738,2026-09-11,4.65,563
831,7.9696,80.02896,2026-09-11,5.96,563
566,8.05744,80.09648,2026-09-10,3.86,564
567,8.06092,80.09595,2026-09-10,6.79,564
568,8.06711,80.60642,2026-09-10,5.75,565
569,8.07067,80.6059,2026-09-10,8.33,565
573,8.14835,81.34442,2026-09-10,6.54,566
837,8.14856,81.34052,2026-09-11,14.37,566
578,8.33105,80.31969,2026-09-10,3.07,567
579,8.33458,80.31918,2026-09-10,3.07,567
585,8.46766,80.80201,2026-09-10,4.16,568
586,8.46776,80.79813,2026-09-10,4.55,568
587,8.46835,80.80231,2026-09-10,8.58,568
588,8.47128,80.80149,2026-09-10,4.16,568
590,8.47682,80.75847,2026-09-10,6.59,324
862,8.47301,80.75362,2026-09-11,3.54,324
863,8.47641,80.75307,2026-09-11,3.54,324
592,8.48767,80.4807,2026-09-10,6.4,569
593,8.48885,80.48875,2026-09-10,3.58,569
594,8.49122,80.48016,2026-09-10,5.86,569
596,8.5093,80.33444,2026-09-10,6.72,570
597,8.50944,80.33411,2026-09-10,6.54,570
598,8.51284,80.33392,2026-09-10,21.3,570
603,8.55833,80.86211,2026-09-10,6.56,571
605,8.56196,80.86156,2026-09-10,7.19,571
606,8.56509,80.73277,2026-09-10,7.73,572
607,8.56649,80.7332,2026-09-10,6.92,572
617,8.67484,80.76864,2026-09-10,4.03,573
618,8.67558,80.76973,2026-09-10,5.79,573
620,8.68441,80.27705,2026-09-10,3.39,574
621,8.685,80.28103,2026-09-10,4.18,574
624,8.70911,80.24902,2026-09-10,3.08,575
625,8.70923,80.24919,2026-09-10,3.06,575
627,8.71204,80.24454,2026-09-10,3.08,575
628,8.71219,80.2447,2026-09-10,3.06,575
626,8.7117,80.66238,2026-09-10,4.72,576
629,8.7123,80.66652,2026-09-10,8.84,576
632,8.82125,80.62144,2026-09-10,23.1,577
633,8.82185,80.62557,2026-09-10,30.71,577
634,8.82484,80.62092,2026-09-10,23.1,577
637,8.86026,80.637,2026-09-10,6.81,578
639,8.86386,80.63649,2026-09-10,6.81,578
641,8.88031,80.46239,2026-09-10,6.99,579
643,8.88389,80.46188,2026-09-10,8.51,579
651,8.9596,80.78125,2026-09-10,4.47,580
653,8.96323,80.78072,2026-09-10,4.47,580
665,14.80579,79.02069,2026-09-10,2.74,581
666,14.80636,79.0248,2026-09-10,3.33,581
667,15.20712,75.79704,2026-09-10,1.84,582
668,15.21043,75.79651,2026-09-10,3.93,582
678,18.86072,76.52007,2026-09-10,4.29,583
679,18.8621,76.51934,2026-09-10,4.65,583
683,21.74492,83.84295,2026-09-10,3.79,584
684,21.75016,83.84244,2026-09-10,10.37,584
686,23.75989,86.40087,2026-09-10,6.03,585
979,23.7587,86.40199,2026-09-11,2.58,585
980,23.76302,86.403,2026-09-11,2.58,585
981,23.76481,86.39408,2026-09-11,2.26,585
982,23.76732,86.40403,2026-09-11,1.57,585
698,30.68053,73.567,2026-09-10,2.9,586
699,30.68111,73.57111,2026-09-10,19.49,586
700,30.68446,73.57047,2026-09-10,5.8,586
710,31.62693,72.4276,2026-09-10,3.76,587
711,31.63024,72.42693,2026-09-10,3.76,587
719,27.60698,95.40187,2026-09-10,1.92,588
923,27.60801,95.40346,2026-09-11,0.79,588
720,30.07032,96.97918,2026-09-10,1.14,589
919,30.0677,96.97839,2026-09-11,1.2,589
920,30.0697,96.97879,2026-09-11,1.71,589
721,25.54185,91.23533,2026-09-10,0.46,590
921,25.54361,91.23469,2026-09-11,0.42,590
732,19.36955,71.35328,2026-09-10,2.85,591
1019,19.37048,71.35533,2026-09-11,4.16,591
764,15.16912,76.37991,2026-09-10,2.33,592
1002,15.16912,76.37862,2026-09-11,0.92,592
1003,15.17247,76.37917,2026-09-11,0.92,592
780,27.5995,95.3554,2026-09-11,11.23,593
781,27.59978,95.35804,2026-09-11,8.12,593
786,6.23098,80.86099,2026-09-11,5.67,594
787,6.23561,80.868,2026-09-11,6.16,594
788,6.23848,80.86372,2026-09-11,3.23,594
795,6.89327,81.66647,2026-09-11,9.06,595
796,6.89663,81.66595,2026-09-11,10.02,595
801,7.28845,81.79851,2026-09-11,3.59,596
802,7.29179,81.79798,2026-09-11,3.59,596
810,7.49562,81.22058,2026-09-11,4.67,597
811,7.499,81.22006,2026-09-11,4.67,597
824,7.9255,81.19964,2026-09-11,11.34,598
825,7.92887,81.1991,2026-09-11,11.34,598
835,8.13688,79.99423,2026-09-11,4.03,599
836,8.1375,79.99817,2026-09-11,4.32,599
842,8.29306,80.13734,2026-09-11,6.55,600
843,8.29397,80.13721,2026-09-11,6.68,600
845,8.29746,80.13666,2026-09-11,7.6,600
846,8.29808,80.14052,2026-09-11,8.29,600
849,8.31788,80.3184,2026-09-11,4.56,601
850,8.31956,80.318,2026-09-11,4.19,601
860,8.42157,80.53754,2026-09-11,3.49,602
861,8.42381,80.52951,2026-09-11,7.21,602
865,8.49105,80.13333,2026-09-11,9.01,603
866,8.49392,80.12891,2026-09-11,2.45,603
868,8.50874,80.17788,2026-09-11,7.63,604
869,8.51221,80.17732,2026-09-11,6.13,604
890,26.77685,90.32755,2026-09-11,3.91,605
891,26.77699,90.32763,2026-09-11,2.81,605
893,25.71746,68.85942,2026-09-11,14.77,606
894,25.71819,68.86267,2026-09-11,11.22,606
895,25.86803,68.93196,2026-09-11,7.12,607
896,25.86876,68.93517,2026-09-11,8.03,607
897,25.86924,68.93317,2026-09-11,7.52,607
899,27.63409,68.3868,2026-09-11,5.17,608
900,27.63629,68.39639,2026-09-11,2.22,608
901,27.63903,68.38539,2026-09-11,6.07,608
902,28.05176,69.36261,2026-09-11,5.06,609
903,28.05294,69.36815,2026-09-11,5.06,609
924,28.05046,69.3678,2026-09-11,1.72,609
1034,28.05043,69.36802,2026-09-11,1.32,609
1035,28.05118,69.36514,2026-09-11,1.32,609
917,34.15523,74.19093,2026-09-11,3.76,610
918,34.15862,74.19041,2026-09-11,1.78,610
940,21.16485,72.6702,2026-09-11,10.53,611
941,21.16537,72.66583,2026-09-11,10.37,611
944,22.36478,87.30112,2026-09-11,1.6,612
946,22.3659,87.29573,2026-09-11,1.6,612
947,22.37058,87.29688,2026-09-11,1.6,612
958,23.67404,86.39622,2026-09-11,0.72,613
959,23.67691,86.39936,2026-09-11,1.02,613
961,23.67743,86.40173,2026-09-11,0.97,613
962,23.67782,86.39482,2026-09-11,1.02,613
963,23.67837,86.39718,2026-09-11,1.17,613
964,23.67929,86.39272,2026-09-11,1.17,613
965,23.68214,86.39581,2026-09-11,1.02,613
966,23.68302,86.39138,2026-09-11,1.88,613
967,23.68361,86.39369,2026-09-11,1.17,613
968,23.69176,87.12515,2026-09-11,0.42,614
969,23.69279,87.12022,2026-09-11,0.42,614
989,23.79527,86.35438,2026-09-11,2.15,615
990,23.79647,86.35325,2026-09-11,1.77,615
1011,18.57696,72.2394,2026-09-11,2.03,616
1012,18.58124,72.24,2026-09-11,2.03,616
1021,6.71797,81.23399,2026-09-11,1.65,617
1022,6.71807,81.23294,2026-09-11,2.18,617
1023,6.71861,81.23012,2026-09-11,1.46,617
1028,9.32874,77.42142,2026-09-11,2.04,618
1029,9.3321,77.42197,2026-09-11,2.04,618
1030,11.26878,80.00301,2026-09-11,2.98,619
1031,11.2689,80.00498,2026-09-11,3.58,619
1036,27.72672,96.28129,2026-09-12,4.11,620
1037,27.73226,96.2794,2026-09-12,4.11,620
1546,28.64619,90.82393,2026-09-10,4.14,554
1547,28.64667,90.82605,2026-09-10,3.74,554
1548,29.5509,90.99295,2026-09-10,3.09,249
1549,29.55354,90.96339,2026-09-10,2.72,248
1550,29.55512,90.99184,2026-09-10,3.09,249
1551,29.55596,90.98885,2026-09-10,3.58,249
1552,29.64131,90.97839,2026-09-10,2.56,273
1553,36.85529,93.2654,2026-09-10,6.01,274
1554,6.18368,81.11115,2026-09-10,5.21,275
1555,6.22965,80.91109,2026-09-10,5.26,276
1556,6.34238,81.35419,2026-09-10,3.19,556
1557,6.343,81.35838,2026-09-10,3.19,556
1558,6.43301,80.75185,2026-09-10,2.97,277
1559,6.53781,80.99404,2026-09-10,2.07,278
1560,6.56251,81.06124,2026-09-10,2.43,557
1561,6.56406,81.06118,2026-09-10,3.65,557
1562,6.56548,81.05662,2026-09-10,1.89,557
1563,6.68837,81.07207,2026-09-10,3.3,558
1564,6.69194,81.0714,2026-09-10,3.97,558
1565,6.71419,81.1232,2026-09-10,4.24,280
1566,6.71681,81.31925,2026-09-10,5.46,255
1567,6.7193,80.93414,2026-09-10,5.5,559
1568,6.72283,80.93341,2026-09-10,5.38,559
1569,6.74246,81.39359,2026-09-10,1.73,283
1570,6.79604,81.27726,2026-09-10,2.45,284
1571,6.80416,81.43225,2026-09-10,2.46,285
1572,6.85638,81.54122,2026-09-10,5.85,286
1573,6.85811,81.50098,2026-09-10,6.21,287
1574,7.2688,81.12688,2026-09-10,3.74,288
1575,7.38554,81.5505,2026-09-10,3.72,560
1576,7.38721,81.54916,2026-09-10,4.09,560
1577,7.52287,80.01469,2026-09-10,4.18,289
1578,7.57065,81.38146,2026-09-10,7.76,290
1579,7.57501,80.85505,2026-09-10,3.96,291
1580,7.64512,80.13367,2026-09-10,4.91,561
1581,7.64569,80.13751,2026-09-10,3.25,561
1582,7.72321,80.02804,2026-09-10,4.29,293
1583,7.78208,80.6227,2026-09-10,4.39,294
1584,7.79099,79.91326,2026-09-10,2.85,295
1585,7.79616,81.06741,2026-09-10,4.02,296
1586,7.80208,79.89999,2026-09-10,2.17,297
1587,7.81471,80.60565,2026-09-10,3.44,298
1588,7.83892,79.8868,2026-09-10,3.39,40
1589,7.84237,79.88628,2026-09-10,8.36,40
1590,7.88685,80.23586,2026-09-10,4.27,300
1591,7.93977,81.18617,2026-09-10,3.45,301
1592,7.95035,80.10378,2026-09-10,3.24,7
1593,7.95742,80.422,2026-09-10,5.15,562
1594,7.96095,80.42149,2026-09-10,5.15,562
1595,7.9668,80.04636,2026-09-10,3.39,563
1596,7.98573,80.10244,2026-09-10,1.6,302
1597,7.99371,80.15654,2026-09-10,3.31,303
1598,8.00195,80.11581,2026-09-10,2.24,304
1599,8.01429,80.03149,2026-09-10,5.56,305
1600,8.03297,80.39876,2026-09-10,9.04,306
1601,8.03946,80.09521,2026-09-10,1.98,307
1602,8.0436,80.3488,2026-09-10,6.07,308
1603,8.05744,80.09648,2026-09-10,3.86,564
1604,8.06092,80.09595,2026-09-10,6.79,564
1605,8.06711,80.60642,2026-09-10,5.75,565
1606,8.07067,80.6059,2026-09-10,8.33,565
1607,8.09644,79.8333,2026-09-10,5.35,309
1608,8.12294,80.154,2026-09-10,3.64,310
1609,8.13631,80.58918,2026-09-10,5.58,311
1610,8.14835,81.34442,2026-09-10,6.54,566
1611,8.21551,80.41754,2026-09-10,3.38,313
1612,8.25431,80.53484,2026-09-10,1.96,314
1613,8.2586,80.31792,2026-09-10,2.92,315
1614,8.26426,80.72923,2026-09-10,3.4,316
1615,8.33105,80.31969,2026-09-10,3.07,567
1616,8.33458,80.31918,2026-09-10,3.07,567
1617,8.35593,81.05505,2026-09-10,2.93,318
1618,8.3942,80.80408,2026-09-10,5.67,319
1619,8.41038,80.19921,2026-09-10,4.97,320
1620,8.43785,77.62556,2026-09-10,4.26,321
1621,8.45284,80.87688,2026-09-10,8.25,322
1622,8.46766,80.80201,2026-09-10,4.16,568
1623,8.46776,80.79813,2026-09-10,4.55,568
1624,8.46835,80.80231,2026-09-10,8.58,568
1625,8.47128,80.80149,2026-09-10,4.16,568
1626,8.4756,80.77567,2026-09-10,5.95,324
1627,8.47682,80.75847,2026-09-10,6.59,324
1628,8.48641,80.82534,2026-09-10,12.4,143
1629,8.48767,80.4807,2026-09-10,6.4,569
1630,8.48885,80.48875,2026-09-10,3.58,569
1631,8.49122,80.48016,2026-09-10,5.86,569
1632,8.50423,80.27431,2026-09-10,5.29,325
1633,8.5093,80.33444,2026-09-10,6.72,570
1634,8.50944,80.33411,2026-09-10,6.54,570
1635,8.51284,80.33392,2026-09-10,21.3,570
1636,8.52043,80.57953,2026-09-10,3.76,326
1637,8.53261,80.71205,2026-09-10,5.46,327
1638,8.53792,80.43253,2026-09-10,2.49,328
1639,8.54136,80.84736,2026-09-10,5.93,329
1640,8.55833,80.86211,2026-09-10,6.56,571
1641,8.55859,80.7635,2026-09-10,4.72,330
1642,8.56196,80.86156,2026-09-10,7.19,571
1643,8.56509,80.73277,2026-09-10,7.73,572
1644,8.56649,80.7332,2026-09-10,6.92,572
1645,8.56803,80.48994,2026-09-10,4.61,332
1646,8.58175,80.3605,2026-09-10,4.48,333
1647,8.59828,80.34993,2026-09-10,3.94,334
1648,8.60132,80.66886,2026-09-10,4.42,335
1649,8.61125,80.33987,2026-09-10,2.49,336
1650,8.62137,77.9171,2026-09-10,4.2,337
1651,8.65117,80.70818,2026-09-10,4.04,338
1652,8.66123,80.41534,2026-09-10,3.02,339
1653,8.67276,80.85483,2026-09-10,3.16,340
1654,8.67484,80.76864,2026-09-10,4.03,573
1655,8.67558,80.76973,2026-09-10,5.79,573
1656,8.67813,80.65878,2026-09-10,3.84,341
1657,8.68441,80.27705,2026-09-10,3.39,574
1658,8.685,80.28103,2026-09-10,4.18,574
1659,8.7021,80.74874,2026-09-10,3.75,342
1660,8.70693,80.80807,2026-09-10,2.76,343
1661,8.70911,80.24902,2026-09-10,3.08,575
1662,8.70923,80.24919,2026-09-10,3.06,575
1663,8.7117,80.66238,2026-09-10,4.72,576
1664,8.71204,80.24454,2026-09-10,3.08,575
1665,8.71219,80.2447,2026-09-10,3.06,575
1666,8.7123,80.66652,2026-09-10,8.84,576
1667,8.77444,77.74644,2026-09-10,6.31,344
1668,8.80572,81.10435,2026-09-10,3.22,345
1669,8.82125,80.62144,2026-09-10,23.1,577
1670,8.82185,80.62557,2026-09-10,30.71,577
1671,8.82484,80.62092,2026-09-10,23.1,577
1672,8.83364,80.99052,2026-09-10,127.29,347
1673,8.83971,80.33202,2026-09-10,5.77,348
1674,8.86026,80.637,2026-09-10,6.81,578
1675,8.86325,80.85946,2026-09-10,1.91,349
1676,8.86386,80.63649,2026-09-10,6.81,578
1677,8.87069,80.70781,2026-09-10,3.94,351
1678,8.88031,80.46239,2026-09-10,6.99,579
1679,8.88205,80.68487,2026-09-10,2.26,352
1680,8.88389,80.46188,2026-09-10,8.51,579
1681,8.90645,80.56729,2026-09-10,10.52,353
1682,8.92134,80.41907,2026-09-10,5.0,354
1683,8.92612,80.47646,2026-09-10,7.81,355
1684,8.93338,80.57601,2026-09-10,6.9,356
1685,8.94576,80.46112,2026-09-10,1.42,45
1686,8.94933,80.4606,2026-09-10,2.29,45
1687,8.95275,80.68353,2026-09-10,5.84,358
1688,8.9596,80.78125,2026-09-10,4.47,580
1689,8.96166,80.89814,2026-09-10,8.67,359
1690,8.96323,80.78072,2026-09-10,4.47,580
1691,9.02902,80.24326,2026-09-10,3.25,360
1692,9.08842,80.89799,2026-09-10,6.03,361
1693,9.20652,80.63198,2026-09-10,3.51,362
1694,9.3272,80.36589,2026-09-10,1.52,363
1695,9.00893,77.79801,2026-09-10,14.15,364
1696,9.24757,77.89983,2026-09-10,9.52,365
1697,9.3672,80.43958,2026-09-10,5.1,366
1698,9.41302,80.28743,2026-09-10,3.99,367
1699,9.81509,78.59298,2026-09-10,4.08,368
1700,13.56128,76.31514,2026-09-10,3.46,369
1701,14.14186,76.48392,2026-09-10,2.44,370
1702,14.80579,79.02069,2026-09-10,2.74,581
1703,14.80636,79.0248,2026-09-10,3.33,581
1704,15.20712,75.79704,2026-09-10,1.84,582
1705,15.21043,75.79651,2026-09-10,3.93,582
1706,15.22379,78.51904,2026-09-10,3.06,371
1707,15.22531,76.76296,2026-09-10,1.81,220
1708,15.40017,77.02663,2026-09-10,3.03,372
1709,15.82326,76.42226,2026-09-10,2.48,373
1710,15.87121,80.60237,2026-09-10,4.57,374
1711,16.61314,75.89799,2026-09-10,2.37,375
1712,17.30929,77.62043,2026-09-10,3.08,376
1713,17.69838,75.36028,2026-09-10,1.85,377
1714,17.97609,74.36363,2026-09-10,3.02,378
1715,18.86072,76.52007,2026-09-10,4.29,583
1716,18.8621,76.51934,2026-09-10,4.65,583
1717,21.10157,72.63602,2026-09-10,16.7,65
1718,21.10355,72.64788,2026-09-10,6.53,65
1719,21.10696,72.64724,2026-09-10,6.53,65
1720,21.74492,83.84295,2026-09-10,3.79,584
1721,21.75016,83.84244,2026-09-10,10.37,584
1722,21.80279,83.89226,2026-09-10,2.34,380
1723,23.75989,86.40087,2026-09-10,6.03,585
1724,23.80222,86.32877,2026-09-10,4.63,125
1725,23.80455,86.32764,2026-09-10,3.46,125
1726,22.92957,70.10769,2026-09-10,7.09,240
1727,23.10672,72.22006,2026-09-10,2.57,381
1728,25.61475,75.90067,2026-09-10,2.98,382
1729,25.78353,73.69852,2026-09-10,2.65,534
1730,26.07044,74.30474,2026-09-10,1.79,383
1731,28.03975,75.82047,2026-09-10,2.28,384
1732,28.77153,71.01676,2026-09-10,8.4,385
1733,29.7994,72.815,2026-09-10,1.64,386
1734,29.89805,72.95081,2026-09-10,1.75,387
1735,30.68053,73.567,2026-09-10,2.9,586
1736,30.68111,73.57111,2026-09-10,19.49,586
1737,30.68446,73.57047,2026-09-10,5.8,586
1738,30.72232,73.71585,2026-09-10,3.1,388
1739,31.12557,74.68327,2026-09-10,2.01,389
1740,31.13243,74.62755,2026-09-10,6.93,390
1741,31.3569,75.92867,2026-09-10,2.8,391
1742,31.40409,73.5051,2026-09-10,2.73,392
1743,31.41759,75.8811,2026-09-10,7.11,393
1744,31.53902,74.82557,2026-09-10,3.68,394
1745,31.56346,74.60093,2026-09-10,4.09,395
1746,31.62473,75.01824,2026-09-10,7.26,396
1747,31.62693,72.4276,2026-09-10,3.76,587
1748,31.63024,72.42693,2026-09-10,3.76,587
1749,31.6471,75.02378,2026-09-10,5.25,397
1750,31.73356,74.64149,2026-09-10,2.77,398
1751,31.76258,74.94447,2026-09-10,3.39,399
1752,32.62136,71.96693,2026-09-10,4.0,400
1753,32.8899,71.61734,2026-09-10,1.94,165
1754,27.31865,95.26725,2026-09-10,1.4,401
1755,27.46212,95.47769,2026-09-10,0.51,402
1756,27.60698,95.40187,2026-09-10,1.92,588
1757,30.07032,96.97918,2026-09-10,1.14,589
1758,25.54185,91.23533,2026-09-10,0.46,590
1759,31.25028,76.92976,2026-09-10,0.53,239
1760,31.32711,76.89539,2026-09-10,0.67,404
1761,31.61421,74.37569,2026-09-10,1.47,405
1762,32.57674,72.56385,2026-09-10,2.56,498
1763,32.71613,72.77508,2026-09-10,0.99,499
1764,33.26874,71.30938,2026-09-10,0.93,406
1765,33.69003,72.71127,2026-09-10,1.58,513
1766,36.99753,80.1908,2026-09-10,1.21,407
1767,18.68038,73.03343,2026-09-10,0.53,223
1768,18.80503,74.26031,2026-09-10,0.97,408
1769,19.36955,71.35328,2026-09-10,2.85,591
1770,19.41766,71.39006,2026-09-10,2.82,409
1771,19.52787,71.29878,2026-09-10,2.6,548
1772,19.57193,71.36428,2026-09-10,3.3,549
1773,19.93596,73.71201,2026-09-10,3.98,236
1774,20.96593,86.01443,2026-09-10,1.97,62
1775,20.97001,86.01376,2026-09-10,2.0,62
1776,24.57784,74.80502,2026-09-10,0.49,410
1777,24.65848,73.87827,2026-09-10,1.02,411
1778,24.6893,73.00108,2026-09-10,1.13,193
1779,24.6917,74.68143,2026-09-10,1.21,412
1780,24.76389,74.60896,2026-09-10,2.49,413
1781,24.8193,73.09328,2026-09-10,1.07,529
1782,24.93236,74.63454,2026-09-10,1.16,194
1783,25.38889,68.58051,2026-09-10,1.91,195
1784,25.78426,73.6976,2026-09-10,1.1,534
1785,26.25889,74.09734,2026-09-10,0.86,468
1786,26.29624,74.1245,2026-09-10,0.96,414
1787,26.60533,73.68541,2026-09-10,0.55,415
1788,26.87366,73.51543,2026-09-10,0.82,204
1789,26.87709,73.51604,2026-09-10,1.48,204
1790,26.926,73.46916,2026-09-10,1.04,474
1791,27.28744,73.8385,2026-09-10,1.43,476
1792,27.66628,76.12898,2026-09-10,0.88,205
1793,27.66895,76.13351,2026-09-10,0.88,205
1794,27.66957,76.12965,2026-09-10,0.88,205
1795,28.37354,77.22604,2026-09-10,3.11,496
1796,28.42366,69.70142,2026-09-10,1.87,206
1797,28.72888,77.15527,2026-09-10,0.78,416
1798,28.77258,76.70015,2026-09-10,2.26,417
1799,28.83644,77.14004,2026-09-10,2.12,418
1800,29.47655,76.85686,2026-09-10,1.21,161
1801,15.16912,76.37991,2026-09-10,2.33,592
1802,15.33521,76.28432,2026-09-10,0.93,420
1803,15.57361,73.74066,2026-09-10,0.97,421
1804,21.10259,72.63643,2026-09-10,0.76,65
1805,21.10481,72.64471,2026-09-10,0.82,65
1806,21.6959,72.5407,2026-09-10,0.8,521
1807,21.6993,72.54128,2026-09-10,0.8,521
1808,22.33524,69.86731,2026-09-10,3.02,253
1809,22.41582,69.04021,2026-09-10,2.07,523
1810,22.65436,70.98223,2026-09-10,1.6,525
1811,22.85678,71.53668,2026-09-10,0.66,422
1812,22.90592,69.70102,2026-09-10,2.16,526
1813,22.93274,69.70058,2026-09-10,2.53,419
1814,22.93341,69.69515,2026-09-10,2.36,419
1815,22.93421,69.69978,2026-09-10,4.31,419
1816,35.96773,68.68616,2026-09-10,1.14,182
1817,27.5995,95.3554,2026-09-11,11.23,593
1818,27.59978,95.35804,2026-09-11,8.12,593
1819,27.76703,96.05153,2026-09-11,2.21,423
1820,27.92588,96.77444,2026-09-11,2.76,244
1821,27.93463,96.77489,2026-09-11,4.73,244
1822,27.95016,95.23589,2026-09-11,2.44,424
1823,6.23098,80.86099,2026-09-11,5.67,594
1824,6.23561,80.868,2026-09-11,6.16,594
1825,6.23848,80.86372,2026-09-11,3.23,594
1826,6.32772,80.99232,2026-09-11,9.46,425
1827,6.3591,80.94524,2026-09-11,4.04,251
1828,6.43032,81.0219,2026-09-11,5.1,426
1829,6.45361,80.75334,2026-09-11,4.69,427
1830,6.55016,80.87274,2026-09-11,6.59,428
1831,6.87345,81.516,2026-09-11,3.28,429
1832,6.89327,81.66647,2026-09-11,9.06,595
1833,6.89663,81.66595,2026-09-11,10.02,595
1834,6.97968,81.59059,2026-09-11,4.62,259
1835,7.00834,81.58915,2026-09-11,8.77,259
1836,7.04885,81.36258,2026-09-11,2.5,431
1837,7.28462,81.12443,2026-09-11,5.72,432
1838,7.28845,81.79851,2026-09-11,3.59,596
1839,7.29179,81.79798,2026-09-11,3.59,596
1840,7.29222,80.90644,2026-09-11,9.69,433
1841,7.35999,80.85026,2026-09-11,2.58,434
1842,7.39979,81.1692,2026-09-11,5.2,435
1843,7.43177,81.0183,2026-09-11,4.46,436
1844,7.4521,81.65658,2026-09-11,2.95,437
1845,7.45285,81.26469,2026-09-11,1.51,438
1846,7.46692,81.26621,2026-09-11,1.97,439
1847,7.49562,81.22058,2026-09-11,4.67,597
1848,7.499,81.22006,2026-09-11,4.67,597
1849,7.50022,81.00719,2026-09-11,13.75,440
1850,7.51028,81.56757,2026-09-11,3.6,441
1851,7.56389,80.63634,2026-09-11,2.95,442
1852,7.60552,80.9675,2026-09-11,10.24,443
1853,7.61301,81.01514,2026-09-11,2.33,444
1854,7.61714,80.84123,2026-09-11,4.5,445
1855,7.71343,80.83015,2026-09-11,12.23,446
1856,7.79306,81.22885,2026-09-11,14.16,447
1857,7.82195,81.20905,2026-09-11,2.83,448
1858,7.82437,80.31818,2026-09-11,2.96,449
1859,7.8662,80.01651,2026-09-11,10.98,450
1860,7.89431,80.01201,2026-09-11,24.01,451
1861,7.9255,81.19964,2026-09-11,11.34,598
1862,7.92887,81.1991,2026-09-11,11.34,598
1863,7.93462,80.06189,2026-09-11,3.76,452
1864,7.95252,80.10713,2026-09-11,3.17,7
1865,7.95602,80.10657,2026-09-11,3.17,7
1866,7.95865,81.19073,2026-09-11,5.49,453
1867,7.96736,80.03738,2026-09-11,4.65,563
1868,7.9696,80.02896,2026-09-11,5.96,563
1869,7.99013,81.21532,2026-09-11,1.86,454
1870,8.02441,81.07615,2026-09-11,1.4,455
1871,8.02976,80.57709,2026-09-11,3.02,456
1872,8.13688,79.99423,2026-09-11,4.03,599
1873,8.1375,79.99817,2026-09-11,4.32,599
1874,8.14856,81.34052,2026-09-11,14.37,566
1875,8.15112,80.08427,2026-09-11,11.03,458
1876,8.20834,79.98703,2026-09-11,6.63,459
1877,8.22219,81.02239,2026-09-11,8.9,460
1878,8.23207,80.26948,2026-09-11,2.64,461
1879,8.29306,80.13734,2026-09-11,6.55,600
1880,8.29397,80.13721,2026-09-11,6.68,600
1881,8.29414,80.21237,2026-09-11,5.4,462
1882,8.29746,80.13666,2026-09-11,7.6,600
1883,8.29808,80.14052,2026-09-11,8.29,600
1884,8.30266,77.63816,2026-09-11,6.52,463
1885,8.30716,80.17469,2026-09-11,5.12,464
1886,8.31788,80.3184,2026-09-11,4.56,601
1887,8.31956,80.318,2026-09-11,4.19,601
1888,8.33641,80.40082,2026-09-11,15.22,465
1889,8.34312,80.37651,2026-09-11,2.73,466
1890,8.36264,80.8055,2026-09-11,8.12,467
1891,8.37158,80.75124,2026-09-11,2.94,312
1892,8.37283,80.80388,2026-09-11,5.02,469
1893,8.38194,80.42064,2026-09-11,6.01,470
1894,8.3827,80.4476,2026-09-11,9.25,471
1895,8.39982,80.53334,2026-09-11,5.51,472
1896,8.40384,80.33569,2026-09-11,2.95,473
1897,8.42157,80.53754,2026-09-11,3.49,602
1898,8.42381,80.52951,2026-09-11,7.21,602
1899,8.47301,80.75362,2026-09-11,3.54,324
1900,8.47641,80.75307,2026-09-11,3.54,324
1901,8.48565,80.52334,2026-09-11,2.29,475
1902,8.49105,80.13333,2026-09-11,9.01,603
1903,8.49392,80.12891,2026-09-11,2.45,603
1904,8.5069,80.7668,2026-09-11,4.02,477
1905,8.50874,80.17788,2026-09-11,7.63,604
1906,8.51221,80.17732,2026-09-11,6.13,604
1907,8.58726,80.3494,2026-09-11,4.77,478
1908,8.61787,80.4757,2026-09-11,5.99,479
1909,8.61995,78.07992,2026-09-11,4.45,480
1910,8.64889,81.00204,2026-09-11,5.13,481
1911,8.68756,80.91789,2026-09-11,5.86,482
1912,8.71449,80.17688,2026-09-11,4.68,483
1913,8.72995,77.52225,2026-09-11,3.73,484
1914,8.77848,77.56741,2026-09-11,2.92,485
1915,8.92184,77.48255,2026-09-11,8.51,486
1916,8.96205,80.7947,2026-09-11,8.02,487
1917,8.97476,80.89706,2026-09-11,8.49,488
1918,9.38751,80.61357,2026-09-11,8.08,489
1919,18.21146,74.44026,2026-09-11,5.36,490
1920,18.26146,75.48334,2026-09-11,5.57,491
1921,18.69317,73.04006,2026-09-11,4.98,223
1922,21.1033,72.63795,2026-09-11,5.89,65
1923,21.10511,72.64705,2026-09-11,9.15,65
1924,21.1883,81.39214,2026-09-11,5.07,492
1925,21.92127,83.3507,2026-09-11,9.06,94
1926,23.16489,82.34189,2026-09-11,6.1,494
1927,26.77685,90.32755,2026-09-11,3.91,605
1928,26.77699,90.32763,2026-09-11,2.81,605
1929,25.27196,69.08585,2026-09-11,3.64,495
1930,25.71746,68.85942,2026-09-11,14.77,606
1931,25.71819,68.86267,2026-09-11,11.22,606
1932,25.86803,68.93196,2026-09-11,7.12,607
1933,25.86876,68.93517,2026-09-11,8.03,607
1934,25.86924,68.93317,2026-09-11,7.52,607
1935,26.95863,68.40443,2026-09-11,2.82,497
1936,27.63409,68.3868,2026-09-11,5.17,608
1937,27.63629,68.39639,2026-09-11,2.22,608
1938,27.63903,68.38539,2026-09-11,6.07,608
1939,28.05176,69.36261,2026-09-11,5.06,609
1940,28.05294,69.36815,2026-09-11,5.06,609
1941,29.13163,75.77078,2026-09-11,3.84,500
1942,30.48006,73.87495,2026-09-11,2.48,501
1943,30.72791,76.34161,2026-09-11,1.3,502
1944,30.87024,70.64391,2026-09-11,6.05,503
1945,30.87769,75.94084,2026-09-11,3.0,504
1946,30.98912,74.20541,2026-09-11,3.03,505
1947,31.25864,74.47987,2026-09-11,2.36,506
1948,31.45933,74.51919,2026-09-11,2.97,507
1949,31.59567,74.82895,2026-09-11,2.21,508
1950,31.74919,74.49052,2026-09-11,5.09,509
1951,31.78289,75.174,2026-09-11,3.43,510
1952,31.86762,75.00837,2026-09-11,5.58,511
1953,32.1289,73.31739,2026-09-11,2.97,512
1954,34.15523,74.19093,2026-09-11,3.76,610
1955,34.15862,74.19041,2026-09-11,1.78,610
1956,30.0677,96.97839,2026-09-11,1.2,589
1957,30.0697,96.97879,2026-09-11,1.71,589
1958,25.54361,91.23469,2026-09-11,0.42,590
1959,27.325,95.27734,2026-09-11,0.61,401
1960,27.60801,95.40346,2026-09-11,0.79,588
1961,28.05046,69.3678,2026-09-11,1.72,609
1962,28.42292,69.69965,2026-09-11,1.66,206
1963,30.44506,70.56732,2026-09-11,0.72,514
1964,32.29601,74.31258,2026-09-11,1.05,515
1965,33.29487,71.18565,2026-09-11,0.38,172
1966,33.71712,73.97829,2026-09-11,1.08,516
1967,20.75914,85.29253,2026-09-11,1.19,517
1968,20.78374,85.25797,2026-09-11,1.74,58
1969,21.10116,72.63661,2026-09-11,9.18,65
1970,21.10441,72.6459,2026-09-11,6.65,65
1971,21.10548,72.6372,2026-09-11,3.95,65
1972,21.10603,72.64871,2026-09-11,7.13,65
1973,21.10653,72.64437,2026-09-11,7.13,65
1974,21.10755,72.63565,2026-09-11,4.4,65
1975,21.10872,72.64648,2026-09-11,6.65,65
1976,21.10979,72.63779,2026-09-11,3.95,65
1977,21.16485,72.6702,2026-09-11,10.53,611
1978,21.16537,72.66583,2026-09-11,10.37,611
1979,22.05133,88.12428,2026-09-11,1.24,518
1980,22.2472,87.39132,2026-09-11,1.37,519
1981,22.36478,87.30112,2026-09-11,1.6,612
1982,22.36546,87.01844,2026-09-11,0.92,520
1983,22.3659,87.29573,2026-09-11,1.6,612
1984,22.37058,87.29688,2026-09-11,1.6,612
1985,22.37859,87.28189,2026-09-11,2.67,522
1986,22.41649,69.03779,2026-09-11,1.4,523
1987,22.9267,69.82265,2026-09-11,0.89,527
1988,22.93276,69.70088,2026-09-11,0.56,419
1989,22.9331,69.69727,2026-09-11,0.56,419
1990,23.26521,70.25777,2026-09-11,0.85,257
1991,23.55926,87.23817,2026-09-11,1.74,100
1992,23.5627,87.08546,2026-09-11,1.24,524
1993,23.66188,87.15467,2026-09-11,1.31,102
1994,23.66734,86.09063,2026-09-11,1.46,20
1995,23.67404,86.39622,2026-09-11,0.72,613
1996,23.67691,86.39936,2026-09-11,1.02,613
1997,23.6774,86.1067,2026-09-11,1.17,20
1998,23.67743,86.40173,2026-09-11,0.97,613
1999,23.67782,86.39482,2026-09-11,1.02,613
2000,23.67837,86.39718,2026-09-11,1.17,613
2001,23.67929,86.39272,2026-09-11,1.17,613
2002,23.68214,86.39581,2026-09-11,1.02,613
2003,23.68302,86.39138,2026-09-11,1.88,613
2004,23.68361,86.39369,2026-09-11,1.17,613
2005,23.69176,87.12515,2026-09-11,0.42,614
2006,23.69279,87.12022,2026-09-11,0.42,614
2007,23.69408,85.36958,2026-09-11,3.16,528
2008,23.69616,86.07954,2026-09-11,2.97,20
2009,23.69703,86.07521,2026-09-11,2.97,20
2010,23.6979,86.07088,2026-09-11,2.77,20
2011,23.70125,86.07622,2026-09-11,2.97,20
2012,23.71227,86.45252,2026-09-11,0.41,530
2013,23.73847,86.43504,2026-09-11,2.43,531
2014,23.73969,85.01115,2026-09-11,0.79,532
2015,23.75447,85.85305,2026-09-11,2.0,533
2016,23.7587,86.40199,2026-09-11,2.58,585
2017,23.76302,86.403,2026-09-11,2.58,585
2018,23.76481,86.39408,2026-09-11,2.26,585
2019,23.76732,86.40403,2026-09-11,1.57,585
2020,23.77329,86.19618,2026-09-11,1.69,104
2021,23.7749,86.21031,2026-09-11,1.35,104
2022,23.77917,86.21124,2026-09-11,3.19,104
2023,23.78005,86.20687,2026-09-11,2.85,104
2024,23.78417,86.34245,2026-09-11,1.93,535
2025,23.7882,85.55163,2026-09-11,2.36,536
2026,23.79527,86.35438,2026-09-11,2.15,615
2027,23.79647,86.35325,2026-09-11,1.77,615
2028,23.80108,86.33093,2026-09-11,1.08,125
2029,23.80401,86.33302,2026-09-11,1.38,125
2030,23.80489,86.32858,2026-09-11,1.38,125
2031,23.80536,86.33195,2026-09-11,1.08,125
2032,23.80626,86.32754,2026-09-11,1.08,125
2033,24.19785,82.71539,2026-09-11,2.61,538
2034,13.18113,79.91359,2026-09-11,0.88,539
2035,13.39206,80.10056,2026-09-11,1.34,540
2036,15.02417,78.01468,2026-09-11,2.26,541
2037,15.02515,76.50147,2026-09-11,0.8,542
2038,15.16826,76.67259,2026-09-11,2.01,133
2039,15.16912,76.37862,2026-09-11,0.92,592
2040,15.17247,76.37917,2026-09-11,0.92,592
2041,15.17353,76.65462,2026-09-11,1.95,133
2042,15.17464,76.69185,2026-09-11,1.61,543
2043,15.17631,76.65878,2026-09-11,1.95,133
2044,15.17686,76.65517,2026-09-11,1.95,133
2045,15.1802,76.65571,2026-09-11,0.72,133
2046,15.22512,76.76299,2026-09-11,0.96,220
2047,15.65624,73.99073,2026-09-11,0.43,221
2048,18.57696,72.2394,2026-09-11,2.03,616
2049,18.58124,72.24,2026-09-11,2.03,616
2050,18.68483,73.02999,2026-09-11,1.51,223
2051,18.69148,73.0425,2026-09-11,1.61,223
2052,18.69197,73.03873,2026-09-11,1.61,223
2053,18.81351,74.30283,2026-09-11,0.44,545
2054,19.22277,74.8159,2026-09-11,0.77,546
2055,19.27853,71.42562,2026-09-11,2.82,547
2056,19.37048,71.35533,2026-09-11,4.16,591
2057,19.93491,73.71051,2026-09-11,1.46,236
2058,6.71797,81.23399,2026-09-11,1.65,617
2059,6.71807,81.23294,2026-09-11,2.18,617
2060,6.71861,81.23012,2026-09-11,1.46,617
2061,6.8708,81.53381,2026-09-11,2.02,286
2062,7.16058,81.04489,2026-09-11,0.74,551
2063,7.17868,81.09897,2026-09-11,0.74,552
2064,7.65734,80.63947,2026-09-11,1.93,553
2065,9.32874,77.42142,2026-09-11,2.04,618
2066,9.3321,77.42197,2026-09-11,2.04,618
2067,11.26878,80.00301,2026-09-11,2.98,619
2068,11.2689,80.00498,2026-09-11,3.58,619
2069,11.57125,77.67776,2026-09-11,2.27,555
2070,25.38903,68.58649,2026-09-11,0.79,195
2071,28.05043,69.36802,2026-09-11,1.32,609
2072,28.05118,69.36514,2026-09-11,1.32,609
2073,27.72672,96.28129,2026-09-12,4.11,620
2074,27.73226,96.2794,2026-09-12,4.11,620
2075,6.18458,81.1745,2026-09-12,3.36,-1
2076,6.5824,81.02856,2026-09-12,7.64,-1
2077,6.61907,80.86243,2026-09-12,3.15,621
2078,6.61972,80.86633,2026-09-12,3.15,621
2079,6.70239,81.3877,2026-09-12,8.09,622
2080,6.8061,81.54609,2026-09-12,5.9,-1
2081,6.98819,81.45032,2026-09-12,6.93,-1
2082,7.01647,81.61634,2026-09-12,5.07,623
2083,7.02286,81.33838,2026-09-12,4.34,-1
2084,7.0404,79.88097,2026-09-12,5.97,624
2085,7.04147,79.87819,2026-09-12,16.75,624
2086,7.04429,79.87487,2026-09-12,9.38,624
2087,7.04521,79.88014,2026-09-12,11.26,624
2088,7.05747,81.78086,2026-09-12,4.8,625
2089,7.05813,81.78476,2026-09-12,4.8,625
2090,7.06236,81.78408,2026-09-12,4.8,625
2091,7.09008,80.98764,2026-09-12,10.15,-1
2092,7.09646,81.45305,2026-09-12,3.73,626
2093,7.10688,81.00608,2026-09-12,4.89,-1
2094,7.11013,81.58477,2026-09-12,13.57,-1
2095,7.11429,81.83554,2026-09-12,17.41,627
2096,7.12647,81.6804,2026-09-12,7.02,-1
2097,7.16228,81.04507,2026-09-12,3.88,551
2098,7.18581,81.79967,2026-09-12,1.44,-1
2099,7.27174,81.58786,2026-09-12,6.65,-1
2100,7.35733,80.97545,2026-09-12,2.77,-1
2101,7.35879,80.95721,2026-09-12,7.18,-1
2102,7.37745,81.0931,2026-09-12,3.42,-1
2103,7.42772,81.66785,2026-09-12,10.61,628
2104,7.52494,80.97937,2026-09-12,2.33,-1
2105,7.55105,81.03083,2026-09-12,8.58,629
2106,7.55131,81.02861,2026-09-12,2.75,629
2107,7.55203,81.03295,2026-09-12,9.06,629
2108,7.56428,81.02858,2026-09-12,6.61,29
2109,7.57145,80.9379,2026-09-12,6.71,-1
2110,7.58269,81.05655,2026-09-12,8.17,117
2111,7.59294,81.03706,2026-09-12,6.66,117
2112,7.60983,81.02975,2026-09-12,8.19,118
2113,7.61131,81.0117,2026-09-12,4.98,444
2114,7.61204,81.01603,2026-09-12,10.38,444
2115,7.6142,81.08228,2026-09-12,6.45,630
2116,7.64408,80.998,2026-09-12,11.3,631
2117,7.64484,81.00233,2026-09-12,8.63,631
2118,7.6456,81.00668,2026-09-12,8.63,631
2119,7.68932,80.4494,2026-09-12,2.72,-1
2120,7.73364,81.04479,2026-09-12,6.58,632
2121,7.73436,81.04906,2026-09-12,11.19,632
2122,7.73804,81.04405,2026-09-12,6.58,632
2123,7.78176,81.48782,2026-09-12,4.38,-1
2124,7.79231,80.61386,2026-09-12,5.47,633
2125,7.79308,80.61845,2026-09-12,5.47,633
2126,7.79322,80.61471,2026-09-12,7.34,633
2127,7.79759,80.61766,2026-09-12,6.14,633
2128,7.79774,80.61394,2026-09-12,7.34,633
2129,7.80422,79.93233,2026-09-12,3.76,634
2130,7.80587,79.93601,2026-09-12,8.36,634
2131,7.90877,81.22432,2026-09-12,2.53,635
2132,7.91244,81.16814,2026-09-12,1.32,-1
2133,7.9456,81.38625,2026-09-12,2.96,266
2134,7.95697,80.61252,2026-09-12,5.26,636
2135,7.96555,81.08558,2026-09-12,3.24,-1
2136,7.96559,80.03988,2026-09-12,5.22,563
2137,7.99679,81.08457,2026-09-12,2.48,637
2138,8.00142,81.08142,2026-09-12,4.58,637
2139,8.00496,80.94511,2026-09-12,13.6,-1
2140,8.03993,80.68317,2026-09-12,4.07,-1
2141,8.06122,81.0103,2026-09-12,30.33,-1
2142,8.06541,80.3713,2026-09-12,5.89,-1
2143,8.07677,81.39046,2026-09-12,6.36,-1
2144,8.07846,81.00792,2026-09-12,4.48,-1
2145,8.09088,81.05321,2026-09-12,8.66,638
2146,8.09095,81.0537,2026-09-12,6.94,638
2147,8.10521,81.08544,2026-09-12,6.64,639
2148,8.10552,81.08588,2026-09-12,5.61,639
2149,8.11133,81.11934,2026-09-12,5.87,-1
2150,8.11358,80.10298,2026-09-12,8.01,-1
2151,8.13032,80.07694,2026-09-12,3.86,-1
2152,8.16267,80.15137,2026-09-12,3.69,-1
2153,8.18704,81.01131,2026-09-12,9.95,640
2154,8.18756,80.75049,2026-09-12,3.27,641
2155,8.18764,81.01199,2026-09-12,10.28,640
2156,8.18844,80.27067,2026-09-12,5.4,-1
2157,8.19201,80.7497,2026-09-12,3.27,641
2158,8.20405,81.0864,2026-09-12,7.03,642
2159,8.20521,81.08688,2026-09-12,6.76,642
2160,8.22331,81.0881,2026-09-12,11.16,643
2161,8.22337,80.55514,2026-09-12,3.5,644
2162,8.22382,80.55173,2026-09-12,6.36,644
2163,8.22403,81.09228,2026-09-12,8.13,643
2164,8.22505,80.45264,2026-09-12,7.72,-1
2165,8.23053,81.10403,2026-09-12,5.66,-1
2166,8.25494,80.3275,2026-09-12,5.9,315
2167,8.25686,80.15214,2026-09-12,4.03,645
2168,8.25863,80.15495,2026-09-12,7.3,645
2169,8.25925,80.29769,2026-09-12,2.43,-1
2170,8.28667,80.77976,2026-09-12,4.71,-1
2171,8.2885,80.25041,2026-09-12,5.12,646
2172,8.2887,80.24864,2026-09-12,5.83,646
2173,8.30045,80.72736,2026-09-12,7.08,-1
2174,8.30267,80.27724,2026-09-12,4.2,-1
2175,8.31892,77.59275,2026-09-12,2.22,-1
2176,8.33177,81.01419,2026-09-12,9.29,-1
2177,8.34342,80.71103,2026-09-12,9.23,-1
2178,8.35896,80.80308,2026-09-12,11.15,467
2179,8.3849,80.66853,2026-09-12,5.11,647
2180,8.39278,80.76662,2026-09-12,3.19,-1
2181,8.4037,80.7243,2026-09-12,4.68,-1
2182,8.41152,80.47382,2026-09-12,4.59,-1
2183,8.46603,80.46207,2026-09-12,3.62,648
2184,8.47054,80.46129,2026-09-12,4.8,648
2185,8.47682,80.30786,2026-09-12,12.13,-1
2186,8.48214,80.5015,2026-09-12,6.97,649
2187,8.49156,80.84512,2026-09-12,4.34,650
2188,8.4922,80.82288,2026-09-12,4.39,143
2189,8.49279,80.84737,2026-09-12,5.55,650
2190,8.49359,80.82508,2026-09-12,4.75,143
2191,8.51221,80.37827,2026-09-12,9.52,651
2192,8.51254,80.37491,2026-09-12,4.91,651
2193,8.51335,80.37949,2026-09-12,4.69,651
2194,8.51454,80.52853,2026-09-12,4.56,-1
2195,8.51672,80.67548,2026-09-12,3.3,652
2196,8.52116,80.67471,2026-09-12,3.3,652
2197,8.52409,80.66512,2026-09-12,7.96,652
2198,8.52454,80.85271,2026-09-12,5.59,-1
2199,8.52719,80.7099,2026-09-12,6.42,327
2200,8.52794,80.71426,2026-09-12,6.42,327
2201,8.52888,80.82547,2026-09-12,4.02,653
2202,8.53329,80.82473,2026-09-12,7.26,653
2203,8.57211,80.84022,2026-09-12,2.81,654
2204,8.57469,80.38332,2026-09-12,7.75,655
2205,8.58621,80.50359,2026-09-12,13.18,-1
2206,8.59622,80.84927,2026-09-12,3.92,147
2207,8.61029,80.85212,2026-09-12,5.05,656
2208,8.6155,80.67295,2026-09-12,7.89,-1
2209,8.61842,80.50272,2026-09-12,5.02,-1
2210,8.62782,80.84911,2026-09-12,4.35,-1
2211,8.62956,80.67505,2026-09-12,7.95,657
2212,8.6687,80.85074,2026-09-12,2.73,340
2213,8.70739,80.73883,2026-09-12,7.23,-1
2214,8.80845,80.26943,2026-09-12,12.49,658
2215,8.80925,80.27412,2026-09-12,20.52,658
2216,8.81352,80.27133,2026-09-12,3.21,658
2217,8.89653,80.71324,2026-09-12,4.22,659
2218,8.8973,80.71758,2026-09-12,4.22,659
2219,8.89794,80.71543,2026-09-12,8.87,659
2220,8.93057,80.21703,2026-09-12,2.8,660
2221,8.93058,80.21378,2026-09-12,5.78,660
2222,8.94233,80.81985,2026-09-12,6.32,-1
2223,8.95907,80.8126,2026-09-12,3.06,661
2224,8.96344,80.81184,2026-09-12,2.62,661
2225,8.97946,80.82655,2026-09-12,10.65,662
2226,8.98522,80.06801,2026-09-12,5.14,-1
2227,9.00462,79.86208,2026-09-12,8.01,663
2228,9.00842,79.85635,2026-09-12,6.61,663
2229,9.01307,79.85555,2026-09-12,20.3,663
2230,9.06973,77.52162,2026-09-12,1.1,-1
2231,9.192,77.81502,2026-09-12,10.03,-1
2232,9.20215,80.67951,2026-09-12,6.36,664
2233,9.21971,80.67647,2026-09-12,5.76,665
2234,9.24338,80.70864,2026-09-12,5.66,-1
2235,9.40158,80.37805,2026-09-12,3.56,-1
2236,9.40211,80.433,2026-09-12,4.21,666
2237,9.67016,78.19058,2026-09-12,1.73,-1
2238,11.93996,77.03573,2026-09-12,2.4,-1
2239,23.67653,86.39957,2026-09-12,9.04,613
2240,23.68299,86.39413,2026-09-12,4.02,613
2241,23.68652,86.39357,2026-09-12,4.02,613
2242,23.7564,85.85259,2026-09-12,5.14,533
2243,23.78724,85.55238,2026-09-12,2.32,536
2244,24.19804,82.71844,2026-09-12,3.01,538
2245,24.83399,68.07236,2026-09-12,9.15,667
2246,24.83595,68.07963,2026-09-12,9.15,667
2247,24.83727,68.07303,2026-09-12,13.07,667
2248,27.92105,96.75591,2026-09-12,5.14,668
2249,27.92283,96.76014,2026-09-12,6.8,668
2250,28.05062,69.37006,2026-09-12,4.58,609
2251,29.46977,71.59311,2026-09-12,1.85,-1
2252,29.9203,72.90961,2026-09-12,3.43,-1
2253,30.45917,73.82764,2026-09-12,7.42,-1
2254,30.47937,73.85507,2026-09-12,3.01,-1
2255,30.92336,74.30084,2026-09-12,1.8,-1
2256,30.97024,74.48008,2026-09-12,4.6,-1
2257,31.06606,74.47954,2026-09-12,8.61,-1
2258,31.12898,74.61642,2026-09-12,6.74,-1
2259,31.16105,74.82891,2026-09-12,2.47,-1
2260,31.38129,74.53933,2026-09-12,10.36,-1
2261,31.6174,75.06292,2026-09-12,3.5,-1
2262,31.87394,74.68877,2026-09-12,2.76,-1
2263,23.34302,68.96366,2026-09-12,4.42,-1
2264,23.50945,69.26907,2026-09-12,5.28,669
2265,24.83543,68.07434,2026-09-12,3.23,667
2266,24.83576,68.07816,2026-09-12,3.23,667
2267,25.78301,68.57213,2026-09-12,1.74,-1
2268,6.8226,81.4782,2026-09-03,8.35,670
2269,6.82737,81.47894,2026-09-03,4.66,670
2270,8.94729,80.78709,2026-09-03,6.04,671
2271,8.94969,80.79314,2026-09-03,11.49,671
2272,23.80334,86.3283,2026-09-03,4.25,125
2273,26.52341,90.53152,2026-09-03,3.17,-1
2274,26.80206,90.32026,2026-09-03,4.05,-1
2275,26.88079,92.32764,2026-09-03,6.54,-1
2276,27.37946,95.33263,2026-09-03,1.57,99
2277,27.98586,95.93726,2026-09-03,5.03,672
2278,27.99035,95.94063,2026-09-03,6.05,672
2279,28.181,95.66731,2026-09-03,5.65,-1
2280,6.44193,81.0908,2026-09-03,6.84,673
2281,6.74363,81.52365,2026-09-03,4.18,674
2282,6.82773,81.55322,2026-09-03,4.08,675
2283,6.82839,81.55818,2026-09-03,4.08,675
2284,7.13617,80.9217,2026-09-03,10.53,-1
2285,7.22182,80.83134,2026-09-03,4.3,676
2286,7.22432,80.83115,2026-09-03,3.97,676
2287,7.32894,81.20289,2026-09-03,9.62,677
2288,7.36543,81.77074,2026-09-03,4.81,678
2289,7.36605,81.10909,2026-09-03,4.69,679
2290,7.36618,81.10924,2026-09-03,4.5,679
2291,7.52924,81.65376,2026-09-03,4.86,680
2292,7.55661,80.95155,2026-09-03,5.75,681
2293,7.55712,80.94936,2026-09-03,4.55,681
2294,7.72298,81.26734,2026-09-03,5.61,682
2295,7.75647,81.23419,2026-09-03,4.19,-1
2296,7.92578,81.39906,2026-09-03,7.19,683
2297,7.9395,81.25786,2026-09-03,3.46,-1
2298,8.05081,81.30357,2026-09-03,7.7,684
2299,8.05333,80.59547,2026-09-03,3.63,-1
2300,8.05642,81.2979,2026-09-03,6.6,684
2301,8.05706,81.30285,2026-09-03,6.6,684
2302,8.14806,81.33616,2026-09-03,11.6,566
2303,8.1625,81.34946,2026-09-03,19.64,-1
2304,8.20065,81.06894,2026-09-03,3.11,-1
2305,8.20337,80.99162,2026-09-03,5.13,685
2306,8.20392,80.99172,2026-09-03,6.22,685
2307,8.21999,80.57515,2026-09-03,1.81,-1
2308,8.284,80.23323,2026-09-03,8.64,686
2309,8.28842,80.23164,2026-09-03,7.83,686
2310,8.39178,80.16251,2026-09-03,46.39,687
2311,8.39199,80.16026,2026-09-03,23.58,687
2312,8.3923,80.16667,2026-09-03,41.89,687
2313,8.39254,80.16441,2026-09-03,62.8,687
2314,8.4028,80.65507,2026-09-03,5.58,-1
2315,8.4287,80.5266,2026-09-03,6.28,602
2316,8.43132,80.52473,2026-09-03,7.77,602
2317,8.55929,80.3675,2026-09-03,17.44,688
2318,8.564,80.79541,2026-09-03,6.69,689
2319,8.56422,80.79527,2026-09-03,3.8,689
2320,8.60062,80.454,2026-09-03,2.76,690
2321,8.60401,80.48016,2026-09-03,6.33,691
2322,8.60457,80.48453,2026-09-03,5.78,691
2323,8.62868,80.4115,2026-09-03,4.52,148
2324,8.62922,80.41586,2026-09-03,4.52,148
2325,8.63185,80.41512,2026-09-03,7.79,148
2326,8.6559,80.50523,2026-09-03,8.48,692
2327,8.65861,80.50542,2026-09-03,11.33,692
2328,8.66189,80.50454,2026-09-03,5.56,692
2329,8.81097,78.0528,2026-09-03,0.97,-1
2330,8.82872,80.53358,2026-09-03,7.51,-1
2331,8.86421,78.08301,2026-09-03,2.55,693
2332,8.86688,78.08226,2026-09-03,1.34,693
2333,8.8697,80.70795,2026-09-03,2.61,351
2334,8.99572,78.11298,2026-09-03,1.58,694
2335,8.99612,78.11604,2026-09-03,1.58,694
2336,9.09281,79.79891,2026-09-03,4.75,-1
2337,9.2081,80.67667,2026-09-03,4.85,664
2338,9.20827,80.67661,2026-09-03,6.18,664
2339,9.3942,80.43369,2026-09-03,7.95,666
2340,9.39609,80.43563,2026-09-03,6.93,666
2341,9.40996,78.80921,2026-09-03,0.73,-1
2342,10.23653,79.19613,2026-09-03,11.42,-1
2343,10.9525,78.43614,2026-09-03,2.9,695
2344,11.5078,79.52651,2026-09-03,4.34,696
2345,11.50817,79.52599,2026-09-03,2.7,696
2346,18.51854,74.3471,2026-09-03,4.86,697
2347,18.51911,74.35187,2026-09-03,4.86,697
2348,18.56307,74.36423,2026-09-03,7.46,-1
2349,18.69169,73.04173,2026-09-03,5.14,223
2350,21.10661,72.64839,2026-09-03,4.4,65
2351,22.4173,69.04085,2026-09-03,5.33,523
2352,22.92752,70.11013,2026-09-03,3.07,240
2353,22.93244,69.69634,2026-09-03,4.13,419
2354,25.3869,68.5815,2026-09-03,2.61,195
2355,29.88983,73.90404,2026-09-03,1.81,-1
2356,32.51342,82.42087,2026-09-03,0.12,-1
2357,35.99179,94.82908,2026-09-03,0.74,698
2358,26.75918,83.19909,2026-09-03,1.16,699
2359,23.56118,87.08237,2026-09-03,2.48,524
2360,23.58044,86.72423,2026-09-03,1.24,700
2361,23.6091,85.67449,2026-09-03,0.98,701
2362,23.61394,86.78859,2026-09-03,1.7,702
2363,23.63301,86.83422,2026-09-03,0.84,703
2364,23.64893,85.44199,2026-09-03,1.15,704
2365,23.64945,85.43736,2026-09-03,4.0,704
2366,23.66326,87.15506,2026-09-03,2.72,102
2367,23.6662,84.99924,2026-09-03,1.64,705
2368,23.66999,86.93584,2026-09-03,0.5,706
2369,23.67128,84.99492,2026-09-03,0.81,705
2370,23.67558,85.32627,2026-09-03,0.87,707
2371,23.68263,87.12968,2026-09-03,1.02,614
2372,23.68801,87.11914,2026-09-03,1.93,614
2373,23.69199,87.11974,2026-09-03,1.93,614
2374,23.69338,87.10863,2026-09-03,1.71,614
2375,23.69777,85.2904,2026-09-03,1.48,708
2376,23.69792,85.36774,2026-09-03,0.93,528
2377,23.70747,86.44939,2026-09-03,0.94,530
2378,23.71034,86.42485,2026-09-03,1.8,709
2379,23.71161,86.45001,2026-09-03,1.59,530
2380,23.7117,85.28757,2026-09-03,0.73,710
2381,23.71498,86.42139,2026-09-03,1.61,709
2382,23.71576,86.45063,2026-09-03,1.59,530
2383,23.71672,86.44246,2026-09-03,0.91,530
2384,23.71913,86.422,2026-09-03,1.61,709
2385,23.72328,86.4226,2026-09-03,2.1,709
2386,23.7255,86.43961,2026-09-03,2.79,530
2387,23.73892,86.43327,2026-09-03,4.27,531
2388,23.73894,85.0092,2026-09-03,1.68,532
2389,23.73955,85.01097,2026-09-03,1.92,532
2390,23.75333,86.41881,2026-09-03,2.21,711
2391,23.75436,85.85263,2026-09-03,1.3,533
2392,23.75678,85.85565,2026-09-03,1.56,533
2393,23.75731,85.85121,2026-09-03,1.56,533
2394,23.75867,85.85327,2026-09-03,1.3,533
2395,23.75945,86.403,2026-09-03,1.9,585
2396,23.75995,86.39886,2026-09-03,1.13,585
2397,23.76361,86.40362,2026-09-03,1.9,585
2398,23.76411,86.39948,2026-09-03,1.13,585
2399,23.76777,86.40421,2026-09-03,2.0,585
2400,23.76827,86.40009,2026-09-03,1.42,585
2401,23.77272,86.36308,2026-09-03,1.88,712
2402,23.7769,86.36366,2026-09-03,1.88,712
2403,23.77807,86.38908,2026-09-03,1.38,713
2404,23.77853,86.20712,2026-09-03,1.4,104
2405,23.78174,86.39377,2026-09-03,1.38,713
2406,23.78223,86.3897,2026-09-03,1.38,713
2407,23.78732,85.55491,2026-09-03,1.46,536
2408,23.78801,85.55334,2026-09-03,0.87,536
2409,23.79508,86.35372,2026-09-03,0.83,615
2410,23.79559,86.34954,2026-09-03,0.83,615
2411,23.79659,86.2353,2026-09-03,0.51,714
2412,23.79976,86.35018,2026-09-03,0.74,615
2413,23.80228,86.32954,2026-09-03,1.77,125
2414,23.80646,86.33013,2026-09-03,1.77,125
2415,23.80754,86.32885,2026-09-03,0.61,125
2416,24.11606,86.86103,2026-09-03,2.21,715
2417,24.11965,86.86556,2026-09-03,0.4,715
2418,6.81018,81.6179,2026-09-03,2.04,716
2419,6.81469,81.61859,2026-09-03,2.04,716
2420,6.83187,81.33813,2026-09-03,2.09,717
2421,6.96157,79.96043,2026-09-03,0.88,718
2422,7.38557,80.83266,2026-09-03,1.68,719
2423,7.38579,80.83545,2026-09-03,1.2,719
2424,15.02242,78.01557,2026-09-03,2.54,541
2425,15.18083,76.6638,2026-09-03,2.73,133
2426,15.18106,76.67557,2026-09-03,1.25,133
2427,15.18172,76.66895,2026-09-03,1.25,133
2428,17.3574,76.87903,2026-09-03,0.63,-1
2429,8.57317,80.40264,2026-09-03,1.68,720
2430,9.54534,77.51893,2026-09-03,2.19,721
2431,9.54608,77.51984,2026-09-03,1.59,721
2432,22.33898,69.85583,2026-09-03,2.56,253
2433,22.38261,73.12849,2026-09-03,0.81,-1
2434,22.92733,69.82601,2026-09-03,2.2,527
2435,22.93135,69.70153,2026-09-03,1.43,419
2436,22.93212,69.69724,2026-09-03,1.43,419
2437,22.93487,69.70225,2026-09-03,1.43,419
2438,22.93564,69.69796,2026-09-03,1.43,419
2439,22.97782,72.56509,2026-09-03,1.43,-1
2440,23.12061,70.08583,2026-09-03,3.65,722
2441,23.4967,68.57797,2026-09-03,1.65,723
2442,24.68892,73.00289,2026-09-03,2.05,193
2443,28.42567,69.70049,2026-09-03,1.59,206
2444,29.47329,76.85825,2026-09-03,5.35,161
2445,29.47491,76.86111,2026-09-03,4.53,161
2446,29.47618,76.85554,2026-09-03,4.41,161
2447,29.4779,76.85962,2026-09-03,5.5,161
2448,31.26022,76.92496,2026-09-03,2.04,239
2449,31.42277,72.99947,2026-09-03,0.81,-1
2450,32.72092,72.92194,2026-09-03,1.17,241
2451,32.88893,71.61838,2026-09-03,2.91,165
2452,33.2953,71.1847,2026-09-03,1.2,172
2453,33.40643,71.93991,2026-09-03,0.6,724
2454,33.54525,71.54886,2026-09-03,1.19,173
2455,33.90302,71.91702,2026-09-03,3.14,243
2456,15.01009,77.61835,2026-09-03,0.98,725
2457,15.07013,76.86538,2026-09-03,1.56,726
2458,15.17637,77.09987,2026-09-03,1.68,727
2459,15.17781,76.65665,2026-09-03,3.05,133
2460,15.18179,76.66799,2026-09-03,2.6,133
2461,15.19833,76.37807,2026-09-03,1.14,728
2462,15.19921,76.37984,2026-09-03,1.48,728
2463,16.18613,78.91606,2026-09-03,3.56,729
2464,16.18728,78.91104,2026-09-03,6.01,729
2465,18.68138,73.03857,2026-09-03,1.63,223
2466,18.68235,73.03365,2026-09-03,1.63,223
2467,18.68331,73.0287,2026-09-03,2.72,223
2468,18.68517,73.04121,2026-09-03,2.63,223
2469,18.68594,73.03958,2026-09-03,1.63,223
2470,18.68717,73.03136,2026-09-03,3.48,223
2471,18.69051,73.04059,2026-09-03,2.42,223
2472,19.67624,71.67017,2026-09-03,2.7,-1
2473,20.35351,72.95026,2026-09-03,0.44,96
2474,20.35693,72.94828,2026-09-03,1.12,96
2475,20.86657,70.56716,2026-09-03,1.43,245
2476,20.90932,71.46124,2026-09-03,0.99,237
2477,20.91002,71.45757,2026-09-03,0.89,237
2478,21.10058,72.63622,2026-09-03,1.6,65
2479,21.10314,72.64573,2026-09-03,2.61,65
2480,21.10483,72.63718,2026-09-03,1.6,65
2481,21.10739,72.64669,2026-09-03,7.81,65
2482,21.16286,72.67182,2026-09-03,4.97,611
2483,21.1644,72.67298,2026-09-03,4.37,611
2484,21.16523,72.66869,2026-09-03,4.37,611
2485,21.16711,72.67277,2026-09-03,7.63,611
2486,25.94198,72.19152,2026-09-03,4.61,730
2487,25.94338,72.19575,2026-09-03,2.18,730
2488,25.94437,72.19054,2026-09-03,2.7,730
2489,26.87735,73.51431,2026-09-03,1.4,204
2490,27.081,73.81882,2026-09-03,0.77,731
2491,27.28717,73.83929,2026-09-03,0.98,476
2492,12.75382,92.88086,2026-09-04,2.49,-1
2493,24.00891,96.12032,2026-09-04,2.33,-1
2494,24.25894,96.54393,2026-09-04,9.92,-1
2495,24.71857,96.31367,2026-09-04,1.73,-1
2496,28.57115,96.95303,2026-09-04,3.32,732
2497,29.18748,88.53117,2026-09-04,2.61,-1
2498,29.24429,91.86042,2026-09-04,3.18,733
2499,29.2485,91.86387,2026-09-04,2.42,733
2500,29.29299,88.90841,2026-09-04,2.5,-1
2501,36.3825,95.11243,2026-09-04,12.39,-1
2502,36.35168,95.24467,2026-09-04,8.54,734
2503,36.35387,95.23476,2026-09-04,7.5,734
2504,36.3573,95.23409,2026-09-04,4.67,734
2505,36.35792,95.2387,2026-09-04,8.53,734
2506,36.36073,95.23341,2026-09-04,4.67,734
2507,6.34224,81.12547,2026-09-04,3.7,-1
2508,6.42538,81.01639,2026-09-04,5.43,426
2509,6.42972,81.01575,2026-09-04,5.43,426
2510,6.47065,81.08218,2026-09-04,3.72,-1
2511,6.5269,80.76523,2026-09-04,4.39,735
2512,6.66989,80.91605,2026-09-04,0.71,-1
2513,6.71661,81.32898,2026-09-04,2.4,255
2514,6.73734,81.53592,2026-09-04,6.56,736
2515,6.75082,81.39299,2026-09-04,6.91,283
2516,6.79404,81.53845,2026-09-04,7.82,78
2517,6.79797,81.46822,2026-09-04,4.24,737
2518,6.82711,81.33308,2026-09-04,7.18,717
2519,6.82874,81.33171,2026-09-04,6.6,717
2520,6.83144,81.47736,2026-09-04,2.68,670
2521,6.90904,81.66004,2026-09-04,8.05,738
2522,6.97485,81.5989,2026-09-04,9.27,259
2523,7.20339,81.01457,2026-09-04,6.32,-1
2524,7.30575,81.13636,2026-09-04,5.23,-1
2525,7.3628,81.3008,2026-09-04,7.25,739
2526,7.36553,81.29984,2026-09-04,6.37,739
2527,7.38462,79.87064,2026-09-04,2.9,-1
2528,7.38789,81.28361,2026-09-04,2.35,740
2529,7.38853,81.28822,2026-09-04,5.15,740
2530,7.39238,81.28298,2026-09-04,5.24,740
2531,7.39301,81.28756,2026-09-04,5.67,740
2532,7.44182,81.24464,2026-09-04,10.35,741
2533,7.4431,81.25359,2026-09-04,11.29,741
2534,7.44566,81.23956,2026-09-04,7.04,741
2535,7.44629,81.24397,2026-09-04,10.35,741
2536,7.51962,81.10014,2026-09-04,13.33,742
2537,7.61087,80.83186,2026-09-04,3.4,-1
2538,7.65727,80.49637,2026-09-04,1.91,-1
2539,7.66027,79.91571,2026-09-04,4.3,-1
2540,7.69514,80.13086,2026-09-04,5.45,-1
2541,7.71052,79.86343,2026-09-04,3.6,-1
2542,7.81016,79.9166,2026-09-04,1.78,743
2543,7.81069,79.92027,2026-09-04,3.19,743
2544,7.81293,79.91923,2026-09-04,6.83,743
2545,7.87883,79.93985,2026-09-04,2.72,-1
2546,7.87908,80.031,2026-09-04,3.08,-1
2547,7.91133,80.55552,2026-09-04,7.07,744
2548,7.91191,80.55957,2026-09-04,7.48,744
2549,7.91323,80.55524,2026-09-04,8.63,744
2550,7.91379,80.5593,2026-09-04,10.66,744
2551,7.94364,80.12633,2026-09-04,5.19,745
2552,7.94419,80.13013,2026-09-04,7.55,745
2553,7.94493,80.62585,2026-09-04,3.01,-1
2554,7.94517,80.04884,2026-09-04,4.21,746
2555,7.94696,80.04915,2026-09-04,2.16,746
2556,7.94782,80.12575,2026-09-04,5.19,745
2557,7.94837,80.12955,2026-09-04,7.55,745
2558,7.9495,79.85543,2026-09-04,3.96,-1
2559,7.96289,81.33191,2026-09-04,8.43,-1
2560,7.99274,80.41392,2026-09-04,6.58,747
2561,7.9936,80.4128,2026-09-04,3.91,747
2562,7.99599,81.46941,2026-09-04,5.83,748
2563,8.00805,80.60468,2026-09-04,1.61,-1
2564,8.01845,80.61577,2026-09-04,2.8,749
2565,8.02105,80.30539,2026-09-04,3.0,750
2566,8.02395,80.62332,2026-09-04,9.3,749
2567,8.02528,80.62028,2026-09-04,6.82,749
2568,8.05665,80.10335,2026-09-04,2.21,564
2569,8.12243,80.51514,2026-09-04,6.02,-1
2570,8.14543,80.06309,2026-09-04,2.4,-1
2571,8.17443,81.31121,2026-09-04,14.58,751
2572,8.20822,80.68834,2026-09-04,4.09,752
2573,8.22253,81.08371,2026-09-04,5.88,643
2574,8.23714,80.64191,2026-09-04,2.94,753
2575,8.23842,80.64211,2026-09-04,7.04,753
2576,8.24209,80.64552,2026-09-04,6.02,753
2577,8.2431,80.11183,2026-09-04,1.97,-1
2578,8.25259,80.78128,2026-09-04,5.12,754
2579,8.25285,80.78179,2026-09-04,6.36,754
2580,8.25512,80.10616,2026-09-04,4.31,-1
2581,8.27044,80.33495,2026-09-04,3.03,-1
2582,8.31202,80.59825,2026-09-04,5.69,-1
2583,8.31947,80.29152,2026-09-04,8.9,-1
2584,8.324,80.23045,2026-09-04,7.54,-1
2585,8.33193,80.77122,2026-09-04,1.65,-1
2586,8.35027,80.74276,2026-09-04,14.51,755
2587,8.35087,80.747,2026-09-04,19.72,755
2588,8.35448,80.74238,2026-09-04,7.01,755
2589,8.35466,80.74216,2026-09-04,8.59,755
2590,8.35526,80.7464,2026-09-04,5.61,755
2591,8.38549,80.29862,2026-09-04,2.31,-1
2592,8.38778,80.78993,2026-09-04,6.16,-1
2593,8.40374,81.05544,2026-09-04,8.74,756
2594,8.40438,81.05991,2026-09-04,4.67,756
2595,8.40441,80.68349,2026-09-04,1.64,-1
2596,8.40566,81.0557,2026-09-04,9.69,756
2597,8.40626,81.06018,2026-09-04,8.49,756
2598,8.41519,80.446,2026-09-04,2.86,-1
2599,8.41545,80.41713,2026-09-04,4.37,757
2600,8.42824,80.5067,2026-09-04,6.04,758
2601,8.43036,80.50778,2026-09-04,22.75,758
2602,8.43084,80.35042,2026-09-04,5.74,22
2603,8.43256,80.50612,2026-09-04,6.04,758
2604,8.43315,80.51025,2026-09-04,6.04,758
2605,8.4458,80.23885,2026-09-04,2.9,-1
2606,8.45281,81.09965,2026-09-04,5.03,-1
2607,8.45517,80.40042,2026-09-04,5.47,759
2608,8.46493,80.50307,2026-09-04,2.89,649
2609,8.47596,80.45562,2026-09-04,6.49,648
2610,8.48686,80.47081,2026-09-04,10.21,-1
2611,8.51423,80.24119,2026-09-04,3.23,-1
2612,8.52532,80.4322,2026-09-04,3.64,328
2613,8.52704,80.43185,2026-09-04,6.58,328
2614,8.52962,80.43159,2026-09-04,3.64,328
2615,8.53881,80.8772,2026-09-04,6.79,-1
2616,8.55367,80.37032,2026-09-04,4.39,688
2617,8.55657,80.87483,2026-09-04,4.01,760
2618,8.56465,80.90033,2026-09-04,4.82,761
2619,8.56527,80.90474,2026-09-04,10.76,761
2620,8.56614,80.39735,2026-09-04,6.06,720
2621,8.56671,80.40142,2026-09-04,6.06,720
2622,8.57884,80.78347,2026-09-04,4.34,-1
2623,8.61746,77.98914,2026-09-04,3.29,-1
2624,8.62053,80.69478,2026-09-04,7.09,762
2625,8.62115,80.41457,2026-09-04,6.37,148
2626,8.62399,80.37293,2026-09-04,4.39,763
2627,8.62594,80.79905,2026-09-04,4.93,764
2628,8.62652,80.37279,2026-09-04,2.77,763
2629,8.63034,80.41752,2026-09-04,2.87,148
2630,8.63077,80.51368,2026-09-04,2.23,765
2631,8.63132,81.00479,2026-09-04,5.65,481
2632,8.63193,81.00928,2026-09-04,5.65,481
2633,8.63581,81.0042,2026-09-04,5.65,481
2634,8.64029,81.00357,2026-09-04,5.52,481
2635,8.6409,81.00806,2026-09-04,5.52,481
2636,8.64538,81.00743,2026-09-04,5.52,481
2637,8.66234,80.83396,2026-09-04,10.8,-1
2638,8.66597,77.40293,2026-09-04,6.07,-1
2639,8.66727,80.25673,2026-09-04,4.23,-1
2640,8.69263,80.37619,2026-09-04,4.7,-1
2641,8.69724,80.86597,2026-09-04,7.55,766
2642,8.69836,80.86498,2026-09-04,7.89,766
2643,8.72472,80.76887,2026-09-04,4.75,-1
2644,8.73204,77.86298,2026-09-04,16.91,-1
2645,8.75154,80.99869,2026-09-04,4.67,-1
2646,8.78943,80.33366,2026-09-04,4.95,767
2647,8.78999,80.3377,2026-09-04,4.95,767
2648,8.79438,80.59402,2026-09-04,5.05,768
2649,8.80461,80.57121,2026-09-04,4.76,769
2650,8.80897,80.57063,2026-09-04,4.76,769
2651,8.81464,77.83777,2026-09-04,11.75,-1
2652,8.84638,77.70205,2026-09-04,22.48,-1
2653,8.88569,77.40527,2026-09-04,5.49,-1
2654,8.92698,80.77954,2026-09-04,6.77,770
2655,8.92773,77.46704,2026-09-04,2.97,-1
2656,8.93915,77.83005,2026-09-04,7.77,-1
2657,8.9637,80.59013,2026-09-04,4.33,-1
2658,8.96668,80.38145,2026-09-04,3.75,-1
2659,8.97304,80.59312,2026-09-04,7.85,771
2660,8.97735,80.59259,2026-09-04,12.24,771
2661,8.97742,80.59255,2026-09-04,9.41,771
2662,8.97923,80.83057,2026-09-04,7.59,662
2663,8.98429,80.83439,2026-09-04,4.21,662
2664,9.10274,80.49466,2026-09-04,4.45,-1
2665,9.17593,78.22559,2026-09-04,10.26,772
2666,9.1797,78.22505,2026-09-04,10.26,772
2667,9.20293,77.64448,2026-09-04,19.15,-1
2668,9.20664,80.63229,2026-09-04,2.25,362
2669,9.33688,76.59934,2026-09-04,2.02,-1
2670,9.39517,80.44724,2026-09-04,5.48,666
2671,9.39581,80.44839,2026-09-04,4.86,666
2672,9.414,80.58482,2026-09-04,2.71,773
2673,9.41437,80.58335,2026-09-04,3.4,773
2674,9.45137,80.49699,2026-09-04,9.87,774
2675,9.4578,80.47879,2026-09-04,3.36,775
2676,9.62262,78.11741,2026-09-04,10.24,-1
2677,9.95692,79.105,2026-09-04,2.64,776
2678,9.95849,79.1076,2026-09-04,2.39,776
2679,10.16672,78.79148,2026-09-04,8.56,-1
2680,10.16814,78.80172,2026-09-04,6.42,-1
2681,10.28257,78.88253,2026-09-04,2.52,-1
2682,10.31339,79.34061,2026-09-04,2.09,-1
2683,12.0522,78.36801,2026-09-04,4.2,-1
2684,12.80993,77.7602,2026-09-04,3.52,-1
2685,13.90749,78.06878,2026-09-04,1.75,-1
2686,13.93385,78.31989,2026-09-04,5.9,777
2687,13.93448,78.31924,2026-09-04,5.51,777
2688,14.5526,77.48568,2026-09-04,2.5,-1
2689,14.9584,75.91736,2026-09-04,2.59,-1
2690,15.17642,76.65735,2026-09-04,5.16,133
2691,15.18196,76.64268,2026-09-04,3.59,133
2692,15.52757,73.99412,2026-09-04,3.12,-1
2693,17.6268,82.57391,2026-09-04,4.48,-1
2694,21.10135,72.63466,2026-09-04,7.03,65
2695,21.10191,72.63843,2026-09-04,7.03,65
2696,21.10636,72.64542,2026-09-04,8.1,65
2697,22.41645,69.03945,2026-09-04,5.64,523
2698,22.92779,70.1069,2026-09-04,5.54,240
2699,22.93431,69.69743,2026-09-04,3.12,419
2700,24.0682,72.24971,2026-09-04,1.4,-1
2701,25.9841,73.41638,2026-09-04,5.6,-1
2702,27.14095,72.44164,2026-09-04,1.99,-1
2703,28.42405,69.7006,2026-09-04,3.82,206
2704,28.45174,68.14686,2026-09-04,24.53,-1
2705,29.33473,69.01346,2026-09-04,3.84,778
2706,29.33534,69.01741,2026-09-04,5.51,778
2707,29.80486,72.78429,2026-09-04,4.92,-1
2708,29.911,74.95192,2026-09-04,5.47,21
2709,29.94049,69.95213,2026-09-04,3.81,-1
2710,30.47343,71.74202,2026-09-04,3.21,-1
2711,31.31773,72.16481,2026-09-04,3.46,779
2712,31.5778,72.37859,2026-09-04,5.83,-1
2713,31.68232,72.20583,2026-09-04,4.36,-1
2714,32.24791,73.92658,2026-09-04,3.62,-1
2715,32.43256,71.36949,2026-09-04,6.24,-1
2716,27.31744,95.26737,2026-09-04,3.22,401
2717,28.57174,96.95198,2026-09-04,0.85,732
2718,22.05509,85.46492,2026-09-04,0.66,780
2719,22.05641,85.46532,2026-09-04,0.82,780
2720,22.22516,84.75098,2026-09-04,1.2,781
2721,22.31921,82.56583,2026-09-04,1.65,67
2722,22.32409,82.59403,2026-09-04,1.56,782
2723,23.58107,86.72517,2026-09-04,0.65,700
2724,23.66637,85.00024,2026-09-04,1.49,705
2725,23.66674,84.99536,2026-09-04,1.49,705
2726,23.66712,85.00002,2026-09-04,2.86,705
2727,23.67289,84.9959,2026-09-04,2.91,705
2728,23.67591,86.40213,2026-09-04,1.36,613
2729,23.67626,86.39803,2026-09-04,1.36,613
2730,23.67852,86.08686,2026-09-04,3.15,20
2731,23.67871,86.40009,2026-09-04,2.46,613
2732,23.67895,86.09338,2026-09-04,1.17,20
2733,23.67909,86.396,2026-09-04,2.56,613
2734,23.6793,86.08908,2026-09-04,1.67,20
2735,23.67966,86.08476,2026-09-04,1.67,20
2736,23.68225,86.3947,2026-09-04,2.78,613
2737,23.68351,86.09599,2026-09-04,1.25,20
2738,23.68471,86.09391,2026-09-04,1.17,20
2739,23.68826,86.39115,2026-09-04,0.91,613
2740,23.71136,86.45217,2026-09-04,1.74,530
2741,23.71392,86.42335,2026-09-04,1.96,709
2742,23.71992,86.41992,2026-09-04,1.68,709
2743,23.73572,86.43427,2026-09-04,2.56,531
2744,23.75746,85.85387,2026-09-04,1.79,533
2745,23.75817,86.40104,2026-09-04,3.31,585
2746,23.76124,86.4041,2026-09-04,2.07,585
2747,23.76163,86.39988,2026-09-04,2.07,585
2748,23.76239,86.39155,2026-09-04,3.52,585
2749,23.76345,86.40598,2026-09-04,3.69,585
2750,23.76381,86.40175,2026-09-04,3.31,585
2751,23.76689,86.40472,2026-09-04,3.54,585
2752,23.77262,86.36506,2026-09-04,4.47,712
2753,23.77596,86.36807,2026-09-04,1.85,712
2754,23.77635,86.36388,2026-09-04,2.96,712
2755,23.77868,86.21198,2026-09-04,1.31,104
2756,23.77907,86.2077,2026-09-04,1.31,104
2757,23.7797,86.3896,2026-09-04,2.79,713
2758,23.77998,86.20918,2026-09-04,1.53,104
2759,23.78033,86.20491,2026-09-04,1.53,104
2760,23.79671,86.35096,2026-09-04,4.1,615
2761,23.80416,86.3309,2026-09-04,3.17,125
2762,23.82338,85.49656,2026-09-04,1.6,783
2763,23.82546,84.57072,2026-09-04,1.88,784
2764,23.83774,85.46945,2026-09-04,1.6,785
2765,24.31163,85.42353,2026-09-04,0.75,-1
2766,19.08846,82.17459,2026-09-04,1.21,19
2767,19.0896,82.17361,2026-09-04,1.22,19
2768,19.09592,82.16854,2026-09-04,2.29,19
2769,19.09711,82.16754,2026-09-04,1.56,19
2770,20.7613,85.29581,2026-09-04,2.27,517
2771,20.76171,85.29136,2026-09-04,2.2,517
2772,20.78849,85.25857,2026-09-04,2.84,58
2773,20.79477,85.25492,2026-09-04,2.9,58
2774,20.80561,85.25348,2026-09-04,1.78,58
2775,20.80653,85.256,2026-09-04,1.63,58
2776,20.86205,84.98914,2026-09-04,1.72,84
2777,20.86249,84.98462,2026-09-04,2.17,84
2778,20.86526,84.98695,2026-09-04,3.63,84
2779,20.89002,84.98002,2026-09-04,1.53,87
2780,20.94963,86.04832,2026-09-04,2.27,90
2781,20.95,86.04442,2026-09-04,2.27,90
2782,20.9512,86.04997,2026-09-04,2.23,90
2783,20.95159,86.0461,2026-09-04,2.23,90
2784,20.95199,86.04217,2026-09-04,2.7,90
2785,20.95558,86.04523,2026-09-04,1.4,90
2786,20.96156,86.00327,2026-09-04,0.79,62
2787,20.96411,85.18684,2026-09-04,1.57,61
2788,20.9649,86.00615,2026-09-04,2.12,62
2789,20.96528,86.00221,2026-09-04,1.79,62
2790,20.96534,85.1733,2026-09-04,1.35,61
2791,20.96576,85.16875,2026-09-04,1.35,61
2792,20.96638,86.01173,2026-09-04,2.97,62
2793,20.97015,86.01069,2026-09-04,2.21,62
2794,20.97084,85.17846,2026-09-04,2.67,61
2795,20.97089,86.00281,2026-09-04,1.7,62
2796,20.97126,85.17391,2026-09-04,1.35,61
2797,20.99819,86.01408,2026-09-04,0.72,230
2798,20.99857,86.01012,2026-09-04,0.72,230
2799,21.07634,85.04405,2026-09-04,1.41,63
2800,21.07676,85.03937,2026-09-04,1.41,63
2801,21.07717,85.03472,2026-09-04,2.04,63
2802,21.67499,82.07859,2026-09-04,1.32,786
2803,21.67781,84.03859,2026-09-04,2.34,93
2804,21.67952,84.03887,2026-09-04,1.89,93
2805,21.80354,82.03689,2026-09-04,1.26,787
2806,21.92587,85.22215,2026-09-04,2.18,788
2807,22.00575,82.67023,2026-09-04,1.03,789
2808,22.00621,82.67161,2026-09-04,2.21,789
2809,13.15911,80.28068,2026-09-04,1.63,790
2810,13.1608,80.27946,2026-09-04,1.92,790
2811,7.12493,81.54601,2026-09-04,2.74,-1
2812,32.72226,72.92528,2026-09-04,0.68,241
2813,33.29619,71.18684,2026-09-04,1.13,172
2814,33.54585,71.55032,2026-09-04,1.04,173
2815,33.68994,72.7104,2026-09-04,0.92,513
2816,35.96602,68.68536,2026-09-04,0.69,182
2817,35.96709,68.68774,2026-09-04,1.28,182
2818,35.97013,68.68588,2026-09-04,0.79,182
2819,22.57313,85.89704,2026-09-04,3.39,791
2820,23.67414,85.32425,2026-09-04,2.29,707
2821,23.67768,86.3978,2026-09-04,6.8,613
2822,23.67849,86.08708,2026-09-04,3.56,20
2823,23.67941,86.08627,2026-09-04,2.58,20
2824,23.69545,85.36923,2026-09-04,2.54,528
2825,23.78611,85.55335,2026-09-04,1.22,536
2826,23.79008,85.55405,2026-09-04,2.74,536
2827,24.15935,82.56554,2026-09-04,0.96,792
2828,24.16024,82.56169,2026-09-04,0.96,792
2829,24.82064,73.09454,2026-09-04,0.74,529
2830,24.82128,73.0907,2026-09-04,0.74,529
2831,25.5242,68.55288,2026-09-04,0.55,-1
2832,27.93788,69.72433,2026-09-04,0.66,-1
2833,28.4265,69.70227,2026-09-04,1.2,206
2834,32.28888,70.7403,2026-09-04,1.54,86
2835,32.5767,72.56184,2026-09-04,2.15,498
2836,17.60933,83.20343,2026-09-04,5.27,135
2837,17.95682,80.79215,2026-09-04,1.17,793
2838,17.95858,80.79491,2026-09-04,0.84,793
2839,17.95946,80.79095,2026-09-04,0.79,793
2840,18.2715,74.19861,2026-09-04,0.84,-1
2841,18.68064,73.03526,2026-09-04,0.89,223
2842,18.6904,73.04131,2026-09-04,2.13,223
2843,18.69389,73.04198,2026-09-04,2.13,223
2844,18.71995,79.53621,2026-09-04,0.99,794
2845,19.09743,82.16936,2026-09-04,1.77,19
2846,19.10059,82.1667,2026-09-04,1.71,19
2847,19.2791,71.42653,2026-09-04,0.66,547
2848,20.76145,85.29849,2026-09-04,2.11,517
2849,20.76308,85.292,2026-09-04,2.48,517
2850,20.79352,85.25729,2026-09-04,2.9,58
2851,20.7952,85.2505,2026-09-04,2.9,58
2852,20.80867,85.25465,2026-09-04,1.74,58
2853,20.86599,84.99335,2026-09-04,2.49,84
2854,20.86771,84.98637,2026-09-04,2.49,84
2855,20.91163,71.45867,2026-09-04,1.38,237
2856,20.95286,86.04846,2026-09-04,2.74,90
2857,20.95502,85.0124,2026-09-04,1.52,795
2858,20.96267,85.18922,2026-09-04,1.3,61
2859,20.96312,85.18304,2026-09-04,5.19,61
2860,20.96438,85.18245,2026-09-04,1.3,61
2861,20.96604,85.17587,2026-09-04,3.15,61
2862,20.96635,85.16991,2026-09-04,3.32,61
2863,20.96696,86.00981,2026-09-04,1.45,62
2864,20.96767,85.16939,2026-09-04,3.15,61
2865,20.97304,85.17196,2026-09-04,3.32,61
2866,20.97437,85.1714,2026-09-04,1.95,61
2867,21.10271,72.64404,2026-09-04,1.38,65
2868,21.10401,72.63636,2026-09-04,4.0,65
2869,21.10544,72.64854,2026-09-04,2.05,65
2870,21.10608,72.6447,2026-09-04,7.31,65
2871,21.10738,72.637,2026-09-04,2.25,65
2872,21.10881,72.64918,2026-09-04,2.05,65
2873,21.18306,81.38803,2026-09-04,1.44,492
2874,21.18765,81.39323,2026-09-04,1.74,492
2875,21.18848,81.38943,2026-09-04,1.44,492
2876,21.30924,81.59233,2026-09-04,0.77,796
2877,21.43225,72.97722,2026-09-04,1.2,-1
2878,21.62011,81.79417,2026-09-04,0.52,797
2879,21.67574,82.08032,2026-09-04,1.19,786
2880,21.67763,84.03689,2026-09-04,3.55,93
2881,21.7385,83.84195,2026-09-04,3.35,584
2882,21.74119,83.84169,2026-09-04,3.34,584
2883,21.74463,83.84384,2026-09-04,3.35,584
2884,21.74593,83.83846,2026-09-04,6.72,584
2885,21.74731,83.8436,2026-09-04,4.01,584
2886,21.74858,83.83821,2026-09-04,4.01,584
2887,21.75076,83.8457,2026-09-04,2.94,584
2888,21.75206,83.84034,2026-09-04,4.25,584
2889,21.75344,83.84547,2026-09-04,4.01,584
2890,21.75471,83.84011,2026-09-04,4.01,584
2891,21.75692,83.84747,2026-09-04,2.94,584
2892,21.7582,83.84217,2026-09-04,4.25,584
2893,21.76307,83.84924,2026-09-04,2.87,584
2894,21.87359,83.4966,2026-09-04,0.84,798
2895,21.87868,83.55658,2026-09-04,1.86,799
2896,21.92071,83.35161,2026-09-04,3.02,94
2897,21.92364,85.2219,2026-09-04,2.13,788
2898,21.92594,85.22113,2026-09-04,2.86,788
2899,21.93913,81.98277,2026-09-04,1.05,-1
2900,22.00088,82.67083,2026-09-04,1.43,789
2901,22.00664,82.6723,2026-09-04,1.03,789
2902,22.00665,82.66977,2026-09-04,1.36,789
2903,22.01587,82.17987,2026-09-04,0.65,-1
2904,22.01755,83.75123,2026-09-04,1.06,800
2905,22.0317,83.36752,2026-09-04,1.32,801
2906,22.03287,83.36258,2026-09-04,1.97,801
2907,22.0352,83.35267,2026-09-04,1.18,801
2908,22.1076,83.12428,2026-09-04,0.81,-1
2909,22.22193,84.75527,2026-09-04,1.82,781
2910,22.33719,69.86794,2026-09-04,3.19,253
2911,22.33891,69.85638,2026-09-04,2.92,253
2912,22.35826,82.30389,2026-09-04,3.98,198
2913,22.3592,82.29978,2026-09-04,3.99,198
2914,22.92655,69.82481,2026-09-04,1.98,527
2915,22.93078,69.69768,2026-09-04,2.23,419
2916,22.93359,69.7022,2026-09-04,2.85,419
2917,22.93417,69.69827,2026-09-04,2.85,419
2918,23.26578,70.25954,2026-09-04,1.02,257
2919,23.30355,70.4779,2026-09-04,1.17,802
2920,23.31575,70.48792,2026-09-04,1.37,258
2921,23.40848,72.41589,2026-09-04,1.43,-1
2922,24.69059,73.00319,2026-09-04,1.28,193
2923,25.38672,68.58044,2026-09-04,0.86,195
2924,25.39035,68.58104,2026-09-04,0.86,195
2925,9.94102,77.48679,2026-09-04,0.6,803
2926,9.94628,77.48783,2026-09-04,0.47,803
2927,10.61668,77.42152,2026-09-04,0.28,804
2928,10.61797,77.50148,2026-09-04,0.82,805
2929,11.42084,77.48328,2026-09-04,0.82,-1
2930,11.48001,77.62247,2026-09-04,0.59,806
2931,11.48045,77.62241,2026-09-04,0.77,806
2932,11.56157,77.70795,2026-09-04,0.52,-1
2933,12.74499,77.61853,2026-09-04,0.33,807
2934,13.7111,79.6208,2026-09-04,0.66,808
2935,13.89855,76.56493,2026-09-04,0.62,262
2936,14.87154,78.05151,2026-09-04,2.49,809
2937,14.87653,78.05255,2026-09-04,1.34,809
2938,15.07176,76.86304,2026-09-04,1.91,726
2939,15.07287,76.86671,2026-09-04,1.61,726
2940,15.1687,76.37943,2026-09-04,1.6,592
2941,15.17019,76.38186,2026-09-04,1.27,592
2942,15.17759,76.65895,2026-09-04,2.02,133
2943,15.1777,77.10036,2026-09-04,2.43,727
2944,15.1785,76.65421,2026-09-04,2.02,133
2945,15.1803,76.66946,2026-09-04,1.54,133
2946,15.18121,76.66469,2026-09-04,1.54,133
2947,15.30146,76.22165,2026-09-04,0.52,810
2948,15.33428,76.28631,2026-09-04,1.07,420
2949,16.36108,81.2864,2026-09-04,0.57,-1
2950,17.05184,75.64252,2026-09-04,0.6,811
2951,17.0538,75.64399,2026-09-04,0.7,811
2952,6.55286,80.77038,2026-09-04,0.75,812
2953,6.55308,80.77031,2026-09-04,1.0,812
2954,27.95755,96.95478,2026-09-05,5.26,813
2955,27.95821,96.95849,2026-09-05,5.26,813
2956,6.17996,81.00569,2026-09-05,2.48,814
2957,6.1805,81.00926,2026-09-05,2.48,814
2958,6.1825,81.15936,2026-09-05,3.84,-1
2959,6.18386,81.00876,2026-09-05,5.49,814
2960,6.18441,81.01233,2026-09-05,4.5,814
2961,6.18832,81.01539,2026-09-05,4.5,814
2962,6.18886,81.01897,2026-09-05,2.74,814
2963,6.19168,81.01488,2026-09-05,18.42,814
2964,6.19222,81.01846,2026-09-05,17.44,814
2965,6.21498,80.86486,2026-09-05,2.55,815
2966,6.33726,80.82056,2026-09-05,3.01,-1
2967,6.35271,80.94569,2026-09-05,3.24,251
2968,6.35661,80.85766,2026-09-05,5.09,-1
2969,6.35751,80.79565,2026-09-05,2.77,-1
2970,6.39684,81.07821,2026-09-05,8.98,-1
2971,6.40642,81.07309,2026-09-05,5.81,816
2972,6.40697,81.07669,2026-09-05,5.81,816
2973,6.47917,80.77299,2026-09-05,3.1,-1
2974,6.57916,81.3848,2026-09-05,5.71,-1
2975,6.59315,81.12927,2026-09-05,6.74,817
2976,6.66843,81.51497,2026-09-05,6.85,-1
2977,6.69977,81.40025,2026-09-05,7.83,818
2978,6.70425,81.31312,2026-09-05,4.82,-1
2979,6.72359,81.30273,2026-09-05,11.06,-1
2980,6.7338,81.30119,2026-09-05,5.13,-1
2981,6.73964,81.38676,2026-09-05,8.34,283
2982,6.75339,81.36208,2026-09-05,9.95,819
2983,6.75762,81.43685,2026-09-05,5.12,-1
2984,6.76149,81.46268,2026-09-05,5.14,820
2985,6.76475,81.50785,2026-09-05,6.0,821
2986,6.78665,81.44385,2026-09-05,4.9,-1
2987,7.01036,79.9108,2026-09-05,11.03,822
2988,7.01089,79.91428,2026-09-05,11.03,822
2989,7.15843,81.65216,2026-09-05,3.68,-1
2990,7.1755,81.82485,2026-09-05,5.01,823
2991,7.19413,80.99595,2026-09-05,6.1,824
2992,7.19752,80.99545,2026-09-05,6.1,824
2993,7.20091,80.99495,2026-09-05,6.99,824
2994,7.21239,81.70628,2026-09-05,3.92,-1
2995,7.27373,81.22643,2026-09-05,3.53,825
2996,7.29734,81.74046,2026-09-05,8.52,-1
2997,7.30165,81.81831,2026-09-05,3.74,826
2998,7.30221,81.82216,2026-09-05,3.74,826
2999,7.304,81.81009,2026-09-05,4.77,826
3000,7.30447,81.83759,2026-09-05,7.65,826
3001,7.30683,81.82935,2026-09-05,10.23,826
3002,7.30746,81.66486,2026-09-05,6.26,-1
3003,7.32206,81.78776,2026-09-05,2.29,827
3004,7.3626,81.82111,2026-09-05,5.16,828
3005,7.39973,79.91376,2026-09-05,4.26,-1
3006,7.44445,81.74203,2026-09-05,8.4,829
3007,7.4885,81.72768,2026-09-05,7.0,-1
3008,7.50149,81.07175,2026-09-05,5.05,830
3009,7.50166,81.0718,2026-09-05,7.47,830
3010,7.51144,80.02458,2026-09-05,2.78,-1
3011,7.56126,81.77585,2026-09-05,1.25,-1
3012,7.59167,80.83134,2026-09-05,2.41,-1
3013,7.60346,81.00407,2026-09-05,4.52,-1
3014,7.60592,81.04877,2026-09-05,3.35,831
3015,7.60654,81.04838,2026-09-05,4.32,831
3016,7.6148,81.08079,2026-09-05,9.58,630
3017,7.61821,81.08028,2026-09-05,3.58,630
3018,7.62369,80.83762,2026-09-05,1.63,445
3019,7.62678,81.06778,2026-09-05,2.51,-1
3020,7.62707,80.83712,2026-09-05,1.63,445
3021,7.63089,80.6562,2026-09-05,3.24,-1
3022,7.6407,80.81288,2026-09-05,2.77,-1
3023,7.64571,80.82323,2026-09-05,2.22,832
3024,7.64909,80.82273,2026-09-05,2.95,832
3025,7.65567,81.16868,2026-09-05,9.04,-1
3026,7.66933,80.1969,2026-09-05,6.27,-1
3027,7.67097,81.17771,2026-09-05,4.4,-1
3028,7.68547,80.99552,2026-09-05,6.88,833
3029,7.68887,80.99501,2026-09-05,6.83,833
3030,7.69191,81.5574,2026-09-05,4.11,834
3031,7.69537,81.55688,2026-09-05,2.44,834
3032,7.70151,81.59878,2026-09-05,4.64,-1
3033,7.70464,81.14626,2026-09-05,6.9,835
3034,7.72235,81.0792,2026-09-05,4.54,120
3035,7.75209,80.72167,2026-09-05,2.58,-1
3036,7.75396,81.19886,2026-09-05,3.34,836
3037,7.75451,81.20256,2026-09-05,4.12,836
3038,7.7608,81.19785,2026-09-05,5.36,836
3039,7.76861,81.227,2026-09-05,14.43,837
3040,7.76915,81.23071,2026-09-05,10.17,837
3041,7.7832,81.0439,2026-09-05,12.3,838
3042,7.78416,81.55927,2026-09-05,4.22,839
3043,7.7866,81.04339,2026-09-05,12.3,838
3044,7.79055,81.04655,2026-09-05,2.31,838
3045,7.79189,80.17778,2026-09-05,1.97,-1
3046,7.79956,81.0602,2026-09-05,4.39,296
3047,7.81358,79.99068,2026-09-05,4.53,-1
3048,7.81826,81.20822,2026-09-05,2.92,448
3049,7.82896,79.84538,2026-09-05,2.42,840
3050,7.82949,79.84887,2026-09-05,2.42,840
3051,7.82964,81.0255,2026-09-05,1.79,-1
3052,7.84795,81.38319,2026-09-05,7.65,-1
3053,7.85643,80.04865,2026-09-05,3.86,-1
3054,7.86041,81.44298,2026-09-05,9.35,841
3055,7.86098,81.44675,2026-09-05,4.2,841
3056,7.86428,79.87926,2026-09-05,1.22,-1
3057,7.87753,80.62115,2026-09-05,3.3,842
3058,7.8793,80.6099,2026-09-05,3.66,843
3059,7.88299,81.43579,2026-09-05,2.79,844
3060,7.88822,81.42342,2026-09-05,10.85,845
3061,7.88961,80.65601,2026-09-05,3.5,846
3062,7.89167,81.42291,2026-09-05,8.01,845
3063,7.89688,80.65858,2026-09-05,3.76,846
3064,7.91173,80.61968,2026-09-05,7.52,847
3065,7.91204,80.30305,2026-09-05,6.46,-1
3066,7.91509,80.61917,2026-09-05,5.79,847
3067,7.91833,80.54915,2026-09-05,2.18,744
3068,7.93095,80.77126,2026-09-05,3.26,-1
3069,7.93164,80.56907,2026-09-05,2.75,127
3070,7.93501,80.56857,2026-09-05,2.95,127
3071,7.93732,81.18658,2026-09-05,2.04,301
3072,7.93822,81.05383,2026-09-05,3.19,-1
3073,7.94364,81.34592,2026-09-05,38.02,-1
3074,7.94659,81.31863,2026-09-05,8.62,848
3075,7.94947,81.31438,2026-09-05,14.73,848
3076,7.94978,79.83763,2026-09-05,3.3,-1
3077,7.96084,81.34336,2026-09-05,15.93,849
3078,7.9614,81.34711,2026-09-05,11.76,849
3079,7.96167,80.60851,2026-09-05,3.27,636
3080,7.96221,80.61208,2026-09-05,3.86,636
3081,7.96504,80.60799,2026-09-05,3.27,636
3082,7.96558,80.61158,2026-09-05,3.86,636
3083,7.97521,81.23369,2026-09-05,3.2,850
3084,7.97576,81.23741,2026-09-05,4.69,850
3085,7.97633,81.33685,2026-09-05,9.96,-1
3086,7.97869,80.25325,2026-09-05,8.31,-1
3087,7.98436,80.06512,2026-09-05,8.79,-1
3088,7.986,80.79264,2026-09-05,6.93,-1
3089,7.99265,80.41412,2026-09-05,5.65,747
3090,7.9979,80.38068,2026-09-05,6.15,851
3091,7.99843,80.38423,2026-09-05,6.15,851
3092,8.01719,81.42326,2026-09-05,5.04,852
3093,8.02176,81.43032,2026-09-05,2.79,852
3094,8.02232,81.4341,2026-09-05,2.79,852
3095,8.02516,81.16928,2026-09-05,7.9,853
3096,8.02535,80.63208,2026-09-05,4.24,749
3097,8.02858,81.16877,2026-09-05,7.9,853
3098,8.02988,81.41364,2026-09-05,3.89,-1
3099,8.0395,80.61161,2026-09-05,8.79,-1
3100,8.05222,80.25206,2026-09-05,5.49,854
3101,8.05383,80.10401,2026-09-05,7.27,564
3102,8.05503,80.24802,2026-09-05,3.89,854
3103,8.05838,80.6455,2026-09-05,2.0,855
3104,8.05978,79.87353,2026-09-05,4.55,-1
3105,8.08628,81.38984,2026-09-05,3.25,-1
3106,8.08633,81.36668,2026-09-05,5.79,856
3107,8.08893,81.36685,2026-09-05,5.64,856
3108,8.09138,79.92904,2026-09-05,14.3,-1
3109,8.10234,81.10136,2026-09-05,2.29,857
3110,8.11574,80.15222,2026-09-05,4.77,310
3111,8.12158,80.80904,2026-09-05,7.76,279
3112,8.12212,80.81266,2026-09-05,7.76,279
3113,8.12266,80.8163,2026-09-05,6.85,279
3114,8.12496,80.80852,2026-09-05,5.69,279
3115,8.1255,80.81214,2026-09-05,5.69,279
3116,8.12604,80.81579,2026-09-05,4.16,279
3117,8.12778,80.54986,2026-09-05,2.47,858
3118,8.16122,80.68085,2026-09-05,5.52,859
3119,8.16176,80.68446,2026-09-05,6.66,859
3120,8.17138,81.07531,2026-09-05,2.53,-1
3121,8.17441,80.63096,2026-09-05,2.95,-1
3122,8.17748,80.58276,2026-09-05,9.25,860
3123,8.20892,80.69186,2026-09-05,2.02,752
3124,8.21024,80.58482,2026-09-05,8.22,-1
3125,8.22299,80.97707,2026-09-05,2.02,861
3126,8.2587,80.32465,2026-09-05,5.93,315
3127,8.35222,80.17999,2026-09-05,1.91,-1
3128,8.35447,80.55137,2026-09-05,3.72,-1
3129,8.36094,80.59453,2026-09-05,1.93,-1
3130,8.3665,80.20679,2026-09-05,6.99,862
3131,8.36862,80.22093,2026-09-05,3.3,863
3132,8.37896,80.17594,2026-09-05,22.11,864
3133,8.3856,81.01615,2026-09-05,6.27,-1
3134,8.38724,81.02727,2026-09-05,6.44,-1
3135,8.39266,80.28991,2026-09-05,7.05,-1
3136,8.39913,81.03686,2026-09-05,6.81,-1
3137,8.39956,81.06335,2026-09-05,4.22,756
3138,8.40004,80.43096,2026-09-05,3.92,865
3139,8.4001,80.62553,2026-09-05,3.19,866
3140,8.4034,80.43046,2026-09-05,3.92,865
3141,8.42385,80.38354,2026-09-05,2.61,867
3142,8.42556,80.46367,2026-09-05,7.39,868
3143,8.42615,80.84453,2026-09-05,7.49,-1
3144,8.42892,80.46317,2026-09-05,7.39,868
3145,8.42995,80.56219,2026-09-05,2.51,869
3146,8.43594,80.67204,2026-09-05,11.39,-1
3147,8.44271,81.0949,2026-09-05,3.43,870
3148,8.44327,81.09863,2026-09-05,7.92,870
3149,8.44974,80.17898,2026-09-05,4.47,-1
3150,8.4546,80.6581,2026-09-05,5.8,-1
3151,8.46284,80.50578,2026-09-05,3.0,649
3152,8.46325,80.80936,2026-09-05,10.92,568
3153,8.46393,80.79059,2026-09-05,6.6,568
3154,8.46437,81.0993,2026-09-05,7.32,-1
3155,8.47132,80.49349,2026-09-05,1.59,649
3156,8.47204,80.65918,2026-09-05,3.54,-1
3157,8.47329,80.8303,2026-09-05,6.05,143
3158,8.47468,80.49299,2026-09-05,1.59,649
3159,8.47522,80.49657,2026-09-05,2.37,649
3160,8.47708,80.76251,2026-09-05,4.67,324
3161,8.47913,80.79951,2026-09-05,3.7,568
3162,8.48008,80.82928,2026-09-05,3.04,143
3163,8.48063,80.83294,2026-09-05,3.04,143
3164,8.48482,80.79119,2026-09-05,4.38,-1
3165,8.48918,80.82043,2026-09-05,6.89,143
3166,8.49118,80.76411,2026-09-05,5.13,-1
3167,8.49469,80.74122,2026-09-05,8.76,871
3168,8.49523,80.74486,2026-09-05,12.18,871
3169,8.49961,80.21492,2026-09-05,3.06,-1
3170,8.50354,80.66186,2026-09-05,4.53,872
3171,8.50431,80.62106,2026-09-05,2.91,-1
3172,8.50867,80.7652,2026-09-05,3.84,477
3173,8.51206,80.76469,2026-09-05,3.0,477
3174,8.51689,80.82001,2026-09-05,5.01,-1
3175,8.52262,80.27681,2026-09-05,4.82,-1
3176,8.52282,80.41543,2026-09-05,15.94,-1
3177,8.53777,80.77148,2026-09-05,3.59,-1
3178,8.53882,80.85044,2026-09-05,4.79,329
3179,8.54884,80.63599,2026-09-05,2.2,873
3180,8.54917,80.75482,2026-09-05,10.97,-1
3181,8.55502,80.72415,2026-09-05,5.26,874
3182,8.55556,80.72779,2026-09-05,4.63,874
3183,8.56221,80.65617,2026-09-05,6.85,875
3184,8.56501,80.8385,2026-09-05,4.76,654
3185,8.566,80.589,2026-09-05,5.11,876
3186,8.56992,80.77787,2026-09-05,7.86,877
3187,8.58073,80.36644,2026-09-05,3.71,333
3188,8.58355,80.36236,2026-09-05,3.71,333
3189,8.58409,80.36593,2026-09-05,3.71,333
3190,8.59053,80.52262,2026-09-05,3.17,-1
3191,8.59385,80.63658,2026-09-05,3.56,-1
3192,8.6058,80.83237,2026-09-05,7.64,878
3193,8.60616,80.9755,2026-09-05,3.01,879
3194,8.60958,80.975,2026-09-05,5.7,879
3195,8.61067,80.48598,2026-09-05,3.91,691
3196,8.6112,80.48957,2026-09-05,14.4,691
3197,8.62532,81.01054,2026-09-05,5.17,481
3198,8.62896,80.51635,2026-09-05,4.29,765
3199,8.6293,81.01375,2026-09-05,4.46,481
3200,8.6294,80.99097,2026-09-05,6.7,-1
3201,8.6295,80.51996,2026-09-05,4.29,765
3202,8.62985,81.01746,2026-09-05,4.34,481
3203,8.63106,81.0021,2026-09-05,2.32,481
3204,8.63271,81.01324,2026-09-05,4.46,481
3205,8.63327,81.01696,2026-09-05,4.34,481
3206,8.63503,81.0053,2026-09-05,4.32,481
3207,8.64641,80.33406,2026-09-05,3.67,-1
3208,8.65036,80.87457,2026-09-05,4.64,880
3209,8.65211,80.86302,2026-09-05,7.2,-1
3210,8.65376,80.87405,2026-09-05,4.64,880
3211,8.65415,81.06326,2026-09-05,2.47,-1
3212,8.6632,80.51487,2026-09-05,17.0,-1
3213,8.66455,80.47787,2026-09-05,4.69,-1
3214,8.67016,80.84117,2026-09-05,8.18,340
3215,8.67071,80.84486,2026-09-05,22.92,340
3216,8.67411,80.84435,2026-09-05,22.92,340
3217,8.67725,80.70167,2026-09-05,3.66,-1
3218,8.68765,80.35707,2026-09-05,14.63,881
3219,8.69047,80.353,2026-09-05,14.63,881
3220,8.69101,80.35657,2026-09-05,14.63,881
3221,8.69288,81.01921,2026-09-05,6.12,882
3222,8.69343,81.02293,2026-09-05,8.56,882
3223,8.69478,80.7962,2026-09-05,6.67,-1
3224,8.6963,81.01871,2026-09-05,14.61,882
3225,8.69685,81.02242,2026-09-05,34.68,882
3226,8.69899,80.28534,2026-09-05,2.41,150
3227,8.70245,81.13233,2026-09-05,3.03,-1
3228,8.70351,80.85501,2026-09-05,6.71,766
3229,8.70406,80.85869,2026-09-05,6.71,766
3230,8.72964,80.96056,2026-09-05,3.93,-1
3231,8.74935,80.53083,2026-09-05,7.94,883
3232,8.75043,80.53805,2026-09-05,4.26,883
3233,8.75096,80.54166,2026-09-05,4.52,883
3234,8.75219,80.52672,2026-09-05,1.71,883
3235,8.75273,80.53033,2026-09-05,1.71,883
3236,8.76241,78.10452,2026-09-05,2.68,884
3237,8.76995,80.10387,2026-09-05,4.48,-1
3238,8.79525,80.56088,2026-09-05,4.55,885
3239,8.7973,80.39112,2026-09-05,5.15,886
3240,8.79784,80.39472,2026-09-05,6.19,886
3241,8.80806,80.99785,2026-09-05,9.27,887
3242,8.8086,81.00157,2026-09-05,9.27,887
3243,8.81116,80.85354,2026-09-05,4.45,888
3244,8.81148,80.57696,2026-09-05,6.13,769
3245,8.81203,81.00107,2026-09-05,9.27,887
3246,8.8223,80.99955,2026-09-05,5.32,-1
3247,8.83201,80.99429,2026-09-05,3.73,347
3248,8.83324,80.86153,2026-09-05,3.26,-1
3249,8.83489,80.47026,2026-09-05,5.31,-1
3250,8.83842,80.44763,2026-09-05,4.07,-1
3251,8.85021,80.74253,2026-09-05,7.86,889
3252,8.85206,80.33175,2026-09-05,13.35,-1
3253,8.85361,80.74201,2026-09-05,14.2,889
3254,8.8651,80.74441,2026-09-05,2.97,889
3255,8.88087,80.66352,2026-09-05,6.01,-1
3256,8.88978,80.86481,2026-09-05,4.77,-1
3257,8.91298,80.88026,2026-09-05,19.97,890
3258,8.91352,80.88396,2026-09-05,10.26,890
3259,8.91912,80.68765,2026-09-05,9.06,891
3260,8.91925,80.87554,2026-09-05,4.03,890
3261,8.92369,80.78816,2026-09-05,1.96,770
3262,8.92709,80.78766,2026-09-05,4.77,770
3263,8.94015,80.78194,2026-09-05,6.32,671
3264,8.943,80.77776,2026-09-05,5.79,671
3265,8.94302,80.8947,2026-09-05,5.07,892
3266,8.94314,80.37978,2026-09-05,5.81,893
3267,8.94355,80.78143,2026-09-05,6.32,671
3268,8.95551,80.76838,2026-09-05,4.13,894
3269,8.95918,80.58051,2026-09-05,20.83,-1
3270,8.96129,80.87682,2026-09-05,4.8,-1
3271,8.96636,80.88741,2026-09-05,4.81,-1
3272,8.99586,80.6644,2026-09-05,10.73,-1
3273,9.00062,80.81387,2026-09-05,5.24,-1
3274,9.04103,80.44921,2026-09-05,5.52,895
3275,9.07612,80.40704,2026-09-05,2.15,-1
3276,9.07853,80.46942,2026-09-05,3.71,896
3277,9.21617,80.32276,2026-09-05,2.46,897
3278,9.22275,80.66697,2026-09-05,3.32,665
3279,9.30931,78.79927,2026-09-05,4.62,-1
3280,9.33446,77.69536,2026-09-05,7.2,-1
3281,9.38173,80.51563,2026-09-05,3.37,898
3282,9.39164,80.4658,2026-09-05,3.04,-1
3283,9.39375,78.88885,2026-09-05,4.57,899
3284,9.4007,80.457,2026-09-05,3.23,-1
3285,9.41381,80.42905,2026-09-05,1.79,-1
3286,9.41477,80.45859,2026-09-05,1.4,900
3287,9.41815,80.45808,2026-09-05,1.08,900
3288,9.41869,80.46172,2026-09-05,1.47,900
3289,9.62122,77.4757,2026-09-05,5.38,-1
3290,9.62942,80.3325,2026-09-05,2.0,-1
3291,9.76186,79.01588,2026-09-05,1.74,-1
3292,9.76191,80.18646,2026-09-05,4.1,-1
3293,9.77927,80.18752,2026-09-05,3.52,901
3294,10.54381,79.22341,2026-09-05,5.35,-1
3295,10.71104,79.432,2026-09-05,6.82,-1
3296,10.79202,79.03259,2026-09-05,10.43,-1
3297,10.82872,79.18511,2026-09-05,2.98,902
3298,10.83204,79.18459,2026-09-05,2.98,902
3299,10.85818,78.95408,2026-09-05,4.71,-1
3300,10.87647,79.25341,2026-09-05,2.99,-1
3301,10.92989,77.06577,2026-09-05,3.75,903
3302,10.98545,78.22152,2026-09-05,4.83,-1
3303,11.00525,77.1251,2026-09-05,7.94,-1
3304,11.48627,78.88146,2026-09-05,4.68,-1
3305,11.57037,79.64236,2026-09-05,1.41,-1
3306,11.81176,79.62698,2026-09-05,3.95,-1
3307,11.85545,78.73141,2026-09-05,2.96,-1
3308,11.89135,78.72217,2026-09-05,1.26,-1
3309,11.96047,78.80122,2026-09-05,4.31,904
3310,11.96101,78.80475,2026-09-05,7.02,904
3311,12.09322,79.02973,2026-09-05,3.38,-1
3312,12.80918,79.95596,2026-09-05,4.06,905
3313,12.83815,79.94009,2026-09-05,5.26,-1
3314,12.85665,79.94463,2026-09-05,4.58,906
3315,12.86005,79.94411,2026-09-05,2.67,906
3316,12.87172,80.07278,2026-09-05,1.57,-1
3317,12.93002,76.32658,2026-09-05,4.73,-1
3318,13.14227,79.26152,2026-09-05,1.48,-1
3319,13.29584,80.0663,2026-09-05,4.15,907
3320,13.29621,80.06625,2026-09-05,2.46,907
3321,13.66856,78.35713,2026-09-05,3.12,-1
3322,13.88681,77.37984,2026-09-05,8.42,-1
3323,13.98457,78.95074,2026-09-05,7.01,-1
3324,13.9938,78.45014,2026-09-05,5.97,-1
3325,14.07302,79.44398,2026-09-05,5.39,-1
3326,14.21456,79.22671,2026-09-05,9.3,-1
3327,14.2971,79.05283,2026-09-05,9.37,-1
3328,14.46633,77.33766,2026-09-05,5.56,-1
3329,14.52509,79.062,2026-09-05,4.51,-1
3330,14.57245,79.93675,2026-09-05,12.86,908
3331,14.57326,79.93592,2026-09-05,6.63,908
3332,14.57383,79.93979,2026-09-05,6.63,908
3333,14.59007,76.56956,2026-09-05,2.28,-1
3334,14.66624,79.76509,2026-09-05,3.1,-1
3335,14.66658,78.99778,2026-09-05,3.54,-1
3336,14.68695,79.73852,2026-09-05,6.04,909
3337,14.69037,79.738,2026-09-05,6.04,909
3338,14.77525,79.79544,2026-09-05,25.68,-1
3339,14.89181,79.23329,2026-09-05,9.19,910
3340,14.95491,75.19309,2026-09-05,2.89,-1
3341,15.05285,77.10738,2026-09-05,3.63,-1
3342,15.08564,77.31834,2026-09-05,7.62,911
3343,15.16295,78.87427,2026-09-05,3.6,-1
3344,15.16875,76.38062,2026-09-05,5.59,592
3345,15.17266,76.66496,2026-09-05,5.73,133
3346,15.17484,76.65714,2026-09-05,3.25,133
3347,15.17818,76.65657,2026-09-05,3.25,133
3348,15.18627,76.31717,2026-09-05,5.01,912
3349,15.22651,76.76752,2026-09-05,8.29,220
3350,15.4074,80.12518,2026-09-05,6.1,-1
3351,15.45176,79.12704,2026-09-05,5.98,-1
3352,15.54765,78.12994,2026-09-05,3.47,-1
3353,15.57417,78.94083,2026-09-05,3.19,-1
3354,15.60291,79.61507,2026-09-05,6.08,-1
3355,15.82935,79.52122,2026-09-05,9.8,-1
3356,15.9341,78.1999,2026-09-05,2.24,-1
3357,15.9781,78.4109,2026-09-05,3.85,-1
3358,16.18071,75.15405,2026-09-05,7.59,-1
3359,16.27423,78.39685,2026-09-05,2.49,-1
3360,16.27654,80.32413,2026-09-05,4.93,-1
3361,16.46479,79.59985,2026-09-05,3.25,-1
3362,16.49307,79.94553,2026-09-05,5.38,-1
3363,16.51543,78.36472,2026-09-05,3.19,-1
3364,16.59789,77.40491,2026-09-05,7.02,-1
3365,16.8774,79.9932,2026-09-05,3.15,-1
3366,17.07409,78.59189,2026-09-05,3.91,-1
3367,17.75859,75.82333,2026-09-05,6.23,-1
3368,19.02065,72.89297,2026-09-05,4.9,-1
3369,19.09782,82.1674,2026-09-05,6.04,19
3370,19.10191,82.16685,2026-09-05,4.75,19
3371,20.86472,84.9909,2026-09-05,6.34,84
3372,20.96047,85.18738,2026-09-05,3.52,61
3373,20.9636,85.16774,2026-09-05,6.38,61
3374,20.96741,85.15464,2026-09-05,4.32,61
3375,20.96937,85.17357,2026-09-05,4.26,61
3376,20.9697,85.17672,2026-09-05,4.26,61
3377,20.97448,85.17305,2026-09-05,3.48,61
3378,21.10671,72.64536,2026-09-05,7.04,65
3379,21.7415,83.84051,2026-09-05,5.4,584
3380,21.74623,83.83998,2026-09-05,5.4,584
3381,21.74681,83.84541,2026-09-05,13.65,584
3382,21.75626,83.84433,2026-09-05,11.19,584
3383,21.92067,83.35186,2026-09-05,7.73,94
3384,22.3772,87.27846,2026-09-05,6.49,522
3385,22.831,69.52864,2026-09-05,2.4,-1
3386,23.68271,86.39385,2026-09-05,8.81,613
3387,23.71049,86.45036,2026-09-05,5.0,530
3388,23.73798,86.4348,2026-09-05,3.33,531
3389,23.75821,86.40292,2026-09-05,4.62,585
3390,23.75978,86.40414,2026-09-05,4.93,585
3391,23.78617,85.55293,2026-09-05,4.76,536
3392,27.65105,68.4608,2026-09-05,4.34,-1
3393,30.60174,73.64675,2026-09-05,2.55,-1
3394,31.20992,73.72583,2026-09-05,8.31,913
3395,31.21054,73.72984,2026-09-05,5.02,913
3396,31.21322,73.72516,2026-09-05,4.89,913
3397,31.23082,75.08361,2026-09-05,4.59,-1
3398,31.73204,74.48511,2026-09-05,4.36,-1
3399,34.09272,72.01049,2026-09-05,3.05,914
3400,34.09602,72.00973,2026-09-05,3.05,914
3401,27.37908,95.33517,2026-09-05,0.85,99
3402,20.86821,96.38884,2026-09-05,1.12,-1
3403,22.3653,87.01733,2026-09-05,3.35,520
3404,22.37548,87.27741,2026-09-05,4.57,522
3405,22.38052,87.27566,2026-09-05,3.53,522
3406,23.55211,87.24216,2026-09-05,3.82,100
3407,23.55509,87.23924,2026-09-05,4.18,100
3408,23.61425,86.7878,2026-09-05,1.33,702
3409,23.6648,87.15537,2026-09-05,1.48,102
3410,23.6887,87.11978,2026-09-05,2.7,614
3411,23.69161,87.117,2026-09-05,4.15,614
3412,23.69583,87.12045,2026-09-05,2.7,614
3413,23.69684,87.10555,2026-09-05,4.09,614
3414,15.12367,94.78321,2026-09-05,2.34,915
3415,15.1244,94.77791,2026-09-05,2.34,915
3416,15.12766,94.78379,2026-09-05,2.13,915
3417,15.12839,94.77849,2026-09-05,2.13,915
3418,29.47524,76.8587,2026-09-05,0.88,161
3419,31.25029,76.9273,2026-09-05,0.57,239
3420,32.08572,74.16138,2026-09-05,1.04,916
3421,32.10323,74.17525,2026-09-05,0.92,917
3422,33.29705,71.18685,2026-09-05,0.8,172
3423,33.80225,72.09641,2026-09-05,0.66,88
3424,35.96627,68.68471,2026-09-05,1.37,182
3425,15.02384,78.01737,2026-09-05,2.21,541
3426,15.07068,76.86605,2026-09-05,2.19,726
3427,15.13741,76.7094,2026-09-05,1.14,215
3428,15.16829,76.67445,2026-09-05,0.73,133
3429,15.16858,76.3791,2026-09-05,1.64,592
3430,15.16894,76.67054,2026-09-05,0.73,133
3431,15.17135,76.38354,2026-09-05,0.76,592
3432,15.17255,76.69141,2026-09-05,2.3,543
3433,15.17453,76.67966,2026-09-05,1.17,133
3434,15.17463,76.78519,2026-09-05,2.58,918
3435,15.17504,76.65553,2026-09-05,1.51,133
3436,15.17519,76.67574,2026-09-05,1.16,133
3437,15.17545,77.10278,2026-09-05,1.48,727
3438,15.17783,76.66007,2026-09-05,1.51,133
3439,15.17849,76.65616,2026-09-05,1.51,133
3440,15.17865,76.67638,2026-09-05,2.25,133
3441,15.17896,77.10342,2026-09-05,1.47,727
3442,15.18062,76.66463,2026-09-05,1.48,133
3443,15.18342,76.66917,2026-09-05,1.48,133
3444,15.18408,76.66525,2026-09-05,1.48,133
3445,15.18638,76.31535,2026-09-05,1.39,912
3446,15.18671,76.64958,2026-09-05,1.58,133
3447,15.22608,76.76495,2026-09-05,1.06,220
3448,15.22675,76.76101,2026-09-05,1.06,220
3449,15.3005,76.22136,2026-09-05,0.72,810
3450,15.309,76.2541,2026-09-05,0.61,919
3451,15.33179,76.28551,2026-09-05,0.84,420
3452,15.3352,76.28614,2026-09-05,0.84,420
3453,15.65858,73.99101,2026-09-05,0.59,221
3454,15.65914,73.98743,2026-09-05,0.59,221
3455,17.13956,77.17656,2026-09-05,1.56,920
3456,17.14167,77.18513,2026-09-05,1.68,920
3457,17.60749,83.20487,2026-09-05,2.84,135
3458,17.61234,83.206,2026-09-05,2.84,135
3459,17.95661,80.79498,2026-09-05,1.26,793
3460,18.04078,74.8643,2026-09-05,0.83,-1
3461,20.75956,85.29154,2026-09-05,1.38,517
3462,20.79357,85.26019,2026-09-05,2.35,58
3463,20.79505,85.25336,2026-09-05,4.69,58
3464,20.80538,85.25605,2026-09-05,2.3,58
3465,20.86291,84.98999,2026-09-05,1.56,84
3466,20.86363,84.98669,2026-09-05,2.97,84
3467,20.8673,84.99452,2026-09-05,1.56,84
3468,20.86803,84.99112,2026-09-05,1.56,84
3469,20.88534,84.98534,2026-09-05,1.67,87
3470,20.88604,84.98206,2026-09-05,1.67,87
3471,20.95163,86.04891,2026-09-05,4.04,90
3472,20.9525,86.045,2026-09-05,4.04,90
3473,20.95564,85.01325,2026-09-05,1.33,795
3474,20.95634,85.01005,2026-09-05,1.61,795
3475,20.96087,86.00738,2026-09-05,3.85,62
3476,20.96112,85.18789,2026-09-05,1.67,61
3477,20.96185,85.18448,2026-09-05,4.52,61
3478,20.9647,85.1712,2026-09-05,2.04,61
3479,20.9654,85.16793,2026-09-05,2.04,61
3480,20.96543,86.01258,2026-09-05,2.55,62
3481,20.96611,85.16463,2026-09-05,1.93,61
3482,20.96626,86.00883,2026-09-05,2.55,62
3483,20.96627,85.18915,2026-09-05,1.67,61
3484,20.96822,85.15479,2026-09-05,2.87,61
3485,20.96894,85.15144,2026-09-05,5.08,61
3486,20.96912,85.1758,2026-09-05,4.27,61
3487,20.96983,85.17253,2026-09-05,2.04,61
3488,20.97081,86.01405,2026-09-05,2.55,62
3489,20.97165,86.01027,2026-09-05,2.55,62
3490,20.97332,86.00273,2026-09-05,5.04,62
3491,20.97495,85.17385,2026-09-05,1.44,61
3492,20.97565,85.17059,2026-09-05,1.44,61
3493,20.97636,85.1673,2026-09-05,1.86,61
3494,20.97758,85.13626,2026-09-05,1.68,921
3495,20.97829,85.13296,2026-09-05,2.12,921
3496,20.98341,85.13425,2026-09-05,1.44,921
3497,21.00243,86.02597,2026-09-05,3.58,922
3498,21.33674,78.97054,2026-09-05,1.04,92
3499,21.57817,82.02279,2026-09-05,1.82,923
3500,21.96996,85.3136,2026-09-05,1.69,924
3501,22.05124,88.12263,2026-09-05,1.99,518
3502,22.05524,88.12738,2026-09-05,1.6,518
3503,22.05639,88.1225,2026-09-05,1.6,518
3504,22.05721,88.12426,2026-09-05,1.99,518
3505,22.20868,84.86357,2026-09-05,3.01,66
3506,22.24478,87.38964,2026-09-05,0.71,519
3507,22.36147,87.01765,2026-09-05,1.12,520
3508,22.36242,87.30013,2026-09-05,1.39,612
3509,22.36706,87.01907,2026-09-05,1.12,520
3510,22.36731,87.30403,2026-09-05,2.06,612
3511,22.36808,87.30167,2026-09-05,2.1,612
3512,22.36829,87.29976,2026-09-05,1.67,612
3513,22.36908,87.2974,2026-09-05,0.53,612
3514,22.37874,87.28191,2026-09-05,1.08,522
3515,22.37881,87.27996,2026-09-05,2.47,522
3516,22.37973,87.27766,2026-09-05,1.08,522
3517,22.57162,85.89843,2026-09-05,1.39,791
3518,22.57186,85.89901,2026-09-05,1.32,791
3519,22.57237,85.89508,2026-09-05,1.39,791
3520,22.5726,85.89563,2026-09-05,1.32,791
3521,22.57314,85.89168,2026-09-05,1.6,791
3522,22.57335,85.89222,2026-09-05,1.64,791
3523,22.59233,85.90408,2026-09-05,0.78,791
3524,22.61234,85.91286,2026-09-05,0.63,925
3525,22.78704,86.20657,2026-09-05,2.71,97
3526,22.78784,86.20303,2026-09-05,2.71,97
3527,22.78863,86.19949,2026-09-05,1.26,97
3528,22.78942,86.19597,2026-09-05,1.26,97
3529,22.7975,86.20966,2026-09-05,1.44,97
3530,22.79832,86.20602,2026-09-05,1.44,97
3531,22.80193,86.09046,2026-09-05,2.09,926
3532,22.87299,86.06194,2026-09-05,1.62,927
3533,22.87387,86.06493,2026-09-05,0.9,927
3534,22.87465,86.06137,2026-09-05,0.9,927
3535,23.5474,86.53539,2026-09-05,0.53,-1
3536,23.64866,85.44,2026-09-05,0.32,704
3537,23.64934,85.43687,2026-09-05,0.32,704
3538,23.65503,85.5074,2026-09-05,1.06,928
3539,23.65894,85.50828,2026-09-05,1.23,928
3540,23.66264,87.15807,2026-09-05,2.21,102
3541,23.66354,87.15416,2026-09-05,2.85,102
3542,23.67692,86.08581,2026-09-05,1.1,20
3543,23.67832,86.39969,2026-09-05,3.47,613
3544,23.67911,86.39612,2026-09-05,1.9,613
3545,23.67989,86.39262,2026-09-05,1.9,613
3546,23.68052,86.094,2026-09-05,0.93,20
3547,23.68354,86.3924,2026-09-05,4.39,613
3548,23.69034,86.43555,2026-09-05,0.77,-1
3549,23.69439,85.372,2026-09-05,3.4,528
3550,23.6945,85.37199,2026-09-05,3.98,528
3551,23.69453,86.07994,2026-09-05,0.75,20
3552,23.70117,86.07451,2026-09-05,0.77,20
3553,23.70973,86.44808,2026-09-05,2.15,530
3554,23.71498,86.44942,2026-09-05,2.22,530
3555,23.73551,86.43227,2026-09-05,1.68,531
3556,23.74075,86.43363,2026-09-05,1.41,531
3557,23.75568,85.85284,2026-09-05,0.97,533
3558,23.75916,86.40092,2026-09-05,1.87,585
3559,23.78521,85.55125,2026-09-05,0.87,536
3560,23.79019,85.55246,2026-09-05,0.87,536
3561,24.44885,83.0391,2026-09-05,0.66,-1
3562,25.38617,68.58049,2026-09-05,1.89,195
3563,25.38985,68.5817,2026-09-05,1.86,195
3564,26.75865,83.20107,2026-09-05,1.1,699
3565,8.12086,80.55772,2026-09-05,1.13,858
3566,11.6361,77.65678,2026-09-05,2.4,-1
3567,12.62502,79.78784,2026-09-05,1.63,-1
3568,13.16061,80.2888,2026-09-05,1.1,790
3569,13.16123,80.28672,2026-09-05,2.49,790
3570,13.16142,80.28448,2026-09-05,1.99,790
3571,13.41842,75.98045,2026-09-05,0.73,-1
3572,13.71024,79.61983,2026-09-05,1.7,808
3573,13.89843,76.56497,2026-09-05,1.25,262
3574,14.15012,77.59451,2026-09-05,1.16,929
3575,14.15089,77.59003,2026-09-05,2.02,929
3576,17.60913,83.20568,2026-09-05,6.72,135
3577,17.6949,83.24507,2026-09-05,3.38,930
3578,18.71578,79.54022,2026-09-05,1.46,794
3579,18.72045,79.53607,2026-09-05,1.46,794
3580,19.09932,82.16781,2026-09-05,3.2,19
3581,19.10373,82.16882,2026-09-05,1.32,19
3582,20.65857,78.49527,2026-09-05,0.7,-1
3583,20.90938,71.45822,2026-09-05,1.45,237
3584,21.1028,72.63883,2026-09-05,4.18,65
3585,21.10341,72.63448,2026-09-05,5.41,65
3586,21.10517,72.6481,2026-09-05,6.41,65
3587,21.10577,72.64375,2026-09-05,8.99,65
3588,21.11057,72.63561,2026-09-05,4.62,65
3589,27.85909,95.18375,2026-09-06,2.18,931
3590,27.85981,95.18361,2026-09-06,1.57,931
3591,27.87185,96.92667,2026-09-06,13.81,932
3592,27.87505,96.91943,2026-09-06,5.64,932
3593,27.87594,96.92361,2026-09-06,13.81,932
3594,27.88107,96.92548,2026-09-06,5.9,932
3595,6.13792,81.04801,2026-09-06,4.6,-1
3596,6.14477,81.02021,2026-09-06,6.65,-1
3597,6.22826,80.84173,2026-09-06,6.27,-1
3598,6.3734,80.78799,2026-09-06,8.95,-1
3599,6.38152,81.02921,2026-09-06,3.96,933
3600,6.41315,81.08602,2026-09-06,21.13,934
3601,6.45064,81.04218,2026-09-06,4.44,-1
3602,6.51854,80.91232,2026-09-06,4.88,935
3603,6.52024,80.91105,2026-09-06,5.9,935
3604,6.52079,80.76308,2026-09-06,3.7,735
3605,6.59875,80.79769,2026-09-06,6.85,-1
3606,6.60208,80.96151,2026-09-06,6.43,-1
3607,6.61155,80.78236,2026-09-06,2.15,936
3608,6.61357,80.78343,2026-09-06,4.7,936
3609,6.70751,81.38259,2026-09-06,11.19,622
3610,6.75454,81.35403,2026-09-06,11.62,819
3611,6.78676,81.53317,2026-09-06,6.74,78
3612,6.814,81.52053,2026-09-06,6.31,937
3613,6.82884,81.46439,2026-09-06,2.93,-1
3614,6.84022,81.46677,2026-09-06,10.8,-1
3615,6.8483,81.40302,2026-09-06,3.42,938
3616,6.85239,81.03367,2026-09-06,3.41,939
3617,6.86452,81.32029,2026-09-06,6.07,-1
3618,6.8768,81.67124,2026-09-06,19.23,595
3619,6.87744,81.67522,2026-09-06,19.23,595
3620,6.8797,81.66669,2026-09-06,5.67,595
3621,6.88034,81.67067,2026-09-06,19.23,595
3622,6.88098,81.67465,2026-09-06,19.23,595
3623,6.98437,81.59746,2026-09-06,10.62,259
3624,6.986,81.5849,2026-09-06,12.33,259
3625,6.98664,81.5889,2026-09-06,13.38,259
3626,6.99438,81.5918,2026-09-06,6.7,259
3627,6.99694,81.60781,2026-09-06,6.84,259
3628,7.10436,81.25865,2026-09-06,10.5,-1
3629,7.22925,81.54749,2026-09-06,12.05,-1
3630,7.33192,81.83062,2026-09-06,7.0,826
3631,7.3712,81.71616,2026-09-06,5.74,940
3632,7.41811,81.62414,2026-09-06,4.13,-1
3633,7.42337,81.72427,2026-09-06,3.38,-1
3634,7.42859,81.66696,2026-09-06,4.84,628
3635,7.60936,80.93732,2026-09-06,7.12,2
3636,7.61,80.94065,2026-09-06,13.52,2
3637,7.61005,80.94154,2026-09-06,7.12,2
3638,7.69491,80.81984,2026-09-06,7.2,941
3639,7.69565,80.82321,2026-09-06,5.79,941
3640,7.77909,81.10803,2026-09-06,4.55,-1
3641,7.84125,80.23163,2026-09-06,6.36,942
3642,7.84201,80.23619,2026-09-06,4.13,942
3643,7.84577,80.23558,2026-09-06,4.13,942
3644,7.87201,80.30141,2026-09-06,7.11,-1
3645,7.89036,80.43704,2026-09-06,13.18,-1
3646,7.91617,80.31277,2026-09-06,13.18,-1
3647,7.95103,80.12518,2026-09-06,8.13,745
3648,7.95897,81.18918,2026-09-06,5.46,453
3649,8.00894,81.30312,2026-09-06,2.97,943
3650,8.01671,81.30602,2026-09-06,9.02,943
3651,8.02274,80.63313,2026-09-06,11.54,749
3652,8.03835,80.35418,2026-09-06,7.63,308
3653,8.08336,80.1761,2026-09-06,8.84,-1
3654,8.11108,80.60191,2026-09-06,4.13,-1
3655,8.12533,80.55049,2026-09-06,5.23,858
3656,8.15541,80.45531,2026-09-06,7.45,-1
3657,8.22669,80.60183,2026-09-06,4.55,-1
3658,8.22726,80.32596,2026-09-06,2.74,944
3659,8.23099,80.32535,2026-09-06,2.74,944
3660,8.2361,80.16422,2026-09-06,5.42,945
3661,8.23612,80.1665,2026-09-06,6.0,945
3662,8.25071,80.2575,2026-09-06,4.58,946
3663,8.255,80.25446,2026-09-06,4.7,946
3664,8.25819,80.25628,2026-09-06,8.63,946
3665,8.26466,80.15013,2026-09-06,1.55,645
3666,8.26842,80.14952,2026-09-06,10.91,645
3667,8.27718,81.00146,2026-09-06,8.12,-1
3668,8.29321,80.18297,2026-09-06,9.1,-1
3669,8.29433,80.57742,2026-09-06,15.45,-1
3670,8.30794,81.00919,2026-09-06,5.61,299
3671,8.36934,80.17639,2026-09-06,12.84,-1
3672,8.40032,80.43282,2026-09-06,14.49,865
3673,8.42356,80.34282,2026-09-06,4.74,-1
3674,8.4589,80.62856,2026-09-06,6.95,-1
3675,8.47988,80.45582,2026-09-06,5.17,648
3676,8.48052,80.82955,2026-09-06,12.26,143
3677,8.48561,80.74661,2026-09-06,6.65,-1
3678,8.4977,80.24945,2026-09-06,15.55,947
3679,8.50583,80.82543,2026-09-06,15.74,143
3680,8.50974,80.18266,2026-09-06,23.97,604
3681,8.51251,80.54554,2026-09-06,3.9,948
3682,8.51295,80.54437,2026-09-06,3.69,948
3683,8.51461,80.60179,2026-09-06,13.37,949
3684,8.51488,80.78951,2026-09-06,7.49,-1
3685,8.51827,80.60117,2026-09-06,18.88,949
3686,8.53316,80.83387,2026-09-06,10.43,653
3687,8.56329,80.62575,2026-09-06,11.53,950
3688,8.5646,80.74776,2026-09-06,40.67,951
3689,8.60105,80.55779,2026-09-06,17.5,-1
3690,8.61943,80.69527,2026-09-06,7.65,762
3691,8.62829,80.68075,2026-09-06,8.73,657
3692,8.63712,80.64507,2026-09-06,5.86,952
3693,8.63741,80.64435,2026-09-06,4.35,952
3694,8.64313,78.06151,2026-09-06,3.63,953
3695,8.64496,78.06096,2026-09-06,3.84,953
3696,8.64888,80.62563,2026-09-06,6.18,954
3697,8.65905,80.50457,2026-09-06,10.58,692
3698,8.69569,77.7998,2026-09-06,12.9,-1
3699,8.69938,80.40393,2026-09-06,6.06,-1
3700,8.74934,80.53089,2026-09-06,11.42,883
3701,8.75005,80.53522,2026-09-06,16.54,883
3702,8.75129,77.44485,2026-09-06,6.9,-1
3703,8.78857,80.56424,2026-09-06,5.45,885
3704,8.7964,80.58931,2026-09-06,7.92,768
3705,8.89297,80.58804,2026-09-06,11.58,-1
3706,8.89856,80.87868,2026-09-06,4.45,955
3707,8.89988,80.87962,2026-09-06,5.99,955
3708,8.91521,80.44745,2026-09-06,6.67,153
3709,8.92181,80.53501,2026-09-06,7.21,-1
3710,8.94726,80.80805,2026-09-06,4.81,-1
3711,8.95371,80.87083,2026-09-06,4.19,-1
3712,8.97766,80.79027,2026-09-06,10.07,-1
3713,8.99992,80.78308,2026-09-06,7.0,956
3714,9.21651,80.32494,2026-09-06,8.53,897
3715,9.23311,78.75137,2026-09-06,2.59,-1
3716,9.37995,80.32283,2026-09-06,8.4,-1
3717,9.38268,80.52093,2026-09-06,7.72,898
3718,9.69221,77.82102,2026-09-06,4.64,-1
3719,9.78295,77.51691,2026-09-06,10.03,-1
3720,11.19149,79.82079,2026-09-06,6.32,-1
3721,11.73491,76.77407,2026-09-06,6.41,-1
3722,14.64825,75.44234,2026-09-06,4.6,-1
3723,14.76573,77.04627,2026-09-06,5.72,-1
3724,14.90104,77.50089,2026-09-06,7.0,-1
3725,15.08584,77.31924,2026-09-06,7.01,911
3726,15.17639,76.65804,2026-09-06,4.81,133
3727,15.18268,76.66901,2026-09-06,4.48,133
3728,17.24984,78.81324,2026-09-06,4.69,-1
3729,17.31903,82.25283,2026-09-06,3.74,-1
3730,17.6088,83.20451,2026-09-06,4.73,135
3731,18.31238,82.37919,2026-09-06,2.64,-1
3732,18.70286,72.34399,2026-09-06,1.7,-1
3733,19.33445,83.43093,2026-09-06,3.33,-1
3734,20.53382,85.9104,2026-09-06,7.0,957
3735,20.96956,86.01638,2026-09-06,7.92,62
3736,21.10245,72.63563,2026-09-06,7.51,65
3737,21.10482,72.64702,2026-09-06,6.89,65
3738,22.35737,82.30364,2026-09-06,7.02,198
3739,22.36074,82.30308,2026-09-06,4.18,198
3740,22.78975,86.19833,2026-09-06,4.84,97
3741,23.63325,70.43996,2026-09-06,4.13,-1
3742,24.1597,82.56544,2026-09-06,3.44,792
3743,25.70847,73.58088,2026-09-06,2.5,-1
3744,26.63973,72.26364,2026-09-06,3.86,-1
3745,27.64392,69.48135,2026-09-06,2.23,-1
3746,27.9254,69.84502,2026-09-06,2.71,958
3747,27.92614,69.84824,2026-09-06,2.71,958
3748,30.8377,72.16951,2026-09-06,2.38,-1
3749,31.20359,72.1606,2026-09-06,1.24,-1
3750,30.06614,96.97713,2026-09-06,1.37,589
3751,27.37661,95.33383,2026-09-06,1.04,99
3752,27.37713,95.33389,2026-09-06,0.49,99
3753,27.31435,95.26549,2026-09-06,0.36,401
3754,27.3204,95.2675,2026-09-06,0.96,401
3755,27.45938,95.47556,2026-09-06,0.45,402
3756,27.60275,95.40074,2026-09-06,0.71,588
3757,28.34537,77.22824,2026-09-06,1.68,83
3758,29.47619,76.85919,2026-09-06,2.08,161
3759,29.47667,76.85507,2026-09-06,2.08,161
3760,32.57378,72.56132,2026-09-06,1.3,498
3761,33.68644,72.71115,2026-09-06,0.76,513
3762,17.60352,83.2003,2026-09-06,1.62,135
3763,17.60715,83.201,2026-09-06,2.44,135
3764,17.61002,83.20612,2026-09-06,2.1,135
3765,17.95553,80.79343,2026-09-06,1.46,793
3766,17.95826,80.7977,2026-09-06,0.6,793
3767,17.95887,80.79402,2026-09-06,0.76,793
3768,18.71518,79.53973,2026-09-06,1.5,794
3769,18.71906,79.53666,2026-09-06,1.7,794
3770,18.72028,79.507,2026-09-06,2.51,-1
3771,19.09155,82.1703,2026-09-06,1.04,19
3772,19.09906,82.16767,2026-09-06,3.86,19
3773,19.10248,82.16832,2026-09-06,1.76,19
3774,19.10314,82.16439,2026-09-06,1.34,19
3775,19.9218,79.11452,2026-09-06,1.9,-1
3776,19.92946,79.12298,2026-09-06,1.38,959
3777,19.93615,73.71325,2026-09-06,0.58,236
3778,19.9623,79.33501,2026-09-06,1.46,56
3779,20.53322,85.9088,2026-09-06,1.8,957
3780,20.69544,78.63868,2026-09-06,0.96,960
3781,20.75904,85.29414,2026-09-06,5.01,517
3782,20.78524,85.26192,2026-09-06,4.31,58
3783,20.79493,85.25308,2026-09-06,9.48,58
3784,20.86333,84.99149,2026-09-06,2.32,84
3785,20.86426,84.9864,2026-09-06,2.23,84
3786,20.86714,84.99224,2026-09-06,2.81,84
3787,20.88511,84.98045,2026-09-06,1.53,87
3788,20.8889,84.98129,2026-09-06,1.53,87
3789,20.96206,86.01067,2026-09-06,3.82,62
3790,20.96279,86.00687,2026-09-06,3.82,62
3791,20.96609,86.0116,2026-09-06,3.82,62
3792,20.97011,86.01249,2026-09-06,6.38,62
3793,21.17992,81.38543,2026-09-06,2.37,492
3794,21.18324,81.38604,2026-09-06,2.37,492
3795,21.18384,81.38232,2026-09-06,3.03,492
3796,21.18595,81.39038,2026-09-06,1.83,492
3797,21.18927,81.39099,2026-09-06,1.83,492
3798,21.18955,81.19997,2026-09-06,2.87,-1
3799,21.19259,81.39162,2026-09-06,2.44,492
3800,21.23326,79.63209,2026-09-06,0.91,961
3801,21.24365,79.22351,2026-09-06,1.42,64
3802,21.24928,79.20884,2026-09-06,1.27,962
3803,21.33653,78.97186,2026-09-06,0.7,92
3804,21.33711,78.96799,2026-09-06,2.74,92
3805,21.34445,81.66502,2026-09-06,1.06,963
3806,21.3706,81.68456,2026-09-06,1.17,964
3807,21.37455,81.68143,2026-09-06,1.17,964
3808,21.37517,81.67767,2026-09-06,1.33,964
3809,21.37788,81.68205,2026-09-06,1.17,964
3810,21.48625,81.76778,2026-09-06,0.75,965
3811,21.5443,81.94603,2026-09-06,1.19,-1
3812,21.56058,81.75462,2026-09-06,0.75,966
3813,21.57637,82.02264,2026-09-06,1.55,923
3814,21.62137,81.79305,2026-09-06,1.71,797
3815,21.67737,84.04004,2026-09-06,2.33,93
3816,21.68095,84.04077,2026-09-06,2.33,93
3817,21.73018,82.2159,2026-09-06,1.13,967
3818,21.738,83.84386,2026-09-06,2.02,584
3819,21.74155,83.8446,2026-09-06,4.04,584
3820,21.74232,83.84026,2026-09-06,4.04,584
3821,21.74586,83.841,2026-09-06,4.04,584
3822,21.74865,83.84608,2026-09-06,4.14,584
3823,21.74941,83.84174,2026-09-06,4.14,584
3824,21.75296,83.84248,2026-09-06,4.14,584
3825,21.75487,83.84546,2026-09-06,2.29,584
3826,21.75565,83.84112,2026-09-06,2.29,584
3827,21.75631,84.02211,2026-09-06,2.37,968
3828,21.7565,83.84322,2026-09-06,3.17,584
3829,21.7592,83.84185,2026-09-06,2.29,584
3830,21.76005,83.84395,2026-09-06,3.17,584
3831,21.76119,83.85125,2026-09-06,2.26,584
3832,21.76197,83.8469,2026-09-06,4.3,584
3833,21.76425,84.01917,2026-09-06,2.08,968
3834,21.76783,84.01991,2026-09-06,2.97,968
3835,21.7897,80.01763,2026-09-06,0.72,969
3836,21.79301,80.01822,2026-09-06,0.72,969
3837,21.8011,82.04027,2026-09-06,1.38,787
3838,21.80195,83.89095,2026-09-06,4.49,380
3839,21.82608,83.90034,2026-09-06,2.21,970
3840,21.85982,83.96837,2026-09-06,2.05,971
3841,21.87546,83.49538,2026-09-06,2.58,798
3842,21.87917,83.55689,2026-09-06,1.35,799
3843,21.91899,83.3492,2026-09-06,0.4,94
3844,21.92246,83.34988,2026-09-06,0.49,94
3845,21.9833,83.23293,2026-09-06,2.01,972
3846,21.98676,83.2336,2026-09-06,1.27,972
3847,22.00373,82.67131,2026-09-06,1.15,789
3848,22.00439,82.6674,2026-09-06,1.15,789
3849,22.31718,82.55957,2026-09-06,2.02,67
3850,22.33014,82.60641,2026-09-06,2.5,68
3851,22.357,82.30401,2026-09-06,2.32,198
3852,22.35765,82.30017,2026-09-06,2.32,198
3853,22.361,82.30081,2026-09-06,2.32,198
3854,23.16375,82.34019,2026-09-06,2.14,494
3855,23.16438,82.33635,2026-09-06,2.38,494
3856,23.16645,82.34466,2026-09-06,1.89,494
3857,23.16709,82.34083,2026-09-06,1.89,494
3858,24.16126,82.56416,2026-09-06,1.43,792
3859,24.18234,82.64417,2026-09-06,0.65,973
3860,24.18309,82.66032,2026-09-06,0.99,973
3861,24.19806,82.71532,2026-09-06,1.09,538
3862,24.2027,82.70829,2026-09-06,0.53,538
3863,24.20604,82.70895,2026-09-06,0.69,538
3864,24.76391,74.60693,2026-09-06,2.03,413
3865,13.39207,80.103,2026-09-06,0.59,540
3866,13.39294,80.0768,2026-09-06,0.57,974
3867,14.36157,78.78092,2026-09-06,2.88,975
3868,14.36213,78.77739,2026-09-06,2.88,975
3869,14.5861,78.58088,2026-09-06,0.52,-1
3870,14.60554,78.52198,2026-09-06,1.9,976
3871,15.02173,78.0144,2026-09-06,2.19,541
3872,15.06937,76.86656,2026-09-06,0.28,726
3873,15.16716,76.37951,2026-09-06,2.15,592
3874,15.17153,76.69308,2026-09-06,0.75,543
3875,15.17216,76.66468,2026-09-06,1.17,133
3876,15.17275,76.66071,2026-09-06,0.93,133
3877,15.17334,76.65672,2026-09-06,0.93,133
3878,15.17665,77.10001,2026-09-06,0.27,727
3879,15.17682,76.65726,2026-09-06,1.6,133
3880,15.17737,76.67767,2026-09-06,1.44,133
3881,15.17741,76.65328,2026-09-06,0.66,133
3882,15.17796,76.6737,2026-09-06,1.44,133
3883,15.18145,76.67422,2026-09-06,1.32,133
3884,15.18263,76.66628,2026-09-06,4.01,133
3885,15.18494,76.67477,2026-09-06,1.32,133
3886,15.1873,76.65886,2026-09-06,0.98,133
3887,15.22602,76.76505,2026-09-06,0.37,220
3888,15.2266,76.76109,2026-09-06,0.37,220
3889,15.33194,76.28572,2026-09-06,1.32,420
3890,15.33737,76.24843,2026-09-06,1.18,977
3891,15.65793,73.98854,2026-09-06,0.42,221
3892,16.54707,79.75684,2026-09-06,1.27,978
3893,17.46283,80.65475,2026-09-06,0.92,77
3894,17.5851,80.31999,2026-09-06,0.85,-1
3895,18.49386,74.20312,2026-09-06,1.01,-1
3896,18.69176,73.03945,2026-09-06,1.97,223
3897,6.75835,81.51232,2026-09-06,1.65,821
3898,6.76221,81.51302,2026-09-06,11.37,821
3899,7.06714,80.85702,2026-09-06,0.91,979
3900,7.06823,80.85956,2026-09-06,0.74,979
3901,7.09939,80.84576,2026-09-06,0.55,980
3902,8.08521,80.78294,2026-09-06,1.88,981
3903,10.44463,77.50969,2026-09-06,0.44,-1
3904,10.61761,77.42153,2026-09-06,0.67,804
3905,10.90913,77.41766,2026-09-06,0.84,-1
3906,11.72184,76.97085,2026-09-06,1.32,-1
3907,32.28823,70.73848,2026-09-06,0.79,86
3908,32.65387,70.47578,2026-09-06,0.33,164
3909,33.29656,71.18871,2026-09-06,1.15,172
3910,33.2976,71.18477,2026-09-06,1.13,172
3911,25.38699,68.58179,2026-09-06,1.79,195
3912,6.32076,81.31481,2026-09-07,21.09,982
3913,6.32406,81.31542,2026-09-07,25.64,982
3914,6.444,81.11414,2026-09-07,6.3,-1
3915,6.51343,81.13143,2026-09-07,10.95,983
3916,6.51382,81.12917,2026-09-07,10.79,983
3917,6.53106,80.93343,2026-09-07,3.73,-1
3918,6.5893,80.94856,2026-09-07,2.86,-1
3919,6.70003,81.29023,2026-09-07,4.38,984
3920,6.7049,81.28925,2026-09-07,4.38,984
3921,6.74498,81.37678,2026-09-07,6.57,283
3922,6.75885,81.21019,2026-09-07,5.23,-1
3923,6.7589,81.51694,2026-09-07,10.8,821
3924,6.76087,81.58633,2026-09-07,7.77,985
3925,6.77457,81.21329,2026-09-07,53.26,986
3926,6.77853,81.20697,2026-09-07,53.26,986
3927,6.78047,81.21812,2026-09-07,78.55,986
3928,6.85036,81.03288,2026-09-07,4.92,939
3929,6.87855,81.58488,2026-09-07,5.56,987
3930,7.08528,81.37131,2026-09-07,8.97,988
3931,7.08771,81.37367,2026-09-07,9.32,988
3932,7.29372,81.84384,2026-09-07,4.05,826
3933,7.29569,81.84065,2026-09-07,3.99,826
3934,7.29839,81.84305,2026-09-07,4.05,826
3935,7.3135,81.8326,2026-09-07,2.39,826
3936,7.3791,80.8867,2026-09-07,8.22,-1
3937,7.42252,80.93068,2026-09-07,10.21,-1
3938,7.46287,81.61843,2026-09-07,7.17,-1
3939,7.46459,81.69308,2026-09-07,7.36,989
3940,7.54869,81.66566,2026-09-07,7.09,-1
3941,7.57874,81.75728,2026-09-07,7.28,-1
3942,7.592,81.0443,2026-09-07,5.74,117
3943,7.59429,81.04045,2026-09-07,6.51,117
3944,7.59592,81.03794,2026-09-07,4.2,117
3945,7.86117,79.89874,2026-09-07,4.85,-1
3946,7.88584,80.30496,2026-09-07,3.41,-1
3947,7.94753,80.4439,2026-09-07,5.27,-1
3948,8.02418,80.36,2026-09-07,5.32,-1
3949,8.0528,81.32001,2026-09-07,5.47,-1
3950,8.06398,80.64025,2026-09-07,7.53,855
3951,8.06511,80.64231,2026-09-07,9.1,855
3952,8.06883,80.6097,2026-09-07,8.99,565
3953,8.07863,80.78094,2026-09-07,3.64,981
3954,8.13118,80.02525,2026-09-07,5.23,-1
3955,8.13301,80.09626,2026-09-07,6.31,134
3956,8.19346,80.10268,2026-09-07,5.18,-1
3957,8.2227,80.97877,2026-09-07,5.01,861
3958,8.25063,80.33293,2026-09-07,3.86,315
3959,8.26096,80.12309,2026-09-07,3.68,-1
3960,8.33283,80.27589,2026-09-07,3.14,990
3961,8.33792,80.27499,2026-09-07,3.14,990
3962,8.38897,80.20666,2026-09-07,3.5,991
3963,8.3895,80.2097,2026-09-07,9.34,991
3964,8.43057,80.38477,2026-09-07,1.88,867
3965,8.43337,80.38214,2026-09-07,2.14,867
3966,8.45209,80.22456,2026-09-07,2.13,-1
3967,8.46254,81.11243,2026-09-07,6.74,992
3968,8.46348,81.11768,2026-09-07,6.74,992
3969,8.46363,81.11488,2026-09-07,11.4,992
3970,8.46464,80.49741,2026-09-07,5.87,649
3971,8.48152,80.33078,2026-09-07,3.22,-1
3972,8.50991,80.16398,2026-09-07,1.9,993
3973,8.51254,80.16476,2026-09-07,2.89,993
3974,8.53558,80.43092,2026-09-07,4.6,328
3975,8.55963,80.74296,2026-09-07,6.87,951
3976,8.60144,80.83746,2026-09-07,9.32,878
3977,8.94231,80.89068,2026-09-07,4.81,892
3978,8.94396,80.88758,2026-09-07,10.05,892
3979,8.9743,80.81862,2026-09-07,8.32,-1
3980,9.17599,77.52721,2026-09-07,2.66,-1
3981,9.265,80.71633,2026-09-07,7.59,994
3982,9.55967,78.24466,2026-09-07,2.76,-1
3983,10.1291,79.13102,2026-09-07,5.25,-1
3984,10.65692,77.37951,2026-09-07,4.96,-1
3985,10.76486,79.56414,2026-09-07,4.29,-1
3986,12.62981,79.35361,2026-09-07,2.88,-1
3987,13.29172,78.11819,2026-09-07,2.95,-1
3988,13.33688,77.90711,2026-09-07,4.79,-1
3989,13.39129,78.55532,2026-09-07,2.84,995
3990,13.39136,78.55396,2026-09-07,1.87,995
3991,13.8661,79.33069,2026-09-07,4.15,996
3992,14.0443,80.13178,2026-09-07,6.22,-1
3993,14.29615,77.58157,2026-09-07,4.19,-1
3994,14.47812,77.5274,2026-09-07,5.12,-1
3995,14.77676,79.65521,2026-09-07,4.63,-1
3996,14.89407,79.23284,2026-09-07,8.26,910
3997,14.95541,79.63568,2026-09-07,7.63,997
3998,14.95639,79.64087,2026-09-07,7.63,997
3999,15.69215,80.01839,2026-09-07,4.75,-1
4000,15.78737,78.27644,2026-09-07,1.5,-1
4001,16.1232,79.9809,2026-09-07,3.29,-1
4002,16.42542,79.45825,2026-09-07,4.47,-1
4003,16.87874,80.85161,2026-09-07,3.28,-1
4004,16.90787,79.90573,2026-09-07,3.14,-1
4005,17.01457,79.93188,2026-09-07,4.75,-1
4006,17.60496,83.18684,2026-09-07,5.71,-1
4007,17.9126,83.45437,2026-09-07,5.26,-1
4008,19.10229,82.16896,2026-09-07,7.63,19
4009,20.76041,85.29862,2026-09-07,6.35,517
4010,20.78744,85.25918,2026-09-07,7.26,58
4011,20.79349,85.25431,2026-09-07,11.19,58
4012,20.80732,85.25565,2026-09-07,7.38,58
4013,20.86327,84.98638,2026-09-07,3.53,84
4014,20.86386,84.9901,2026-09-07,3.53,84
4015,20.86444,84.99381,2026-09-07,8.19,84
4016,20.87168,84.99634,2026-09-07,8.12,84
4017,20.88653,84.98221,2026-09-07,6.25,87
4018,20.88985,84.98161,2026-09-07,3.52,87
4019,20.96211,85.18645,2026-09-07,5.82,61
4020,20.96409,86.00706,2026-09-07,8.78,62
4021,20.96852,86.01384,2026-09-07,5.93,62
4022,20.96964,86.0212,2026-09-07,4.31,62
4023,20.97015,86.00223,2026-09-07,5.31,62
4024,20.9703,85.17357,2026-09-07,5.21,61
4025,20.97089,85.17728,2026-09-07,5.21,61
4026,20.97402,86.00534,2026-09-07,4.11,62
4027,20.97693,85.17239,2026-09-07,3.85,61
4028,21.236,94.84895,2026-09-07,12.41,998
4029,21.23763,94.84933,2026-09-07,10.69,998
4030,21.6799,84.03884,2026-09-07,3.63,93
4031,21.74611,83.84345,2026-09-07,12.68,584
4032,21.74949,83.84281,2026-09-07,11.39,584
4033,21.7569,83.84543,2026-09-07,7.87,584
4034,21.76431,83.84805,2026-09-07,5.12,584
4035,21.76809,84.01927,2026-09-07,7.95,968
4036,21.80306,83.89296,2026-09-07,5.38,380
4037,22.20925,84.86183,2026-09-07,3.47,66
4038,22.3571,82.30258,2026-09-07,10.02,198
4039,22.57151,85.89799,2026-09-07,4.01,791
4040,22.57426,85.89369,2026-09-07,3.54,791
4041,22.57482,85.89742,2026-09-07,3.54,791
4042,23.508,94.00916,2026-09-07,6.81,-1
4043,23.62771,96.60427,2026-09-07,2.94,-1
4044,23.67601,86.39903,2026-09-07,4.45,613
4045,23.67936,86.39845,2026-09-07,4.45,613
4046,23.6855,86.39344,2026-09-07,8.43,613
4047,23.71457,86.45176,2026-09-07,5.65,530
4048,23.73581,86.43229,2026-09-07,3.06,531
4049,23.73637,86.43615,2026-09-07,3.06,531
4050,23.73973,86.43557,2026-09-07,3.06,531
4051,23.75722,86.40472,2026-09-07,2.85,585
4052,23.76057,86.40414,2026-09-07,2.85,585
4053,23.79465,86.35478,2026-09-07,1.86,615
4054,23.80133,86.32993,2026-09-07,4.15,125
4055,23.80467,86.32935,2026-09-07,4.15,125
4056,25.97929,93.56585,2026-09-07,3.67,-1
4057,30.68413,73.86338,2026-09-07,5.51,999
4058,31.25838,74.14626,2026-09-07,3.55,1000
4059,35.8244,68.37402,2026-09-07,1.06,1001
4060,35.82621,68.37363,2026-09-07,1.69,1001
4061,36.96354,81.34337,2026-09-07,3.38,1002
4062,36.9642,81.34764,2026-09-07,3.38,1002
4063,36.96814,81.35114,2026-09-07,2.94,1002
4064,36.97143,81.35034,2026-09-07,2.94,1002
4065,36.97208,81.35461,2026-09-07,2.94,1002
4066,24.80595,68.12324,2026-09-07,28.36,-1
4067,25.29603,68.12163,2026-09-07,4.74,-1
4068,33.20423,70.47748,2026-09-07,6.6,1003
4069,33.20913,70.47443,2026-09-07,4.15,1003
4070,31.3671,76.35385,2026-09-07,2.46,1004
4071,32.30096,74.31669,2026-09-07,1.27,515
4072,21.92332,85.22227,2026-09-07,1.07,788
4073,22.01295,83.75442,2026-09-07,1.24,800
4074,22.01634,83.75499,2026-09-07,0.97,800
4075,22.01691,83.75108,2026-09-07,1.19,800
4076,22.02825,83.74499,2026-09-07,0.63,-1
4077,22.03677,83.73435,2026-09-07,1.03,1005
4078,22.03716,83.35303,2026-09-07,1.48,801
4079,22.03734,83.73043,2026-09-07,1.29,1005
4080,22.03775,83.34901,2026-09-07,0.81,801
4081,22.04016,83.73492,2026-09-07,1.77,1005
4082,22.06517,83.70693,2026-09-07,0.88,1006
4083,22.09159,83.12476,2026-09-07,1.03,1007
4084,22.09291,83.12337,2026-09-07,0.8,1007
4085,22.20656,84.85925,2026-09-07,1.63,66
4086,22.2093,84.86359,2026-09-07,1.38,66
4087,22.21032,84.87914,2026-09-07,2.44,66
4088,22.2109,84.8754,2026-09-07,2.44,66
4089,22.21147,84.87166,2026-09-07,2.21,66
4090,22.21205,84.86791,2026-09-07,2.21,66
4091,22.21262,84.86417,2026-09-07,1.38,66
4092,22.21537,84.8685,2026-09-07,1.97,66
4093,22.31507,82.53609,2026-09-07,2.33,1008
4094,22.31799,82.5677,2026-09-07,2.46,67
4095,22.31859,82.56335,2026-09-07,3.61,67
4096,22.321,82.54596,2026-09-07,2.18,1009
4097,22.32211,82.59047,2026-09-07,2.42,782
4098,22.32993,82.53404,2026-09-07,1.51,-1
4099,22.33097,82.60513,2026-09-07,2.59,68
4100,22.35425,82.30378,2026-09-07,1.04,198
4101,22.35666,87.2903,2026-09-07,1.66,612
4102,22.35786,82.30437,2026-09-07,2.03,198
4103,22.35847,82.2999,2026-09-07,1.81,198
4104,22.36481,87.30393,2026-09-07,1.06,612
4105,22.36546,87.30004,2026-09-07,2.53,612
4106,22.37614,87.27805,2026-09-07,1.63,522
4107,23.69606,86.07864,2026-09-07,2.29,20
4108,23.75589,85.85011,2026-09-07,0.66,533
4109,23.76423,86.39191,2026-09-07,1.12,585
4110,23.77234,86.19652,2026-09-07,2.42,104
4111,24.13551,82.59011,2026-09-07,2.22,-1
4112,24.14507,82.65659,2026-09-07,0.69,1010
4113,24.1812,82.66249,2026-09-07,1.4,973
4114,24.20153,82.7096,2026-09-07,1.32,538
4115,24.2045,82.70778,2026-09-07,1.22,538
4116,24.20514,82.71014,2026-09-07,1.6,538
4117,24.76122,74.60571,2026-09-07,1.01,413
4118,24.76444,74.60759,2026-09-07,1.01,413
4119,26.77367,94.50772,2026-09-07,1.96,1011
4120,27.32268,95.27859,2026-09-07,0.88,401
4121,27.32445,95.27393,2026-09-07,1.4,401
4122,27.3751,95.3355,2026-09-07,0.94,99
4123,28.34664,77.22958,2026-09-07,0.56,83
4124,28.37362,77.22543,2026-09-07,0.97,496
4125,28.66099,77.57737,2026-09-07,0.67,14
4126,28.85041,77.14855,2026-09-07,0.72,-1
4127,29.90967,74.95046,2026-09-07,6.63,21
4128,29.91,74.94514,2026-09-07,10.9,21
4129,29.91032,74.93981,2026-09-07,10.9,21
4130,15.17621,77.1028,2026-09-07,4.86,727
4131,17.60513,83.20155,2026-09-07,2.39,135
4132,17.61128,83.20637,2026-09-07,0.96,135
4133,17.6936,83.24232,2026-09-07,1.2,930
4134,17.95531,80.79729,2026-09-07,1.99,793
4135,17.95595,80.79268,2026-09-07,2.72,793
4136,17.96845,83.15285,2026-09-07,0.8,-1
4137,18.7168,79.53994,2026-09-07,1.38,794
4138,18.72083,79.54057,2026-09-07,0.99,794
4139,19.09837,82.16897,2026-09-07,1.13,19
4140,19.09908,82.16777,2026-09-07,1.29,19
4141,19.10188,82.16952,2026-09-07,1.13,19
4142,19.10259,82.16832,2026-09-07,1.29,19
4143,19.10317,82.1642,2026-09-07,1.6,19
4144,19.82112,79.23884,2026-09-07,0.75,1012
4145,19.93037,79.12118,2026-09-07,1.22,959
4146,19.93666,73.71207,2026-09-07,1.69,236
4147,20.69603,78.6388,2026-09-07,1.29,960
4148,20.75949,85.2986,2026-09-07,2.66,517
4149,20.76007,85.29493,2026-09-07,1.51,517
4150,20.76065,85.29126,2026-09-07,1.51,517
4151,20.78513,85.26547,2026-09-07,2.66,58
4152,20.78571,85.2618,2026-09-07,3.1,58
4153,20.7896,85.25873,2026-09-07,3.1,58
4154,20.7929,85.25932,2026-09-07,1.4,58
4155,20.79349,85.25565,2026-09-07,6.87,58
4156,20.79407,85.25198,2026-09-07,6.87,58
4157,20.79621,85.2599,2026-09-07,1.4,58
4158,20.79949,85.26003,2026-09-07,2.16,58
4159,20.80338,85.25696,2026-09-07,2.79,58
4160,20.80668,85.25755,2026-09-07,4.39,58
4161,20.86272,84.9882,2026-09-07,1.58,84
4162,20.86487,84.99614,2026-09-07,1.87,84
4163,20.86545,84.99247,2026-09-07,1.87,84
4164,20.86602,84.98879,2026-09-07,1.58,84
4165,20.86818,84.99673,2026-09-07,3.91,84
4166,20.86876,84.99306,2026-09-07,3.91,84
4167,20.87148,84.99731,2026-09-07,3.91,84
4168,20.88371,84.98437,2026-09-07,1.57,87
4169,20.88428,84.9807,2026-09-07,1.57,87
4170,20.88702,84.98495,2026-09-07,1.57,87
4171,20.88759,84.98129,2026-09-07,1.57,87
4172,20.95701,85.01184,2026-09-07,3.02,795
4173,20.96017,85.18622,2026-09-07,2.11,61
4174,20.96191,85.17519,2026-09-07,1.78,61
4175,20.96249,85.17152,2026-09-07,1.54,61
4176,20.9629,85.19048,2026-09-07,3.35,61
4177,20.96307,85.16784,2026-09-07,1.54,61
4178,20.96348,85.18681,2026-09-07,2.11,61
4179,20.96406,85.18313,2026-09-07,2.11,61
4180,20.96423,85.16049,2026-09-07,2.96,61
4181,20.96464,85.17946,2026-09-07,1.78,61
4182,20.9658,85.17211,2026-09-07,1.54,61
4183,20.96638,85.16843,2026-09-07,1.54,61
4184,20.96852,85.17638,2026-09-07,2.79,61
4185,20.96869,85.15373,2026-09-07,5.77,61
4186,20.9691,85.1727,2026-09-07,5.18,61
4187,20.97183,85.17696,2026-09-07,2.79,61
4188,20.97571,85.17388,2026-09-07,1.94,61
4189,20.97629,85.1702,2026-09-07,1.94,61
4190,20.9782,85.13654,2026-09-07,1.91,921
4191,20.97878,85.13287,2026-09-07,1.91,921
4192,21.07366,85.0472,2026-09-07,0.97,63
4193,21.07424,85.04351,2026-09-07,0.97,63
4194,21.07539,85.03615,2026-09-07,2.14,63
4195,21.07755,85.0441,2026-09-07,0.69,63
4196,21.0787,85.03674,2026-09-07,2.19,63
4197,21.07928,85.03306,2026-09-07,1.11,63
4198,21.1822,81.38818,2026-09-07,1.54,492
4199,21.18283,81.38342,2026-09-07,1.35,492
4200,21.18593,81.38875,2026-09-07,1.54,492
4201,21.19211,81.39938,2026-09-07,0.44,492
4202,21.1933,81.41888,2026-09-07,5.78,1013
4203,21.19393,81.41416,2026-09-07,9.94,1013
4204,21.19702,81.41945,2026-09-07,5.78,1013
4205,21.24577,81.77044,2026-09-07,0.58,1014
4206,21.30586,81.57719,2026-09-07,1.24,-1
4207,21.33333,78.96702,2026-09-07,1.28,92
4208,21.33712,78.97202,2026-09-07,1.38,92
4209,21.33766,78.96764,2026-09-07,1.28,92
4210,21.34521,81.66624,2026-09-07,0.58,963
4211,21.37473,81.64243,2026-09-07,1.67,1015
4212,21.37708,81.68069,2026-09-07,2.95,964
4213,21.48734,81.77048,2026-09-07,1.97,965
4214,21.62202,81.79386,2026-09-07,1.91,797
4215,21.67835,84.03706,2026-09-07,3.35,93
4216,21.68114,84.04147,2026-09-07,3.14,93
4217,21.73854,83.84201,2026-09-07,2.04,584
4218,21.74192,83.84258,2026-09-07,4.75,584
4219,21.74531,83.84315,2026-09-07,4.75,584
4220,21.74869,83.84371,2026-09-07,4.0,584
4221,21.75208,83.84428,2026-09-07,4.0,584
4222,21.75399,84.02219,2026-09-07,3.68,968
4223,21.75546,83.84485,2026-09-07,2.61,584
4224,21.75611,83.81718,2026-09-07,0.93,-1
4225,21.75941,83.84155,2026-09-07,2.61,584
4226,21.76129,84.0195,2026-09-07,2.32,968
4227,21.76164,83.84987,2026-09-07,3.5,584
4228,21.76222,83.846,2026-09-07,2.05,584
4229,21.76466,84.02008,2026-09-07,2.32,968
4230,21.76745,84.0245,2026-09-07,1.41,968
4231,21.76802,84.02066,2026-09-07,1.75,968
4232,21.77139,84.02124,2026-09-07,1.75,968
4233,21.79338,83.98951,2026-09-07,0.6,-1
4234,21.79533,83.883,2026-09-07,1.36,380
4235,21.80094,83.89191,2026-09-07,2.65,380
4236,21.81696,83.99355,2026-09-07,0.75,-1
4237,21.85923,83.96523,2026-09-07,0.83,971
4238,21.87663,83.49507,2026-09-07,1.13,798
4239,21.87819,83.55629,2026-09-07,1.08,799
4240,21.87935,83.54838,2026-09-07,0.9,799
4241,21.89918,83.98308,2026-09-07,0.95,-1
4242,21.91873,83.35078,2026-09-07,2.05,94
4243,21.91931,83.34677,2026-09-07,0.42,94
4244,21.92216,83.35136,2026-09-07,1.83,94
4245,21.92392,83.3393,2026-09-07,2.13,94
4246,21.9652,83.77157,2026-09-07,2.53,1016
4247,21.98398,83.23223,2026-09-07,2.75,972
4248,21.98612,83.36504,2026-09-07,0.33,-1
4249,22.00236,82.66692,2026-09-07,1.44,789
4250,22.00529,82.67177,2026-09-07,1.72,789
4251,10.61566,77.41953,2026-09-07,0.66,804
4252,10.82689,78.8291,2026-09-07,2.11,-1
4253,11.26702,80.00352,2026-09-07,1.08,619
4254,11.76615,76.94112,2026-09-07,0.87,1017
4255,11.77049,76.9417,2026-09-07,0.87,1017
4256,11.81668,77.91529,2026-09-07,1.54,1018
4257,12.09401,76.79564,2026-09-07,0.55,1019
4258,12.09417,76.79395,2026-09-07,0.63,1019
4259,12.09841,76.79625,2026-09-07,0.49,1019
4260,12.09858,76.79456,2026-09-07,0.66,1019
4261,12.74417,77.6196,2026-09-07,0.82,807
4262,6.23024,81.13094,2026-09-07,1.34,-1
4263,7.14724,80.04165,2026-09-07,0.47,-1
4264,8.11407,80.81003,2026-09-07,3.72,279
4265,8.11463,80.80643,2026-09-07,19.51,279
4266,8.11519,80.8028,2026-09-07,19.51,279
4267,8.11745,80.81055,2026-09-07,38.76,279
4268,8.11801,80.80695,2026-09-07,12.29,279
4269,8.12139,80.80746,2026-09-07,12.29,279
4270,8.29047,80.20461,2026-09-07,1.76,462
4271,31.25737,76.92625,2026-09-07,0.91,239
4272,31.25916,76.92676,2026-09-07,1.48,239
4273,31.3673,76.35603,2026-09-07,0.89,1004
4274,32.12922,74.17644,2026-09-07,1.06,1020
4275,32.65364,70.47669,2026-09-07,1.39,164
4276,32.65474,70.47163,2026-09-07,1.39,164
4277,32.65506,70.47351,2026-09-07,2.55,164
4278,32.72151,72.92504,2026-09-07,0.38,241
4279,26.09564,68.87837,2026-09-07,0.9,91
4280,28.03946,69.6724,2026-09-07,1.96,49
4281,28.42394,69.70216,2026-09-07,1.46,206
4282,29.47196,76.86069,2026-09-07,1.33,161
4283,29.90457,74.95105,2026-09-07,6.0,21
4284,29.90722,74.95615,2026-09-07,8.76,21
4285,29.90849,74.95123,2026-09-07,10.15,21
4286,29.90907,74.95796,2026-09-07,6.0,21
4287,29.90977,74.9463,2026-09-07,10.15,21
4288,29.91037,74.95306,2026-09-07,6.0,21
4289,29.91168,74.94814,2026-09-07,13.68,21
4290,31.25821,74.14293,2026-09-07,1.21,1000
4291,20.90812,71.4603,2026-09-07,1.17,237
4292,20.91152,71.45925,2026-09-07,0.85,237
4293,23.31261,70.1996,2026-09-07,0.45,-1
4294,23.51418,72.41602,2026-09-07,0.44,-1
4295,23.54443,72.40617,2026-09-07,0.62,-1
4296,25.38737,68.58277,2026-09-07,2.48,195
4297,25.388,68.58441,2026-09-07,3.44,195
4298,22.37586,87.27822,2026-08-29,4.74,522
4299,22.37665,87.28234,2026-08-29,4.74,522
4300,23.74449,90.5308,2026-08-29,3.85,-1
4301,23.55899,87.24026,2026-08-29,2.57,100
4302,24.08363,90.3568,2026-08-29,6.46,-1
4303,28.10045,95.53236,2026-08-29,2.14,-1
4304,29.23654,88.87944,2026-08-29,2.4,-1
4305,31.65704,78.40268,2026-08-29,4.03,-1
4306,7.52567,81.08916,2026-08-29,8.15,-1
4307,8.57969,77.66151,2026-08-29,3.72,-1
4308,8.60485,77.9724,2026-08-29,3.44,43
4309,8.60874,77.96722,2026-08-29,2.7,43
4310,8.64795,77.83846,2026-08-29,2.82,1021
4311,8.65245,77.83784,2026-08-29,1.92,1021
4312,8.74677,78.08665,2026-08-29,2.69,-1
4313,9.38294,80.44886,2026-08-29,5.38,1022
4314,9.38339,80.4523,2026-08-29,4.82,1022
4315,9.41203,80.44762,2026-08-29,3.19,1023
4316,9.41747,80.44695,2026-08-29,3.19,1023
4317,9.50563,77.60714,2026-08-29,4.45,-1
4318,10.93459,78.47301,2026-08-29,5.59,1024
4319,11.74922,79.71774,2026-08-29,2.57,-1
4320,11.83292,79.64937,2026-08-29,2.65,-1
4321,12.17967,79.73842,2026-08-29,7.67,-1
4322,13.51015,78.18242,2026-08-29,6.93,-1
4323,14.14709,77.40031,2026-08-29,1.36,-1
4324,14.20221,79.16484,2026-08-29,2.54,-1
4325,14.78831,79.94443,2026-08-29,6.21,-1
4326,15.46434,80.16425,2026-08-29,5.8,1025
4327,15.47011,80.16361,2026-08-29,5.8,1025
4328,16.22416,80.35689,2026-08-29,3.15,-1
4329,16.34823,78.444,2026-08-29,3.06,-1
4330,24.95683,68.29113,2026-08-29,2.12,1026
4331,25.38717,68.58321,2026-08-29,2.16,195
4332,27.31574,72.3643,2026-08-29,3.5,-1
4333,27.62484,69.46795,2026-08-29,10.69,1027
4334,27.62835,69.46737,2026-08-29,11.26,1027
4335,27.75767,68.69473,2026-08-29,20.55,-1
4336,29.90926,74.9532,2026-08-29,6.53,21
4337,30.46343,71.93924,2026-08-29,2.04,-1
4338,31.50933,72.26437,2026-08-29,4.54,-1
4339,31.93829,72.37972,2026-08-29,3.06,-1
4340,32.88894,71.61886,2026-08-29,2.94,165
4341,27.22117,95.34689,2026-08-29,1.76,1028
4342,27.37603,95.33333,2026-08-29,1.99,99
4343,27.37836,95.08643,2026-08-29,2.62,1029
4344,27.37933,95.33401,2026-08-29,1.99,99
4345,27.47018,95.42361,2026-08-29,1.89,1030
4346,21.59176,96.22928,2026-08-29,0.81,-1
4347,22.36034,87.01775,2026-08-29,0.63,520
4348,22.36468,87.01837,2026-08-29,0.63,520
4349,22.36584,87.30197,2026-08-29,0.61,612
4350,22.37698,87.28178,2026-08-29,0.46,522
4351,22.37749,87.27749,2026-08-29,0.46,522
4352,9.75551,77.517,2026-08-29,1.86,1031
4353,9.75605,77.51919,2026-08-29,1.18,1031
4354,10.93793,78.46664,2026-08-29,1.99,1024
4355,10.94446,78.46751,2026-08-29,1.99,1024
4356,7.43697,81.32012,2026-08-29,0.33,1032
4357,35.22365,72.93259,2026-08-29,0.66,-1
4358,26.8731,73.51817,2026-08-29,1.12,204
4359,26.87508,73.5155,2026-08-29,1.58,204
4360,28.37428,77.22549,2026-08-29,1.03,496
4361,28.42461,69.70064,2026-08-29,1.83,206
4362,29.12339,75.77961,2026-08-29,1.65,500
4363,29.45932,76.89091,2026-08-29,4.63,1033
4364,31.76838,70.1084,2026-08-29,2.61,1034
4365,32.08598,74.16589,2026-08-29,0.84,916
4366,32.08685,74.16118,2026-08-29,0.89,916
4367,32.29058,70.73904,2026-08-29,3.05,86
4368,32.57529,72.56393,2026-08-29,2.59,498
4369,33.23603,71.51531,2026-08-29,1.67,1035
4370,33.40789,71.94046,2026-08-29,2.04,724
4371,33.54621,71.55232,2026-08-29,0.76,173
4372,20.86841,71.39706,2026-08-29,2.52,246
4373,24.66208,74.63699,2026-08-29,0.36,190
4374,24.66288,74.63297,2026-08-29,0.45,190
4375,24.69089,73.00126,2026-08-29,0.74,193
4376,24.82164,73.09422,2026-08-29,0.53,529
4377,25.94332,72.19199,2026-08-29,0.98,730
4378,12.07226,78.52171,2026-08-29,1.07,-1
4379,12.49513,76.73359,2026-08-29,0.38,-1
4380,13.03323,77.87466,2026-08-29,0.36,-1
4381,18.68072,73.03546,2026-08-29,1.16,223
4382,18.68258,73.03453,2026-08-29,1.27,223
4383,18.68334,73.03059,2026-08-29,1.66,223
4384,18.68747,73.03146,2026-08-29,1.66,223
4385,18.77881,73.74908,2026-08-29,0.99,-1
4386,9.75523,77.51794,2026-08-29,2.38,1031
4387,10.94256,78.46865,2026-08-29,2.26,1024
4388,27.98973,94.2222,2026-08-30,18.02,-1
4389,29.55473,90.99751,2026-08-30,4.5,249
4390,29.55749,90.99095,2026-08-30,5.61,249
4391,29.65337,90.98225,2026-08-30,3.42,1036
4392,6.24721,80.86079,2026-08-30,2.37,-1
4393,6.26749,81.05721,2026-08-30,13.47,-1
4394,6.45618,81.09254,2026-08-30,7.3,1037
4395,6.45692,81.09754,2026-08-30,19.19,1037
4396,6.45926,81.09015,2026-08-30,8.32,1037
4397,6.45996,81.09512,2026-08-30,8.32,1037
4398,6.46012,81.09199,2026-08-30,7.3,1037
4399,6.55183,80.87236,2026-08-30,11.61,428
4400,6.55189,80.87561,2026-08-30,8.33,428
4401,6.56987,81.05585,2026-08-30,39.3,557
4402,6.57044,81.05381,2026-08-30,18.25,557
4403,6.57118,81.0588,2026-08-30,18.25,557
4404,6.71188,81.53472,2026-08-30,3.03,0
4405,6.72053,81.5371,2026-08-30,5.65,0
4406,6.72105,81.5407,2026-08-30,5.65,0
4407,6.72933,81.16361,2026-08-30,4.87,1038
4408,6.7333,81.16302,2026-08-30,19.5,1038
4409,6.7412,81.50845,2026-08-30,4.05,1039
4410,6.74123,81.50769,2026-08-30,3.86,1039
4411,6.74882,81.53226,2026-08-30,3.11,1040
4412,6.74896,81.53299,2026-08-30,3.24,1040
4413,6.77788,81.78619,2026-08-30,4.91,-1
4414,6.7977,81.55489,2026-08-30,6.68,1041
4415,6.81451,81.55614,2026-08-30,3.16,-1
4416,6.81849,81.5262,2026-08-30,2.63,937
4417,6.863,81.43449,2026-08-30,3.02,-1
4418,6.89576,81.66621,2026-08-30,3.31,595
4419,6.96385,81.61536,2026-08-30,6.91,1042
4420,7.01565,81.40194,2026-08-30,3.69,-1
4421,7.01929,81.60059,2026-08-30,2.25,-1
4422,7.10918,81.68468,2026-08-30,4.05,-1
4423,7.13256,81.41004,2026-08-30,2.12,-1
4424,7.21619,81.59032,2026-08-30,5.44,-1
4425,7.27317,81.1773,2026-08-30,2.91,1043
4426,7.27678,81.14547,2026-08-30,4.38,1044
4427,7.27753,81.15067,2026-08-30,4.38,1044
4428,7.27994,81.59621,2026-08-30,5.24,-1
4429,7.29368,81.80795,2026-08-30,2.34,596
4430,7.31546,81.10326,2026-08-30,6.49,1045
4431,7.31621,81.10839,2026-08-30,9.05,1045
4432,7.31681,81.76224,2026-08-30,5.41,1046
4433,7.32021,81.10786,2026-08-30,2.2,1045
4434,7.32289,81.80387,2026-08-30,2.59,1047
4435,7.3236,81.80315,2026-08-30,2.14,1047
4436,7.32474,81.2229,2026-08-30,5.09,677
4437,7.33473,81.20717,2026-08-30,10.19,677
4438,7.34377,81.73465,2026-08-30,3.47,-1
4439,7.35118,81.19792,2026-08-30,3.8,1048
4440,7.35132,81.81868,2026-08-30,2.2,828
4441,7.35166,81.2014,2026-08-30,3.8,1048
4442,7.35215,81.2049,2026-08-30,6.09,1048
4443,7.35264,81.2084,2026-08-30,6.09,1048
4444,7.35635,81.76369,2026-08-30,4.46,1049
4445,7.36431,81.55346,2026-08-30,4.19,-1
4446,7.36655,81.24904,2026-08-30,19.27,-1
4447,7.36683,81.77773,2026-08-30,5.08,678
4448,7.36748,81.57545,2026-08-30,2.71,-1
4449,7.37411,81.56326,2026-08-30,5.71,1050
4450,7.37766,81.24046,2026-08-30,3.11,1051
4451,7.37768,81.55894,2026-08-30,3.86,1050
4452,7.3884,81.54617,2026-08-30,4.46,560
4453,7.38893,81.54981,2026-08-30,4.08,560
4454,7.39143,81.54616,2026-08-30,4.74,560
4455,7.39302,81.54917,2026-08-30,5.04,560
4456,7.39604,81.54919,2026-08-30,8.59,560
4457,7.39712,81.54854,2026-08-30,5.04,560
4458,7.4049,81.77624,2026-08-30,3.36,-1
4459,7.4156,81.56924,2026-08-30,2.32,-1
4460,7.43686,81.39532,2026-08-30,4.3,1052
4461,7.43925,81.32561,2026-08-30,4.43,1032
4462,7.45403,81.34198,2026-08-30,4.67,1053
4463,7.4743,81.05003,2026-08-30,3.44,-1
4464,7.48906,81.38728,2026-08-30,3.0,1054
4465,7.51956,81.30991,2026-08-30,2.27,-1
4466,7.61757,81.15485,2026-08-30,15.47,1055
4467,7.61807,81.15833,2026-08-30,34.65,1055
4468,7.62159,81.15429,2026-08-30,15.47,1055
4469,7.67645,81.44918,2026-08-30,6.52,-1
4470,7.69219,81.52925,2026-08-30,2.33,-1
4471,7.78376,81.21587,2026-08-30,9.22,1056
4472,7.78425,81.21941,2026-08-30,7.08,1056
4473,7.80813,81.45168,2026-08-30,4.97,1057
4474,7.80942,81.45202,2026-08-30,4.33,1057
4475,7.81643,81.36108,2026-08-30,7.87,1058
4476,7.87288,81.46512,2026-08-30,4.66,1059
4477,7.87428,81.41622,2026-08-30,9.46,1060
4478,8.60875,77.83811,2026-08-30,2.3,-1
4479,8.78732,78.01003,2026-08-30,4.32,-1
4480,8.80542,78.10815,2026-08-30,2.62,-1
4481,8.88687,77.78855,2026-08-30,3.0,152
4482,8.91,77.59529,2026-08-30,1.37,-1
4483,8.93239,77.96133,2026-08-30,2.9,1061
4484,8.93294,77.9651,2026-08-30,2.9,1061
4485,9.11369,77.77237,2026-08-30,1.37,-1
4486,9.15121,78.32916,2026-08-30,1.56,-1
4487,9.32007,77.4914,2026-08-30,2.53,-1
4488,9.40266,80.43048,2026-08-30,4.05,666
4489,9.42778,80.38101,2026-08-30,1.83,1062
4490,9.44417,77.66956,2026-08-30,5.42,1063
4491,9.44472,77.67329,2026-08-30,5.42,1063
4492,9.49209,77.66238,2026-08-30,7.59,-1
4493,9.51278,78.066,2026-08-30,10.29,-1
4494,9.82619,77.39869,2026-08-30,1.05,-1
4495,9.86126,78.18573,2026-08-30,4.18,-1
4496,9.87797,78.03197,2026-08-30,1.97,-1
4497,10.00316,76.4542,2026-08-30,0.94,-1
4498,11.80984,77.21425,2026-08-30,61.33,-1
4499,12.07999,76.99017,2026-08-30,3.7,-1
4500,12.48661,76.3177,2026-08-30,3.61,-1
4501,12.81456,78.60983,2026-08-30,2.64,-1
4502,13.9402,78.66064,2026-08-30,2.81,-1
4503,13.99587,79.86121,2026-08-30,3.16,-1
4504,14.18999,77.3446,2026-08-30,3.06,-1
4505,14.29174,77.98407,2026-08-30,3.76,-1
4506,14.3499,77.63499,2026-08-30,3.47,-1
4507,14.4991,79.69765,2026-08-30,1.87,1064
4508,14.50312,79.69711,2026-08-30,1.54,1064
4509,14.67836,76.89172,2026-08-30,2.11,-1
4510,14.69206,79.62556,2026-08-30,2.12,-1
4511,14.71446,79.98879,2026-08-30,7.26,-1
4512,14.84624,78.37249,2026-08-30,2.01,-1
4513,15.43925,77.664,2026-08-30,2.43,-1
4514,15.93384,79.5267,2026-08-30,4.06,-1
4515,19.7772,73.79005,2026-08-30,2.03,-1
4516,21.17639,74.58324,2026-08-30,1.91,-1
4517,30.02923,71.74337,2026-08-30,0.57,-1
4518,30.08648,71.7243,2026-08-30,1.66,-1
4519,30.11638,73.26059,2026-08-30,3.03,1065
4520,30.11697,73.26498,2026-08-30,5.74,1065
4521,30.16407,74.51582,2026-08-30,3.35,-1
4522,30.35123,73.65195,2026-08-30,1.82,-1
4523,30.51386,73.90864,2026-08-30,2.87,-1
4524,31.10913,74.49384,2026-08-30,9.69,-1
4525,31.12675,74.30208,2026-08-30,4.14,-1
4526,31.2082,73.91856,2026-08-30,3.87,1066
4527,31.2118,73.91795,2026-08-30,2.3,1066
4528,31.39489,72.12487,2026-08-30,1.87,-1
4529,31.4235,72.12935,2026-08-30,3.19,-1
4530,31.46879,72.1555,2026-08-30,3.6,-1
4531,31.56918,72.22474,2026-08-30,2.25,-1
4532,31.56943,72.27724,2026-08-30,1.98,-1
4533,31.58139,72.28816,2026-08-30,2.12,1067
4534,32.05318,73.38254,2026-08-30,3.08,-1
4535,32.09223,73.23719,2026-08-30,2.2,-1
4536,32.30693,73.28819,2026-08-30,3.64,-1
4537,32.8883,71.61584,2026-08-30,1.77,165
4538,33.58202,69.2417,2026-08-30,3.52,-1
4539,33.84936,72.20547,2026-08-30,3.38,-1
4540,7.13631,81.13902,2026-08-30,1.72,1068
4541,7.14013,81.1341,2026-08-30,3.59,1068
4542,7.28379,81.16539,2026-08-30,1.34,-1
4543,7.6078,81.15397,2026-08-30,0.82,1055
4544,8.86712,81.02701,2026-08-30,1.75,1069
4545,8.86843,81.02491,2026-08-30,2.71,1069
4546,31.61482,74.37532,2026-08-30,0.61,405
4547,31.64126,74.42704,2026-08-30,0.49,-1
4548,31.769,70.10805,2026-08-30,4.57,1034
4549,32.0868,74.16059,2026-08-30,2.11,916
4550,32.08741,74.15643,2026-08-30,0.65,916
4551,32.13232,74.17843,2026-08-30,0.79,1020
4552,32.57351,72.56357,2026-08-30,4.1,498
4553,32.64409,72.9769,2026-08-30,1.59,1070
4554,32.88999,71.6175,2026-08-30,3.33,165
4555,33.29611,71.18341,2026-08-30,0.8,172
4556,33.29622,71.18803,2026-08-30,1.09,172
4557,24.68952,73.00175,2026-08-30,1.08,193
4558,25.9433,72.19072,2026-08-30,2.98,730
4559,25.94431,72.19051,2026-08-30,2.14,730
4560,26.09499,68.87773,2026-08-30,0.92,91
4561,26.60605,73.68385,2026-08-30,0.71,415
4562,26.87274,73.51597,2026-08-30,1.35,204
4563,26.87605,73.51661,2026-08-30,1.26,204
4564,26.87664,73.51275,2026-08-30,1.39,204
4565,27.66868,76.13271,2026-08-30,0.32,205
4566,27.66938,76.12862,2026-08-30,0.32,205
4567,28.35198,70.13081,2026-08-30,0.75,-1
4568,28.42588,69.698,2026-08-30,1.83,206
4569,28.74306,76.92912,2026-08-30,1.91,142
4570,29.45914,76.89161,2026-08-30,3.18,1033
4571,29.4759,76.85623,2026-08-30,2.28,161
4572,18.54634,74.25378,2026-08-30,1.13,-1
4573,18.68969,73.04101,2026-08-30,1.57,223
4574,18.69302,73.0416,2026-08-30,3.62,223
4575,19.93695,73.71136,2026-08-30,2.32,236
4576,20.35619,72.94963,2026-08-30,1.84,96
4577,21.10102,72.63954,2026-08-30,0.49,65
4578,21.1016,72.63586,2026-08-30,1.65,65
4579,21.26307,72.94081,2026-08-30,2.1,-1
4580,21.79665,72.08905,2026-08-30,1.45,-1
4581,9.67002,77.45597,2026-08-30,0.77,-1
4582,11.62482,79.08276,2026-08-30,0.94,-1
4583,13.71089,79.62021,2026-08-30,1.05,808
4584,13.82755,79.33979,2026-08-30,0.49,1071
4585,13.82812,79.33691,2026-08-30,0.49,1071
4586,13.82816,79.33921,2026-08-30,0.64,1071
4587,13.82868,79.33408,2026-08-30,0.73,1071
4588,13.82871,79.33633,2026-08-30,0.64,1071
4589,15.16888,76.67051,2026-08-30,0.4,133
4590,15.17345,76.78623,2026-08-30,0.79,918
4591,15.17362,76.69113,2026-08-30,0.52,543
4592,15.1757,76.65623,2026-08-30,3.12,133
4593,15.17636,76.67603,2026-08-30,2.05,133
4594,15.17842,76.66464,2026-08-30,1.47,133
4595,15.18182,76.66927,2026-08-30,1.46,133
4596,15.1825,76.66548,2026-08-30,1.46,133
4597,6.95868,79.95699,2026-08-30,1.05,718
4598,6.74823,81.75127,2026-08-31,2.28,1072
4599,6.99914,81.59812,2026-08-31,4.66,259
4600,6.99967,81.60159,2026-08-31,5.33,259
4601,7.00193,81.59413,2026-08-31,4.66,259
4602,7.00246,81.59761,2026-08-31,4.66,259
4603,7.00911,81.5966,2026-08-31,4.34,259
4604,7.07676,81.82498,2026-08-31,3.59,-1
4605,7.09931,80.83875,2026-08-31,3.8,980
4606,7.17094,81.64171,2026-08-31,8.79,-1
4607,7.1865,81.38634,2026-08-31,4.57,-1
4608,7.32466,81.76436,2026-08-31,4.49,1046
4609,7.33384,81.80244,2026-08-31,3.07,1073
4610,7.43173,81.31496,2026-08-31,2.02,1032
4611,7.4614,80.99762,2026-08-31,24.03,1074
4612,7.47357,81.65829,2026-08-31,9.86,-1
4613,7.52729,80.8979,2026-08-31,2.18,1075
4614,7.60614,81.15155,2026-08-31,8.72,1055
4615,7.65419,81.40054,2026-08-31,2.94,-1
4616,7.70496,81.42134,2026-08-31,6.93,-1
4617,7.73714,79.95287,2026-08-31,3.4,1076
4618,7.73915,79.95213,2026-08-31,5.01,1076
4619,7.8739,80.07893,2026-08-31,5.31,-1
4620,7.87699,80.62096,2026-08-31,2.86,842
4621,7.88657,80.13833,2026-08-31,7.77,-1
4622,7.88696,80.61943,2026-08-31,3.88,-1
4623,7.92286,81.40872,2026-08-31,4.75,-1
4624,7.94071,81.30248,2026-08-31,20.34,848
4625,7.94124,81.30596,2026-08-31,20.34,848
4626,7.94297,81.295,2026-08-31,80.22,848
4627,7.94403,81.30197,2026-08-31,20.34,848
4628,7.94456,81.30545,2026-08-31,20.34,848
4629,7.95897,80.09814,2026-08-31,3.06,7
4630,7.96847,80.62367,2026-08-31,2.45,-1
4631,7.99786,80.37258,2026-08-31,6.58,851
4632,7.9984,80.37608,2026-08-31,6.58,851
4633,8.01197,81.41592,2026-08-31,4.35,852
4634,8.03437,80.19405,2026-08-31,6.16,-1
4635,8.08878,80.19277,2026-08-31,5.01,-1
4636,8.14198,79.99303,2026-08-31,3.1,599
4637,8.2525,80.51107,2026-08-31,2.72,-1
4638,8.26829,80.17477,2026-08-31,2.7,-1
4639,8.28108,80.16919,2026-08-31,3.83,1077
4640,8.29091,80.21081,2026-08-31,5.81,462
4641,8.30053,80.16256,2026-08-31,3.66,1078
4642,8.30774,80.12835,2026-08-31,2.95,-1
4643,8.31053,80.29387,2026-08-31,1.4,-1
4644,8.34692,80.20496,2026-08-31,3.86,1079
4645,8.34746,80.20847,2026-08-31,3.85,1079
4646,8.35775,80.80066,2026-08-31,8.27,467
4647,8.36229,81.05286,2026-08-31,6.7,318
4648,8.3721,80.43393,2026-08-31,6.87,-1
4649,8.3754,81.1614,2026-08-31,3.98,-1
4650,8.37858,80.18925,2026-08-31,4.28,-1
4651,8.38648,80.15206,2026-08-31,4.9,687
4652,8.38703,80.15557,2026-08-31,4.9,687
4653,8.4223,81.09,2026-08-31,3.98,1080
4654,8.42869,80.62504,2026-08-31,5.61,-1
4655,8.4316,80.79919,2026-08-31,6.05,-1
4656,8.43458,80.5528,2026-08-31,2.47,-1
4657,8.44716,80.87873,2026-08-31,7.37,322
4658,8.4479,80.75037,2026-08-31,3.6,1081
4659,8.46928,80.77913,2026-08-31,7.93,324
4660,8.47334,80.16677,2026-08-31,7.33,1082
4661,8.47485,80.77115,2026-08-31,1.53,324
4662,8.47952,80.82387,2026-08-31,4.13,143
4663,8.48646,80.36195,2026-08-31,2.3,-1
4664,8.49225,80.81834,2026-08-31,11.16,143
4665,8.49849,80.39584,2026-08-31,2.61,-1
4666,8.49889,80.81732,2026-08-31,4.41,143
4667,8.51151,80.56882,2026-08-31,4.3,-1
4668,8.51499,80.74651,2026-08-31,9.52,-1
4669,8.5192,80.46411,2026-08-31,2.27,-1
4670,8.55709,80.62238,2026-08-31,5.71,950
4671,8.55763,80.62587,2026-08-31,7.3,950
4672,8.56241,80.85677,2026-08-31,6.27,571
4673,8.57523,80.74078,2026-08-31,0.92,-1
4674,8.5921,80.41267,2026-08-31,9.48,-1
4675,8.59252,80.60977,2026-08-31,3.19,-1
4676,8.59517,80.82677,2026-08-31,24.38,878
4677,8.61153,80.51681,2026-08-31,5.45,1083
4678,8.6128,80.70208,2026-08-31,4.65,762
4679,8.61921,81.14049,2026-08-31,9.6,-1
4680,8.6213,80.7978,2026-08-31,6.63,764
4681,8.62135,80.97601,2026-08-31,1.17,-1
4682,8.62952,80.56754,2026-08-31,3.18,1084
4683,8.63006,80.57103,2026-08-31,2.36,1084
4684,8.63045,80.70648,2026-08-31,4.17,-1
4685,8.63466,80.53464,2026-08-31,3.24,765
4686,8.6401,80.65864,2026-08-31,15.49,-1
4687,8.65994,80.76608,2026-08-31,2.09,-1
4688,8.66698,80.36886,2026-08-31,3.35,-1
4689,8.67386,80.74609,2026-08-31,6.91,1085
4690,8.68129,81.15162,2026-08-31,6.41,-1
4691,8.6821,80.75552,2026-08-31,5.09,1086
4692,8.74873,80.32748,2026-08-31,3.57,1087
4693,8.78987,80.99559,2026-08-31,12.29,-1
4694,8.80894,80.39244,2026-08-31,3.36,886
4695,8.85911,80.74155,2026-08-31,16.02,889
4696,8.90582,80.40517,2026-08-31,4.3,-1
4697,8.91568,80.42508,2026-08-31,28.96,354
4698,8.97013,80.69147,2026-08-31,6.62,1088
4699,8.9767,80.37984,2026-08-31,6.26,1089
4700,8.97723,80.38334,2026-08-31,6.26,1089
4701,9.02789,77.86799,2026-08-31,11.75,-1
4702,9.04133,80.45132,2026-08-31,19.68,895
4703,9.11122,80.50833,2026-08-31,5.42,-1
4704,9.17411,80.12911,2026-08-31,2.97,-1
4705,9.17741,78.13036,2026-08-31,6.86,-1
4706,9.18498,80.30385,2026-08-31,6.16,-1
4707,9.19589,80.66298,2026-08-31,1.84,-1
4708,9.22821,77.66577,2026-08-31,16.19,-1
4709,9.26766,80.71529,2026-08-31,6.53,994
4710,9.28584,80.72318,2026-08-31,3.86,-1
4711,9.39429,80.28052,2026-08-31,3.06,-1
4712,9.41306,80.4028,2026-08-31,5.73,1090
4713,9.41691,80.40578,2026-08-31,5.73,1090
4714,9.47052,78.63935,2026-08-31,5.55,-1
4715,9.77185,78.36581,2026-08-31,3.64,-1
4716,9.8061,77.88528,2026-08-31,7.57,1091
4717,9.80675,77.88925,2026-08-31,7.57,1091
4718,9.90981,78.52617,2026-08-31,4.17,-1
4719,9.98556,77.43252,2026-08-31,5.73,-1
4720,11.62862,78.61463,2026-08-31,4.3,-1
4721,11.52704,77.24921,2026-08-31,3.56,1092
4722,11.52934,77.24984,2026-08-31,4.63,1092
4723,11.73493,77.98431,2026-08-31,3.07,-1
4724,11.80935,77.92519,2026-08-31,2.83,1018
4725,11.99381,79.54753,2026-08-31,8.02,1093
4726,11.99713,79.547,2026-08-31,8.02,1093
4727,12.05555,79.07794,2026-08-31,2.96,-1
4728,12.58657,79.6415,2026-08-31,4.02,-1
4729,13.40939,80.26858,2026-08-31,2.09,-1
4730,13.81923,79.34404,2026-08-31,13.51,-1
4731,14.47656,78.25895,2026-08-31,5.87,1094
4732,27.71435,68.49007,2026-08-31,28.78,1095
4733,28.12977,76.78864,2026-08-31,2.37,-1
4734,31.1293,74.65489,2026-08-31,4.79,226
4735,31.3222,72.33394,2026-08-31,8.52,-1
4736,31.37494,74.45004,2026-08-31,6.1,-1
4737,28.34651,77.2308,2026-08-31,1.97,83
4738,28.37152,77.22688,2026-08-31,1.55,496
4739,29.4606,76.88784,2026-08-31,2.34,1033
4740,29.47525,76.859,2026-08-31,2.78,161
4741,29.78555,91.60432,2026-08-31,1.24,1096
4742,32.5747,72.56332,2026-08-31,3.15,498
4743,32.8878,71.61481,2026-08-31,3.59,165
4744,32.88905,71.61505,2026-08-31,3.29,165
4745,35.96856,68.68645,2026-08-31,0.58,182
4746,21.10513,72.64378,2026-08-31,5.89,65
4747,21.10902,72.64436,2026-08-31,1.6,65
4748,22.3858,73.11745,2026-08-31,1.11,1097
4749,22.3882,73.11613,2026-08-31,2.6,1097
4750,22.38964,73.11803,2026-08-31,1.41,1097
4751,24.76271,74.60774,2026-08-31,1.26,413
4752,24.76335,74.60571,2026-08-31,0.71,413
4753,25.3894,68.57961,2026-08-31,1.29,195
4754,27.71806,68.49272,2026-08-31,0.44,1095
4755,28.42419,69.70075,2026-08-31,0.87,206
4756,15.1696,76.37997,2026-08-31,0.65,592
4757,15.65919,73.98986,2026-08-31,1.8,221
4758,17.06269,76.97835,2026-08-31,0.84,1098
4759,17.43479,74.96613,2026-08-31,0.74,-1
4760,18.42431,74.38948,2026-08-31,0.44,-1
4761,18.59601,74.25494,2026-08-31,1.7,-1
4762,18.68149,73.03835,2026-08-31,3.11,223
4763,18.68213,73.03376,2026-08-31,1.93,223
4764,18.68646,73.02973,2026-08-31,1.93,223
4765,19.36855,71.35361,2026-08-31,2.17,591
4766,7.39012,80.88872,2026-08-31,2.8,1099
4767,7.39378,80.89077,2026-08-31,4.23,1099
4768,7.39473,80.88899,2026-08-31,2.86,1099
4769,8.09268,80.79333,2026-08-31,1.9,1100
4770,8.11074,79.87141,2026-08-31,2.02,1101
4771,8.11138,79.86758,2026-08-31,2.42,1101
4772,8.11194,79.87071,2026-08-31,2.58,1101
4773,8.74017,78.09332,2026-08-31,0.38,-1
4774,10.41461,77.11382,2026-08-31,0.43,1102
4775,10.94284,78.06322,2026-08-31,1.41,-1
4776,11.08366,78.75399,2026-08-31,2.89,-1
4777,11.18313,79.09899,2026-08-31,0.5,1103
4778,11.80957,77.92274,2026-08-31,1.65,1018
4779,11.81027,77.91869,2026-08-31,2.44,1018
4780,11.81802,77.91586,2026-08-31,1.71,1018
4781,12.59783,77.8851,2026-08-31,0.27,1104
4782,12.60132,77.88569,2026-08-31,0.27,1104
4783,6.19543,81.0187,2026-09-01,3.17,814
4784,6.23883,81.20638,2026-09-01,1.23,-1
4785,6.32778,81.01263,2026-09-01,2.71,-1
4786,6.33772,81.34603,2026-09-01,7.75,556
4787,6.33925,81.34753,2026-09-01,4.21,556
4788,6.35255,81.13854,2026-09-01,3.16,-1
4789,6.39061,81.01627,2026-09-01,5.79,28
4790,6.411,81.08882,2026-09-01,0.85,934
4791,6.41308,81.00175,2026-09-01,2.93,-1
4792,6.56763,80.98006,2026-09-01,2.46,-1
4793,6.70304,81.54429,2026-09-01,5.44,-1
4794,6.7111,81.59296,2026-09-01,5.1,-1
4795,6.73593,81.59883,2026-09-01,8.39,1105
4796,6.73672,81.60365,2026-09-01,13.03,1105
4797,6.74266,81.51804,2026-09-01,2.55,674
4798,6.80369,81.52106,2026-09-01,5.57,937
4799,6.81535,81.51917,2026-09-01,3.0,937
4800,6.8355,81.49601,2026-09-01,9.59,1106
4801,6.83939,81.49536,2026-09-01,9.59,1106
4802,6.84047,81.57497,2026-09-01,12.38,1107
4803,6.84425,81.54947,2026-09-01,10.33,1108
4804,6.84813,81.54882,2026-09-01,10.33,1108
4805,6.85314,81.40752,2026-09-01,6.24,938
4806,6.93935,81.63994,2026-09-01,5.6,-1
4807,7.07303,81.20502,2026-09-01,8.49,1109
4808,7.07577,81.20669,2026-09-01,9.04,1109
4809,7.07607,81.5708,2026-09-01,6.13,-1
4810,7.09516,81.44301,2026-09-01,12.36,626
4811,7.0955,81.44486,2026-09-01,9.23,626
4812,7.16827,81.57197,2026-09-01,6.23,-1
4813,7.21606,81.76827,2026-09-01,19.17,-1
4814,7.28933,81.79167,2026-09-01,11.09,596
4815,7.31592,81.76345,2026-09-01,12.39,1046
4816,7.32506,81.74758,2026-09-01,6.03,1110
4817,7.33726,81.72639,2026-09-01,5.18,1111
4818,7.35682,81.82351,2026-09-01,6.09,828
4819,7.29757,81.14172,2026-09-01,6.16,1112
4820,7.36199,81.50616,2026-09-01,3.82,1113
4821,7.39489,81.77684,2026-09-01,7.48,1114
4822,7.40997,81.6543,2026-09-01,6.13,-1
4823,7.42719,81.31733,2026-09-01,5.35,1032
4824,7.45584,81.64682,2026-09-01,7.83,1115
4825,7.45856,81.64819,2026-09-01,6.24,1115
4826,7.63038,81.58308,2026-09-01,6.87,1116
4827,7.6342,81.58244,2026-09-01,6.87,1116
4828,7.7604,81.24961,2026-09-01,10.62,1117
4829,7.78377,80.22298,2026-09-01,2.66,-1
4830,7.78867,80.81643,2026-09-01,4.63,-1
4831,7.79142,81.55624,2026-09-01,6.01,839
4832,7.85497,80.34256,2026-09-01,4.45,-1
4833,7.86408,81.44665,2026-09-01,9.12,841
4834,7.86625,81.44823,2026-09-01,9.31,841
4835,7.8685,81.43804,2026-09-01,4.72,-1
4836,7.90392,80.63752,2026-09-01,1.99,-1
4837,7.94456,81.37131,2026-09-01,3.65,1118
4838,7.94534,81.37614,2026-09-01,3.65,1118
4839,7.94756,81.31615,2026-09-01,8.89,848
4840,7.94843,81.31799,2026-09-01,9.05,848
4841,7.95932,80.72301,2026-09-01,4.06,1119
4842,7.96034,80.72224,2026-09-01,3.5,1119
4843,7.96814,80.59685,2026-09-01,6.47,-1
4844,7.98507,80.62343,2026-09-01,3.46,-1
4845,8.00779,81.43661,2026-09-01,6.68,-1
4846,8.03059,80.59743,2026-09-01,3.18,-1
4847,8.03119,81.28948,2026-09-01,20.57,-1
4848,8.13979,81.4119,2026-09-01,4.71,1120
4849,8.18792,80.69052,2026-09-01,6.26,-1
4850,8.24386,80.60502,2026-09-01,4.93,-1
4851,8.26053,80.58041,2026-09-01,7.81,-1
4852,8.26432,80.55347,2026-09-01,4.08,-1
4853,8.29291,77.57172,2026-09-01,3.49,-1
4854,8.29877,80.15601,2026-09-01,18.87,1078
4855,8.30062,80.15585,2026-09-01,19.56,1078
4856,8.30368,81.01878,2026-09-01,6.15,299
4857,8.3076,81.01814,2026-09-01,6.15,299
4858,8.3114,80.28439,2026-09-01,2.5,1121
4859,8.31414,80.28391,2026-09-01,3.4,1121
4860,8.32899,80.29664,2026-09-01,3.46,-1
4861,8.34424,80.18712,2026-09-01,6.2,1122
4862,8.349,80.19014,2026-09-01,4.48,1122
4863,8.35582,80.28069,2026-09-01,3.73,1123
4864,8.36403,80.27928,2026-09-01,6.03,1123
4865,8.37648,81.04984,2026-09-01,12.25,1124
4866,8.37836,80.6104,2026-09-01,6.35,-1
4867,8.38429,81.04854,2026-09-01,22.09,1124
4868,8.38557,80.25662,2026-09-01,10.02,-1
4869,8.39226,81.16862,2026-09-01,5.92,-1
4870,8.40258,80.63156,2026-09-01,8.98,866
4871,8.40672,80.25681,2026-09-01,6.7,1125
4872,8.40733,80.26052,2026-09-01,3.39,1125
4873,8.41083,80.25612,2026-09-01,4.26,1125
4874,8.41403,80.62608,2026-09-01,6.92,-1
4875,8.41644,80.41689,2026-09-01,2.04,757
4876,8.41854,80.18941,2026-09-01,4.82,1126
4877,8.42361,80.5847,2026-09-01,6.09,-1
4878,8.43706,80.33877,2026-09-01,4.04,1127
4879,8.44123,80.37093,2026-09-01,1.9,1128
4880,8.44242,80.37146,2026-09-01,4.32,1128
4881,8.45904,80.40157,2026-09-01,2.31,759
4882,8.4631,80.4009,2026-09-01,2.31,759
4883,8.46341,81.0887,2026-09-01,15.6,1129
4884,8.46372,80.40453,2026-09-01,2.31,759
4885,8.46717,80.40021,2026-09-01,2.9,759
4886,8.4673,81.08805,2026-09-01,7.07,1129
4887,8.46778,80.40383,2026-09-01,2.9,759
4888,8.47152,80.72465,2026-09-01,11.25,-1
4889,8.4955,80.82083,2026-09-01,16.97,143
4890,8.49863,80.81506,2026-09-01,16.97,143
4891,8.49946,80.82017,2026-09-01,16.97,143
4892,8.51547,80.31347,2026-09-01,5.43,-1
4893,8.51704,80.59698,2026-09-01,6.85,949
4894,8.51814,80.67673,2026-09-01,8.72,652
4895,8.51878,80.7773,2026-09-01,4.06,-1
4896,8.51968,80.43941,2026-09-01,2.88,-1
4897,8.52105,80.59629,2026-09-01,6.85,949
4898,8.52566,80.47535,2026-09-01,3.79,-1
4899,8.52771,80.89381,2026-09-01,6.84,-1
4900,8.54025,80.51318,2026-09-01,9.03,-1
4901,8.54781,80.68247,2026-09-01,8.51,-1
4902,8.56386,80.50555,2026-09-01,3.19,1130
4903,8.56749,80.72697,2026-09-01,6.93,572
4904,8.56789,80.50488,2026-09-01,2.13,1130
4905,8.56902,80.48644,2026-09-01,4.42,332
4906,8.5695,80.76366,2026-09-01,9.39,-1
4907,8.57147,80.7263,2026-09-01,4.61,572
4908,8.57321,80.5876,2026-09-01,4.19,876
4909,8.574,80.66736,2026-09-01,36.79,-1
4910,8.57504,80.4455,2026-09-01,4.18,-1
4911,8.57664,80.58342,2026-09-01,6.1,876
4912,8.57722,80.58692,2026-09-01,4.19,876
4913,8.59583,80.77507,2026-09-01,6.36,-1
4914,8.59837,80.79054,2026-09-01,5.22,-1
4915,8.60734,80.91888,2026-09-01,7.46,-1
4916,8.60837,80.85137,2026-09-01,11.2,656
4917,8.62578,80.64729,2026-09-01,9.51,952
4918,8.65193,80.82672,2026-09-01,8.57,-1
4919,8.65909,80.69933,2026-09-01,4.65,-1
4920,8.66735,80.72438,2026-09-01,7.16,-1
4921,8.67641,80.90026,2026-09-01,7.77,-1
4922,8.68091,80.87888,2026-09-01,7.56,1131
4923,8.68468,81.02161,2026-09-01,22.07,882
4924,8.68568,80.88323,2026-09-01,9.97,1131
4925,8.68774,81.01603,2026-09-01,4.45,882
4926,8.69272,78.05309,2026-09-01,4.6,1132
4927,8.69322,78.05519,2026-09-01,6.31,1132
4928,8.69359,78.05819,2026-09-01,4.74,1132
4929,8.70056,80.87553,2026-09-01,13.58,-1
4930,8.74317,80.18766,2026-09-01,5.11,-1
4931,8.86808,80.87281,2026-09-01,5.24,-1
4932,8.89549,80.42211,2026-09-01,12.27,1133
4933,8.8961,80.42565,2026-09-01,12.27,1133
4934,8.91162,80.4194,2026-09-01,5.7,354
4935,8.9195,80.3924,2026-09-01,5.41,1134
4936,8.92028,80.4216,2026-09-01,8.63,354
4937,8.92294,80.38815,2026-09-01,11.59,1134
4938,9.02756,80.16605,2026-09-01,2.26,1135
4939,9.02817,80.16972,2026-09-01,2.67,1135
4940,9.05315,80.14268,2026-09-01,6.08,1136
4941,9.05558,80.14168,2026-09-01,4.72,1136
4942,9.08676,79.74698,2026-09-01,2.14,1137
4943,9.08716,79.74696,2026-09-01,6.52,1137
4944,9.08741,79.75088,2026-09-01,2.14,1137
4945,9.10153,80.28739,2026-09-01,3.67,-1
4946,9.10582,80.31257,2026-09-01,2.27,-1
4947,9.11247,80.27811,2026-09-01,6.48,-1
4948,9.24176,80.27779,2026-09-01,7.03,-1
4949,9.25795,80.27505,2026-09-01,6.81,-1
4950,9.39288,80.43707,2026-09-01,11.04,666
4951,9.39346,80.44057,2026-09-01,11.04,666
4952,9.39688,80.43639,2026-09-01,6.2,666
4953,9.40603,80.44202,2026-09-01,1.33,1023
4954,9.41327,80.36134,2026-09-01,3.55,1138
4955,9.41424,80.36042,2026-09-01,3.02,1138
4956,9.41566,80.40079,2026-09-01,4.54,1090
4957,9.41568,80.39275,2026-09-01,1.94,1090
4958,9.41628,80.39626,2026-09-01,3.96,1090
4959,9.41689,80.39977,2026-09-01,3.96,1090
4960,9.41749,80.40327,2026-09-01,4.57,1090
4961,9.41908,80.39658,2026-09-01,4.54,1090
4962,9.42139,80.41061,2026-09-01,2.16,1090
4963,9.42197,80.41412,2026-09-01,2.16,1090
4964,9.4227,80.40959,2026-09-01,4.15,1090
4965,9.4233,80.41309,2026-09-01,4.15,1090
4966,9.4273,80.41241,2026-09-01,10.51,1090
4967,9.4283,80.39423,2026-09-01,2.36,1139
4968,9.44431,80.39148,2026-09-01,3.35,1139
4969,9.53506,80.38695,2026-09-01,25.84,-1
4970,9.57735,78.58523,2026-09-01,8.92,-1
4971,9.60892,79.98938,2026-09-01,4.83,-1
4972,9.63981,80.21948,2026-09-01,2.34,-1
4973,9.64288,80.3102,2026-09-01,4.14,1140
4974,9.6828,79.86526,2026-09-01,2.81,-1
4975,9.77143,78.21916,2026-09-01,3.49,-1
4976,9.8107,78.22701,2026-09-01,3.51,1141
4977,9.95757,77.88288,2026-09-01,8.44,1142
4978,9.95914,77.88472,2026-09-01,11.36,1142
4979,9.96654,77.89884,2026-09-01,6.17,1143
4980,9.96955,77.89621,2026-09-01,13.59,1143
4981,9.99659,77.51824,2026-09-01,3.0,1144
4982,9.99667,77.52258,2026-09-01,8.15,1144
4983,10.015,78.08784,2026-09-01,8.15,1145
4984,10.38719,79.27933,2026-09-01,11.34,-1
4985,10.44507,78.80642,2026-09-01,3.98,1146
4986,10.44559,78.8073,2026-09-01,5.72,1146
4987,10.67588,78.80834,2026-09-01,4.1,-1
4988,10.74769,78.83463,2026-09-01,6.13,-1
4989,10.77378,78.65028,2026-09-01,5.62,-1
4990,10.86091,79.81236,2026-09-01,0.93,-1
4991,11.00781,77.43622,2026-09-01,7.15,-1
4992,11.01218,79.41254,2026-09-01,1.56,-1
4993,11.01958,79.83994,2026-09-01,2.22,-1
4994,11.14795,78.03258,2026-09-01,4.53,-1
4995,11.69378,79.12559,2026-09-01,3.94,1147
4996,11.69394,79.12669,2026-09-01,5.89,1147
4997,11.69813,79.12595,2026-09-01,5.89,1147
4998,11.83094,79.66526,2026-09-01,1.86,-1
4999,12.05853,79.84698,2026-09-01,3.58,-1
5000,12.09285,79.56569,2026-09-01,4.53,1148
5001,12.09304,79.56533,2026-09-01,2.38,1148
5002,12.13102,78.14007,2026-09-01,8.28,-1
5003,12.38799,79.56133,2026-09-01,2.06,-1
5004,12.55496,79.97733,2026-09-01,6.59,-1
5005,12.63548,79.86098,2026-09-01,5.87,-1
5006,12.6515,79.40098,2026-09-01,2.19,1149
5007,12.65554,79.40025,2026-09-01,2.19,1149
5008,12.8083,79.95654,2026-09-01,3.64,905
5009,12.82044,79.10441,2026-09-01,5.45,1150
5010,12.82455,79.10368,2026-09-01,5.9,1150
5011,12.88371,78.21547,2026-09-01,3.46,-1
5012,13.20734,79.73056,2026-09-01,3.71,-1
5013,13.85649,79.3286,2026-09-01,4.74,996
5014,13.85709,79.33201,2026-09-01,4.74,996
5015,13.86103,79.33105,2026-09-01,4.74,996
5016,14.43501,77.70506,2026-09-01,5.22,1151
5017,14.43581,77.70943,2026-09-01,11.47,1151
5018,14.49206,77.77126,2026-09-01,8.52,-1
5019,14.54064,79.68484,2026-09-01,9.29,-1
5020,14.86462,77.31979,2026-09-01,2.62,-1
5021,14.95313,79.62963,2026-09-01,5.79,997
5022,14.95399,79.63455,2026-09-01,5.79,997
5023,15.18663,76.75148,2026-09-01,3.78,-1
5024,15.88618,79.82315,2026-09-01,7.0,1152
5025,15.88993,79.82246,2026-09-01,7.0,1152
5026,17.95781,80.79736,2026-09-01,5.73,793
5027,27.52273,68.33573,2026-09-01,7.3,-1
5028,30.67169,73.90612,2026-09-01,3.03,-1
5029,32.2988,73.30443,2026-09-01,2.61,-1
5030,36.37709,94.95622,2026-09-01,9.76,1153
5031,36.37725,94.94768,2026-09-01,12.29,1153
5032,36.3801,94.95391,2026-09-01,15.02,1153
5033,36.38021,94.94536,2026-09-01,15.02,1153
5034,36.38425,94.95636,2026-09-01,9.76,1153
5035,36.38441,94.94778,2026-09-01,12.29,1153
5036,34.42354,73.96882,2026-09-01,1.5,-1
5037,35.99104,94.83133,2026-09-01,0.99,698
5038,36.38047,94.95726,2026-09-01,12.33,1153
5039,36.38081,94.95837,2026-09-01,8.04,1153
5040,36.38214,94.95275,2026-09-01,5.15,1153
5041,22.47377,91.73272,2026-09-01,1.25,1154
5042,29.78695,91.60675,2026-09-01,1.44,1096
5043,18.73882,74.40549,2026-09-01,0.54,-1
5044,21.10112,72.63706,2026-09-01,1.18,65
5045,21.10147,72.63356,2026-09-01,1.18,65
5046,21.10537,72.64811,2026-09-01,2.9,65
5047,21.10572,72.64465,2026-09-01,4.16,65
5048,10.92252,78.51923,2026-09-01,1.96,1155
5049,10.94335,76.3877,2026-09-01,0.57,1156
5050,10.99278,79.23927,2026-09-01,2.33,1157
5051,10.99333,79.23576,2026-09-01,2.35,1157
5052,11.10827,79.43034,2026-09-01,1.26,-1
5053,11.2683,80.00274,2026-09-01,2.74,619
5054,11.43151,77.16531,2026-09-01,1.7,-1
5055,11.58526,77.26942,2026-09-01,0.63,1158
5056,11.58561,77.26827,2026-09-01,0.71,1158
5057,11.58795,77.27676,2026-09-01,2.54,1158
5058,11.58907,77.26917,2026-09-01,1.3,1158
5059,11.592,77.27362,2026-09-01,2.54,1158
5060,11.59257,77.26982,2026-09-01,1.3,1158
5061,11.80976,77.92097,2026-09-01,2.29,1018
5062,11.81017,77.92106,2026-09-01,2.41,1018
5063,12.07241,79.15073,2026-09-01,1.83,-1
5064,12.29086,79.93877,2026-09-01,1.98,1159
5065,12.29417,79.93931,2026-09-01,1.98,1159
5066,12.74743,77.61809,2026-09-01,0.43,807
5067,13.00275,74.8494,2026-09-01,0.85,-1
5068,13.89658,76.56571,2026-09-01,0.51,262
5069,14.51576,75.63882,2026-09-01,0.94,1160
5070,14.5171,75.64188,2026-09-01,0.94,1160
5071,15.00385,77.61399,2026-09-01,0.86,725
5072,15.17009,76.38125,2026-09-01,1.63,592
5073,15.17649,76.65758,2026-09-01,2.24,133
5074,15.17715,76.65287,2026-09-01,2.24,133
5075,15.18272,76.66805,2026-09-01,3.48,133
5076,15.18291,76.63927,2026-09-01,2.14,133
5077,15.18782,76.65921,2026-09-01,2.82,133
5078,15.33235,76.28368,2026-09-01,1.69,420
5079,6.36316,80.74545,2026-09-01,0.88,-1
5080,6.57419,81.11971,2026-09-01,0.86,1161
5081,6.71948,81.22217,2026-09-01,2.15,617
5082,6.77234,81.00491,2026-09-01,0.77,1162
5083,6.77437,81.00439,2026-09-01,1.11,1162
5084,6.85561,81.53905,2026-09-01,2.17,286
5085,6.93451,81.20994,2026-09-01,0.33,-1
5086,6.95969,79.95614,2026-09-01,2.43,718
5087,6.96968,81.59444,2026-09-01,2.66,259
5088,6.97034,81.59041,2026-09-01,2.66,259
5089,6.97323,81.59503,2026-09-01,2.66,259
5090,6.97389,81.591,2026-09-01,2.66,259
5091,7.0813,80.82124,2026-09-01,1.38,-1
5092,7.21528,81.04633,2026-09-01,2.04,-1
5093,7.24225,80.88264,2026-09-01,1.3,1163
5094,7.24854,80.88733,2026-09-01,1.49,1163
5095,7.37611,81.18176,2026-09-01,1.63,1164
5096,7.37958,81.18234,2026-09-01,1.63,1164
5097,7.38553,80.94897,2026-09-01,3.28,-1
5098,7.43566,81.24219,2026-09-01,1.59,741
5099,7.88871,81.18806,2026-09-01,1.97,-1
5100,8.07564,80.76885,2026-09-01,1.15,981
5101,8.23957,80.5554,2026-09-01,1.7,-1
5102,8.44806,80.39248,2026-09-01,0.65,-1
5103,8.49787,80.81718,2026-09-01,1.67,143
5104,8.5307,80.74348,2026-09-01,2.89,1165
5105,8.53409,80.74403,2026-09-01,2.89,1165
5106,8.6686,77.99117,2026-09-01,0.36,1166
5107,9.2637,77.50169,2026-09-01,1.36,-1
5108,9.56943,77.53551,2026-09-01,1.35,1167
5109,9.56999,77.5319,2026-09-01,1.35,1167
5110,9.5723,77.5396,2026-09-01,0.85,1167
5111,9.57284,77.53609,2026-09-01,1.24,1167
5112,9.58141,77.54852,2026-09-01,1.01,-1
5113,10.19173,77.64243,2026-09-01,0.42,-1
5114,28.42366,69.70154,2026-09-01,1.44,206
5115,32.88779,71.6153,2026-09-01,1.85,165
5116,33.29609,71.18719,2026-09-01,0.6,172
5117,23.43164,68.71332,2026-09-01,0.77,-1
5118,25.38806,68.58345,2026-09-01,1.13,195
5119,6.18732,80.72151,2026-09-02,1.55,-1
5120,6.26317,81.08282,2026-09-02,1.77,-1
5121,6.29037,80.85827,2026-09-02,5.02,-1
5122,6.45157,81.09538,2026-09-02,3.54,1037
5123,6.55132,81.14516,2026-09-02,1.69,-1
5124,6.56966,81.1199,2026-09-02,3.48,1161
5125,6.59253,80.92814,2026-09-02,4.39,-1
5126,6.69094,81.32561,2026-09-02,3.63,1168
5127,6.7207,81.24134,2026-09-02,2.3,617
5128,6.74808,81.52004,2026-09-02,3.27,674
5129,6.79481,81.59746,2026-09-02,2.88,1169
5130,6.80013,81.59657,2026-09-02,2.88,1169
5131,6.80072,81.59989,2026-09-02,2.88,1169
5132,6.85732,81.46571,2026-09-02,3.86,1170
5133,6.86213,81.46165,2026-09-02,3.86,1170
5134,7.0117,81.60833,2026-09-02,5.27,-1
5135,7.01405,81.62167,2026-09-02,6.13,623
5136,7.05386,81.45487,2026-09-02,4.91,1171
5137,7.0563,81.45523,2026-09-02,4.42,1171
5138,7.05682,81.45827,2026-09-02,4.42,1171
5139,7.05835,81.59419,2026-09-02,3.42,-1
5140,7.05969,81.45664,2026-09-02,7.77,1171
5141,7.06316,81.80867,2026-09-02,3.02,1172
5142,7.09891,81.70583,2026-09-02,3.48,1173
5143,7.09954,81.70715,2026-09-02,6.61,1173
5144,7.11475,81.67311,2026-09-02,3.78,-1
5145,7.17839,81.81988,2026-09-02,2.86,823
5146,7.21062,81.82043,2026-09-02,3.53,1174
5147,7.21071,81.82072,2026-09-02,4.08,1174
5148,7.25258,80.891,2026-09-02,6.92,1163
5149,7.25519,81.708,2026-09-02,7.73,-1
5150,7.2765,81.73724,2026-09-02,1.36,-1
5151,7.29333,81.80293,2026-09-02,1.98,596
5152,7.30922,81.77083,2026-09-02,9.2,1046
5153,7.30948,81.76926,2026-09-02,4.54,1046
5154,7.31005,81.77242,2026-09-02,4.54,1046
5155,7.32084,81.83221,2026-09-02,1.16,826
5156,7.33017,81.13794,2026-09-02,2.69,1175
5157,7.33055,81.24025,2026-09-02,5.25,1176
5158,7.33164,81.2386,2026-09-02,7.56,1176
5159,7.33388,80.93858,2026-09-02,6.69,-1
5160,7.33598,81.23946,2026-09-02,6.2,1176
5161,7.33735,81.20861,2026-09-02,4.7,677
5162,7.34089,81.19734,2026-09-02,4.46,1177
5163,7.34386,81.72089,2026-09-02,2.01,1111
5164,7.35963,81.1146,2026-09-02,2.52,679
5165,7.37055,81.71949,2026-09-02,3.16,940
5166,7.37772,81.37109,2026-09-02,4.19,-1
5167,7.37863,81.15845,2026-09-02,3.32,1178
5168,7.38031,81.00896,2026-09-02,4.13,-1
5169,7.39372,81.18061,2026-09-02,1.87,1179
5170,7.4081,81.06524,2026-09-02,2.34,-1
5171,7.47581,80.9069,2026-09-02,5.28,1180
5172,7.47632,81.74171,2026-09-02,2.49,-1
5173,7.48,80.90331,2026-09-02,9.56,1180
5174,7.4839,81.20641,2026-09-02,4.16,-1
5175,7.5465,81.29754,2026-09-02,10.43,1181
5176,7.55034,81.30028,2026-09-02,10.62,1181
5177,7.5525,81.30016,2026-09-02,12.95,1181
5178,7.55483,81.72664,2026-09-02,2.19,-1
5179,7.69899,81.23794,2026-09-02,4.47,1182
5180,7.6996,81.24136,2026-09-02,4.47,1182
5181,7.71905,80.52895,2026-09-02,4.94,-1
5182,7.8105,80.81985,2026-09-02,4.91,-1
5183,7.86967,80.6083,2026-09-02,10.48,843
5184,7.87255,80.60516,2026-09-02,6.15,843
5185,7.87323,80.60886,2026-09-02,6.15,843
5186,7.89672,80.64297,2026-09-02,6.12,-1
5187,7.9031,80.61494,2026-09-02,6.45,-1
5188,7.90335,81.47719,2026-09-02,3.85,1183
5189,7.90781,81.475,2026-09-02,5.98,1183
5190,7.9084,81.47823,2026-09-02,7.3,1183
5191,7.90861,81.47627,2026-09-02,3.85,1183
5192,7.93935,81.31718,2026-09-02,10.06,848
5193,7.94051,81.29297,2026-09-02,2.97,848
5194,7.94348,81.30961,2026-09-02,7.38,848
5195,8.07954,80.59356,2026-09-02,4.34,1184
5196,8.08167,80.59393,2026-09-02,4.24,1184
5197,8.09333,80.78801,2026-09-02,3.14,1100
5198,8.16788,80.58058,2026-09-02,5.0,860
5199,8.16905,80.58099,2026-09-02,3.37,860
5200,8.1841,81.33057,2026-09-02,3.51,1185
5201,8.28928,81.02506,2026-09-02,3.87,-1
5202,8.34616,81.03253,2026-09-02,2.38,-1
5203,8.3484,80.66866,2026-09-02,10.6,1186
5204,8.35486,80.79696,2026-09-02,5.46,467
5205,8.36511,80.79137,2026-09-02,4.83,1187
5206,8.37057,80.79036,2026-09-02,3.42,1187
5207,8.38044,80.47367,2026-09-02,15.26,1188
5208,8.38162,80.47205,2026-09-02,7.16,1188
5209,8.38184,80.82143,2026-09-02,3.93,1189
5210,8.38229,80.47581,2026-09-02,7.16,1188
5211,8.38728,80.82038,2026-09-02,10.5,1189
5212,8.41492,80.56696,2026-09-02,4.19,869
5213,8.41631,80.3227,2026-09-02,8.01,1190
5214,8.417,80.32652,2026-09-02,11.58,1190
5215,8.43109,80.65472,2026-09-02,4.76,1191
5216,8.43729,80.78544,2026-09-02,7.09,1192
5217,8.43836,80.78616,2026-09-02,5.6,1192
5218,8.44558,80.73347,2026-09-02,9.66,-1
5219,8.46852,81.11768,2026-09-02,6.59,992
5220,8.47271,80.81999,2026-09-02,5.79,143
5221,8.47463,80.83051,2026-09-02,9.47,143
5222,8.47527,80.83401,2026-09-02,9.47,143
5223,8.47878,80.82249,2026-09-02,6.74,143
5224,8.47942,80.826,2026-09-02,6.74,143
5225,8.49191,80.80196,2026-09-02,1.95,1193
5226,8.49255,80.8055,2026-09-02,3.02,1193
5227,8.4979,80.15121,2026-09-02,3.34,-1
5228,8.51043,80.68813,2026-09-02,3.76,-1
5229,8.52422,80.67086,2026-09-02,3.47,652
5230,8.52491,80.67143,2026-09-02,3.08,652
5231,8.52835,80.81718,2026-09-02,3.41,653
5232,8.53487,80.79079,2026-09-02,6.76,1194
5233,8.53549,80.7943,2026-09-02,6.76,1194
5234,8.53568,80.79343,2026-09-02,11.89,1194
5235,8.54068,80.66792,2026-09-02,1.52,-1
5236,8.54718,80.61058,2026-09-02,4.57,-1
5237,8.55356,80.76841,2026-09-02,2.86,330
5238,8.55561,80.68747,2026-09-02,4.1,-1
5239,8.57298,80.41463,2026-09-02,3.36,1195
5240,8.57462,80.41475,2026-09-02,7.07,1195
5241,8.57646,80.64652,2026-09-02,4.88,1196
5242,8.5813,80.64192,2026-09-02,5.5,1196
5243,8.58795,80.74087,2026-09-02,2.65,-1
5244,8.59681,80.66502,2026-09-02,3.05,335
5245,8.61355,80.69516,2026-09-02,6.82,762
5246,8.61902,80.69415,2026-09-02,6.82,762
5247,8.61938,80.69332,2026-09-02,4.64,762
5248,8.62972,80.6591,2026-09-02,6.08,952
5249,8.62986,80.65842,2026-09-02,5.23,952
5250,8.63088,80.72893,2026-09-02,2.95,1197
5251,8.6315,80.72802,2026-09-02,3.78,1197
5252,8.63386,80.52625,2026-09-02,6.05,765
5253,8.63886,80.4912,2026-09-02,5.31,1198
5254,8.63953,80.49488,2026-09-02,7.96,1198
5255,8.6888,80.35437,2026-09-02,3.92,881
5256,8.69176,80.35313,2026-09-02,4.47,881
5257,8.72116,81.12231,2026-09-02,5.77,1199
5258,8.72707,81.12466,2026-09-02,5.77,1199
5259,8.76981,80.87205,2026-09-02,3.67,1200
5260,8.85165,80.32201,2026-09-02,5.21,-1
5261,9.41724,80.38377,2026-09-02,4.93,1062
5262,9.43089,80.39628,2026-09-02,3.24,1139
5263,9.43142,80.39938,2026-09-02,3.58,1139
5264,9.43211,80.3729,2026-09-02,6.05,1062
5265,9.43242,80.37336,2026-09-02,6.5,1062
5266,9.4328,80.37656,2026-09-02,10.97,1062
5267,9.43308,80.37701,2026-09-02,8.7,1062
5268,9.43506,80.38796,2026-09-02,3.54,1139
5269,9.43638,80.39525,2026-09-02,3.24,1139
5270,9.64267,80.31721,2026-09-02,9.47,1140
5271,9.643,80.31789,2026-09-02,8.95,1140
5272,9.64335,80.32085,2026-09-02,11.93,1140
5273,9.64366,80.32153,2026-09-02,8.44,1140
5274,6.15852,80.93163,2026-09-02,4.42,-1
5275,9.94405,78.17075,2026-09-02,8.81,-1
5276,9.99482,79.18996,2026-09-02,4.89,1201
5277,12.1557,79.81212,2026-09-02,2.65,-1
5278,14.88849,79.31078,2026-09-02,2.5,-1
5279,15.95654,79.91642,2026-09-02,4.66,-1
5280,17.67918,75.30824,2026-09-02,6.74,-1
5281,20.96492,85.17074,2026-09-02,7.94,61
5282,30.44718,73.801,2026-09-02,2.56,-1
5283,31.09262,74.68887,2026-09-02,3.98,-1
5284,9.92334,78.1786,2026-09-02,8.28,-1
5285,11.34867,77.58162,2026-09-02,6.73,-1
5286,18.5739,72.24182,2026-09-02,4.18,616
5287,27.85456,72.35793,2026-09-02,6.23,-1
5288,27.37742,95.33333,2026-09-02,1.17,99
5289,20.94712,86.04544,2026-09-02,2.41,90
5290,20.94769,86.04173,2026-09-02,2.41,90
5291,20.94987,86.04974,2026-09-02,1.99,90
5292,20.95044,86.04603,2026-09-02,2.41,90
5293,20.96373,86.04834,2026-09-02,0.85,90
5294,20.97057,86.0037,2026-09-02,1.07,62
5295,20.97389,86.00428,2026-09-02,0.75,62
5296,22.24434,87.38933,2026-09-02,1.69,519
5297,23.66686,86.09244,2026-09-02,2.0,20
5298,23.69712,85.35915,2026-09-02,0.72,528
5299,23.75301,86.3995,2026-09-02,1.79,585
5300,23.75577,86.40394,2026-09-02,1.05,585
5301,23.75693,86.39625,2026-09-02,1.45,585
5302,23.75911,86.40453,2026-09-02,1.05,585
5303,23.75969,86.40069,2026-09-02,1.45,585
5304,23.76244,86.40514,2026-09-02,1.07,585
5305,23.76303,86.40129,2026-09-02,0.98,585
5306,23.76419,86.39362,2026-09-02,1.77,585
5307,23.76637,86.40189,2026-09-02,0.98,585
5308,23.7665,86.37826,2026-09-02,1.13,1202
5309,23.76929,86.01326,2026-09-02,1.06,-1
5310,23.77496,85.99825,2026-09-02,0.93,1203
5311,23.77536,86.38774,2026-09-02,2.1,713
5312,23.77554,85.99434,2026-09-02,0.93,1203
5313,23.77812,86.39218,2026-09-02,1.06,713
5314,23.7787,86.38834,2026-09-02,1.75,713
5315,23.78102,86.37297,2026-09-02,1.41,712
5316,23.80136,86.32924,2026-09-02,0.85,125
5317,23.80471,86.32983,2026-09-02,0.85,125
5318,23.80529,86.32597,2026-09-02,0.85,125
5319,15.16884,76.38137,2026-09-02,1.08,592
5320,15.17321,76.65722,2026-09-02,1.52,133
5321,15.17359,76.65408,2026-09-02,1.23,133
5322,15.17838,76.65782,2026-09-02,1.94,133
5323,15.17876,76.65467,2026-09-02,1.51,133
5324,15.18241,76.66785,2026-09-02,2.21,133
5325,15.78634,80.24809,2026-09-02,1.63,-1
5326,17.60491,83.19991,2026-09-02,1.14,135
5327,17.60785,83.20464,2026-09-02,0.82,135
5328,17.61139,83.20518,2026-09-02,1.06,135
5329,18.68321,73.04121,2026-09-02,3.91,223
5330,18.68376,73.03494,2026-09-02,2.69,223
5331,18.6843,73.02866,2026-09-02,2.69,223
5332,21.16249,72.6673,2026-09-02,1.98,611
5333,21.1658,72.66228,2026-09-02,1.54,611
5334,7.47998,81.08479,2026-09-02,2.11,-1
5335,7.5548,81.30308,2026-09-02,3.47,1181
5336,7.55889,81.2997,2026-09-02,1.3,1181
5337,7.76356,80.32153,2026-09-02,1.7,-1
5338,7.96894,79.79425,2026-09-02,3.02,-1
5339,7.97252,80.73882,2026-09-02,2.91,-1
5340,8.01085,81.28994,2026-09-02,1.23,-1
5341,8.08357,80.79222,2026-09-02,6.49,981
5342,8.08421,80.78805,2026-09-02,6.49,981
5343,8.35069,80.99633,2026-09-02,0.44,-1
5344,9.55174,77.51925,2026-09-02,0.75,721
5345,9.55315,77.52262,2026-09-02,2.59,721
5346,9.55481,77.51051,2026-09-02,0.75,721
5347,9.55874,77.51527,2026-09-02,2.55,721
5348,9.55933,77.5109,2026-09-02,0.75,721
5349,9.56071,77.53418,2026-09-02,2.32,1167
5350,9.56267,77.52,2026-09-02,2.11,721
5351,11.17563,79.08776,2026-09-02,0.63,1204
5352,11.59482,77.264,2026-09-02,1.73,1158
5353,11.59569,77.25757,2026-09-02,1.73,1158
5354,11.80807,77.92142,2026-09-02,2.3,1018
5355,12.84852,79.90374,2026-09-02,4.0,1205
5356,12.85253,79.90434,2026-09-02,5.36,1205
5357,13.09088,79.98233,2026-09-02,0.52,-1
5358,6.3556,80.89746,2026-09-02,2.06,1206
5359,6.35586,80.89634,2026-09-02,1.69,1206
5360,6.35938,80.89688,2026-09-02,1.33,1206
5361,6.60946,81.25787,2026-09-02,4.13,1207
5362,6.73874,80.70068,2026-09-02,0.37,-1
5363,6.77251,80.99814,2026-09-02,1.18,1162
5364,6.79936,81.55991,2026-09-02,0.61,1041
5365,6.85798,80.95795,2026-09-02,0.78,-1
5366,6.97714,80.86381,2026-09-02,0.61,-1
5367,31.3686,76.35826,2026-09-02,0.62,1004
5368,33.29454,71.18691,2026-09-02,1.12,172
5369,33.29733,71.18526,2026-09-02,0.66,172
5370,35.70838,73.66257,2026-09-02,0.87,-1
5371,24.82198,73.09294,2026-09-02,0.64,529
5372,25.38768,68.58337,2026-09-02,2.03,195
5373,25.38928,68.58535,2026-09-02,1.52,195
5374,27.28717,73.83898,2026-09-02,0.55,476
5375,28.42361,69.70264,2026-09-02,1.7,206
5376,21.10142,72.64466,2026-09-02,2.25,65
5377,21.10334,72.63613,2026-09-02,2.34,65
5378,21.1071,72.64617,2026-09-02,7.05,65
5379,21.10903,72.63763,2026-09-02,2.25,65
5380,20.96418,94.86232,2026-08-24,1.74,-1
5381,29.08405,88.01155,2026-08-24,4.66,1208
5382,29.66766,91.91384,2026-08-24,2.43,-1
5383,31.99853,78.5369,2026-08-24,4.85,-1
5384,6.52771,81.11231,2026-08-24,4.55,1209
5385,6.71762,81.08398,2026-08-24,7.81,-1
5386,6.74807,81.51759,2026-08-24,2.92,674
5387,6.79838,81.44492,2026-08-24,5.18,-1
5388,6.85608,81.75537,2026-08-24,17.37,-1
5389,7.15503,80.97341,2026-08-24,13.5,1210
5390,7.15662,80.97082,2026-08-24,22.92,1210
5391,7.15935,80.96866,2026-08-24,15.32,1210
5392,7.16001,80.97327,2026-08-24,15.32,1210
5393,7.16158,80.97058,2026-08-24,22.92,1210
5394,7.16425,80.96798,2026-08-24,15.32,1210
5395,7.1649,80.97253,2026-08-24,15.32,1210
5396,7.16641,80.96938,2026-08-24,20.36,1210
5397,7.16668,81.01984,2026-08-24,4.18,-1
5398,7.30329,81.19003,2026-08-24,9.89,1211
5399,7.30441,81.79688,2026-08-24,2.08,596
5400,7.31644,81.84643,2026-08-24,2.89,112
5401,7.32001,81.79483,2026-08-24,5.67,827
5402,7.34063,81.42898,2026-08-24,2.2,1212
5403,7.38769,81.77917,2026-08-24,5.9,1114
5404,7.44249,81.39476,2026-08-24,2.24,1052
5405,7.69291,81.59333,2026-08-24,3.38,1213
5406,7.88901,80.67115,2026-08-24,6.95,-1
5407,8.01478,80.62977,2026-08-24,4.21,749
5408,8.01957,80.31305,2026-08-24,6.13,750
5409,8.30899,80.57829,2026-08-24,4.19,-1
5410,8.49439,80.82851,2026-08-24,15.6,143
5411,8.56913,80.77627,2026-08-24,6.43,877
5412,8.56977,80.46552,2026-08-24,9.45,1214
5413,8.61324,80.83712,2026-08-24,26.33,878
5414,8.61819,80.8364,2026-08-24,26.33,878
5415,8.62862,80.64883,2026-08-24,10.64,952
5416,8.62935,80.6543,2026-08-24,11.03,952
5417,8.86698,78.08605,2026-08-24,3.33,693
5418,8.86875,78.15804,2026-08-24,5.2,1215
5419,8.92843,80.69376,2026-08-24,7.31,891
5420,8.92972,80.69118,2026-08-24,9.03,891
5421,9.41015,80.39861,2026-08-24,11.22,1090
5422,9.4129,80.40137,2026-08-24,12.45,1090
5423,9.42267,80.38055,2026-08-24,3.37,1062
5424,9.61047,80.29727,2026-08-24,3.54,1216
5425,9.61269,80.30055,2026-08-24,1.85,1216
5426,16.55141,82.59755,2026-08-24,7.24,-1
5427,28.42584,69.70153,2026-08-24,3.88,206
5428,29.95974,72.17165,2026-08-24,3.61,1217
5429,30.4505,74.18115,2026-08-24,4.16,-1
5430,30.63301,73.60488,2026-08-24,1.26,1218
5431,30.80869,71.99914,2026-08-24,6.94,-1
5432,30.89104,73.20267,2026-08-24,9.8,1219
5433,31.08036,74.34518,2026-08-24,2.38,-1
5434,31.40357,72.55518,2026-08-24,3.16,-1
5435,31.51264,72.28911,2026-08-24,7.14,-1
5436,32.88841,71.6194,2026-08-24,3.56,165
5437,29.08693,88.00976,2026-08-24,1.73,1208
5438,22.3605,87.29447,2026-08-24,3.51,612
5439,22.36139,87.01068,2026-08-24,3.56,520
5440,22.36172,87.01392,2026-08-24,2.67,520
5441,22.37227,87.27415,2026-08-24,5.77,522
5442,22.56736,85.89178,2026-08-24,1.65,791
5443,22.58314,85.89967,2026-08-24,1.24,791
5444,22.58779,85.89744,2026-08-24,1.66,791
5445,22.58832,85.90031,2026-08-24,1.24,791
5446,22.86855,86.05769,2026-08-24,0.98,927
5447,23.55243,87.23839,2026-08-24,2.3,100
5448,27.37654,95.08727,2026-08-24,1.51,1029
5449,7.64049,80.96828,2026-08-24,0.87,1220
5450,7.2735,81.28102,2026-08-24,0.82,1221
5451,33.29536,71.18689,2026-08-24,0.78,172
5452,33.54464,71.54842,2026-08-24,0.69,173
5453,33.68822,72.71246,2026-08-24,1.55,513
5454,33.85027,72.87061,2026-08-24,1.01,1222
5455,33.90289,71.91724,2026-08-24,1.75,243
5456,33.90868,71.46279,2026-08-24,0.66,-1
5457,25.94131,72.19123,2026-08-24,1.76,730
5458,26.25756,74.09525,2026-08-24,1.39,468
5459,26.87662,73.51538,2026-08-24,1.23,204
5460,28.42683,69.69943,2026-08-24,1.17,206
5461,29.45879,76.8923,2026-08-24,2.12,1033
5462,31.25866,76.92591,2026-08-24,1.06,239
5463,32.08799,74.16105,2026-08-24,1.38,916
5464,32.10258,74.17775,2026-08-24,1.18,917
5465,32.28942,70.74173,2026-08-24,2.64,86
5466,32.29401,70.73388,2026-08-24,2.41,86
5467,32.57596,72.56307,2026-08-24,2.72,498
5468,32.71789,72.77715,2026-08-24,0.6,499
5469,32.88977,71.61715,2026-08-24,2.53,165
5470,20.35698,72.95097,2026-08-24,2.0,96
5471,20.91151,71.45895,2026-08-24,1.54,237
5472,21.10352,72.63773,2026-08-24,9.49,65
5473,21.10552,72.64716,2026-08-24,10.73,65
5474,21.1091,72.64789,2026-08-24,3.01,65
5475,21.11144,72.63482,2026-08-24,2.9,65
5476,22.3408,69.85459,2026-08-24,1.87,253
5477,22.34174,69.87002,2026-08-24,1.78,253
5478,22.34504,69.87063,2026-08-24,1.78,253
5479,22.92933,70.10716,2026-08-24,1.04,240
5480,22.93312,69.69794,2026-08-24,2.55,419
5481,22.93583,69.70226,2026-08-24,3.69,419
5482,22.93641,69.69853,2026-08-24,2.55,419
5483,23.05546,69.99567,2026-08-24,0.63,256
5484,23.10639,70.1897,2026-08-24,0.54,-1
5485,23.2488,69.87011,2026-08-24,0.82,-1
5486,23.25788,70.26331,2026-08-24,0.65,257
5487,23.3162,70.48951,2026-08-24,1.26,258
5488,24.68826,72.99875,2026-08-24,1.05,193
5489,24.8168,73.0893,2026-08-24,0.76,529
5490,25.38534,68.57845,2026-08-24,2.22,195
5491,18.68346,73.03221,2026-08-24,1.88,223
5492,18.68722,73.03297,2026-08-24,1.88,223
5493,29.66602,91.18839,2026-08-25,4.17,-1
5494,29.68351,91.14562,2026-08-25,14.14,1223
5495,29.69793,91.15185,2026-08-25,3.79,-1
5496,6.25056,81.16558,2026-08-25,1.87,-1
5497,6.59563,81.12982,2026-08-25,3.38,817
5498,6.62764,81.1975,2026-08-25,6.36,1224
5499,6.62826,81.20171,2026-08-25,6.36,1224
5500,6.62887,81.20591,2026-08-25,8.09,1224
5501,6.6325,81.20537,2026-08-25,22.55,1224
5502,6.70091,81.21671,2026-08-25,5.69,617
5503,6.70154,81.22091,2026-08-25,7.97,617
5504,6.70454,81.21617,2026-08-25,5.69,617
5505,6.70469,81.21725,2026-08-25,6.58,617
5506,6.70517,81.22038,2026-08-25,7.97,617
5507,6.70529,81.22145,2026-08-25,8.62,617
5508,6.70817,81.21564,2026-08-25,3.26,617
5509,6.70832,81.21671,2026-08-25,6.58,617
5510,6.7088,81.21983,2026-08-25,5.82,617
5511,6.70943,81.22404,2026-08-25,5.82,617
5512,6.70953,81.22513,2026-08-25,8.62,617
5513,6.72541,81.36154,2026-08-25,6.46,1225
5514,6.72609,81.36019,2026-08-25,6.66,1225
5515,6.73775,81.53931,2026-08-25,3.99,736
5516,6.74745,81.38467,2026-08-25,9.27,283
5517,6.75111,81.38413,2026-08-25,4.68,283
5518,6.75276,81.09026,2026-08-25,6.7,-1
5519,6.76355,81.4702,2026-08-25,3.69,820
5520,6.7767,81.53517,2026-08-25,6.92,78
5521,6.79162,81.55989,2026-08-25,9.54,1041
5522,6.8122,81.16679,2026-08-25,3.79,1226
5523,6.81303,81.1674,2026-08-25,4.76,1226
5524,6.86466,81.47404,2026-08-25,6.06,1227
5525,6.86836,81.47356,2026-08-25,6.06,1227
5526,6.87135,81.44212,2026-08-25,2.2,1228
5527,6.87901,81.52132,2026-08-25,6.91,429
5528,6.87965,81.52573,2026-08-25,6.91,429
5529,6.88271,81.52078,2026-08-25,6.91,429
5530,6.88335,81.52519,2026-08-25,6.91,429
5531,6.88819,81.66446,2026-08-25,3.57,595
5532,6.90784,81.4859,2026-08-25,56.74,-1
5533,6.91892,81.48431,2026-08-25,2.34,-1
5534,6.9783,81.33369,2026-08-25,5.87,1229
5535,6.98196,81.33311,2026-08-25,12.19,1229
5536,6.99311,81.48762,2026-08-25,3.08,1230
5537,6.99681,81.48708,2026-08-25,16.58,1230
5538,7.00675,81.50349,2026-08-25,3.8,1231
5539,7.01044,81.50293,2026-08-25,3.8,1231
5540,7.10648,81.71599,2026-08-25,6.16,1232
5541,7.10673,81.71281,2026-08-25,5.72,1232
5542,7.10736,81.71725,2026-08-25,4.59,1232
5543,7.28552,81.70193,2026-08-25,1.86,-1
5544,7.28824,81.13609,2026-08-25,7.17,1112
5545,7.29306,81.77975,2026-08-25,5.51,596
5546,7.29373,81.78432,2026-08-25,5.05,596
5547,7.29552,81.13499,2026-08-25,4.34,1112
5548,7.29684,81.77921,2026-08-25,5.51,596
5549,7.2975,81.78377,2026-08-25,5.05,596
5550,7.29885,81.79293,2026-08-25,7.42,596
5551,7.3017,81.75987,2026-08-25,3.31,-1
5552,7.30556,81.83883,2026-08-25,3.69,826
5553,7.30826,81.85727,2026-08-25,2.31,1233
5554,7.3126,81.7816,2026-08-25,7.74,-1
5555,7.3149,81.8234,2026-08-25,3.82,-1
5556,7.32252,81.76852,2026-08-25,5.16,1046
5557,7.3246,81.78455,2026-08-25,5.04,827
5558,7.3251,81.78683,2026-08-25,8.5,827
5559,7.32867,81.81205,2026-08-25,4.57,1073
5560,7.329,81.81437,2026-08-25,6.33,1073
5561,7.32906,81.78858,2026-08-25,8.69,827
5562,7.32953,81.79086,2026-08-25,9.32,827
5563,7.33148,81.7789,2026-08-25,5.32,827
5564,7.33417,81.45088,2026-08-25,7.83,-1
5565,7.36528,81.26039,2026-08-25,12.2,1234
5566,7.36624,81.2598,2026-08-25,12.49,1234
5567,7.36896,81.25998,2026-08-25,12.2,1234
5568,7.41669,81.25322,2026-08-25,5.13,1235
5569,7.42036,81.25268,2026-08-25,5.13,1235
5570,7.42791,81.59241,2026-08-25,4.09,-1
5571,7.44073,81.28928,2026-08-25,3.29,-1
5572,7.44835,81.68165,2026-08-25,2.9,1236
5573,7.46413,81.39714,2026-08-25,2.9,-1
5574,7.4673,81.31651,2026-08-25,4.67,-1
5575,7.48018,81.02367,2026-08-25,7.84,1237
5576,7.48079,81.02785,2026-08-25,9.52,1237
5577,7.54853,81.36391,2026-08-25,2.63,115
5578,7.57043,81.61926,2026-08-25,3.22,1238
5579,7.57651,81.40005,2026-08-25,9.06,1239
5580,7.57716,81.40447,2026-08-25,9.06,1239
5581,7.63637,80.97568,2026-08-25,5.47,1220
5582,7.637,80.97987,2026-08-25,11.88,1220
5583,7.63762,80.98406,2026-08-25,11.88,1220
5584,8.17185,80.48933,2026-08-25,5.88,-1
5585,8.22376,79.9154,2026-08-25,8.69,-1
5586,8.29243,80.20691,2026-08-25,11.89,462
5587,8.33228,81.02814,2026-08-25,5.71,-1
5588,8.3507,80.67214,2026-08-25,3.94,1186
5589,8.35207,80.67225,2026-08-25,6.02,1186
5590,8.35752,80.23368,2026-08-25,7.87,1240
5591,8.36105,80.23316,2026-08-25,3.9,1240
5592,8.37075,80.59804,2026-08-25,3.91,-1
5593,8.4179,80.5202,2026-08-25,1.09,602
5594,8.41851,80.52428,2026-08-25,3.76,602
5595,8.42033,80.56149,2026-08-25,5.89,869
5596,8.42392,80.56097,2026-08-25,10.47,869
5597,8.44314,80.35169,2026-08-25,5.12,1241
5598,8.44372,80.35572,2026-08-25,11.18,1241
5599,8.44847,80.80316,2026-08-25,4.05,-1
5600,8.47277,81.33554,2026-08-25,9.87,-1
5601,8.47545,80.57486,2026-08-25,3.83,-1
5602,8.52343,80.70296,2026-08-25,2.65,327
5603,8.52601,80.82277,2026-08-25,4.38,653
5604,8.53026,80.82647,2026-08-25,4.38,653
5605,8.56757,80.34253,2026-08-25,3.72,-1
5606,8.57438,80.56564,2026-08-25,4.5,-1
5607,8.58405,80.45564,2026-08-25,2.8,-1
5608,8.59756,80.82961,2026-08-25,4.69,878
5609,8.62952,80.64198,2026-08-25,3.74,952
5610,8.63257,80.34579,2026-08-25,8.37,1242
5611,8.63329,80.34522,2026-08-25,7.19,1242
5612,8.66378,80.43628,2026-08-25,3.55,-1
5613,8.67924,80.44233,2026-08-25,6.78,-1
5614,8.69478,80.34908,2026-08-25,3.86,881
5615,8.7244,80.32823,2026-08-25,4.74,-1
5616,10.21385,79.24151,2026-08-25,3.48,1243
5617,10.2144,79.2453,2026-08-25,4.51,1243
5618,14.20531,77.38112,2026-08-25,3.89,-1
5619,14.86806,79.7366,2026-08-25,9.7,-1
5620,15.65774,78.98273,2026-08-25,6.07,-1
5621,16.00588,79.10636,2026-08-25,1.63,-1
5622,17.08652,79.68517,2026-08-25,3.75,-1
5623,29.78545,72.26527,2026-08-25,3.8,1244
5624,30.15438,73.2097,2026-08-25,1.61,-1
5625,30.16365,72.41509,2026-08-25,3.03,-1
5626,30.26614,72.98603,2026-08-25,2.28,-1
5627,30.35581,73.60623,2026-08-25,2.79,-1
5628,30.38699,73.90166,2026-08-25,3.83,-1
5629,30.41115,73.77779,2026-08-25,1.7,-1
5630,30.55025,73.47831,2026-08-25,4.79,-1
5631,30.6344,73.05245,2026-08-25,4.64,-1
5632,30.64405,72.29908,2026-08-25,2.22,-1
5633,30.85566,71.98112,2026-08-25,2.21,-1
5634,30.8567,71.94377,2026-08-25,8.91,-1
5635,31.09643,72.31196,2026-08-25,2.31,1245
5636,31.09704,72.31596,2026-08-25,3.38,1245
5637,31.74621,72.21912,2026-08-25,2.73,-1
5638,31.86618,72.92677,2026-08-25,4.26,-1
5639,32.57449,72.56425,2026-08-25,4.02,498
5640,22.24567,87.3872,2026-08-25,0.71,519
5641,22.35603,87.28809,2026-08-25,1.02,612
5642,22.36498,87.01769,2026-08-25,0.5,520
5643,22.36787,87.30032,2026-08-25,1.59,612
5644,22.37608,87.27892,2026-08-25,3.21,522
5645,22.37654,87.27341,2026-08-25,2.54,522
5646,22.37812,87.2802,2026-08-25,2.05,522
5647,22.37854,87.27468,2026-08-25,2.05,522
5648,27.31814,95.26488,2026-08-25,2.44,401
5649,27.32489,95.27836,2026-08-25,2.34,401
5650,31.61505,74.37461,2026-08-25,0.89,405
5651,32.10264,74.17625,2026-08-25,3.45,917
5652,33.2966,71.18492,2026-08-25,1.13,172
5653,33.6881,72.71527,2026-08-25,0.98,513
5654,35.96903,68.68799,2026-08-25,2.05,182
5655,15.17508,76.67832,2026-08-25,2.28,133
5656,15.1759,76.67371,2026-08-25,0.71,133
5657,15.17962,76.67442,2026-08-25,0.71,133
5658,17.95564,80.7951,2026-08-25,1.62,793
5659,17.95664,80.79015,2026-08-25,2.22,793
5660,17.95771,80.79256,2026-08-25,4.11,793
5661,18.57702,72.242,2026-08-25,2.8,616
5662,18.80515,74.26173,2026-08-25,0.58,408
5663,21.37644,81.67916,2026-08-25,1.1,964
5664,21.46661,80.1269,2026-08-25,0.53,-1
5665,21.74012,83.84026,2026-08-25,2.32,584
5666,21.7445,83.84505,2026-08-25,2.32,584
5667,21.74524,83.84165,2026-08-25,2.32,584
5668,21.75037,83.84305,2026-08-25,0.9,584
5669,21.80047,83.89091,2026-08-25,0.38,380
5670,21.80072,82.0384,2026-08-25,0.72,787
5671,21.82554,83.90067,2026-08-25,0.53,970
5672,22.03749,83.35403,2026-08-25,1.02,801
5673,22.93243,69.69887,2026-08-25,2.23,419
5674,22.93312,69.69748,2026-08-25,2.18,419
5675,25.38861,68.58073,2026-08-25,2.1,195
5676,25.9415,72.19053,2026-08-25,0.87,730
5677,26.09389,68.87976,2026-08-25,1.18,91
5678,28.42473,69.69848,2026-08-25,1.64,206
5679,9.70498,77.43482,2026-08-25,1.89,-1
5680,14.87239,78.05413,2026-08-25,2.06,809
5681,19.82175,79.2376,2026-08-25,0.86,1012
5682,21.10119,72.63515,2026-08-25,7.38,65
5683,21.10456,72.63571,2026-08-25,3.21,65
5684,21.1062,72.64778,2026-08-25,1.33,65
5685,21.10678,72.64395,2026-08-25,2.31,65
5686,21.1113,72.63686,2026-08-25,1.51,65
5687,22.4152,69.03896,2026-08-25,1.39,523
5688,8.54511,80.56976,2026-08-26,4.23,-1
5689,8.66969,80.53839,2026-08-26,11.4,-1
5690,8.69024,80.84766,2026-08-26,4.04,766
5691,8.77482,80.87483,2026-08-26,6.12,1200
5692,8.87628,80.67516,2026-08-26,21.83,-1
5693,8.99618,80.83887,2026-08-26,7.74,-1
5694,9.00604,80.68044,2026-08-26,7.86,1246
5695,9.04064,80.67525,2026-08-26,4.64,-1
5696,9.07845,80.47284,2026-08-26,1.79,896
5697,9.15012,80.21935,2026-08-26,6.6,-1
5698,9.34108,80.16885,2026-08-26,4.26,-1
5699,9.38904,78.88414,2026-08-26,5.44,899
5700,9.38948,78.88505,2026-08-26,6.1,899
5701,9.6447,79.92132,2026-08-26,4.9,-1
5702,9.80408,78.17467,2026-08-26,4.0,-1
5703,9.90823,78.08034,2026-08-26,5.5,1247
5704,9.90871,78.08326,2026-08-26,5.83,1247
5705,10.05334,77.95324,2026-08-26,10.17,1248
5706,12.13064,79.65323,2026-08-26,24.35,-1
5707,13.84194,79.25305,2026-08-26,5.29,-1
5708,14.2594,80.11615,2026-08-26,5.44,1249
5709,14.25997,80.11976,2026-08-26,9.65,1249
5710,15.17995,76.68201,2026-08-26,3.33,133
5711,15.90841,79.10486,2026-08-26,3.57,-1
5712,16.40065,79.36692,2026-08-26,4.44,-1
5713,17.95717,80.79728,2026-08-26,3.39,793
5714,18.54734,74.17914,2026-08-26,5.43,-1
5715,21.10126,72.63638,2026-08-26,11.1,65
5716,21.10306,72.64542,2026-08-26,4.7,65
5717,21.74366,83.84032,2026-08-26,5.71,584
5718,21.74819,83.84499,2026-08-26,5.71,584
5719,21.75594,83.84392,2026-08-26,10.06,584
5720,22.35679,82.30565,2026-08-26,5.19,198
5721,25.21213,68.3015,2026-08-26,2.42,-1
5722,26.53106,68.25273,2026-08-26,1.97,-1
5723,28.51536,68.00385,2026-08-26,1.93,1250
5724,28.51605,68.00181,2026-08-26,1.59,1250
5725,30.37163,73.89048,2026-08-26,4.25,1251
5726,30.37266,73.89281,2026-08-26,4.26,1251
5727,31.608,74.33546,2026-08-26,3.2,-1
5728,32.5758,72.56439,2026-08-26,4.02,498
5729,33.57693,74.22216,2026-08-26,2.99,-1
5730,30.06765,96.97842,2026-08-26,1.22,589
5731,22.47516,91.73235,2026-08-26,3.27,1154
5732,24.92307,92.52792,2026-08-26,4.53,-1
5733,35.96835,68.68652,2026-08-26,1.57,182
5734,35.97722,79.17194,2026-08-26,0.62,-1
5735,29.39776,70.99824,2026-08-26,0.46,-1
5736,29.92137,74.95252,2026-08-26,0.96,21
5737,32.29348,70.72976,2026-08-26,2.39,86
5738,32.57602,72.56142,2026-08-26,4.27,498
5739,32.88788,71.61542,2026-08-26,1.4,165
5740,33.29676,71.18489,2026-08-26,1.05,172
5741,33.40617,71.93729,2026-08-26,0.77,724
5742,33.40668,71.93626,2026-08-26,0.93,724
5743,20.78876,85.25801,2026-08-26,1.13,58
5744,20.79303,85.25893,2026-08-26,1.13,58
5745,20.79388,85.25462,2026-08-26,1.13,58
5746,20.86296,84.99215,2026-08-26,2.41,84
5747,20.86377,84.98796,2026-08-26,2.41,84
5748,20.86633,84.99726,2026-08-26,1.86,84
5749,20.86715,84.99306,2026-08-26,2.21,84
5750,22.9245,69.82229,2026-08-26,1.76,527
5751,22.92565,69.82343,2026-08-26,0.67,527
5752,23.12196,70.08334,2026-08-26,1.48,722
5753,23.55976,87.23328,2026-08-26,2.46,100
5754,23.56083,87.22818,2026-08-26,2.21,100
5755,23.61321,86.7896,2026-08-26,3.11,702
5756,23.61457,86.79169,2026-08-26,3.56,702
5757,23.69875,87.09306,2026-08-26,2.02,614
5758,23.79305,86.23392,2026-08-26,3.42,714
5759,23.79604,86.28603,2026-08-26,1.39,-1
5760,13.62073,78.48496,2026-08-26,0.4,-1
5761,13.70935,79.61942,2026-08-26,0.92,808
5762,13.8324,79.25771,2026-08-26,0.19,1252
5763,15.0046,77.00061,2026-08-26,0.69,-1
5764,15.01486,79.80273,2026-08-26,4.81,-1
5765,15.02314,78.01447,2026-08-26,1.12,541
5766,15.16735,76.6746,2026-08-26,0.5,133
5767,15.16791,76.67098,2026-08-26,1.47,133
5768,15.16815,76.38161,2026-08-26,1.39,592
5769,15.1712,76.69366,2026-08-26,1.32,543
5770,15.17149,76.38216,2026-08-26,0.46,592
5771,15.1731,76.78556,2026-08-26,0.82,918
5772,15.17348,76.65711,2026-08-26,1.0,133
5773,15.17403,76.65352,2026-08-26,1.0,133
5774,15.17453,76.69421,2026-08-26,1.32,543
5775,15.17495,77.10123,2026-08-26,0.81,727
5776,15.17624,76.66125,2026-08-26,1.72,133
5777,15.1768,76.65766,2026-08-26,2.93,133
5778,15.17733,76.67619,2026-08-26,3.51,133
5779,15.17736,76.65406,2026-08-26,2.93,133
5780,15.17826,77.10178,2026-08-26,0.81,727
5781,15.17922,76.67965,2026-08-26,1.91,133
5782,15.18088,76.66885,2026-08-26,2.45,133
5783,15.18143,76.66524,2026-08-26,1.57,133
5784,15.18476,76.64362,2026-08-26,0.6,133
5785,15.18476,76.66579,2026-08-26,1.57,133
5786,15.30111,76.21888,2026-08-26,0.69,810
5787,15.33239,76.28411,2026-08-26,0.93,420
5788,15.68362,78.45876,2026-08-26,0.94,-1
5789,16.63467,74.34213,2026-08-26,0.52,-1
5790,18.68293,73.03869,2026-08-26,2.52,223
5791,18.68391,73.0312,2026-08-26,2.8,223
5792,18.95733,73.94366,2026-08-26,2.23,1253
5793,11.18108,79.10128,2026-08-26,0.43,1103
5794,11.2694,80.00464,2026-08-26,1.4,619
5795,11.80979,77.00835,2026-08-26,0.44,-1
5796,11.81618,77.91673,2026-08-26,2.03,1018
5797,32.29206,70.73114,2026-08-26,2.11,86
5798,32.88802,71.61938,2026-08-26,2.92,165
5799,33.2675,71.31137,2026-08-26,2.25,406
5800,33.27002,71.31249,2026-08-26,2.72,406
5801,7.47004,81.04136,2026-08-27,9.14,-1
5802,7.60005,81.70477,2026-08-27,4.67,-1
5803,7.62258,80.95859,2026-08-27,1.45,-1
5804,7.72983,79.9324,2026-08-27,6.21,-1
5805,7.93105,81.38248,2026-08-27,3.19,266
5806,7.93113,81.2623,2026-08-27,8.43,-1
5807,7.93412,81.38229,2026-08-27,4.3,266
5808,7.93437,81.33264,2026-08-27,3.31,-1
5809,8.07976,81.34676,2026-08-27,3.62,-1
5810,8.16389,81.33283,2026-08-27,2.9,-1
5811,8.18319,81.21323,2026-08-27,4.85,1254
5812,8.18388,81.21734,2026-08-27,3.52,1254
5813,8.18817,81.2166,2026-08-27,2.87,1254
5814,8.39403,81.18223,2026-08-27,2.83,-1
5815,8.49397,80.63341,2026-08-27,4.77,-1
5816,8.53706,77.95217,2026-08-27,2.88,1255
5817,8.53767,77.95551,2026-08-27,2.88,1255
5818,8.90006,80.48241,2026-08-27,5.58,-1
5819,8.92234,80.68958,2026-08-27,5.85,891
5820,8.93558,77.80733,2026-08-27,2.63,-1
5821,9.13009,77.84245,2026-08-27,4.92,1256
5822,9.1307,77.84574,2026-08-27,4.28,1256
5823,9.13252,77.84334,2026-08-27,3.68,1256
5824,9.13851,80.74121,2026-08-27,5.95,-1
5825,9.20093,77.46384,2026-08-27,1.61,-1
5826,9.30457,78.81348,2026-08-27,0.98,1257
5827,9.30486,78.81577,2026-08-27,6.54,1257
5828,9.38627,80.50593,2026-08-27,3.62,-1
5829,9.4147,80.41617,2026-08-27,2.19,1090
5830,9.42552,80.37328,2026-08-27,7.33,1062
5831,9.45494,80.49021,2026-08-27,5.54,774
5832,9.91843,77.93557,2026-08-27,2.57,-1
5833,9.9931,79.18903,2026-08-27,1.7,1201
5834,10.02469,78.36389,2026-08-27,2.55,-1
5835,10.28012,78.98431,2026-08-27,7.07,-1
5836,10.87787,77.24078,2026-08-27,3.26,-1
5837,10.99141,78.89906,2026-08-27,10.52,-1
5838,11.69187,79.39234,2026-08-27,1.98,-1
5839,12.19828,79.71751,2026-08-27,2.89,-1
5840,17.64342,74.69589,2026-08-27,4.07,-1
5841,20.78782,85.26209,2026-08-27,1.55,58
5842,20.86458,84.98833,2026-08-27,4.15,84
5843,20.884,84.98126,2026-08-27,2.97,87
5844,26.63018,70.38756,2026-08-27,4.07,1258
5845,26.63397,70.38496,2026-08-27,3.37,1258
5846,27.26775,88.31142,2026-08-27,4.19,-1
5847,27.73219,68.73432,2026-08-27,6.08,-1
5848,29.47649,70.75252,2026-08-27,2.16,-1
5849,29.70477,72.60225,2026-08-27,4.11,-1
5850,30.60386,74.03584,2026-08-27,3.14,-1
5851,30.69802,74.17593,2026-08-27,3.07,-1
5852,31.39647,72.43313,2026-08-27,5.73,1259
5853,31.39734,72.43457,2026-08-27,6.59,1259
5854,31.39786,72.4391,2026-08-27,5.73,1259
5855,31.4112,72.16735,2026-08-27,4.74,-1
5856,31.45704,72.16631,2026-08-27,8.53,-1
5857,30.17446,72.42593,2026-08-27,7.18,1260
5858,30.17456,72.42779,2026-08-27,8.86,1260
5859,22.24742,87.38844,2026-08-27,1.81,519
5860,22.3576,87.29176,2026-08-27,1.78,612
5861,22.36518,87.3004,2026-08-27,3.88,612
5862,22.3763,87.27986,2026-08-27,3.31,522
5863,22.3771,87.27546,2026-08-27,1.49,522
5864,22.78921,86.19717,2026-08-27,3.24,97
5865,22.79055,86.20983,2026-08-27,1.08,97
5866,23.54881,87.24468,2026-08-27,0.54,100
5867,23.55232,87.24541,2026-08-27,0.54,100
5868,23.55659,87.24186,2026-08-27,1.94,100
5869,23.56009,87.24259,2026-08-27,1.94,100
5870,23.56085,87.2383,2026-08-27,1.94,100
5871,23.66214,87.15569,2026-08-27,2.08,102
5872,23.66489,87.16066,2026-08-27,0.75,102
5873,23.68629,87.12115,2026-08-27,0.41,614
5874,23.69652,85.29062,2026-08-27,0.74,708
5875,23.84105,85.30284,2026-08-27,0.35,126
5876,25.81079,88.8863,2026-08-27,3.4,-1
5877,29.08417,88.0132,2026-08-27,1.48,1208
5878,29.457,76.86609,2026-08-27,7.66,1261
5879,29.90909,74.95557,2026-08-27,2.25,21
5880,29.9094,74.95135,2026-08-27,13.61,21
5881,29.90971,74.94712,2026-08-27,13.61,21
5882,29.91002,74.94289,2026-08-27,12.52,21
5883,29.91033,74.93867,2026-08-27,12.52,21
5884,29.91498,74.95193,2026-08-27,1.59,21
5885,29.91529,74.9477,2026-08-27,1.59,21
5886,8.99971,80.67416,2026-08-27,1.16,1246
5887,9.49335,77.62408,2026-08-27,0.45,1262
5888,9.49338,77.62221,2026-08-27,0.44,1262
5889,10.14528,78.35623,2026-08-27,0.73,-1
5890,11.10949,77.76649,2026-08-27,1.12,-1
5891,11.17704,79.08945,2026-08-27,1.27,1204
5892,11.18222,79.10208,2026-08-27,2.06,1103
5893,11.26739,80.00417,2026-08-27,1.56,619
5894,11.81603,77.91864,2026-08-27,2.43,1018
5895,11.81781,77.91653,2026-08-27,2.88,1018
5896,15.84457,79.77414,2026-08-27,3.7,-1
5897,15.99257,78.3996,2026-08-27,1.89,-1
5898,16.54488,79.75774,2026-08-27,3.09,978
5899,17.46458,80.65409,2026-08-27,2.91,77
5900,17.95565,80.79626,2026-08-27,2.91,793
5901,17.95681,80.78843,2026-08-27,3.03,793
5902,21.10433,72.64272,2026-08-27,2.66,65
5903,22.38937,73.11508,2026-08-27,0.59,1097
5904,6.85014,81.04932,2026-08-27,0.66,-1
5905,6.8742,81.44757,2026-08-27,1.04,1228
5906,7.3066,80.94781,2026-08-27,1.88,1263
5907,7.30935,80.95189,2026-08-27,1.58,1263
5908,7.30991,80.94836,2026-08-27,1.88,1263
5909,7.31267,80.95242,2026-08-27,2.22,1263
5910,7.31323,80.94892,2026-08-27,3.94,1263
5911,8.30407,77.63763,2026-08-27,1.33,463
5912,8.30766,77.63818,2026-08-27,1.33,463
5913,8.40721,80.75729,2026-08-27,0.38,1264
5914,8.41052,80.75783,2026-08-27,0.38,1264
5915,13.39244,80.10186,2026-08-27,2.51,540
5916,13.70962,79.61949,2026-08-27,1.84,808
5917,13.82483,79.2569,2026-08-27,1.07,1252
5918,15.02335,78.01398,2026-08-27,2.22,541
5919,15.07126,76.86606,2026-08-27,1.52,726
5920,15.17269,76.6937,2026-08-27,1.21,543
5921,15.17371,76.65434,2026-08-27,2.19,133
5922,15.17564,77.10123,2026-08-27,1.48,727
5923,15.33388,76.28443,2026-08-27,1.24,420
5924,15.33447,76.2467,2026-08-27,0.65,977
5925,28.42398,69.70206,2026-08-27,1.46,206
5926,32.88834,71.61575,2026-08-27,1.67,165
5927,33.29675,71.1889,2026-08-27,0.62,172
5928,33.80159,72.09836,2026-08-27,0.73,88
5929,29.47338,76.864,2026-08-27,2.54,161
5930,29.90638,74.95924,2026-08-27,19.52,21
5931,29.90671,74.9599,2026-08-27,15.44,21
5932,29.90808,74.95317,2026-08-27,14.38,21
5933,29.90838,74.95381,2026-08-27,15.44,21
5934,29.90978,74.9471,2026-08-27,14.38,21
5935,29.91005,74.94773,2026-08-27,28.69,21
5936,29.91436,74.95547,2026-08-27,14.38,21
5937,29.91466,74.95614,2026-08-27,15.44,21
5938,29.91607,74.94938,2026-08-27,14.38,21
5939,6.82944,81.44043,2026-08-28,3.32,-1
5940,6.8483,81.47719,2026-08-28,8.93,1265
5941,6.84907,81.48148,2026-08-28,11.54,1265
5942,7.12036,81.83202,2026-08-28,7.49,627
5943,7.20586,81.80885,2026-08-28,3.52,1174
5944,8.57365,80.37617,2026-08-28,3.95,655
5945,8.66278,81.14859,2026-08-28,2.39,1266
5946,8.71467,77.97586,2026-08-28,6.6,-1
5947,8.72573,80.74754,2026-08-28,7.24,-1
5948,8.72874,78.1054,2026-08-28,9.62,1267
5949,8.73258,78.10741,2026-08-28,7.04,1267
5950,8.97291,80.68935,2026-08-28,7.29,1088
5951,9.277,78.39668,2026-08-28,6.4,1268
5952,9.27714,78.39496,2026-08-28,4.62,1268
5953,14.49166,79.70969,2026-08-28,6.57,1269
5954,14.49187,79.7094,2026-08-28,5.47,1269
5955,14.75162,79.71841,2026-08-28,2.94,-1
5956,15.02867,79.75406,2026-08-28,2.51,-1
5957,15.63637,79.58625,2026-08-28,4.78,-1
5958,15.76769,79.49413,2026-08-28,3.29,-1
5959,21.74797,83.84405,2026-08-28,4.65,584
5960,22.36216,87.01751,2026-08-28,4.8,520
5961,22.377,87.2805,2026-08-28,7.49,522
5962,26.60799,90.33498,2026-08-28,5.57,-1
5963,28.31779,95.1801,2026-08-28,4.86,-1
5964,29.08413,88.01273,2026-08-28,2.79,1208
5965,29.13515,89.25123,2026-08-28,3.97,-1
5966,9.27846,78.39858,2026-08-28,6.18,1268
5967,9.33079,77.52433,2026-08-28,4.97,1270
5968,9.33131,77.52667,2026-08-28,1.72,1270
5969,9.4159,77.509,2026-08-28,1.46,1271
5970,9.41621,77.50993,2026-08-28,2.78,1271
5971,22.92944,70.106,2026-08-28,4.39,240
5972,24.84141,68.06506,2026-08-28,3.72,667
5973,25.9428,72.19143,2026-08-28,18.43,730
5974,25.94312,72.19508,2026-08-28,21.83,730
5975,25.94344,72.1987,2026-08-28,21.83,730
5976,29.27192,71.18018,2026-08-28,4.02,1272
5977,29.27299,71.17931,2026-08-28,3.38,1272
5978,36.74481,95.23365,2026-08-28,2.22,1273
5979,36.74516,95.23571,2026-08-28,1.69,1273
5980,27.32473,95.27738,2026-08-28,0.89,401
5981,27.326,95.27651,2026-08-28,0.92,401
5982,27.37818,95.33735,2026-08-28,2.81,99
5983,27.37928,95.33176,2026-08-28,3.02,99
5984,24.11609,86.8623,2026-08-28,1.75,715
5985,24.11668,86.85818,2026-08-28,1.25,715
5986,13.71205,79.61907,2026-08-28,2.67,808
5987,15.17497,77.10068,2026-08-28,0.83,727
5988,15.17508,76.67622,2026-08-28,0.95,133
5989,15.17742,76.65607,2026-08-28,2.55,133
5990,15.17891,76.65431,2026-08-28,1.76,133
5991,15.18081,76.67679,2026-08-28,1.49,133
5992,15.18128,76.67277,2026-08-28,2.0,133
5993,15.18174,76.66875,2026-08-28,2.0,133
5994,15.18244,76.67507,2026-08-28,2.9,133
5995,15.18288,76.67104,2026-08-28,1.48,133
5996,15.18332,76.66703,2026-08-28,1.48,133
5997,15.18653,76.67741,2026-08-28,1.49,133
5998,15.65942,73.98846,2026-08-28,0.75,221
5999,15.66104,73.9874,2026-08-28,0.86,221
6000,17.46277,80.65205,2026-08-28,2.54,77
6001,17.46345,80.65358,2026-08-28,1.06,77
6002,17.95635,80.79659,2026-08-28,1.61,793
6003,6.81137,80.87222,2026-08-28,3.98,1274
6004,6.81319,80.87464,2026-08-28,3.37,1274
6005,6.81385,80.87016,2026-08-28,3.37,1274
6006,6.81518,80.87301,2026-08-28,3.98,1274
6007,6.817,80.87542,2026-08-28,0.96,1274
6008,6.81763,80.87114,2026-08-28,0.96,1274
6009,6.86092,81.53809,2026-08-28,1.08,286
6010,7.8021,80.47414,2026-08-28,1.63,-1
6011,8.11868,80.81451,2026-08-28,2.69,279
6012,8.11915,80.81272,2026-08-28,1.65,279
6013,8.1194,80.80952,2026-08-28,1.75,279
6014,8.1199,80.80773,2026-08-28,1.65,279
6015,8.12011,80.80454,2026-08-28,1.75,279
6016,8.12065,80.80275,2026-08-28,2.23,279
6017,8.12404,80.80512,2026-08-28,1.75,279
6018,10.61728,77.41994,2026-08-28,0.23,804
6019,30.47519,76.58662,2026-08-28,0.86,-1
6020,31.76995,70.11077,2026-08-28,2.36,1034
6021,32.29657,74.31654,2026-08-28,2.54,515
6022,32.64531,72.97565,2026-08-28,1.63,1070
6023,32.88881,71.6145,2026-08-28,4.89,165
6024,33.23443,71.51507,2026-08-28,2.87,1035
6025,33.24416,71.29903,2026-08-28,4.38,1275
6026,33.29671,71.18774,2026-08-28,3.28,172
6027,34.84531,73.12538,2026-08-28,1.3,-1
6028,24.66053,74.63365,2026-08-28,1.34,190
6029,25.94091,72.19165,2026-08-28,2.14,730
6030,28.42477,69.69869,2026-08-28,1.06,206
6031,28.42534,69.70181,2026-08-28,1.63,206
6032,20.9107,71.46196,2026-08-28,2.89,237
6033,21.10043,72.63733,2026-08-28,1.2,65
6034,21.1034,72.64882,2026-08-28,0.74,65
6035,20.95116,86.04971,2026-08-19,4.92,90
6036,6.23004,81.06303,2026-08-19,5.31,1276
6037,6.23047,81.06284,2026-08-19,5.29,1276
6038,6.28867,80.91139,2026-08-19,5.86,-1
6039,6.29997,80.98937,2026-08-19,2.95,-1
6040,6.41853,81.12688,2026-08-19,3.4,1277
6041,6.42231,81.122,2026-08-19,3.17,1277
6042,6.51853,81.10849,2026-08-19,4.06,1209
6043,6.64284,81.09991,2026-08-19,3.64,-1
6044,6.73667,81.62422,2026-08-19,12.96,1278
6045,6.73724,81.6267,2026-08-19,14.53,1278
6046,6.7373,81.62887,2026-08-19,12.96,1278
6047,6.73792,81.63136,2026-08-19,10.86,1278
6048,6.7623,81.50774,2026-08-19,3.66,821
6049,6.83494,81.45702,2026-08-19,5.19,-1
6050,6.83975,81.55939,2026-08-19,2.04,-1
6051,6.91316,81.45554,2026-08-19,3.78,-1
6052,7.08648,81.79789,2026-08-19,5.84,1279
6053,7.08782,81.79578,2026-08-19,5.44,1279
6054,7.12555,81.73818,2026-08-19,4.47,-1
6055,7.21426,81.77812,2026-08-19,6.34,-1
6056,7.22807,81.13277,2026-08-19,4.99,1280
6057,7.22857,81.1364,2026-08-19,15.44,1280
6058,7.23305,81.13596,2026-08-19,15.44,1280
6059,7.23752,81.13548,2026-08-19,2.34,1280
6060,7.29642,81.83806,2026-08-19,5.71,826
6061,7.30184,81.26899,2026-08-19,3.17,-1
6062,7.31318,81.17209,2026-08-19,4.2,1281
6063,7.31527,81.17111,2026-08-19,3.98,1281
6064,7.32558,81.43645,2026-08-19,16.41,-1
6065,7.3813,81.23574,2026-08-19,4.71,1051
6066,7.38174,81.10937,2026-08-19,2.72,679
6067,7.39139,81.30784,2026-08-19,4.15,-1
6068,7.39155,81.24351,2026-08-19,5.32,1282
6069,7.39219,81.24805,2026-08-19,5.32,1282
6070,7.39605,81.24292,2026-08-19,2.6,1282
6071,7.42954,81.75178,2026-08-19,5.29,-1
6072,7.44215,81.70579,2026-08-19,4.17,-1
6073,7.44681,81.24532,2026-08-19,4.54,741
6074,7.44826,81.24146,2026-08-19,7.17,741
6075,7.44888,81.24596,2026-08-19,10.77,741
6076,7.51386,81.65334,2026-08-19,5.04,680
6077,7.52232,80.90304,2026-08-19,5.82,1075
6078,7.52304,81.1058,2026-08-19,5.86,742
6079,7.52482,81.10393,2026-08-19,6.73,742
6080,7.52545,81.10831,2026-08-19,5.58,742
6081,7.52607,81.11268,2026-08-19,5.58,742
6082,7.52671,80.90238,2026-08-19,8.58,1075
6083,7.52691,81.10084,2026-08-19,4.07,742
6084,7.5275,81.10516,2026-08-19,4.07,742
6085,7.5281,81.10955,2026-08-19,7.15,742
6086,7.5287,81.11393,2026-08-19,7.15,742
6087,7.52928,81.10335,2026-08-19,4.94,742
6088,7.5299,81.10768,2026-08-19,5.92,742
6089,7.53053,81.11201,2026-08-19,5.92,742
6090,7.53314,81.11317,2026-08-19,7.15,742
6091,7.59265,81.4476,2026-08-19,5.37,1283
6092,7.70094,80.39207,2026-08-19,2.23,1284
6093,7.70519,80.39142,2026-08-19,6.57,1284
6094,7.75189,81.25346,2026-08-19,6.8,1117
6095,7.75295,81.25404,2026-08-19,4.92,1117
6096,7.82808,80.84888,2026-08-19,3.14,-1
6097,7.85508,81.42368,2026-08-19,15.68,1285
6098,7.85574,81.42837,2026-08-19,15.09,1285
6099,7.90849,81.36997,2026-08-19,10.52,-1
6100,8.06318,81.14916,2026-08-19,4.58,1286
6101,8.06456,81.14703,2026-08-19,7.79,1286
6102,8.1191,80.59635,2026-08-19,6.74,-1
6103,8.12639,80.55296,2026-08-19,2.51,858
6104,8.19289,81.20457,2026-08-19,8.19,1287
6105,8.19289,81.20832,2026-08-19,7.25,1287
6106,8.29942,81.03003,2026-08-19,1.58,-1
6107,8.31046,80.65611,2026-08-19,7.09,139
6108,8.3952,80.68755,2026-08-19,2.77,-1
6109,8.41088,80.18614,2026-08-19,4.33,1126
6110,8.44913,80.87863,2026-08-19,5.77,322
6111,8.47491,80.3939,2026-08-19,5.73,1288
6112,8.47922,80.3933,2026-08-19,5.73,1288
6113,8.49986,80.66592,2026-08-19,2.16,872
6114,8.50443,80.82825,2026-08-19,4.9,143
6115,8.51689,80.75557,2026-08-19,10.51,-1
6116,8.56571,80.90945,2026-08-19,10.95,761
6117,8.56634,80.91386,2026-08-19,7.84,761
6118,8.56811,80.90949,2026-08-19,10.1,761
6119,8.5687,80.91391,2026-08-19,5.25,761
6120,8.60799,80.5139,2026-08-19,5.89,1083
6121,8.61871,80.88013,2026-08-19,3.86,1289
6122,8.62317,80.87952,2026-08-19,2.1,1289
6123,8.66704,80.74513,2026-08-19,5.98,1085
6124,8.69701,80.86628,2026-08-19,8.54,766
6125,8.73711,80.99287,2026-08-19,6.69,-1
6126,8.60867,77.97512,2026-08-19,4.86,43
6127,8.63544,78.02991,2026-08-19,3.21,-1
6128,8.64296,77.89849,2026-08-19,8.57,1290
6129,8.64359,77.90287,2026-08-19,12.23,1290
6130,8.71568,77.94273,2026-08-19,5.73,1291
6131,8.71631,77.94712,2026-08-19,10.01,1291
6132,8.71938,77.94218,2026-08-19,5.73,1291
6133,8.74087,77.59978,2026-08-19,5.47,1292
6134,8.80154,80.3954,2026-08-19,10.19,886
6135,8.83535,77.7394,2026-08-19,3.06,-1
6136,8.89859,77.86332,2026-08-19,9.44,1293
6137,8.89924,77.86769,2026-08-19,7.97,1293
6138,8.8998,77.85522,2026-08-19,7.59,1293
6139,8.90038,77.80621,2026-08-19,8.58,1294
6140,8.90042,77.8596,2026-08-19,6.75,1293
6141,8.90104,77.86399,2026-08-19,6.75,1293
6142,8.9035,77.85469,2026-08-19,15.94,1293
6143,8.90407,77.80566,2026-08-19,7.93,1294
6144,8.90412,77.85908,2026-08-19,9.84,1293
6145,8.90469,77.81,2026-08-19,7.93,1294
6146,8.90474,77.86346,2026-08-19,9.84,1293
6147,8.90883,77.7077,2026-08-19,2.39,1295
6148,8.91504,78.00077,2026-08-19,11.0,1296
6149,8.97893,77.73409,2026-08-19,6.63,-1
6150,9.02323,80.83984,2026-08-19,5.11,1297
6151,9.02384,80.84435,2026-08-19,5.11,1297
6152,9.03106,77.75757,2026-08-19,9.32,1298
6153,9.03169,77.76192,2026-08-19,11.65,1298
6154,9.03474,77.75704,2026-08-19,11.46,1298
6155,9.03537,77.76139,2026-08-19,9.87,1298
6156,9.13059,77.62038,2026-08-19,2.56,-1
6157,9.1541,80.74639,2026-08-19,6.37,-1
6158,9.21012,80.80761,2026-08-19,3.16,-1
6159,9.36352,78.6637,2026-08-19,4.18,1299
6160,9.38257,78.68613,2026-08-19,6.44,-1
6161,9.38992,80.58401,2026-08-19,6.79,1300
6162,9.39086,80.58241,2026-08-19,8.48,1300
6163,9.39435,80.58342,2026-08-19,7.93,1300
6164,9.42854,80.37435,2026-08-19,5.7,1062
6165,9.43555,80.42497,2026-08-19,2.97,-1
6166,9.45543,78.69313,2026-08-19,5.02,1301
6167,9.51772,78.22963,2026-08-19,2.82,1302
6168,9.52153,78.22908,2026-08-19,2.82,1302
6169,9.52219,78.23375,2026-08-19,2.82,1302
6170,9.52467,78.22387,2026-08-19,5.7,1302
6171,9.57684,78.31702,2026-08-19,10.51,1303
6172,9.78078,80.23373,2026-08-19,4.99,-1
6173,10.03752,78.66753,2026-08-19,2.84,-1
6174,10.75007,78.63698,2026-08-19,9.85,-1
6175,10.93714,78.49078,2026-08-19,8.01,-1
6176,10.95679,78.40086,2026-08-19,6.15,-1
6177,11.14616,76.89647,2026-08-19,4.96,1304
6178,11.14976,76.89596,2026-08-19,4.96,1304
6179,15.17723,76.65598,2026-08-19,6.24,133
6180,18.67997,73.0383,2026-08-19,3.89,223
6181,21.1031,72.63488,2026-08-19,1.57,65
6182,26.3985,71.93286,2026-08-19,4.5,-1
6183,29.90848,74.94983,2026-08-19,3.03,21
6184,29.95266,72.0762,2026-08-19,4.51,-1
6185,29.95557,72.60442,2026-08-19,3.23,-1
6186,29.96772,71.26892,2026-08-19,7.85,1305
6187,29.96822,71.26781,2026-08-19,6.72,1305
6188,29.97297,72.62572,2026-08-19,7.35,1306
6189,29.97413,72.18383,2026-08-19,5.89,1307
6190,29.97657,72.62513,2026-08-19,7.35,1306
6191,29.97767,72.18323,2026-08-19,5.89,1307
6192,30.0102,72.62923,2026-08-19,5.91,1308
6193,30.01081,72.63397,2026-08-19,9.02,1308
6194,30.01381,72.62862,2026-08-19,5.91,1308
6195,30.12338,71.33872,2026-08-19,2.27,-1
6196,30.32764,72.14849,2026-08-19,2.77,1309
6197,30.32824,72.15308,2026-08-19,2.77,1309
6198,30.41897,71.74954,2026-08-19,3.1,-1
6199,30.43392,73.87374,2026-08-19,7.54,-1
6200,30.63585,73.59945,2026-08-19,2.33,1218
6201,30.63913,71.97771,2026-08-19,2.9,-1
6202,30.89714,71.94514,2026-08-19,4.05,-1
6203,31.52647,72.2468,2026-08-19,6.98,-1
6204,27.22185,95.34703,2026-08-19,3.23,1028
6205,27.32527,95.27496,2026-08-19,2.05,401
6206,20.18982,94.93205,2026-08-19,0.59,-1
6207,20.94607,86.04922,2026-08-19,1.2,90
6208,20.95163,86.04997,2026-08-19,1.2,90
6209,20.95201,86.04612,2026-08-19,3.94,90
6210,20.96893,85.17625,2026-08-19,1.5,61
6211,20.97523,85.17226,2026-08-19,1.5,61
6212,20.99886,86.01447,2026-08-19,0.94,230
6213,20.99923,86.01053,2026-08-19,1.12,230
6214,21.00053,86.01202,2026-08-19,1.62,230
6215,21.07631,85.046,2026-08-19,1.01,63
6216,21.07718,85.03671,2026-08-19,2.6,63
6217,22.36426,87.01864,2026-08-19,1.23,520
6218,22.57185,85.89693,2026-08-19,1.56,791
6219,22.58936,85.90438,2026-08-19,1.15,791
6220,22.61078,85.91381,2026-08-19,0.49,925
6221,22.79074,86.20767,2026-08-19,1.58,97
6222,23.56008,87.08398,2026-08-19,0.72,524
6223,23.56234,87.08282,2026-08-19,1.05,524
6224,23.68837,87.1004,2026-08-19,1.21,614
6225,23.68871,87.09673,2026-08-19,1.73,614
6226,23.69172,87.12292,2026-08-19,2.18,614
6227,23.69341,87.10468,2026-08-19,1.21,614
6228,23.69443,87.0937,2026-08-19,1.73,614
6229,24.28024,91.38567,2026-08-19,3.5,1310
6230,25.54247,91.23459,2026-08-19,1.51,590
6231,25.60961,89.81148,2026-08-19,3.35,1311
6232,25.61233,89.81267,2026-08-19,2.28,1311
6233,20.80461,85.25742,2026-08-19,1.98,58
6234,20.96412,85.1883,2026-08-19,2.18,61
6235,20.96539,85.175,2026-08-19,2.73,61
6236,20.96581,85.17046,2026-08-19,3.26,61
6237,20.97085,85.18008,2026-08-19,1.2,61
6238,20.97128,85.17556,2026-08-19,1.2,61
6239,6.60867,81.18574,2026-08-19,5.18,1312
6240,7.57253,80.92683,2026-08-19,1.46,1313
6241,7.57323,80.92142,2026-08-19,1.97,1313
6242,7.57378,80.92686,2026-08-19,1.42,1313
6243,7.57451,80.92145,2026-08-19,1.42,1313
6244,31.24975,76.93059,2026-08-19,0.32,239
6245,31.25838,76.92349,2026-08-19,0.41,239
6246,32.08467,74.16386,2026-08-19,2.53,916
6247,32.08796,74.16459,2026-08-19,2.73,916
6248,20.96749,86.01265,2026-08-19,6.1,62
6249,20.99709,86.02748,2026-08-19,1.34,922
6250,21.00072,86.03053,2026-08-19,0.67,922
6251,22.78883,86.20107,2026-08-19,3.62,97
6252,22.80233,86.09171,2026-08-19,2.03,926
6253,22.87391,86.06372,2026-08-19,1.74,927
6254,22.87589,86.06185,2026-08-19,1.9,927
6255,23.68032,86.39847,2026-08-19,3.34,613
6256,23.68212,86.39163,2026-08-19,2.84,613
6257,23.69582,87.09637,2026-08-19,2.39,614
6258,23.69837,87.09444,2026-08-19,2.73,614
6259,23.76052,86.40015,2026-08-19,4.7,585
6260,24.14009,82.70357,2026-08-19,0.72,1314
6261,25.38654,68.58464,2026-08-19,1.46,195
6262,25.38717,68.58005,2026-08-19,1.46,195
6263,25.94172,72.19282,2026-08-19,1.78,730
6264,26.0932,68.88027,2026-08-19,0.85,91
6265,26.25635,74.09737,2026-08-19,0.62,468
6266,26.87381,73.5167,2026-08-19,2.95,204
6267,26.87778,73.51348,2026-08-19,1.56,204
6268,28.30434,68.08573,2026-08-19,0.74,-1
6269,28.42477,69.7021,2026-08-19,1.36,206
6270,29.12563,75.77744,2026-08-19,2.07,500
6271,17.98492,80.8302,2026-08-19,1.37,-1
6272,18.68423,73.03175,2026-08-19,0.77,223
6273,19.36821,71.3552,2026-08-19,3.41,591
6274,19.37153,71.3558,2026-08-19,3.41,591
6275,19.37213,71.35212,2026-08-19,5.9,591
6276,20.75702,85.29877,2026-08-19,2.06,517
6277,20.75727,85.29929,2026-08-19,1.49,517
6278,20.75867,85.29228,2026-08-19,2.06,517
6279,20.75887,85.29279,2026-08-19,2.83,517
6280,20.78761,85.26431,2026-08-19,2.28,58
6281,20.79777,85.25298,2026-08-19,4.38,58
6282,20.79788,85.25243,2026-08-19,2.83,58
6283,20.86326,84.99146,2026-08-19,2.29,84
6284,20.95084,86.04825,2026-08-19,2.2,90
6285,20.96339,85.16812,2026-08-19,2.94,61
6286,20.96512,85.19021,2026-08-19,2.37,61
6287,20.96682,85.18336,2026-08-19,2.37,61
6288,20.96847,85.17673,2026-08-19,3.04,61
6289,20.9701,85.17019,2026-08-19,3.04,61
6290,20.9768,85.17226,2026-08-19,3.04,61
6291,20.97829,85.13718,2026-08-19,1.89,921
6292,20.97995,85.13054,2026-08-19,1.89,921
6293,21.07434,85.03826,2026-08-19,1.92,63
6294,21.081,85.04028,2026-08-19,1.92,63
6295,8.73686,77.60081,2026-08-19,7.27,1292
6296,8.73753,77.59727,2026-08-19,7.6,1292
6297,8.74163,77.60539,2026-08-19,9.46,1292
6298,8.7423,77.60185,2026-08-19,9.46,1292
6299,8.74296,77.59831,2026-08-19,21.46,1292
6300,15.65748,73.98986,2026-08-19,1.1,221
6301,15.65996,73.98722,2026-08-19,1.46,221
6302,7.57133,80.92029,2026-08-19,2.18,1313
6303,6.21678,80.89765,2026-08-20,5.99,-1
6304,6.21973,80.87165,2026-08-20,2.19,815
6305,6.29387,81.24715,2026-08-20,4.01,-1
6306,6.35584,81.14819,2026-08-20,4.63,1315
6307,6.35923,81.14768,2026-08-20,4.63,1315
6308,6.3817,81.29693,2026-08-20,5.74,-1
6309,6.48633,80.71687,2026-08-20,11.31,-1
6310,6.52056,81.05968,2026-08-20,8.84,-1
6311,6.54586,80.97478,2026-08-20,2.84,-1
6312,6.56569,80.94603,2026-08-20,2.49,-1
6313,6.60576,80.88501,2026-08-20,1.81,-1
6314,6.6253,81.24866,2026-08-20,6.04,1316
6315,6.62535,81.24851,2026-08-20,2.46,1316
6316,6.6259,81.25217,2026-08-20,2.46,1316
6317,6.70792,80.98251,2026-08-20,4.57,-1
6318,6.71841,80.84508,2026-08-20,2.78,-1
6319,6.72233,81.24533,2026-08-20,2.22,617
6320,6.72316,81.06162,2026-08-20,3.0,1317
6321,6.72654,81.06101,2026-08-20,10.21,1317
6322,6.72991,81.06036,2026-08-20,10.21,1317
6323,6.73046,81.06409,2026-08-20,10.21,1317
6324,6.73328,81.05975,2026-08-20,24.32,1317
6325,6.75499,81.74423,2026-08-20,6.92,1072
6326,6.77269,81.20744,2026-08-20,3.34,986
6327,6.77621,81.18446,2026-08-20,5.73,-1
6328,6.7872,81.46957,2026-08-20,3.08,1318
6329,6.80653,81.24734,2026-08-20,3.4,-1
6330,6.8106,81.48529,2026-08-20,5.58,-1
6331,6.82714,81.50195,2026-08-20,4.96,1319
6332,6.83426,81.43214,2026-08-20,1.38,-1
6333,6.95979,81.57388,2026-08-20,2.57,-1
6334,6.96545,81.61172,2026-08-20,35.28,1042
6335,7.04992,81.78621,2026-08-20,2.52,625
6336,7.19321,81.76139,2026-08-20,5.62,1320
6337,7.2192,81.13906,2026-08-20,4.19,1280
6338,7.21973,81.14264,2026-08-20,2.06,1280
6339,7.2488,81.26661,2026-08-20,2.65,-1
6340,7.27521,81.11919,2026-08-20,2.61,-1
6341,7.30599,81.79197,2026-08-20,10.5,596
6342,7.30818,81.85501,2026-08-20,6.5,1233
6343,7.30823,81.83119,2026-08-20,5.92,826
6344,7.31885,81.75852,2026-08-20,9.86,1046
6345,7.32287,81.78553,2026-08-20,4.13,827
6346,7.32629,81.8325,2026-08-20,6.35,826
6347,7.32756,81.21307,2026-08-20,3.91,677
6348,7.3295,81.04007,2026-08-20,3.78,-1
6349,7.32988,81.76083,2026-08-20,2.56,1046
6350,7.33097,81.21256,2026-08-20,6.96,677
6351,7.33153,81.21626,2026-08-20,3.1,677
6352,7.33495,81.21577,2026-08-20,3.1,677
6353,7.34035,81.75928,2026-08-20,3.59,1321
6354,7.38552,81.11015,2026-08-20,1.97,679
6355,7.38607,81.11382,2026-08-20,1.97,679
6356,7.38893,81.10962,2026-08-20,4.26,679
6357,7.38948,81.11331,2026-08-20,4.26,679
6358,7.40332,81.2776,2026-08-20,3.27,-1
6359,7.4271,80.96945,2026-08-20,4.02,-1
6360,7.45547,81.08854,2026-08-20,4.91,1322
6361,7.45602,81.09219,2026-08-20,6.89,1322
6362,7.50024,80.96915,2026-08-20,3.78,-1
6363,7.50069,81.27799,2026-08-20,3.74,1323
6364,7.52927,80.93124,2026-08-20,4.45,1324
6365,7.52982,80.93488,2026-08-20,4.45,1324
6366,7.53321,80.93436,2026-08-20,3.36,1324
6367,7.57791,80.85709,2026-08-20,5.69,291
6368,7.61121,80.964,2026-08-20,3.96,443
6369,7.61461,80.96349,2026-08-20,3.96,443
6370,7.64166,80.67686,2026-08-20,3.46,-1
6371,7.64815,80.93231,2026-08-20,2.7,-1
6372,7.70978,81.25452,2026-08-20,5.0,682
6373,7.72984,81.24775,2026-08-20,12.48,-1
6374,7.79305,81.15463,2026-08-20,6.44,-1
6375,7.92285,81.39185,2026-08-20,3.61,683
6376,7.94184,81.19656,2026-08-20,4.82,-1
6377,7.9423,81.31919,2026-08-20,3.72,848
6378,7.94464,81.31114,2026-08-20,3.91,848
6379,7.9452,81.3149,2026-08-20,6.62,848
6380,7.9938,80.16321,2026-08-20,2.49,303
6381,8.16379,79.83366,2026-08-20,5.84,-1
6382,8.21754,81.10218,2026-08-20,3.07,-1
6383,8.41734,81.08703,2026-08-20,2.9,1080
6384,8.45045,80.81741,2026-08-20,3.69,-1
6385,8.65339,80.63652,2026-08-20,2.64,954
6386,8.68008,80.83871,2026-08-20,3.44,340
6387,8.68966,80.85621,2026-08-20,4.11,766
6388,8.82787,80.89571,2026-08-20,3.25,1325
6389,8.87924,81.03294,2026-08-20,9.71,-1
6390,8.92556,77.96257,2026-08-20,8.49,1061
6391,8.95379,80.75946,2026-08-20,2.26,894
6392,9.00053,79.86462,2026-08-20,3.48,663
6393,9.00601,79.87824,2026-08-20,4.06,-1
6394,9.0254,79.83466,2026-08-20,1.97,-1
6395,9.41284,80.44965,2026-08-20,4.4,1023
6396,9.43061,80.44665,2026-08-20,2.42,-1
6397,10.20464,78.83772,2026-08-20,11.72,1326
6398,10.57315,79.49966,2026-08-20,2.25,-1
6399,12.54274,79.87836,2026-08-20,4.92,-1
6400,12.66698,79.70408,2026-08-20,1.45,-1
6401,12.89302,78.87909,2026-08-20,1.83,-1
6402,13.04383,79.59259,2026-08-20,2.46,-1
6403,13.07203,79.95014,2026-08-20,3.38,-1
6404,13.34752,79.09665,2026-08-20,1.8,-1
6405,13.40582,80.21592,2026-08-20,6.25,-1
6406,13.66444,79.61813,2026-08-20,6.06,-1
6407,14.28543,79.97816,2026-08-20,2.41,-1
6408,14.34493,79.72159,2026-08-20,5.86,-1
6409,15.16424,76.3814,2026-08-20,5.53,592
6410,15.1676,76.38084,2026-08-20,5.97,592
6411,15.1724,76.69444,2026-08-20,2.38,543
6412,15.26779,78.92377,2026-08-20,3.8,-1
6413,15.58879,75.15228,2026-08-20,5.86,-1
6414,16.07496,79.11341,2026-08-20,3.87,-1
6415,16.07655,79.14837,2026-08-20,1.46,-1
6416,17.29004,82.58302,2026-08-20,1.58,-1
6417,17.50684,82.94902,2026-08-20,3.79,1327
6418,17.50736,82.95307,2026-08-20,3.79,1327
6419,17.51158,82.95251,2026-08-20,6.78,1327
6420,17.54337,83.00231,2026-08-20,3.18,-1
6421,17.77165,79.02434,2026-08-20,2.96,-1
6422,17.79435,83.16505,2026-08-20,6.14,-1
6423,17.95594,80.79374,2026-08-20,6.47,793
6424,20.95271,86.0482,2026-08-20,4.49,90
6425,20.96745,86.01298,2026-08-20,7.71,62
6426,21.10092,72.63459,2026-08-20,10.43,65
6427,21.10331,72.64813,2026-08-20,7.57,65
6428,21.10694,72.64742,2026-08-20,13.54,65
6429,24.80284,71.78471,2026-08-20,4.64,-1
6430,25.09726,68.29532,2026-08-20,3.84,-1
6431,27.93253,68.64394,2026-08-20,1.41,-1
6432,30.40259,73.87827,2026-08-20,3.35,-1
6433,30.43244,73.96255,2026-08-20,4.15,-1
6434,31.14108,73.58968,2026-08-20,5.6,-1
6435,22.36236,87.01414,2026-08-20,2.1,520
6436,22.36499,87.0154,2026-08-20,2.08,520
6437,23.69259,87.12586,2026-08-20,0.75,614
6438,23.69308,87.11836,2026-08-20,0.75,614
6439,23.69355,87.111,2026-08-20,0.98,614
6440,23.69403,87.10361,2026-08-20,0.98,614
6441,23.69451,87.0962,2026-08-20,2.15,614
6442,23.69583,87.12293,2026-08-20,1.59,614
6443,23.69627,87.11548,2026-08-20,0.63,614
6444,23.69671,87.10807,2026-08-20,0.63,614
6445,23.69758,87.09327,2026-08-20,1.38,614
6446,28.27534,77.18294,2026-08-20,0.74,233
6447,28.77214,76.70122,2026-08-20,2.28,417
6448,29.45876,76.86543,2026-08-20,3.34,1261
6449,29.91072,74.94928,2026-08-20,2.62,21
6450,31.2492,76.92705,2026-08-20,0.66,239
6451,31.25985,76.92484,2026-08-20,0.5,239
6452,32.57539,72.56554,2026-08-20,2.4,498
6453,32.57585,72.56123,2026-08-20,2.78,498
6454,14.60754,79.6615,2026-08-20,2.56,1328
6455,15.02354,78.01447,2026-08-20,1.4,541
6456,15.13803,76.70839,2026-08-20,0.85,215
6457,15.14843,76.71026,2026-08-20,0.81,-1
6458,15.16689,76.67173,2026-08-20,1.09,133
6459,15.16817,76.38058,2026-08-20,1.14,592
6460,15.16889,76.67329,2026-08-20,0.89,133
6461,15.17304,76.65667,2026-08-20,1.74,133
6462,15.17371,76.65274,2026-08-20,1.05,133
6463,15.17391,76.69331,2026-08-20,2.81,543
6464,15.17649,76.6573,2026-08-20,4.52,133
6465,15.17659,76.6776,2026-08-20,1.7,133
6466,15.17717,76.65337,2026-08-20,2.8,133
6467,15.18207,76.66643,2026-08-20,3.01,133
6468,15.22626,76.76389,2026-08-20,0.82,220
6469,15.3343,76.28691,2026-08-20,1.13,420
6470,16.20556,75.20766,2026-08-20,0.67,-1
6471,20.96533,86.01462,2026-08-20,1.93,62
6472,20.96588,86.01382,2026-08-20,1.91,62
6473,20.96618,86.01083,2026-08-20,1.93,62
6474,20.96671,86.01003,2026-08-20,1.91,62
6475,20.96791,86.00322,2026-08-20,2.6,62
6476,22.0552,88.12618,2026-08-20,0.82,518
6477,22.05638,88.12125,2026-08-20,0.82,518
6478,22.08609,83.11594,2026-08-20,2.44,-1
6479,22.78398,86.20503,2026-08-20,0.97,97
6480,22.78599,86.20644,2026-08-20,0.78,97
6481,22.78678,86.20286,2026-08-20,0.78,97
6482,22.78835,86.19575,2026-08-20,0.55,97
6483,22.78925,86.20647,2026-08-20,0.89,97
6484,22.79088,86.19932,2026-08-20,0.37,97
6485,22.79169,86.19576,2026-08-20,0.37,97
6486,22.79364,86.19712,2026-08-20,0.58,97
6487,22.7945,86.20801,2026-08-20,0.89,97
6488,22.7973,86.20584,2026-08-20,1.63,97
6489,22.80075,86.08921,2026-08-20,1.75,926
6490,22.81689,86.08504,2026-08-20,0.24,926
6491,22.81808,86.08607,2026-08-20,0.22,926
6492,23.51662,87.27167,2026-08-20,0.73,-1
6493,23.5566,87.23922,2026-08-20,0.94,100
6494,23.5599,87.08255,2026-08-20,1.07,524
6495,23.56212,87.24074,2026-08-20,0.94,100
6496,23.56388,87.08366,2026-08-20,1.58,524
6497,23.61454,86.79183,2026-08-20,0.68,702
6498,23.61549,86.78763,2026-08-20,0.68,702
6499,23.61622,85.42603,2026-08-20,0.49,-1
6500,23.64966,85.43914,2026-08-20,0.69,704
6501,23.65035,85.43598,2026-08-20,0.69,704
6502,23.65573,85.50697,2026-08-20,1.16,928
6503,23.66165,85.55202,2026-08-20,0.37,-1
6504,23.66331,87.15736,2026-08-20,0.27,102
6505,23.66421,87.1534,2026-08-20,0.31,102
6506,23.66743,86.9369,2026-08-20,0.73,706
6507,23.66762,86.09156,2026-08-20,0.94,20
6508,23.67428,86.08614,2026-08-20,1.08,20
6509,23.67467,86.40192,2026-08-20,0.95,613
6510,23.67549,86.39829,2026-08-20,0.95,613
6511,23.6763,86.39473,2026-08-20,1.46,613
6512,23.67731,86.07244,2026-08-20,1.04,20
6513,23.68017,86.08412,2026-08-20,1.56,20
6514,23.68076,86.39959,2026-08-20,0.95,613
6515,23.68078,86.08385,2026-08-20,1.77,20
6516,23.68157,86.39599,2026-08-20,1.46,613
6517,23.68236,86.39249,2026-08-20,1.46,613
6518,23.68763,86.39378,2026-08-20,1.11,613
6519,23.68785,87.10063,2026-08-20,1.13,614
6520,23.68841,86.39032,2026-08-20,1.63,613
6521,23.69202,87.10435,2026-08-20,1.24,614
6522,23.69376,87.12176,2026-08-20,1.51,614
6523,23.69603,85.37061,2026-08-20,1.96,528
6524,23.70871,86.44867,2026-08-20,1.32,530
6525,23.70951,86.44509,2026-08-20,1.32,530
6526,23.71143,86.45005,2026-08-20,1.84,530
6527,23.71226,86.44649,2026-08-20,1.84,530
6528,23.71398,86.45003,2026-08-20,1.32,530
6529,23.71431,86.42361,2026-08-20,1.54,709
6530,23.72326,86.4229,2026-08-20,1.26,709
6531,23.7374,86.4341,2026-08-20,3.28,531
6532,23.75525,86.40467,2026-08-20,0.91,585
6533,23.76131,86.40248,2026-08-20,1.24,585
6534,23.76655,86.40386,2026-08-20,1.24,585
6535,23.76735,86.40035,2026-08-20,1.24,585
6536,23.78109,86.38872,2026-08-20,2.9,713
6537,23.78225,85.57,2026-08-20,1.34,1329
6538,23.7864,85.55096,2026-08-20,1.48,536
6539,23.82381,85.49748,2026-08-20,1.25,783
6540,23.82423,85.49743,2026-08-20,1.08,783
6541,24.71524,75.95329,2026-08-20,0.89,1330
6542,25.03646,87.38701,2026-08-20,0.72,1331
6543,25.03673,87.38658,2026-08-20,0.67,1331
6544,25.39003,68.58031,2026-08-20,2.26,195
6545,27.79252,75.33192,2026-08-20,0.81,-1
6546,6.56044,81.14934,2026-08-20,0.52,-1
6547,6.64198,80.81609,2026-08-20,1.04,1332
6548,6.64253,80.81303,2026-08-20,1.13,1332
6549,6.64453,80.81778,2026-08-20,1.37,1332
6550,6.64509,80.81454,2026-08-20,1.37,1332
6551,6.64705,80.81706,2026-08-20,0.41,1332
6552,6.64764,80.81381,2026-08-20,0.43,1332
6553,6.86048,81.57622,2026-08-20,0.91,987
6554,6.86581,81.57717,2026-08-20,3.85,987
6555,7.25554,81.11653,2026-08-20,1.0,-1
6556,7.32876,81.21317,2026-08-20,0.45,677
6557,7.39811,81.10191,2026-08-20,1.65,1333
6558,8.73957,77.60084,2026-08-20,2.37,1292
6559,12.66991,76.85605,2026-08-20,0.73,-1
6560,12.68449,76.45203,2026-08-20,0.81,-1
6561,12.98436,74.85372,2026-08-20,0.45,537
6562,18.57617,72.24023,2026-08-20,3.65,616
6563,18.71585,79.53936,2026-08-20,2.11,794
6564,7.39327,81.09946,2026-08-21,6.4,1333
6565,7.39688,81.09885,2026-08-21,6.4,1333
6566,7.51083,81.69547,2026-08-21,5.97,1334
6567,7.80986,81.37318,2026-08-21,5.27,1058
6568,7.81049,81.37718,2026-08-21,5.27,1058
6569,7.81277,81.36861,2026-08-21,13.76,1058
6570,7.8134,81.37262,2026-08-21,10.42,1058
6571,8.07838,80.0887,2026-08-21,15.5,131
6572,8.24257,80.90491,2026-08-21,7.18,-1
6573,8.43317,80.33639,2026-08-21,14.02,1127
6574,8.58488,77.95021,2026-08-21,2.49,-1
6575,8.77386,80.41042,2026-08-21,15.2,1335
6576,8.77498,80.40853,2026-08-21,7.54,1335
6577,9.31269,78.05367,2026-08-21,7.06,-1
6578,9.3194,78.58262,2026-08-21,1.47,-1
6579,9.34518,78.81236,2026-08-21,1.58,-1
6580,9.36559,78.66248,2026-08-21,10.37,1299
6581,9.46089,77.93649,2026-08-21,2.92,-1
6582,9.74367,77.84486,2026-08-21,1.11,-1
6583,9.74707,77.88758,2026-08-21,1.44,-1
6584,10.04823,77.95352,2026-08-21,5.9,1248
6585,10.05175,77.94893,2026-08-21,7.89,1248
6586,10.05242,77.9528,2026-08-21,5.9,1248
6587,10.06246,77.61354,2026-08-21,3.37,-1
6588,10.40818,77.98702,2026-08-21,8.58,-1
6589,10.46239,77.96943,2026-08-21,2.2,-1
6590,10.8355,78.05512,2026-08-21,5.12,-1
6591,10.86179,78.60693,2026-08-21,3.75,1336
6592,10.86351,78.60498,2026-08-21,3.6,1336
6593,10.89906,78.69358,2026-08-21,8.39,-1
6594,10.90762,78.79076,2026-08-21,4.54,-1
6595,10.94861,77.29926,2026-08-21,1.82,-1
6596,11.17986,76.86322,2026-08-21,7.75,-1
6597,11.25114,77.55007,2026-08-21,1.81,-1
6598,11.3864,77.68139,2026-08-21,3.66,-1
6599,11.52693,77.66856,2026-08-21,1.03,-1
6600,11.71186,79.12611,2026-08-21,49.23,1337
6601,11.71266,79.13078,2026-08-21,13.01,1337
6602,12.05267,79.61187,2026-08-21,4.25,-1
6603,12.0637,76.96976,2026-08-21,6.65,-1
6604,12.30416,76.82388,2026-08-21,6.57,-1
6605,12.35125,77.01255,2026-08-21,5.9,-1
6606,14.52306,77.43476,2026-08-21,4.98,-1
6607,14.60742,79.66074,2026-08-21,24.47,1328
6608,14.60819,79.65999,2026-08-21,20.66,1328
6609,15.1363,79.88412,2026-08-21,3.42,-1
6610,15.34653,77.09008,2026-08-21,1.89,-1
6611,16.29151,80.82072,2026-08-21,4.54,-1
6612,17.60843,83.20383,2026-08-21,4.98,135
6613,19.48988,85.20114,2026-08-21,3.89,-1
6614,23.66432,87.15331,2026-08-21,2.74,102
6615,23.67682,86.08707,2026-08-21,4.24,20
6616,23.67844,86.39668,2026-08-21,8.2,613
6617,23.68191,86.0946,2026-08-21,7.7,20
6618,23.68265,86.39607,2026-08-21,5.68,613
6619,23.68639,86.39134,2026-08-21,5.68,613
6620,23.70997,86.44798,2026-08-21,7.64,530
6621,23.71468,86.45161,2026-08-21,8.89,530
6622,23.75674,85.85435,2026-08-21,5.93,533
6623,23.78134,86.2098,2026-08-21,9.1,104
6624,27.43876,70.85847,2026-08-21,8.02,-1
6625,29.47919,71.78834,2026-08-21,7.1,1338
6626,29.48029,71.78488,2026-08-21,6.67,1338
6627,29.56096,69.60496,2026-08-21,9.47,-1
6628,29.82557,72.8396,2026-08-21,2.06,50
6629,29.98619,72.59346,2026-08-21,2.98,1339
6630,30.00368,72.55402,2026-08-21,3.67,-1
6631,30.4485,71.695,2026-08-21,2.2,-1
6632,30.46146,72.13331,2026-08-21,3.37,-1
6633,30.47054,72.13536,2026-08-21,4.49,-1
6634,30.48677,71.85528,2026-08-21,7.01,1340
6635,30.4877,71.85971,2026-08-21,5.77,1340
6636,30.62073,72.08163,2026-08-21,3.93,-1
6637,30.6631,72.1522,2026-08-21,7.36,-1
6638,31.32454,72.16799,2026-08-21,2.45,779
6639,31.53478,72.39529,2026-08-21,3.29,-1
6640,33.55837,70.22543,2026-08-21,4.64,-1
6641,35.77929,71.34325,2026-08-21,2.09,1341
6642,35.77944,71.34021,2026-08-21,2.09,1341
6643,35.78532,71.34322,2026-08-21,1.39,1341
6644,23.56004,87.24049,2026-08-21,2.79,100
6645,23.66372,87.15993,2026-08-21,0.59,102
6646,23.6783,86.10711,2026-08-21,0.56,20
6647,23.67846,86.08486,2026-08-21,2.61,20
6648,23.71933,85.00983,2026-08-21,1.6,1342
6649,24.18137,82.64606,2026-08-21,0.93,973
6650,24.92917,84.14589,2026-08-21,2.88,1343
6651,24.92936,84.14852,2026-08-21,2.91,1343
6652,28.77367,77.56798,2026-08-21,2.57,160
6653,32.57627,72.55994,2026-08-21,2.9,498
6654,32.88974,71.61488,2026-08-21,2.91,165
6655,16.87195,80.02106,2026-08-21,1.5,-1
6656,17.08458,79.32294,2026-08-21,2.91,-1
6657,17.29117,78.40939,2026-08-21,0.73,1344
6658,17.29336,78.40997,2026-08-21,1.01,1344
6659,17.37035,77.44494,2026-08-21,0.79,-1
6660,18.8016,74.25277,2026-08-21,0.73,408
6661,22.05068,88.12516,2026-08-21,1.92,518
6662,22.05519,88.12621,2026-08-21,1.92,518
6663,22.36072,87.01704,2026-08-21,0.73,520
6664,22.36491,87.01798,2026-08-21,0.73,520
6665,22.36667,87.29975,2026-08-21,1.47,612
6666,22.37519,87.27901,2026-08-21,1.07,522
6667,22.37663,87.28174,2026-08-21,1.69,522
6668,22.37751,87.2774,2026-08-21,1.69,522
6669,22.37945,87.28,2026-08-21,1.79,522
6670,22.78901,86.19763,2026-08-21,0.95,97
6671,24.76452,74.60926,2026-08-21,0.71,413
6672,10.93034,77.06337,2026-08-21,0.63,903
6673,11.11709,77.75499,2026-08-21,0.46,-1
6674,11.42601,77.51267,2026-08-21,0.62,-1
6675,13.39369,80.10202,2026-08-21,0.81,540
6676,13.8039,78.06523,2026-08-21,0.25,-1
6677,13.89879,76.56554,2026-08-21,0.49,262
6678,14.60582,78.52377,2026-08-21,0.67,976
6679,14.82645,79.31465,2026-08-21,0.8,-1
6680,15.02356,78.01485,2026-08-21,1.27,541
6681,15.07157,76.86326,2026-08-21,1.66,726
6682,15.13683,76.70946,2026-08-21,0.69,215
6683,15.16701,76.67386,2026-08-21,1.71,133
6684,15.16771,76.37908,2026-08-21,0.87,592
6685,15.1716,76.69071,2026-08-21,0.76,543
6686,15.17327,76.69061,2026-08-21,1.63,543
6687,15.17346,76.65458,2026-08-21,2.09,133
6688,15.17382,76.66235,2026-08-21,1.39,133
6689,15.17439,76.65839,2026-08-21,1.69,133
6690,15.17497,76.65443,2026-08-21,1.69,133
6691,15.17623,77.10031,2026-08-21,1.16,727
6692,15.17635,76.65906,2026-08-21,2.09,133
6693,15.17694,76.65511,2026-08-21,2.09,133
6694,15.17787,76.65893,2026-08-21,1.69,133
6695,15.17844,76.65497,2026-08-21,1.69,133
6696,15.17905,76.67529,2026-08-21,1.16,133
6697,15.17908,77.10468,2026-08-21,0.81,727
6698,15.17962,76.67133,2026-08-21,1.16,133
6699,15.1802,76.66738,2026-08-21,2.11,133
6700,15.18368,76.66792,2026-08-21,2.11,133
6701,15.18423,76.63964,2026-08-21,1.51,133
6702,15.18658,76.6724,2026-08-21,0.71,133
6703,15.33276,76.28716,2026-08-21,0.96,420
6704,15.33696,76.27781,2026-08-21,1.07,420
6705,15.33752,76.27949,2026-08-21,1.38,420
6706,7.88986,80.12818,2026-08-21,1.92,-1
6707,8.59524,77.89958,2026-08-21,0.29,1345
6708,8.74044,77.60186,2026-08-21,0.68,1292
6709,8.74099,77.59838,2026-08-21,0.82,1292
6710,9.24785,77.32679,2026-08-21,0.4,-1
6711,10.04985,77.95205,2026-08-21,0.42,1248
6712,10.08768,77.23882,2026-08-21,0.84,1346
6713,10.08821,77.23543,2026-08-21,6.59,1346
6714,10.09154,77.23588,2026-08-21,1.76,1346
6715,10.09488,77.23631,2026-08-21,1.76,1346
6716,10.24319,77.2169,2026-08-21,3.49,1347
6717,10.24541,77.22453,2026-08-21,0.45,1347
6718,10.24596,77.22096,2026-08-21,0.45,1347
6719,10.24651,77.21736,2026-08-21,3.49,1347
6720,10.24707,77.21375,2026-08-21,3.49,1347
6721,10.24929,77.22139,2026-08-21,0.7,1347
6722,10.2504,77.21418,2026-08-21,2.02,1347
6723,10.61491,77.41926,2026-08-21,0.5,804
6724,35.78307,71.34697,2026-08-21,2.48,1341
6725,35.78323,71.34509,2026-08-21,2.51,1341
6726,35.78896,71.32448,2026-08-21,2.06,1348
6727,35.78955,71.32182,2026-08-21,2.28,1348
6728,32.28937,70.73895,2026-08-21,1.86,86
6729,32.29071,70.73856,2026-08-21,3.07,86
6730,32.29176,70.73003,2026-08-21,3.24,86
6731,27.50355,68.7322,2026-08-21,1.28,1349
6732,27.50491,68.73128,2026-08-21,1.16,1349
6733,6.17408,80.89262,2026-08-22,1.55,-1
6734,6.32669,81.36333,2026-08-22,4.03,-1
6735,6.34838,81.34315,2026-08-22,11.74,1350
6736,6.35328,81.34239,2026-08-22,11.74,1350
6737,6.4117,81.11542,2026-08-22,22.91,-1
6738,6.43771,81.08816,2026-08-22,8.35,673
6739,6.439,81.09145,2026-08-22,6.58,673
6740,6.71469,81.05596,2026-08-22,5.45,-1
6741,6.72955,81.2878,2026-08-22,6.07,1
6742,6.76594,81.58269,2026-08-22,6.37,985
6743,6.76642,81.58532,2026-08-22,4.94,985
6744,6.76744,81.79575,2026-08-22,4.34,-1
6745,6.77002,81.52097,2026-08-22,4.78,1351
6746,6.78047,81.52434,2026-08-22,5.67,78
6747,6.87378,81.61257,2026-08-22,4.9,1352
6748,6.87433,81.61431,2026-08-22,7.21,1352
6749,6.92842,80.95791,2026-08-22,3.47,1353
6750,7.32121,81.73981,2026-08-22,2.77,1110
6751,7.32284,81.83524,2026-08-22,3.62,826
6752,7.33425,81.80524,2026-08-22,4.57,1073
6753,7.33641,81.84488,2026-08-22,5.49,1354
6754,7.33737,81.80772,2026-08-22,3.98,1073
6755,7.33841,81.84257,2026-08-22,4.32,1354
6756,7.36009,81.76063,2026-08-22,5.19,1049
6757,7.39444,81.76482,2026-08-22,4.55,-1
6758,7.4015,81.54913,2026-08-22,7.2,560
6759,7.40222,81.54768,2026-08-22,8.19,560
6760,7.4526,81.38583,2026-08-22,8.7,-1
6761,7.51929,81.26375,2026-08-22,7.14,-1
6762,7.68064,80.17931,2026-08-22,2.2,-1
6763,7.87591,81.39789,2026-08-22,3.11,-1
6764,7.90395,81.47636,2026-08-22,4.51,1183
6765,7.90481,81.42422,2026-08-22,3.86,-1
6766,8.0688,81.23716,2026-08-22,13.1,1355
6767,8.0697,81.24239,2026-08-22,13.1,1355
6768,8.13909,81.41647,2026-08-22,5.38,1120
6769,8.18642,81.32485,2026-08-22,9.57,1185
6770,8.3067,80.45334,2026-08-22,3.16,-1
6771,8.38548,77.54631,2026-08-22,5.8,-1
6772,8.50192,80.8325,2026-08-22,4.76,143
6773,8.61922,81.18944,2026-08-22,10.33,1356
6774,8.63243,80.87387,2026-08-22,3.96,-1
6775,9.29744,77.75079,2026-08-22,1.45,1357
6776,9.29351,77.3167,2026-08-22,7.09,-1
6777,9.29573,77.75149,2026-08-22,1.47,1357
6778,10.75991,79.65319,2026-08-22,2.68,-1
6779,11.40803,78.71432,2026-08-22,2.35,1358
6780,11.41039,78.7151,2026-08-22,1.96,1358
6781,11.72656,78.68904,2026-08-22,0.95,1359
6782,11.72925,78.6898,2026-08-22,1.86,1359
6783,12.23923,79.42413,2026-08-22,2.81,-1
6784,15.16272,77.14871,2026-08-22,5.69,1360
6785,15.16347,77.15242,2026-08-22,5.49,1360
6786,15.20609,77.16582,2026-08-22,6.3,1361
6787,15.20629,77.16636,2026-08-22,6.06,1361
6788,16.19788,78.35836,2026-08-22,3.75,-1
6789,16.66123,77.32803,2026-08-22,4.72,-1
6790,21.92436,85.22442,2026-08-22,2.33,788
6791,22.36426,87.3003,2026-08-22,3.04,612
6792,22.36824,87.3037,2026-08-22,7.65,612
6793,22.3785,87.27773,2026-08-22,4.94,522
6794,23.55723,87.24088,2026-08-22,5.86,100
6795,23.55952,87.23223,2026-08-22,4.78,100
6796,23.56066,87.24033,2026-08-22,5.86,100
6797,23.66324,87.15393,2026-08-22,2.97,102
6798,23.66381,87.15797,2026-08-22,2.97,102
6799,23.68436,86.39455,2026-08-22,6.05,613
6800,23.76498,86.40456,2026-08-22,7.66,585
6801,25.03907,96.37116,2026-08-22,3.74,-1
6802,25.38784,86.15111,2026-08-22,1.86,-1
6803,25.98661,90.07365,2026-08-22,2.88,-1
6804,29.45699,76.86504,2026-08-22,13.33,1261
6805,29.45792,76.8695,2026-08-22,14.92,1261
6806,29.46026,76.85947,2026-08-22,13.33,1261
6807,29.46118,76.86392,2026-08-22,13.33,1261
6808,29.88109,72.81339,2026-08-22,3.04,-1
6809,29.95708,72.17453,2026-08-22,15.89,1217
6810,30.04478,71.98708,2026-08-22,4.78,1362
6811,30.0458,71.99122,2026-08-22,4.78,1362
6812,30.57678,72.26831,2026-08-22,1.63,1363
6813,30.57812,72.26745,2026-08-22,1.88,1363
6814,31.24405,70.69089,2026-08-22,2.99,-1
6815,31.57732,73.91469,2026-08-22,6.0,-1
6816,35.77949,71.34142,2026-08-22,5.71,1341
6817,35.78005,71.34366,2026-08-22,5.71,1341
6818,35.78503,71.34227,2026-08-22,3.86,1341
6819,25.38739,68.584,2026-08-22,2.2,195
6820,30.07782,72.41095,2026-08-22,5.66,-1
6821,35.98956,94.83291,2026-08-22,1.45,698
6822,20.86423,84.99176,2026-08-22,1.15,84
6823,20.86481,84.9881,2026-08-22,1.27,84
6824,20.87026,84.99661,2026-08-22,1.75,84
6825,20.88578,84.98428,2026-08-22,1.23,87
6826,20.94061,86.0614,2026-08-22,0.62,-1
6827,20.95027,86.04403,2026-08-22,1.39,90
6828,20.96898,86.01307,2026-08-22,2.65,62
6829,20.96958,86.00936,2026-08-22,2.65,62
6830,20.9735,86.00627,2026-08-22,1.39,62
6831,21.00038,86.02657,2026-08-22,0.51,922
6832,22.00386,82.66874,2026-08-22,1.93,789
6833,22.01341,83.75511,2026-08-22,1.06,800
6834,22.03156,83.36552,2026-08-22,1.15,801
6835,22.03203,83.36678,2026-08-22,1.44,801
6836,22.05333,85.46575,2026-08-22,0.32,780
6837,22.06613,83.70398,2026-08-22,1.05,1006
6838,22.21849,84.75478,2026-08-22,0.71,781
6839,22.22124,84.75909,2026-08-22,0.71,781
6840,22.57128,85.89787,2026-08-22,1.74,791
6841,22.57247,85.89046,2026-08-22,1.49,791
6842,22.57577,85.89106,2026-08-22,1.53,791
6843,22.59049,85.90527,2026-08-22,2.02,791
6844,22.6097,85.91267,2026-08-22,1.21,925
6845,22.78465,86.0052,2026-08-22,0.64,-1
6846,22.792,86.20931,2026-08-22,1.59,97
6847,22.79591,86.2062,2026-08-22,0.85,97
6848,22.79791,86.09208,2026-08-22,1.36,926
6849,22.808,86.08934,2026-08-22,0.51,926
6850,22.87344,86.06319,2026-08-22,1.49,927
6851,23.16562,82.3415,2026-08-22,0.63,494
6852,23.60973,85.67503,2026-08-22,0.76,701
6853,23.64662,85.43901,2026-08-22,0.88,704
6854,23.6472,85.43526,2026-08-22,0.88,704
6855,23.64993,85.43962,2026-08-22,0.53,704
6856,23.65051,85.43587,2026-08-22,0.53,704
6857,23.65651,85.50643,2026-08-22,0.82,928
6858,23.66223,87.1543,2026-08-22,1.5,102
6859,23.6631,85.00007,2026-08-22,0.78,705
6860,23.66493,87.15879,2026-08-22,0.19,102
6861,23.66556,87.15495,2026-08-22,0.53,102
6862,23.66699,84.99687,2026-08-22,0.78,705
6863,23.67349,86.40237,2026-08-22,1.25,613
6864,23.6741,86.39861,2026-08-22,1.47,613
6865,23.67462,85.32437,2026-08-22,1.02,707
6866,23.67667,86.08633,2026-08-22,0.83,20
6867,23.6774,86.39924,2026-08-22,1.47,613
6868,23.67801,86.39548,2026-08-22,1.47,613
6869,23.68131,86.39611,2026-08-22,1.78,613
6870,23.68147,86.0988,2026-08-22,0.33,20
6871,23.68207,86.09506,2026-08-22,0.33,20
6872,23.68522,86.39298,2026-08-22,2.79,613
6873,23.68862,87.11987,2026-08-22,0.15,614
6874,23.69131,87.12435,2026-08-22,0.16,614
6875,23.69195,87.12051,2026-08-22,0.48,614
6876,23.69452,85.36971,2026-08-22,1.49,528
6877,23.6964,87.09367,2026-08-22,0.29,614
6878,23.70707,86.44749,2026-08-22,1.4,530
6879,23.71037,86.44811,2026-08-22,1.4,530
6880,23.71059,85.28751,2026-08-22,0.8,710
6881,23.71307,86.4525,2026-08-22,1.28,530
6882,23.71368,86.44874,2026-08-22,1.28,530
6883,23.71462,86.42181,2026-08-22,1.19,709
6884,23.7182,86.44186,2026-08-22,1.76,530
6885,23.71957,85.01024,2026-08-22,0.74,1342
6886,23.72453,86.4237,2026-08-22,1.02,709
6887,23.73633,86.43303,2026-08-22,2.38,531
6888,23.73694,86.42928,2026-08-22,2.38,531
6889,23.73948,85.00904,2026-08-22,1.92,532
6890,23.74471,85.50642,2026-08-22,0.62,1364
6891,23.75233,86.39735,2026-08-22,0.95,585
6892,23.75259,86.41676,2026-08-22,1.47,711
6893,23.75426,85.85425,2026-08-22,1.37,533
6894,23.75485,85.8505,2026-08-22,1.25,533
6895,23.75756,85.85487,2026-08-22,1.37,533
6896,23.75772,86.40613,2026-08-22,1.76,585
6897,23.75833,86.40237,2026-08-22,1.76,585
6898,23.76163,86.403,2026-08-22,2.89,585
6899,23.76224,86.39925,2026-08-22,1.64,585
6900,23.76345,86.39174,2026-08-22,2.08,585
6901,23.76493,86.40363,2026-08-22,2.89,585
6902,23.76554,86.39987,2026-08-22,1.64,585
6903,23.76823,86.40426,2026-08-22,1.61,585
6904,23.77052,86.19984,2026-08-22,0.57,104
6905,23.77112,86.19609,2026-08-22,0.57,104
6906,23.77457,86.38611,2026-08-22,1.52,713
6907,23.7749,86.36295,2026-08-22,2.66,712
6908,23.77592,86.20858,2026-08-22,1.6,104
6909,23.77727,86.39049,2026-08-22,1.76,713
6910,23.77787,86.38673,2026-08-22,2.2,713
6911,23.77922,86.20919,2026-08-22,1.47,104
6912,23.7803,86.37172,2026-08-22,1.29,712
6913,23.78057,86.39111,2026-08-22,1.76,713
6914,23.78062,86.34858,2026-08-22,2.08,535
6915,23.78123,85.57403,2026-08-22,1.57,1329
6916,23.78252,86.20982,2026-08-22,1.47,104
6917,23.78473,85.55153,2026-08-22,0.47,536
6918,23.78514,86.3417,2026-08-22,1.08,535
6919,23.78804,85.55214,2026-08-22,1.26,536
6920,23.79383,86.35108,2026-08-22,1.52,615
6921,23.79713,86.35172,2026-08-22,2.06,615
6922,23.80076,86.32919,2026-08-22,2.14,125
6923,23.80196,86.32169,2026-08-22,3.01,125
6924,23.80406,86.32982,2026-08-22,2.14,125
6925,23.80466,86.32607,2026-08-22,2.14,125
6926,23.82228,84.57104,2026-08-22,0.72,784
6927,23.82564,84.57165,2026-08-22,0.72,784
6928,23.82765,84.92325,2026-08-22,0.43,1365
6929,24.1144,86.86147,2026-08-22,1.07,715
6930,24.11502,86.85769,2026-08-22,1.07,715
6931,24.66097,74.6322,2026-08-22,1.35,190
6932,24.71618,75.953,2026-08-22,0.56,1330
6933,25.5415,91.23676,2026-08-22,1.22,590
6934,28.34062,77.22081,2026-08-22,0.35,83
6935,28.66381,77.57708,2026-08-22,1.14,14
6936,15.17784,76.67703,2026-08-22,2.83,133
6937,15.17907,76.67417,2026-08-22,1.99,133
6938,15.18033,76.66441,2026-08-22,1.2,133
6939,15.18365,76.66782,2026-08-22,3.25,133
6940,15.18495,76.66499,2026-08-22,1.01,133
6941,17.14179,77.18325,2026-08-22,0.97,920
6942,21.10145,72.63374,2026-08-22,2.52,65
6943,21.10257,72.63496,2026-08-22,3.3,65
6944,21.10692,72.64557,2026-08-22,2.11,65
6945,21.10789,72.63438,2026-08-22,1.56,65
6946,21.10811,72.64683,2026-08-22,1.89,65
6947,21.109,72.63563,2026-08-22,2.38,65
6948,7.90925,81.23074,2026-08-22,0.31,635
6949,7.91703,81.22473,2026-08-22,0.37,635
6950,8.06154,80.76864,2026-08-22,4.08,1366
6951,8.06492,80.76916,2026-08-22,0.42,1366
6952,8.55599,80.63945,2026-08-22,0.71,873
6953,9.00172,80.64706,2026-08-22,1.01,-1
6954,9.63003,77.42585,2026-08-22,0.75,-1
6955,10.0821,77.23841,2026-08-22,1.95,1346
6956,10.08541,77.24478,2026-08-22,1.5,1346
6957,10.2395,77.21495,2026-08-22,1.38,1347
6958,10.61528,77.4217,2026-08-22,0.7,804
6959,10.68565,77.50634,2026-08-22,1.55,-1
6960,10.92703,77.06378,2026-08-22,0.53,903
6961,10.93126,77.0644,2026-08-22,0.62,903
6962,11.81559,77.91829,2026-08-22,1.22,1018
6963,6.59516,81.25749,2026-08-22,3.59,1207
6964,6.78544,81.53284,2026-08-22,0.66,78
6965,6.81104,81.30546,2026-08-22,1.46,1367
6966,6.81436,81.30598,2026-08-22,1.46,1367
6967,6.85888,81.5591,2026-08-22,0.4,1368
6968,6.93446,81.59588,2026-08-22,0.56,1369
6969,6.93567,80.96031,2026-08-22,0.54,1353
6970,6.939,80.96082,2026-08-22,0.74,1353
6971,6.96207,81.59312,2026-08-22,1.71,259
6972,7.00823,81.19087,2026-08-22,0.43,1370
6973,7.00877,81.18748,2026-08-22,0.91,1370
6974,7.01209,81.18801,2026-08-22,1.6,1370
6975,7.10348,80.99658,2026-08-22,0.77,-1
6976,7.21913,81.1442,2026-08-22,0.46,1280
6977,32.0888,74.16383,2026-08-22,0.77,916
6978,24.66165,74.63514,2026-08-22,1.61,190
6979,26.25974,74.09682,2026-08-22,0.87,468
6980,28.42265,69.70271,2026-08-22,1.24,206
6981,21.10465,72.63463,2026-08-22,1.71,65
6982,21.1083,72.64712,2026-08-22,1.43,65
6983,6.36817,81.33694,2026-08-23,14.47,1371
6984,6.37194,81.33924,2026-08-23,12.65,1371
6985,6.38213,81.1468,2026-08-23,6.68,1372
6986,6.38365,81.1438,2026-08-23,6.25,1372
6987,6.71637,81.49741,2026-08-23,5.16,-1
6988,6.73045,81.28866,2026-08-23,9.77,1
6989,6.7437,81.28638,2026-08-23,10.99,1
6990,6.98739,81.59515,2026-08-23,4.74,259
6991,7.30336,81.1138,2026-08-23,4.61,1373
6992,7.30796,81.81413,2026-08-23,4.73,826
6993,7.32888,81.82094,2026-08-23,9.07,1073
6994,7.32968,81.81718,2026-08-23,5.91,1073
6995,7.34757,81.45149,2026-08-23,8.35,1374
6996,7.34827,81.45456,2026-08-23,7.2,1374
6997,7.35866,81.40395,2026-08-23,7.21,-1
6998,7.80901,81.38439,2026-08-23,8.14,1058
6999,7.80918,81.38655,2026-08-23,9.2,1058
7000,8.07391,80.77219,2026-08-23,18.56,981
7001,8.07671,80.76878,2026-08-23,14.65,981
7002,8.07786,80.77467,2026-08-23,14.89,981
7003,8.47523,80.67675,2026-08-23,5.61,-1
7004,8.5725,80.62511,2026-08-23,10.15,-1
7005,8.78643,80.98024,2026-08-23,6.7,-1
7006,8.99527,80.7809,2026-08-23,9.1,956
7007,23.67774,86.39987,2026-08-23,6.81,613
7008,23.68413,86.3939,2026-08-23,6.14,613
7009,23.71326,86.45322,2026-08-23,7.52,530
7010,23.76439,86.40546,2026-08-23,9.11,585
7011,24.07321,96.04733,2026-08-23,4.17,1375
7012,24.07573,96.04757,2026-08-23,4.06,1375
7013,24.07692,96.54836,2026-08-23,5.15,-1
7014,25.70774,93.52971,2026-08-23,3.21,-1
7015,26.96694,90.04264,2026-08-23,1.8,-1
7016,26.96781,89.97786,2026-08-23,3.79,-1
7017,28.90347,89.5985,2026-08-23,3.41,-1
7018,29.22488,88.35183,2026-08-23,2.99,1376
7019,29.24969,88.8512,2026-08-23,3.49,1377
7020,29.25687,88.85385,2026-08-23,4.48,1377
7021,29.45837,76.8635,2026-08-23,4.4,1261
7022,6.43755,81.07249,2026-08-23,5.15,-1
7023,7.18133,81.19161,2026-08-23,5.51,1378
7024,7.3016,81.11191,2026-08-23,3.86,1373
7025,7.30424,81.11216,2026-08-23,5.52,1373
7026,7.42141,81.16647,2026-08-23,3.34,1379
7027,7.93745,81.35905,2026-08-23,6.03,1380
7028,7.93791,81.36346,2026-08-23,6.32,1380
7029,8.20317,79.9137,2026-08-23,9.28,-1
7030,8.43758,80.66031,2026-08-23,10.95,1191
7031,8.60119,77.89647,2026-08-23,3.94,1345
7032,9.11287,77.61896,2026-08-23,1.9,-1
7033,9.30156,77.52041,2026-08-23,2.15,-1
7034,9.33903,77.85733,2026-08-23,3.16,-1
7035,9.40167,78.73985,2026-08-23,4.17,1381
7036,9.75798,77.86183,2026-08-23,4.86,-1
7037,30.39994,73.71344,2026-08-23,4.05,-1
7038,30.45492,72.11394,2026-08-23,4.82,-1
7039,30.50964,72.80186,2026-08-23,1.56,-1
7040,31.00338,72.18047,2026-08-23,3.01,-1
7041,31.40315,72.50063,2026-08-23,2.43,-1
7042,29.45605,76.86481,2026-08-23,4.86,1261
7043,29.45934,76.86684,2026-08-23,3.52,1261
7044,29.45968,76.85906,2026-08-23,2.79,1261
7045,35.98909,94.83257,2026-08-23,0.81,698
7046,35.98978,94.82835,2026-08-23,0.81,698
7047,22.04995,88.12524,2026-08-23,0.97,518
7048,22.05338,88.12582,2026-08-23,0.97,518
7049,22.24415,87.38719,2026-08-23,2.84,519
7050,22.35846,87.28915,2026-08-23,3.44,612
7051,22.36347,87.01639,2026-08-23,1.1,520
7052,22.36435,87.29896,2026-08-23,3.59,612
7053,22.36707,87.01698,2026-08-23,1.1,520
7054,22.37646,87.2821,2026-08-23,3.46,522
7055,22.37705,87.27776,2026-08-23,3.46,522
7056,22.37808,87.27902,2026-08-23,6.18,522
7057,22.37884,87.29135,2026-08-23,1.24,522
7058,22.37943,87.28702,2026-08-23,1.24,522
7059,22.38041,87.28827,2026-08-23,2.54,522
7060,23.67103,86.11588,2026-08-23,1.63,20
7061,23.675,86.08497,2026-08-23,0.74,20
7062,23.67588,86.40126,2026-08-23,1.83,613
7063,23.67651,86.3963,2026-08-23,1.83,613
7064,23.67659,86.3998,2026-08-23,3.66,613
7065,23.67725,86.39486,2026-08-23,1.95,613
7066,23.68028,86.39692,2026-08-23,1.83,613
7067,23.68102,86.39546,2026-08-23,1.95,613
7068,23.68469,86.39252,2026-08-23,4.18,613
7069,23.68479,86.39607,2026-08-23,1.98,613
7070,23.68546,86.39105,2026-08-23,1.98,613
7071,23.68946,87.10056,2026-08-23,1.4,614
7072,23.69184,87.11031,2026-08-23,2.47,614
7073,23.69225,87.10797,2026-08-23,3.18,614
7074,23.69247,87.10574,2026-08-23,1.4,614
7075,23.6977,87.09478,2026-08-23,2.05,614
7076,23.70849,86.44699,2026-08-23,1.32,530
7077,23.71161,86.45256,2026-08-23,2.32,530
7078,23.71226,86.44759,2026-08-23,1.32,530
7079,23.71483,86.4277,2026-08-23,1.37,709
7080,23.71547,86.42276,2026-08-23,1.37,709
7081,23.71666,86.44323,2026-08-23,2.41,530
7082,23.71924,86.42335,2026-08-23,0.68,709
7083,23.72301,86.42394,2026-08-23,0.68,709
7084,23.72365,86.41901,2026-08-23,1.4,709
7085,23.72484,86.43946,2026-08-23,1.33,530
7086,23.73679,86.43628,2026-08-23,0.7,531
7087,23.73744,86.43132,2026-08-23,3.36,531
7088,23.7507,86.41822,2026-08-23,3.23,711
7089,23.76086,86.39946,2026-08-23,3.24,585
7090,23.76398,86.40508,2026-08-23,3.24,585
7091,23.77302,86.36568,2026-08-23,2.7,712
7092,23.77368,86.36065,2026-08-23,2.7,712
7093,23.77992,86.37187,2026-08-23,2.64,712
7094,23.79316,86.35529,2026-08-23,3.48,615
7095,23.79394,86.35359,2026-08-23,3.37,615
7096,24.11497,86.86179,2026-08-23,1.2,715
7097,24.11867,86.86238,2026-08-23,1.2,715
7098,25.03607,87.38985,2026-08-23,0.78,1331
7099,11.1382,77.34947,2026-08-23,0.63,-1
7100,17.60466,83.20252,2026-08-23,1.86,135
7101,17.6089,83.2031,2026-08-23,2.51,135
7102,6.73874,81.20061,2026-08-23,0.89,-1
7103,7.0567,81.00087,2026-08-23,1.89,-1
7104,7.0977,81.07322,2026-08-23,1.21,1382
7105,7.09819,81.07236,2026-08-23,2.2,1382
7106,7.09829,81.06927,2026-08-23,2.8,1382
7107,7.09879,81.06809,2026-08-23,2.99,1382
7108,7.16669,81.71954,2026-08-23,0.84,-1
7109,7.22024,81.14927,2026-08-23,1.48,1280
7110,7.27776,81.28109,2026-08-23,1.23,1221
7111,7.27879,81.28441,2026-08-23,1.21,1221
7112,10.07071,77.25803,2026-08-23,1.65,1383
7113,10.0711,77.255,2026-08-23,1.65,1383
7114,10.07149,77.25207,2026-08-23,2.47,1383
7115,10.07236,77.25639,2026-08-23,1.63,1383
7116,10.07274,77.25336,2026-08-23,1.63,1383
7117,27.66743,76.13509,2026-08-23,0.76,205
7118,29.35946,76.95735,2026-08-23,0.77,-1
7119,29.45706,76.87043,2026-08-23,3.77,1261
7120,29.45788,76.86697,2026-08-23,2.77,1261
7121,29.45798,76.88937,2026-08-23,1.17,1033
7122,31.25972,76.92417,2026-08-23,1.06,239
7123,31.26044,76.92447,2026-08-23,1.21,239
7124,32.29051,70.73896,2026-08-23,0.69,86
7125,32.88889,71.6182,2026-08-23,2.84,165
7126,33.29773,71.18772,2026-08-23,1.22,172
7127,33.5474,71.55044,2026-08-23,1.1,173
7128,24.68984,73.00451,2026-08-23,1.64,193
7129,28.425,69.69938,2026-08-23,1.53,206
7130,16.7534,74.28566,2026-08-23,0.63,-1
7131,29.55282,90.96188,2026-08-14,2.72,248
7132,29.66986,90.99896,2026-08-14,4.81,-1
7133,29.6841,91.14074,2026-08-14,3.76,1223
7134,29.70123,91.11729,2026-08-14,6.32,1384
7135,29.70388,91.11877,2026-08-14,6.41,1384
7136,6.71394,81.47736,2026-08-14,3.67,-1
7137,6.75863,81.78897,2026-08-14,6.09,-1
7138,6.76902,81.36734,2026-08-14,8.53,1385
7139,6.76952,81.3709,2026-08-14,8.53,1385
7140,6.77589,81.53412,2026-08-14,2.8,78
7141,6.77634,81.53474,2026-08-14,3.22,78
7142,6.77998,81.53358,2026-08-14,2.8,78
7143,6.78043,81.5342,2026-08-14,3.22,78
7144,6.78809,81.47303,2026-08-14,4.27,1318
7145,6.79066,81.46186,2026-08-14,7.08,1318
7146,6.80085,81.47522,2026-08-14,5.55,737
7147,6.86874,81.71575,2026-08-14,8.71,-1
7148,7.06421,81.81426,2026-08-14,2.99,1172
7149,7.21928,81.10368,2026-08-14,4.99,-1
7150,7.23446,81.77828,2026-08-14,5.77,1386
7151,7.26114,81.30737,2026-08-14,13.43,-1
7152,7.27627,81.3829,2026-08-14,4.32,-1
7153,7.29912,81.1978,2026-08-14,4.35,1211
7154,7.41772,81.64791,2026-08-14,1.33,-1
7155,7.51518,81.66447,2026-08-14,2.07,-1
7156,7.52985,81.67784,2026-08-14,6.31,-1
7157,7.53184,81.66215,2026-08-14,3.62,680
7158,7.69557,81.30759,2026-08-14,15.08,1387
7159,7.69609,81.31118,2026-08-14,8.54,1387
7160,7.69964,81.30701,2026-08-14,15.08,1387
7161,7.70016,81.31061,2026-08-14,8.54,1387
7162,7.79772,81.47552,2026-08-14,2.61,-1
7163,7.86656,81.46929,2026-08-14,17.08,1059
7164,7.86916,81.48792,2026-08-14,4.01,1059
7165,7.86968,81.49164,2026-08-14,4.01,1059
7166,7.87329,81.48734,2026-08-14,4.01,1059
7167,7.88716,81.43616,2026-08-14,5.15,844
7168,7.88768,81.43986,2026-08-14,6.46,844
7169,7.90225,81.48327,2026-08-14,4.13,1183
7170,8.06051,80.6891,2026-08-14,6.96,-1
7171,8.12584,81.42531,2026-08-14,4.62,-1
7172,8.4068,80.52273,2026-08-14,13.78,602
7173,8.41071,80.52218,2026-08-14,7.43,602
7174,8.55964,80.872,2026-08-14,9.23,760
7175,8.56307,80.58379,2026-08-14,3.64,876
7176,8.5659,80.46375,2026-08-14,4.44,1214
7177,8.56604,80.46652,2026-08-14,3.5,1214
7178,8.58222,80.85816,2026-08-14,16.38,-1
7179,8.65779,80.8905,2026-08-14,3.2,1388
7180,8.66231,80.89346,2026-08-14,4.04,1388
7181,8.68916,80.46336,2026-08-14,6.47,1389
7182,8.69729,77.84816,2026-08-14,1.51,-1
7183,8.76233,77.79604,2026-08-14,2.81,-1
7184,8.80016,80.57328,2026-08-14,4.24,769
7185,8.80066,80.57003,2026-08-14,5.05,769
7186,8.80139,80.57509,2026-08-14,3.59,769
7187,8.80411,80.57274,2026-08-14,4.24,769
7188,8.82694,80.67886,2026-08-14,4.62,-1
7189,8.83132,80.89387,2026-08-14,2.66,1325
7190,9.01102,80.67626,2026-08-14,3.45,1246
7191,9.0128,80.67327,2026-08-14,9.77,1246
7192,9.01351,80.67845,2026-08-14,6.88,1246
7193,9.015,80.6757,2026-08-14,3.45,1246
7194,9.0321,80.0744,2026-08-14,7.09,-1
7195,9.31116,80.1535,2026-08-14,5.96,-1
7196,9.41698,77.81709,2026-08-14,14.1,1390
7197,9.49049,78.61933,2026-08-14,6.35,-1
7198,9.57608,78.31172,2026-08-14,4.92,1303
7199,9.57666,78.31569,2026-08-14,5.44,1303
7200,9.94017,78.72459,2026-08-14,3.47,1391
7201,9.94318,78.71989,2026-08-14,3.47,1391
7202,9.94619,78.71519,2026-08-14,4.78,1391
7203,10.15349,78.50438,2026-08-14,3.96,-1
7204,10.16352,78.93459,2026-08-14,3.95,1392
7205,10.6441,79.07843,2026-08-14,5.06,-1
7206,10.79085,77.71056,2026-08-14,0.61,-1
7207,11.10117,78.03844,2026-08-14,1.67,-1
7208,12.34427,76.94675,2026-08-14,2.02,-1
7209,12.92848,80.18225,2026-08-14,3.63,-1
7210,13.13813,79.96019,2026-08-14,4.8,-1
7211,13.85388,78.33376,2026-08-14,2.34,-1
7212,14.31833,77.41064,2026-08-14,2.89,1393
7213,14.3213,77.40604,2026-08-14,3.25,1393
7214,14.32188,77.41011,2026-08-14,2.89,1393
7215,14.32246,77.41421,2026-08-14,2.89,1393
7216,14.32542,77.40958,2026-08-14,3.04,1393
7217,14.326,77.41369,2026-08-14,3.04,1393
7218,14.32896,77.40906,2026-08-14,3.04,1393
7219,14.33192,77.40444,2026-08-14,2.83,1393
7220,14.33251,77.40853,2026-08-14,7.7,1393
7221,14.88612,77.45694,2026-08-14,4.17,-1
7222,15.16369,76.38303,2026-08-14,3.96,592
7223,15.17222,76.66235,2026-08-14,4.86,133
7224,15.17322,76.69418,2026-08-14,3.3,543
7225,15.61406,78.3792,2026-08-14,12.98,-1
7226,15.67526,78.37572,2026-08-14,5.6,-1
7227,15.68431,80.11327,2026-08-14,3.22,-1
7228,15.74877,80.01529,2026-08-14,3.47,-1
7229,15.84728,80.08014,2026-08-14,2.4,-1
7230,18.68664,73.04058,2026-08-14,8.31,223
7231,29.34646,73.11682,2026-08-14,3.83,-1
7232,29.74283,71.27952,2026-08-14,3.84,-1
7233,29.78008,72.30405,2026-08-14,4.37,1394
7234,29.85568,71.38053,2026-08-14,3.16,-1
7235,29.94082,72.06029,2026-08-14,3.12,-1
7236,29.95238,72.94431,2026-08-14,3.6,-1
7237,29.95464,72.57912,2026-08-14,4.39,-1
7238,29.97913,72.60475,2026-08-14,22.79,-1
7239,30.01564,72.56848,2026-08-14,3.24,1395
7240,30.03947,72.11456,2026-08-14,3.51,-1
7241,30.07075,71.48827,2026-08-14,3.16,1396
7242,30.07664,71.52844,2026-08-14,4.27,-1
7243,30.41155,71.94455,2026-08-14,5.06,1397
7244,30.4149,71.94391,2026-08-14,2.34,1397
7245,30.4806,71.81483,2026-08-14,4.41,-1
7246,30.53525,71.77944,2026-08-14,2.08,-1
7247,30.54259,71.71091,2026-08-14,5.68,-1
7248,30.60084,72.0713,2026-08-14,2.65,1398
7249,30.60707,72.18962,2026-08-14,7.94,-1
7250,30.61927,72.15311,2026-08-14,3.17,-1
7251,30.63605,71.72717,2026-08-14,5.93,-1
7252,30.65054,73.60814,2026-08-14,2.72,-1
7253,30.65344,72.12532,2026-08-14,4.74,-1
7254,30.89121,73.19951,2026-08-14,2.93,1219
7255,30.89181,73.20399,2026-08-14,2.93,1219
7256,30.8953,73.20337,2026-08-14,2.93,1219
7257,30.89589,73.20786,2026-08-14,4.5,1219
7258,30.89827,73.22582,2026-08-14,3.06,-1
7259,30.90756,73.21498,2026-08-14,3.47,1399
7260,30.75119,71.95432,2026-08-14,13.73,-1
7261,30.76738,72.01932,2026-08-14,3.81,-1
7262,30.79395,71.93381,2026-08-14,4.45,-1
7263,30.81083,71.85845,2026-08-14,11.4,-1
7264,30.91165,73.21886,2026-08-14,3.47,1399
7265,31.03194,73.37009,2026-08-14,6.75,1400
7266,31.19237,72.09209,2026-08-14,4.1,-1
7267,31.70236,72.48913,2026-08-14,5.11,1401
7268,31.7036,72.48791,2026-08-14,3.79,1401
7269,32.03644,71.12323,2026-08-14,3.69,1402
7270,32.03977,71.12256,2026-08-14,3.45,1402
7271,32.04037,71.12668,2026-08-14,3.45,1402
7272,32.88853,71.61611,2026-08-14,3.3,165
7273,27.03289,94.89212,2026-08-14,5.03,-1
7274,27.32576,95.27875,2026-08-14,4.34,401
7275,7.49311,81.1361,2026-08-14,2.42,-1
7276,33.29664,71.1873,2026-08-14,0.89,172
7277,33.68887,72.71381,2026-08-14,0.95,513
7278,35.9678,68.6875,2026-08-14,1.44,182
7279,22.9329,69.70402,2026-08-14,0.96,419
7280,23.31558,70.4867,2026-08-14,1.06,258
7281,25.3884,68.58215,2026-08-14,3.33,195
7282,25.94164,72.19266,2026-08-14,1.49,730
7283,25.94279,72.19247,2026-08-14,1.72,730
7284,26.60479,73.68352,2026-08-14,1.07,415
7285,26.87478,73.51643,2026-08-14,0.84,204
7286,26.87868,73.51321,2026-08-14,0.84,204
7287,28.60834,68.63084,2026-08-14,1.6,1403
7288,19.17778,70.94668,2026-08-14,2.39,267
7289,19.52935,71.30072,2026-08-14,2.78,548
7290,19.52992,71.29703,2026-08-14,2.67,548
7291,21.10971,72.63481,2026-08-14,3.07,65
7292,21.11126,72.64643,2026-08-14,1.51,65
7293,22.3395,69.85548,2026-08-14,1.98,253
7294,10.70914,79.85674,2026-08-14,4.8,-1
7295,13.74471,76.84552,2026-08-14,0.8,-1
7296,15.17404,76.69186,2026-08-14,0.7,543
7297,15.18089,76.67749,2026-08-14,2.41,133
7298,15.18296,76.66602,2026-08-14,2.09,133
7299,15.22681,76.76525,2026-08-14,0.8,220
7300,15.22752,76.76139,2026-08-14,0.8,220
7301,23.88082,96.3227,2026-08-15,2.08,-1
7302,27.60563,95.40367,2026-08-15,1.91,588
7303,29.63094,94.37956,2026-08-15,4.52,-1
7304,6.37115,81.1376,2026-08-15,2.89,1404
7305,6.37501,81.0518,2026-08-15,3.71,1405
7306,6.37833,81.05128,2026-08-15,3.71,1405
7307,6.40712,80.86543,2026-08-15,61.04,-1
7308,6.41216,80.85397,2026-08-15,7.89,-1
7309,6.45107,81.01872,2026-08-15,5.04,-1
7310,6.74334,81.44843,2026-08-15,6.78,-1
7311,6.75534,81.39326,2026-08-15,3.48,283
7312,6.76564,81.50555,2026-08-15,24.6,821
7313,6.76617,81.50903,2026-08-15,12.22,821
7314,6.76897,81.50504,2026-08-15,9.66,821
7315,6.7695,81.50852,2026-08-15,7.32,821
7316,6.77933,81.5284,2026-08-15,2.22,78
7317,6.78265,81.5279,2026-08-15,2.22,78
7318,6.79901,81.41767,2026-08-15,4.2,-1
7319,6.82552,81.50262,2026-08-15,20.84,1319
7320,6.87988,81.72637,2026-08-15,5.14,-1
7321,6.92249,81.82744,2026-08-15,4.07,-1
7322,7.08286,81.548,2026-08-15,1.91,-1
7323,7.08783,81.78349,2026-08-15,2.56,1279
7324,7.08889,81.79051,2026-08-15,3.93,1279
7325,7.08942,81.79402,2026-08-15,1.91,1279
7326,7.09117,81.78297,2026-08-15,2.56,1279
7327,7.09154,81.80807,2026-08-15,15.76,-1
7328,7.11188,80.8494,2026-08-15,1.73,-1
7329,7.13562,81.78342,2026-08-15,3.53,1406
7330,7.14985,81.14191,2026-08-15,4.04,1407
7331,7.15318,81.14142,2026-08-15,3.21,1407
7332,7.17507,81.26253,2026-08-15,1.4,-1
7333,7.17662,81.36192,2026-08-15,3.58,-1
7334,7.20137,81.30119,2026-08-15,2.35,-1
7335,7.2127,81.75674,2026-08-15,1.36,-1
7336,7.2196,81.80241,2026-08-15,3.25,-1
7337,7.22044,81.36495,2026-08-15,3.92,-1
7338,7.22135,81.79135,2026-08-15,1.96,1408
7339,7.22374,81.20788,2026-08-15,3.49,1409
7340,7.226,81.20042,2026-08-15,3.14,1409
7341,7.25144,81.69704,2026-08-15,2.51,1410
7342,7.31725,81.13255,2026-08-15,3.6,-1
7343,7.32174,81.20657,2026-08-15,8.01,677
7344,7.32294,81.19213,2026-08-15,2.39,-1
7345,7.32385,81.22048,2026-08-15,4.41,677
7346,7.32439,81.22396,2026-08-15,4.41,677
7347,7.32838,81.20554,2026-08-15,4.73,677
7348,7.3329,81.19061,2026-08-15,2.32,1177
7349,7.34131,81.7579,2026-08-15,3.07,1321
7350,7.35452,81.26561,2026-08-15,1.15,-1
7351,7.37122,81.77496,2026-08-15,2.62,678
7352,7.37176,81.77847,2026-08-15,3.56,678
7353,7.4235,81.29427,2026-08-15,4.42,1411
7354,7.42812,81.68315,2026-08-15,3.55,1412
7355,7.42865,81.68666,2026-08-15,3.55,1412
7356,7.43956,81.31653,2026-08-15,8.01,1032
7357,7.44289,81.31603,2026-08-15,9.5,1032
7358,7.4536,81.69365,2026-08-15,2.12,-1
7359,7.45797,81.21402,2026-08-15,3.81,-1
7360,7.46201,81.68159,2026-08-15,4.77,989
7361,7.46924,81.26571,2026-08-15,5.7,439
7362,7.46977,81.26918,2026-08-15,10.19,439
7363,7.51028,81.09155,2026-08-15,8.11,742
7364,7.51081,81.09502,2026-08-15,8.11,742
7365,7.51134,81.0985,2026-08-15,61.88,742
7366,7.55715,81.71012,2026-08-15,2.96,-1
7367,7.71951,81.42249,2026-08-15,11.86,-1
7368,7.72114,81.34359,2026-08-15,6.04,1413
7369,7.72394,81.3396,2026-08-15,3.61,1413
7370,7.72447,81.34308,2026-08-15,2.94,1413
7371,7.86744,81.48164,2026-08-15,6.51,1059
7372,7.86798,81.48515,2026-08-15,7.95,1059
7373,8.18145,80.48837,2026-08-15,0.8,-1
7374,8.27499,81.05516,2026-08-15,3.53,-1
7375,8.34802,80.2693,2026-08-15,8.35,1414
7376,8.35009,80.26845,2026-08-15,5.07,1414
7377,8.35063,80.27195,2026-08-15,4.58,1414
7378,8.55446,80.49377,2026-08-15,1.82,-1
7379,8.61206,80.51968,2026-08-15,6.41,1083
7380,8.65191,81.13203,2026-08-15,5.47,-1
7381,8.67931,80.75907,2026-08-15,9.82,1086
7382,8.80854,80.32371,2026-08-15,1.44,-1
7383,8.92352,80.47691,2026-08-15,4.58,355
7384,9.04828,80.18815,2026-08-15,4.05,-1
7385,9.06104,80.53681,2026-08-15,1.72,-1
7386,11.4172,79.66978,2026-08-15,2.76,-1
7387,12.37895,76.98724,2026-08-15,3.01,-1
7388,14.05112,79.77888,2026-08-15,7.99,-1
7389,14.47548,79.97254,2026-08-15,4.62,1415
7390,14.47881,79.97202,2026-08-15,3.59,1415
7391,14.66645,79.53525,2026-08-15,2.34,-1
7392,15.10484,76.8101,2026-08-15,6.87,-1
7393,15.30614,78.18951,2026-08-15,4.07,-1
7394,17.53543,79.50681,2026-08-15,4.85,-1
7395,18.66053,79.14503,2026-08-15,10.47,-1
7396,18.85886,72.92574,2026-08-15,6.55,544
7397,22.36821,87.30191,2026-08-15,3.8,612
7398,25.72742,68.40441,2026-08-15,5.38,-1
7399,27.80209,69.54681,2026-08-15,6.32,1416
7400,29.4572,71.3344,2026-08-15,6.31,-1
7401,31.59891,72.30718,2026-08-15,5.35,-1
7402,34.0741,72.14128,2026-08-15,2.32,-1
7403,22.35315,96.7031,2026-08-15,0.66,1417
7404,22.35743,96.70364,2026-08-15,0.54,1417
7405,35.96585,68.68399,2026-08-15,1.22,182
7406,28.27054,69.7699,2026-08-15,0.57,-1
7407,28.4244,69.69858,2026-08-15,1.01,206
7408,28.42625,69.69794,2026-08-15,0.85,206
7409,31.61599,74.3751,2026-08-15,0.57,405
7410,33.24784,71.28815,2026-08-15,3.77,1275
7411,33.2496,71.28826,2026-08-15,1.43,1275
7412,33.27397,71.59183,2026-08-15,0.75,1418
7413,21.10614,72.64859,2026-08-15,1.51,65
7414,21.10682,72.64341,2026-08-15,4.1,65
7415,23.16633,82.3391,2026-08-15,1.77,494
7416,25.39021,68.58022,2026-08-15,0.51,195
7417,25.942,72.1899,2026-08-15,1.12,730
7418,12.23028,79.20409,2026-08-15,0.65,-1
7419,12.28915,78.93369,2026-08-15,0.9,1419
7420,12.29187,78.93195,2026-08-15,0.84,1419
7421,13.15892,80.28419,2026-08-15,11.5,790
7422,13.16287,80.28493,2026-08-15,5.01,790
7423,13.60553,76.79213,2026-08-15,0.41,-1
7424,14.37725,79.89831,2026-08-15,1.09,-1
7425,15.02144,78.01479,2026-08-15,0.92,541
7426,15.02488,78.01537,2026-08-15,0.92,541
7427,15.17622,77.09935,2026-08-15,1.14,727
7428,15.17897,77.10359,2026-08-15,0.75,727
7429,15.33481,76.28645,2026-08-15,0.97,420
7430,18.68268,73.04128,2026-08-15,3.45,223
7431,18.68394,73.03215,2026-08-15,4.49,223
7432,18.69004,73.0424,2026-08-15,4.35,223
7433,6.73721,81.02435,2026-08-15,2.02,1420
7434,6.73881,81.02721,2026-08-15,1.29,1420
7435,6.81776,81.16775,2026-08-15,1.84,1226
7436,6.81964,81.17075,2026-08-15,2.57,1226
7437,6.82044,81.16622,2026-08-15,2.05,1226
7438,6.82248,81.16821,2026-08-15,1.84,1226
7439,6.82433,81.17148,2026-08-15,2.57,1226
7440,6.82513,81.16695,2026-08-15,2.05,1226
7441,6.82814,81.17716,2026-08-15,0.94,1226
7442,6.82898,81.17235,2026-08-15,0.94,1226
7443,9.33741,78.60825,2026-08-15,1.12,-1
7444,10.61674,77.42191,2026-08-15,0.44,804
7445,10.62393,79.12068,2026-08-15,1.55,1421
7446,10.62608,79.11906,2026-08-15,1.41,1421
7447,10.92917,77.06458,2026-08-15,0.54,903
7448,11.21336,77.89606,2026-08-15,0.91,-1
7449,11.80888,77.9234,2026-08-15,1.75,1018
7450,11.8096,77.92503,2026-08-15,0.81,1018
7451,11.81028,77.92094,2026-08-15,0.81,1018
7452,11.8396,78.97262,2026-08-15,0.92,-1
7453,12.09803,78.35358,2026-08-15,0.7,-1
7454,33.2472,71.29536,2026-08-15,2.9,1275
7455,33.24773,71.29378,2026-08-15,3.28,1275
7456,33.24935,71.28817,2026-08-15,5.99,1275
7457,33.24991,71.28664,2026-08-15,3.28,1275
7458,6.72965,81.52991,2026-08-16,7.91,-1
7459,7.18742,81.82262,2026-08-16,3.53,-1
7460,7.26022,81.79184,2026-08-16,3.77,-1
7461,7.31004,80.93993,2026-08-16,5.54,1263
7462,7.4564,81.34227,2026-08-16,4.99,1053
7463,7.73834,81.5024,2026-08-16,1.61,1422
7464,7.73887,81.26031,2026-08-16,1.89,-1
7465,7.86138,81.47504,2026-08-16,10.54,1059
7466,7.87655,81.41111,2026-08-16,1.79,1060
7467,7.87693,81.48414,2026-08-16,5.64,1059
7468,7.87898,81.48672,2026-08-16,10.65,1059
7469,7.88076,81.48351,2026-08-16,5.64,1059
7470,8.05386,81.24757,2026-08-16,3.58,1423
7471,8.05624,81.24507,2026-08-16,4.3,1423
7472,8.05773,81.24693,2026-08-16,3.58,1423
7473,8.06344,81.18587,2026-08-16,6.49,-1
7474,8.76996,78.10783,2026-08-16,2.39,884
7475,8.84015,80.60784,2026-08-16,3.8,-1
7476,8.8501,80.42207,2026-08-16,1.69,-1
7477,8.90999,80.47983,2026-08-16,7.28,-1
7478,9.319,79.30539,2026-08-16,4.67,-1
7479,9.3233,80.19555,2026-08-16,3.18,-1
7480,9.45503,80.47744,2026-08-16,4.75,775
7481,9.45774,77.60921,2026-08-16,5.97,1424
7482,9.45867,77.61446,2026-08-16,5.97,1424
7483,9.459,80.47677,2026-08-16,4.75,775
7484,9.6554,80.30992,2026-08-16,9.63,-1
7485,9.85071,77.88331,2026-08-16,1.3,1425
7486,9.85307,77.88065,2026-08-16,1.64,1425
7487,10.20671,78.83601,2026-08-16,3.96,1326
7488,10.53129,79.73779,2026-08-16,2.77,-1
7489,10.8337,79.31152,2026-08-16,4.59,-1
7490,10.85651,79.07156,2026-08-16,6.22,-1
7491,10.92125,78.4465,2026-08-16,3.75,-1
7492,10.95975,78.94122,2026-08-16,2.66,-1
7493,11.08317,79.47999,2026-08-16,4.53,-1
7494,11.40386,79.70392,2026-08-16,2.19,-1
7495,11.46932,79.35802,2026-08-16,2.64,-1
7496,11.92912,79.67993,2026-08-16,4.37,-1
7497,11.94788,79.04879,2026-08-16,4.56,-1
7498,12.03929,79.50043,2026-08-16,3.09,-1
7499,12.21654,79.85169,2026-08-16,3.2,-1
7500,12.32878,78.75077,2026-08-16,15.33,-1
7501,12.3682,78.99841,2026-08-16,6.01,-1
7502,12.43197,79.43339,2026-08-16,3.07,-1
7503,12.61864,80.07019,2026-08-16,3.24,-1
7504,14.06632,77.34638,2026-08-16,2.69,-1
7505,14.56593,77.56482,2026-08-16,4.13,1426
7506,14.56621,77.56371,2026-08-16,6.17,1426
7507,14.64689,79.2653,2026-08-16,3.94,-1
7508,16.85509,79.1368,2026-08-16,4.27,-1
7509,22.36782,87.30247,2026-08-16,2.37,612
7510,22.37709,87.27881,2026-08-16,5.71,522
7511,23.71242,86.45026,2026-08-16,2.04,530
7512,23.80482,86.32938,2026-08-16,6.81,125
7513,27.32376,71.15984,2026-08-16,2.66,-1
7514,27.4415,70.79316,2026-08-16,2.1,-1
7515,29.97123,72.10835,2026-08-16,2.95,-1
7516,30.03752,72.56381,2026-08-16,6.57,-1
7517,30.03814,71.55405,2026-08-16,3.21,-1
7518,30.30352,73.35507,2026-08-16,2.95,-1
7519,30.42686,73.71638,2026-08-16,4.55,-1
7520,30.56189,72.18955,2026-08-16,3.98,-1
7521,30.65555,74.16005,2026-08-16,3.35,-1
7522,30.68955,71.74601,2026-08-16,5.2,-1
7523,30.89985,71.96447,2026-08-16,5.56,-1
7524,31.0305,73.36909,2026-08-16,6.02,1400
7525,31.37678,72.17642,2026-08-16,4.21,-1
7526,27.30517,95.31655,2026-08-16,4.12,-1
7527,23.48163,87.36025,2026-08-16,3.31,1427
7528,23.63231,86.29353,2026-08-16,0.74,1428
7529,23.64809,85.43964,2026-08-16,2.02,704
7530,23.64884,85.43541,2026-08-16,1.39,704
7531,23.67724,86.0871,2026-08-16,1.11,20
7532,23.68001,86.09234,2026-08-16,0.87,20
7533,23.68162,86.0834,2026-08-16,0.92,20
7534,23.68358,86.09312,2026-08-16,0.87,20
7535,23.68976,87.09792,2026-08-16,1.13,614
7536,23.69622,85.37119,2026-08-16,1.19,528
7537,23.69631,85.28904,2026-08-16,0.64,708
7538,23.71088,85.28767,2026-08-16,0.41,710
7539,23.72058,85.00829,2026-08-16,0.44,1342
7540,23.73841,85.00768,2026-08-16,0.87,532
7541,23.74492,85.50591,2026-08-16,0.43,1364
7542,23.75624,85.8518,2026-08-16,2.37,533
7543,23.75901,85.8569,2026-08-16,1.26,533
7544,23.77923,86.20941,2026-08-16,1.72,104
7545,23.78065,86.34676,2026-08-16,1.23,535
7546,23.78283,86.21016,2026-08-16,0.51,104
7547,23.78699,85.55426,2026-08-16,0.73,536
7548,23.79429,86.3544,2026-08-16,0.52,615
7549,23.79461,86.35178,2026-08-16,1.21,615
7550,23.82256,85.49575,2026-08-16,1.43,783
7551,23.82388,84.57319,2026-08-16,1.28,784
7552,25.03796,87.39037,2026-08-16,0.3,1331
7553,27.32653,95.27569,2026-08-16,1.01,401
7554,16.13906,78.94816,2026-08-16,1.16,-1
7555,16.48338,79.32732,2026-08-16,2.43,-1
7556,16.80935,79.91482,2026-08-16,2.22,-1
7557,17.06268,76.97933,2026-08-16,1.23,1098
7558,9.55242,80.3984,2026-08-16,2.52,-1
7559,10.35551,77.15921,2026-08-16,0.65,1429
7560,10.35654,77.1524,2026-08-16,0.97,1429
7561,10.35705,77.14909,2026-08-16,0.97,1429
7562,10.36002,77.15292,2026-08-16,0.97,1429
7563,10.36054,77.14954,2026-08-16,0.97,1429
7564,11.00697,78.65388,2026-08-16,0.34,-1
7565,11.17648,79.08794,2026-08-16,0.41,1204
7566,11.81462,77.91779,2026-08-16,1.68,1018
7567,15.16656,76.67412,2026-08-16,0.52,133
7568,15.17421,77.10181,2026-08-16,0.59,727
7569,15.17668,76.65643,2026-08-16,2.73,133
7570,15.17785,76.67564,2026-08-16,1.32,133
7571,15.17787,77.10235,2026-08-16,0.59,727
7572,15.1829,76.66685,2026-08-16,1.96,133
7573,15.22664,76.76346,2026-08-16,0.82,220
7574,15.65948,73.98701,2026-08-16,1.31,221
7575,6.33424,81.09734,2026-08-16,0.93,-1
7576,6.60892,81.18781,2026-08-16,1.68,1312
7577,6.68423,81.03857,2026-08-16,1.51,-1
7578,6.8011,81.494,2026-08-16,2.7,-1
7579,7.34767,81.24226,2026-08-16,1.57,1430
7580,7.35945,81.23593,2026-08-16,3.79,1430
7581,7.38599,80.92137,2026-08-16,1.11,1431
7582,7.38881,80.92573,2026-08-16,1.11,1431
7583,7.397,80.91884,2026-08-16,5.39,1432
7584,7.437,81.27293,2026-08-16,0.75,-1
7585,7.52707,81.07053,2026-08-16,2.35,-1
7586,7.78494,80.4927,2026-08-16,2.84,-1
7587,7.98776,79.86501,2026-08-16,1.82,1433
7588,32.88736,71.61448,2026-08-16,4.22,165
7589,33.25005,71.29332,2026-08-16,1.26,1275
7590,33.25105,71.28937,2026-08-16,1.26,1275
7591,33.29679,71.18593,2026-08-16,1.06,172
7592,35.96718,68.68407,2026-08-16,1.28,182
7593,32.28855,70.73765,2026-08-16,3.53,86
7594,32.29563,70.73203,2026-08-16,3.38,86
7595,7.35611,81.1077,2026-08-17,3.45,679
7596,7.36152,81.10664,2026-08-17,2.22,679
7597,7.39652,80.92043,2026-08-17,10.54,1432
7598,7.39885,80.90202,2026-08-17,13.44,1434
7599,7.39953,80.90575,2026-08-17,13.44,1434
7600,7.40015,80.90923,2026-08-17,11.96,1434
7601,7.42131,81.18064,2026-08-17,5.13,1435
7602,7.42405,81.13436,2026-08-17,4.0,113
7603,7.4248,81.18104,2026-08-17,4.99,1435
7604,7.42786,81.1346,2026-08-17,6.06,113
7605,7.42945,81.13339,2026-08-17,5.19,113
7606,7.59237,80.9697,2026-08-17,4.47,443
7607,7.68535,81.14362,2026-08-17,2.94,835
7608,7.69074,81.1427,2026-08-17,5.62,835
7609,7.81238,79.93328,2026-08-17,4.71,634
7610,7.8946,81.41067,2026-08-17,4.6,1436
7611,7.903,81.49067,2026-08-17,5.94,1183
7612,7.90644,81.47861,2026-08-17,4.88,1183
7613,7.90649,81.48015,2026-08-17,5.55,1183
7614,7.9129,81.45583,2026-08-17,2.67,1437
7615,7.91302,81.45422,2026-08-17,3.57,1437
7616,7.99094,81.46861,2026-08-17,3.67,748
7617,8.00141,81.46672,2026-08-17,21.33,748
7618,8.09535,81.39194,2026-08-17,1.76,-1
7619,8.82442,80.90121,2026-08-17,5.79,1325
7620,8.82503,80.90459,2026-08-17,5.79,1325
7621,8.82915,80.8968,2026-08-17,11.63,1325
7622,8.82977,80.9002,2026-08-17,6.06,1325
7623,8.83039,80.90359,2026-08-17,6.06,1325
7624,9.42494,77.81399,2026-08-17,5.99,1390
7625,9.75891,78.5976,2026-08-17,6.91,1438
7626,9.75952,78.60124,2026-08-17,8.81,1438
7627,6.5092,80.98142,2026-08-17,12.47,-1
7628,7.10485,81.78197,2026-08-17,3.19,1439
7629,7.10503,81.78075,2026-08-17,1.69,1439
7630,7.10559,81.78389,2026-08-17,3.92,1439
7631,7.12642,81.7802,2026-08-17,2.65,1406
7632,7.12697,81.78335,2026-08-17,2.65,1406
7633,7.16783,81.80219,2026-08-17,2.12,1440
7634,7.20693,81.81159,2026-08-17,3.5,1174
7635,7.20699,81.81147,2026-08-17,3.29,1174
7636,7.27778,81.81866,2026-08-17,2.83,111
7637,7.27832,81.82177,2026-08-17,2.83,111
7638,29.80713,73.34641,2026-08-17,2.66,-1
7639,29.91381,71.71052,2026-08-17,13.13,1441
7640,29.91521,71.71583,2026-08-17,13.13,1441
7641,30.40925,72.10819,2026-08-17,3.26,-1
7642,30.53718,73.88202,2026-08-17,1.99,-1
7643,9.88751,77.86655,2026-08-17,7.76,1442
7644,9.88916,77.87049,2026-08-17,3.89,1442
7645,23.50516,69.26018,2026-08-17,3.6,669
7646,23.50567,69.26427,2026-08-17,3.46,669
7647,26.22446,68.21117,2026-08-17,5.76,-1
7648,31.58373,72.28916,2026-08-17,3.03,1067
7649,35.24258,68.10051,2026-08-17,3.1,1443
7650,35.24283,68.10374,2026-08-17,2.88,1443
7651,35.98857,94.83189,2026-08-17,0.72,698
7652,29.65801,90.89878,2026-08-17,1.24,1444
7653,21.10202,72.64528,2026-08-17,2.69,65
7654,21.1071,72.64555,2026-08-17,3.43,65
7655,17.60581,83.20076,2026-08-17,1.01,135
7656,17.60875,83.20546,2026-08-17,0.78,135
7657,7.65789,80.73828,2026-08-17,5.23,-1
7658,8.39024,81.03989,2026-08-17,0.43,-1
7659,8.67061,77.99346,2026-08-17,1.29,1166
7660,8.81313,80.58661,2026-08-17,2.27,-1
7661,10.35866,77.14888,2026-08-17,0.99,1429
7662,10.36136,77.14999,2026-08-17,1.65,1429
7663,10.36181,77.14661,2026-08-17,1.65,1429
7664,10.36333,77.14931,2026-08-17,0.99,1429
7665,10.91686,78.14649,2026-08-17,1.49,1445
7666,10.92123,78.14713,2026-08-17,1.49,1445
7667,32.28934,70.74017,2026-08-17,3.3,86
7668,32.89033,71.61874,2026-08-17,5.63,165
7669,33.29498,71.1871,2026-08-17,1.98,172
7670,35.9673,68.68782,2026-08-17,1.59,182
7671,25.38917,68.58541,2026-08-17,1.03,195
7672,7.89501,81.47443,2026-08-18,9.23,1183
7673,7.89723,81.41067,2026-08-18,5.29,1436
7674,7.89822,81.47876,2026-08-18,8.31,1183
7675,8.17243,81.31873,2026-08-18,9.68,751
7676,8.17521,81.31606,2026-08-18,12.11,751
7677,20.12857,94.99934,2026-08-18,2.31,-1
7678,24.11654,96.44064,2026-08-18,10.55,-1
7679,6.35878,81.14948,2026-08-18,32.9,1315
7680,6.35941,81.15408,2026-08-18,32.9,1315
7681,6.36902,81.26952,2026-08-18,5.43,-1
7682,6.69037,80.83154,2026-08-18,11.81,1446
7683,7.25844,81.21591,2026-08-18,5.21,825
7684,7.26356,81.21234,2026-08-18,5.88,825
7685,7.26419,81.21719,2026-08-18,5.88,825
7686,7.26466,81.21556,2026-08-18,5.21,825
7687,7.28158,81.30244,2026-08-18,3.02,-1
7688,7.54263,81.63725,2026-08-18,2.87,-1
7689,7.59886,80.97195,2026-08-18,2.68,443
7690,7.86299,81.47017,2026-08-18,5.46,1059
7691,7.95368,81.35379,2026-08-18,2.85,-1
7692,8.44541,80.87798,2026-08-18,6.25,322
7693,8.51392,80.6392,2026-08-18,6.33,-1
7694,8.61775,77.96022,2026-08-18,1.25,1447
7695,8.69215,80.8621,2026-08-18,4.23,766
7696,8.88123,77.79373,2026-08-18,2.78,152
7697,8.9135,77.99487,2026-08-18,2.98,1296
7698,8.91391,77.99789,2026-08-18,4.37,1296
7699,8.91704,80.38799,2026-08-18,2.73,1134
7700,8.92865,77.50169,2026-08-18,9.79,1448
7701,8.92939,77.50723,2026-08-18,13.39,1448
7702,8.94732,80.56693,2026-08-18,5.0,-1
7703,8.96803,78.03201,2026-08-18,6.52,-1
7704,8.99168,77.85832,2026-08-18,0.67,-1
7705,9.02396,78.0217,2026-08-18,5.37,-1
7706,9.06209,80.29271,2026-08-18,3.01,-1
7707,9.08152,78.16898,2026-08-18,0.54,-1
7708,9.31592,77.47726,2026-08-18,13.56,1449
7709,9.31616,78.82542,2026-08-18,2.23,-1
7710,9.31747,77.48039,2026-08-18,13.78,1449
7711,9.32526,77.54498,2026-08-18,2.5,1450
7712,9.32631,77.54832,2026-08-18,3.32,1450
7713,9.3803,77.76629,2026-08-18,7.4,-1
7714,9.39631,80.47998,2026-08-18,2.51,-1
7715,9.57292,78.26406,2026-08-18,1.93,-1
7716,9.97656,77.62728,2026-08-18,2.57,1451
7717,9.97747,77.62643,2026-08-18,1.96,1451
7718,9.98813,77.85934,2026-08-18,1.89,-1
7719,10.01453,77.60332,2026-08-18,3.89,-1
7720,10.02321,79.23365,2026-08-18,2.57,-1
7721,10.08387,77.69878,2026-08-18,2.46,162
7722,10.08427,77.70177,2026-08-18,5.9,162
7723,10.08683,77.69904,2026-08-18,4.08,162
7724,10.08721,77.70203,2026-08-18,4.08,162
7725,10.58747,78.2113,2026-08-18,2.74,-1
7726,10.90674,78.5377,2026-08-18,2.85,-1
7727,11.14147,78.58251,2026-08-18,5.09,1452
7728,11.14221,78.58167,2026-08-18,9.24,1452
7729,11.14694,78.58183,2026-08-18,5.09,1452
7730,11.66187,78.67394,2026-08-18,25.85,1453
7731,11.66242,78.67835,2026-08-18,25.85,1453
7732,11.66789,78.67705,2026-08-18,25.85,1453
7733,11.70585,78.76863,2026-08-18,3.09,1454
7734,11.70775,78.76962,2026-08-18,5.77,1454
7735,11.72489,78.6914,2026-08-18,9.96,1359
7736,13.98488,77.39144,2026-08-18,0.93,-1
7737,14.07884,77.73779,2026-08-18,4.91,-1
7738,14.46839,78.25809,2026-08-18,4.39,1094
7739,14.46883,78.26192,2026-08-18,5.25,1094
7740,14.474,78.25748,2026-08-18,4.46,1094
7741,22.03904,69.47427,2026-08-18,3.92,-1
7742,24.8247,68.06085,2026-08-18,4.0,-1
7743,24.9635,68.29146,2026-08-18,4.37,1026
7744,25.3872,68.58287,2026-08-18,2.79,195
7745,28.73033,68.09136,2026-08-18,3.25,1455
7746,28.73092,68.09602,2026-08-18,3.25,1455
7747,29.90467,72.59055,2026-08-18,11.88,-1
7748,30.01328,72.56928,2026-08-18,2.25,1395
7749,30.4691,73.88613,2026-08-18,2.81,1456
7750,30.47086,73.88448,2026-08-18,2.56,1456
7751,30.47113,73.88796,2026-08-18,3.08,1456
7752,30.64728,71.75764,2026-08-18,2.99,-1
7753,30.889,72.16714,2026-08-18,3.49,-1
7754,33.47198,68.28136,2026-08-18,7.95,-1
7755,24.25639,91.37678,2026-08-18,0.44,-1
7756,27.00237,82.48734,2026-08-18,2.13,-1
7757,27.22178,95.34567,2026-08-18,1.41,1028
7758,27.31664,95.26646,2026-08-18,1.42,401
7759,27.32538,95.27692,2026-08-18,1.59,401
7760,27.37571,95.08824,2026-08-18,1.65,1029
7761,27.46271,95.47729,2026-08-18,1.18,402
7762,27.46869,95.42249,2026-08-18,1.03,1030
7763,27.53036,77.65813,2026-08-18,2.76,1457
7764,27.5312,77.66014,2026-08-18,2.9,1457
7765,6.43064,80.86023,2026-08-18,3.55,-1
7766,6.62802,81.19518,2026-08-18,1.5,1224
7767,6.62906,81.1973,2026-08-18,2.08,1224
7768,6.69147,80.83995,2026-08-18,1.5,1446
7769,6.69223,80.83482,2026-08-18,1.5,1446
7770,6.69242,80.83759,2026-08-18,3.9,1446
7771,6.85854,81.09821,2026-08-18,0.87,1458
7772,6.86302,81.10007,2026-08-18,0.49,1458
7773,10.48666,79.32134,2026-08-18,1.88,1459
7774,10.48713,79.31767,2026-08-18,2.41,1459
7775,6.86042,81.10104,2026-08-18,0.98,1458
7776,6.86124,81.09518,2026-08-18,1.29,1458
7777,6.93897,81.60261,2026-08-18,1.97,1369
7778,7.0516,80.8127,2026-08-18,0.9,-1
7779,7.22388,81.14285,2026-08-18,2.71,1280
7780,7.22787,81.14833,2026-08-18,2.19,1280
7781,7.22851,81.14391,2026-08-18,2.9,1280
7782,7.22923,81.13885,2026-08-18,2.9,1280
7783,7.23261,81.14859,2026-08-18,2.19,1280
7784,7.23396,81.13914,2026-08-18,2.9,1280
7785,7.25981,81.20732,2026-08-18,1.07,825
7786,7.26242,81.20609,2026-08-18,1.32,825
7787,7.62339,81.76878,2026-08-18,2.12,1460
7788,7.6244,81.77097,2026-08-18,0.75,1460
7789,9.31313,77.44205,2026-08-18,1.7,-1
7790,35.96759,68.68444,2026-08-18,2.19,182
7791,28.4253,69.70142,2026-08-18,1.61,206
7792,32.2889,70.73969,2026-08-18,1.19,86
7793,32.29366,70.73219,2026-08-18,1.15,86
7794,32.57403,72.5666,2026-08-18,1.33,498
7795,32.88902,71.61536,2026-08-18,3.74,165
7796,33.54516,71.54924,2026-08-18,2.75,173
7797,25.38887,68.5822,2026-08-18,2.5,195
7798,26.25886,74.09746,2026-08-18,0.44,468
7799,22.28264,91.77599,2026-08-09,3.05,-1
7800,27.95665,95.6004,2026-08-09,9.26,-1
7801,29.30249,90.7239,2026-08-09,3.78,1461
7802,29.66758,91.21227,2026-08-09,9.59,-1
7803,29.678,91.13467,2026-08-09,2.75,1223
7804,29.67816,91.13667,2026-08-09,5.34,1223
7805,29.68395,91.14246,2026-08-09,3.29,1223
7806,29.68417,91.14444,2026-08-09,5.13,1223
7807,29.7055,91.12065,2026-08-09,3.27,1384
7808,6.83105,81.75486,2026-08-09,3.36,-1
7809,6.92662,81.673,2026-08-09,7.72,-1
7810,7.19186,81.74882,2026-08-09,6.36,1320
7811,7.19216,81.75013,2026-08-09,6.79,1320
7812,7.24903,81.69079,2026-08-09,4.99,1410
7813,7.24969,81.69533,2026-08-09,13.0,1410
7814,7.27246,81.6412,2026-08-09,3.65,-1
7815,7.44569,81.23631,2026-08-09,5.86,741
7816,7.44688,81.23547,2026-08-09,5.73,741
7817,7.46565,81.67219,2026-08-09,3.28,1462
7818,7.47098,81.70876,2026-08-09,10.18,-1
7819,7.54155,80.94489,2026-08-09,5.4,-1
7820,7.5681,80.92384,2026-08-09,4.36,1313
7821,7.65889,81.14084,2026-08-09,8.06,-1
7822,7.69379,81.14894,2026-08-09,3.61,835
7823,7.69441,81.15324,2026-08-09,3.61,835
7824,7.69746,81.14842,2026-08-09,3.61,835
7825,7.93397,81.3446,2026-08-09,3.25,1463
7826,8.00115,81.21894,2026-08-09,2.61,1464
7827,8.00548,81.22277,2026-08-09,4.29,1464
7828,8.1039,81.107,2026-08-09,4.61,857
7829,8.20257,80.4487,2026-08-09,4.26,-1
7830,8.20783,80.57188,2026-08-09,3.69,281
7831,8.2831,80.20823,2026-08-09,8.29,462
7832,8.35285,80.79776,2026-08-09,8.24,467
7833,8.35344,80.7984,2026-08-09,9.06,467
7834,8.38241,80.6659,2026-08-09,8.36,647
7835,8.39263,80.66016,2026-08-09,12.33,-1
7836,8.67597,80.36073,2026-08-09,3.28,1465
7837,8.67835,80.37698,2026-08-09,5.08,-1
7838,8.71225,80.35955,2026-08-09,6.61,1466
7839,8.71466,80.3596,2026-08-09,2.51,1466
7840,8.73953,80.40584,2026-08-09,3.51,-1
7841,8.86085,80.50182,2026-08-09,10.71,-1
7842,8.87646,80.48267,2026-08-09,3.62,-1
7843,8.89835,78.04342,2026-08-09,1.95,-1
7844,8.90778,77.70798,2026-08-09,1.5,1295
7845,9.23388,78.68824,2026-08-09,2.14,1467
7846,9.23726,78.68773,2026-08-09,2.14,1467
7847,9.25581,78.76631,2026-08-09,2.38,1468
7848,9.25919,78.76579,2026-08-09,1.43,1468
7849,9.27793,79.12687,2026-08-09,6.85,-1
7850,9.30707,78.76228,2026-08-09,1.64,-1
7851,9.40249,77.86951,2026-08-09,8.77,-1
7852,9.50695,78.22846,2026-08-09,7.49,-1
7853,9.55556,77.81236,2026-08-09,12.87,-1
7854,9.64156,80.321,2026-08-09,5.12,1140
7855,9.65162,78.06435,2026-08-09,3.22,-1
7856,9.76124,80.20286,2026-08-09,3.86,1469
7857,9.80894,78.38943,2026-08-09,2.49,-1
7858,9.83043,78.55554,2026-08-09,1.93,-1
7859,9.88524,78.29355,2026-08-09,19.84,1470
7860,9.88578,78.29712,2026-08-09,19.84,1470
7861,10.70734,79.56654,2026-08-09,16.49,-1
7862,10.8716,79.0443,2026-08-09,10.47,-1
7863,10.9494,78.43846,2026-08-09,2.47,695
7864,10.96547,78.87568,2026-08-09,4.12,-1
7865,11.19703,78.23231,2026-08-09,5.29,-1
7866,12.07076,79.81661,2026-08-09,4.54,-1
7867,12.71801,77.46906,2026-08-09,8.87,-1
7868,13.35524,76.1264,2026-08-09,2.36,1471
7869,13.35856,76.12586,2026-08-09,2.36,1471
7870,14.49981,79.59328,2026-08-09,3.06,-1
7871,15.05902,77.04708,2026-08-09,5.81,-1
7872,15.11534,76.20264,2026-08-09,4.95,-1
7873,15.26647,79.7698,2026-08-09,2.71,-1
7874,15.57389,79.7675,2026-08-09,3.73,-1
7875,15.58949,79.25832,2026-08-09,6.62,-1
7876,15.6994,76.64658,2026-08-09,4.95,-1
7877,15.86068,76.55389,2026-08-09,2.28,1472
7878,15.86401,76.55335,2026-08-09,2.28,1472
7879,15.86455,76.55697,2026-08-09,2.28,1472
7880,15.94282,77.87696,2026-08-09,4.61,-1
7881,16.28229,77.94062,2026-08-09,1.82,-1
7882,16.87387,76.99135,2026-08-09,1.83,1473
7883,16.87724,76.99081,2026-08-09,3.0,1473
7884,16.93182,80.82512,2026-08-09,1.84,-1
7885,21.74523,83.8415,2026-08-09,10.2,584
7886,21.74558,83.84499,2026-08-09,13.51,584
7887,30.11512,71.60341,2026-08-09,0.77,-1
7888,30.74251,72.91972,2026-08-09,6.66,-1
7889,30.89251,73.20496,2026-08-09,3.85,1219
7890,30.89644,73.2084,2026-08-09,4.04,1219
7891,30.91877,71.95527,2026-08-09,2.3,1474
7892,31.53647,70.73714,2026-08-09,1.61,-1
7893,34.00609,71.46138,2026-08-09,1.22,-1
7894,29.22542,88.34853,2026-08-09,1.72,1376
7895,22.36211,87.01589,2026-08-09,2.38,520
7896,22.36279,87.01665,2026-08-09,2.89,520
7897,22.36856,87.01659,2026-08-09,1.6,520
7898,22.78946,86.20515,2026-08-09,3.0,97
7899,23.56024,87.23846,2026-08-09,4.18,100
7900,23.60814,85.67458,2026-08-09,2.14,701
7901,23.61382,86.79093,2026-08-09,1.0,702
7902,23.6142,86.78581,2026-08-09,1.0,702
7903,23.64419,85.44029,2026-08-09,2.76,704
7904,23.65178,85.43373,2026-08-09,2.09,704
7905,23.67829,86.09538,2026-08-09,1.68,20
7906,23.679,86.08202,2026-08-09,4.5,20
7907,23.67917,86.08173,2026-08-09,5.35,20
7908,23.69268,87.12355,2026-08-09,3.42,614
7909,23.72358,86.43977,2026-08-09,3.39,530
7910,23.72545,86.43877,2026-08-09,2.72,530
7911,23.73755,86.43457,2026-08-09,2.18,531
7912,23.77515,86.38584,2026-08-09,5.89,713
7913,23.7766,86.36593,2026-08-09,3.79,712
7914,23.77668,86.38493,2026-08-09,4.09,713
7915,28.37205,77.22668,2026-08-09,0.97,496
7916,28.74297,76.93353,2026-08-09,0.94,142
7917,29.22488,88.34971,2026-08-09,1.28,1376
7918,29.22537,88.34882,2026-08-09,1.23,1376
7919,29.37353,91.14912,2026-08-09,1.72,1475
7920,29.37619,91.15083,2026-08-09,2.03,1475
7921,29.47577,76.85696,2026-08-09,0.61,161
7922,30.09282,71.3667,2026-08-09,1.08,-1
7923,33.27035,71.58929,2026-08-09,1.04,1418
7924,33.27303,71.59341,2026-08-09,5.23,1418
7925,33.27439,71.58952,2026-08-09,1.04,1418
7926,33.68818,72.70954,2026-08-09,3.05,513
7927,34.15973,77.6091,2026-08-09,0.61,-1
7928,15.02215,78.01655,2026-08-09,1.21,541
7929,15.17016,76.66847,2026-08-09,1.7,133
7930,15.17357,76.69316,2026-08-09,0.94,543
7931,15.17477,77.1009,2026-08-09,0.93,727
7932,15.17551,76.65991,2026-08-09,1.92,133
7933,15.176,76.67924,2026-08-09,2.26,133
7934,15.17632,76.65526,2026-08-09,1.92,133
7935,15.17859,77.10164,2026-08-09,0.93,727
7936,15.18005,76.65598,2026-08-09,1.25,133
7937,15.18752,76.65742,2026-08-09,1.82,133
7938,15.22696,76.76333,2026-08-09,1.96,220
7939,15.33284,76.24754,2026-08-09,0.67,977
7940,15.33398,76.28428,2026-08-09,0.61,420
7941,15.3384,76.28057,2026-08-09,1.24,420
7942,18.57529,72.24021,2026-08-09,2.83,616
7943,18.57864,72.24078,2026-08-09,2.83,616
7944,20.79585,85.25479,2026-08-09,4.58,58
7945,20.96531,85.17321,2026-08-09,1.68,61
7946,20.96626,85.16904,2026-08-09,1.68,61
7947,20.9672,85.16487,2026-08-09,3.57,61
7948,20.97097,85.17477,2026-08-09,1.68,61
7949,20.97757,85.17213,2026-08-09,1.67,61
7950,20.97851,85.16796,2026-08-09,2.42,61
7951,20.97952,85.13689,2026-08-09,2.03,921
7952,20.98047,85.13264,2026-08-09,2.63,921
7953,20.98613,85.13412,2026-08-09,1.25,921
7954,21.05272,72.85251,2026-08-09,0.73,1476
7955,21.05607,72.85309,2026-08-09,0.73,1476
7956,21.10189,72.63857,2026-08-09,2.43,65
7957,21.10246,72.63474,2026-08-09,2.43,65
7958,21.10411,72.6468,2026-08-09,2.5,65
7959,21.10468,72.64297,2026-08-09,2.5,65
7960,21.10583,72.63531,2026-08-09,0.95,65
7961,21.10748,72.64737,2026-08-09,2.5,65
7962,21.10805,72.64354,2026-08-09,2.5,65
7963,21.10862,72.63972,2026-08-09,0.95,65
7964,21.18384,81.38453,2026-08-09,2.28,492
7965,21.29874,81.60884,2026-08-09,1.09,1477
7966,21.36524,81.67861,2026-08-09,1.74,964
7967,21.57567,82.02277,2026-08-09,1.36,923
7968,21.57739,82.02422,2026-08-09,0.74,923
7969,21.69786,84.03272,2026-08-09,0.95,-1
7970,21.73952,83.84424,2026-08-09,2.16,584
7971,21.73995,83.84397,2026-08-09,2.07,584
7972,21.74026,83.84083,2026-08-09,4.43,584
7973,21.7407,83.84058,2026-08-09,4.53,584
7974,21.74466,83.84566,2026-08-09,2.16,584
7975,21.74508,83.84539,2026-08-09,2.07,584
7976,21.7454,83.84225,2026-08-09,4.43,584
7977,21.74584,83.84196,2026-08-09,4.53,584
7978,21.74613,83.83881,2026-08-09,4.43,584
7979,21.7466,83.83854,2026-08-09,4.53,584
7980,21.75098,83.84337,2026-08-09,1.57,584
7981,21.75174,83.83995,2026-08-09,1.57,584
7982,21.75475,84.02496,2026-08-09,1.14,968
7983,21.7555,84.02152,2026-08-09,1.14,968
7984,21.75613,83.84473,2026-08-09,1.57,584
7985,21.75689,83.84132,2026-08-09,1.57,584
7986,21.76073,84.02281,2026-08-09,1.14,968
7987,21.76148,84.01937,2026-08-09,1.97,968
7988,21.76204,83.84266,2026-08-09,0.74,584
7989,21.76645,83.84737,2026-08-09,0.74,584
7990,21.7667,84.02068,2026-08-09,1.45,968
7991,21.76745,84.01727,2026-08-09,1.45,968
7992,21.77686,83.8248,2026-08-09,2.22,-1
7993,21.80161,82.04208,2026-08-09,1.46,787
7994,21.85959,83.96744,2026-08-09,0.85,971
7995,21.9223,83.35155,2026-08-09,1.99,94
7996,21.92297,83.34842,2026-08-09,1.99,94
7997,21.92497,83.3391,2026-08-09,2.53,94
7998,21.96346,83.77216,2026-08-09,0.98,1016
7999,21.96713,83.77322,2026-08-09,0.96,1016
8000,21.98326,83.23328,2026-08-09,1.54,972
8001,21.98404,83.23331,2026-08-09,0.63,972
8002,22.01604,83.75397,2026-08-09,0.71,800
8003,22.03315,83.36578,2026-08-09,0.93,801
8004,22.03383,83.36263,2026-08-09,0.93,801
8005,22.03518,83.35629,2026-08-09,1.37,801
8006,22.03585,83.35313,2026-08-09,0.9,801
8007,22.03652,83.35001,2026-08-09,0.9,801
8008,22.04084,83.35434,2026-08-09,0.62,801
8009,22.04151,83.35121,2026-08-09,0.62,801
8010,22.06459,83.70384,2026-08-09,0.62,1006
8011,22.33633,69.86706,2026-08-09,0.94,253
8012,22.41452,69.03976,2026-08-09,2.56,523
8013,22.57261,85.8962,2026-08-09,2.37,791
8014,22.57268,85.89642,2026-08-09,2.38,791
8015,22.93463,69.69802,2026-08-09,1.61,419
8016,23.26503,70.2586,2026-08-09,0.45,257
8017,23.31598,70.48666,2026-08-09,1.34,258
8018,23.55688,87.24264,2026-08-09,3.94,100
8019,23.55756,87.23849,2026-08-09,6.46,100
8020,23.5581,87.23757,2026-08-09,3.94,100
8021,23.5636,87.24025,2026-08-09,3.77,100
8022,23.68279,85.36151,2026-08-09,1.0,-1
8023,23.69139,85.37067,2026-08-09,1.02,528
8024,23.69188,85.37228,2026-08-09,0.75,528
8025,23.69277,85.36834,2026-08-09,0.75,528
8026,23.69682,85.37211,2026-08-09,2.51,528
8027,23.6982,85.36979,2026-08-09,0.75,528
8028,23.70715,86.07474,2026-08-09,1.54,20
8029,23.78459,85.56609,2026-08-09,1.71,1329
8030,23.78739,85.55407,2026-08-09,1.76,536
8031,23.82163,84.57192,2026-08-09,1.68,784
8032,24.17704,82.64884,2026-08-09,1.95,973
8033,24.17747,82.65152,2026-08-09,1.92,973
8034,24.18504,82.65644,2026-08-09,1.5,973
8035,25.3889,68.5837,2026-08-09,1.21,195
8036,25.3894,68.57915,2026-08-09,1.39,195
8037,25.94221,72.19034,2026-08-09,0.98,730
8038,26.09499,68.87696,2026-08-09,0.93,91
8039,9.71063,77.60217,2026-08-09,3.01,1478
8040,9.71142,77.59763,2026-08-09,3.01,1478
8041,9.71238,77.60028,2026-08-09,5.68,1478
8042,9.7151,77.60211,2026-08-09,3.01,1478
8043,9.71592,77.59735,2026-08-09,3.01,1478
8044,9.71691,77.59991,2026-08-09,5.68,1478
8045,9.71963,77.60168,2026-08-09,0.83,1478
8046,9.71971,77.60912,2026-08-09,1.92,1478
8047,9.72057,77.60439,2026-08-09,1.92,1478
8048,9.72244,77.61123,2026-08-09,3.78,1478
8049,9.72325,77.60651,2026-08-09,3.78,1478
8050,9.72415,77.60929,2026-08-09,1.92,1478
8051,9.725,77.60458,2026-08-09,1.92,1478
8052,10.41551,77.10945,2026-08-09,2.55,1102
8053,18.68412,73.03049,2026-08-09,1.37,223
8054,18.68744,73.03105,2026-08-09,1.37,223
8055,18.95695,73.94106,2026-08-09,0.43,1253
8056,19.17647,70.94337,2026-08-09,2.67,267
8057,20.86897,70.56341,2026-08-09,1.22,245
8058,6.11241,81.09345,2026-08-10,4.57,-1
8059,6.23674,80.99846,2026-08-10,5.44,-1
8060,6.75074,81.74324,2026-08-10,10.85,1072
8061,7.24348,81.25483,2026-08-10,4.29,-1
8062,7.33924,81.19566,2026-08-10,7.25,1177
8063,8.2479,80.687,2026-08-10,2.23,-1
8064,8.28735,80.1686,2026-08-10,5.09,1077
8065,8.50113,80.65372,2026-08-10,1.56,872
8066,8.56523,80.44241,2026-08-10,5.48,-1
8067,8.56684,80.65114,2026-08-10,6.16,875
8068,8.58914,80.54917,2026-08-10,7.15,1479
8069,8.65186,80.48193,2026-08-10,6.71,-1
8070,8.66093,81.11579,2026-08-10,3.44,-1
8071,8.66499,77.87334,2026-08-10,6.53,1480
8072,8.67884,80.29721,2026-08-10,2.98,-1
8073,8.68488,80.46899,2026-08-10,4.33,1389
8074,8.74038,77.72398,2026-08-10,2.94,-1
8075,8.84993,80.89687,2026-08-10,5.9,1481
8076,8.86692,80.58389,2026-08-10,3.17,1482
8077,8.86749,80.58756,2026-08-10,3.17,1482
8078,9.11507,77.54341,2026-08-10,5.08,-1
8079,9.1559,80.68771,2026-08-10,6.05,-1
8080,9.42565,78.80767,2026-08-10,8.7,-1
8081,9.53488,78.5205,2026-08-10,2.49,1483
8082,9.65751,78.09645,2026-08-10,4.57,1484
8083,9.65848,78.09887,2026-08-10,5.64,1484
8084,9.67706,77.40768,2026-08-10,27.78,-1
8085,9.70958,77.59943,2026-08-10,6.59,1478
8086,9.90223,78.1714,2026-08-10,2.8,-1
8087,10.007,78.03323,2026-08-10,19.23,1485
8088,10.40051,79.41708,2026-08-10,8.13,-1
8089,11.73288,79.25768,2026-08-10,6.56,-1
8090,12.09698,79.78356,2026-08-10,8.28,-1
8091,12.56739,76.95238,2026-08-10,6.39,-1
8092,13.99028,79.82359,2026-08-10,9.45,-1
8093,14.25999,80.11745,2026-08-10,7.87,1249
8094,14.41773,77.48374,2026-08-10,4.22,-1
8095,14.61157,79.57929,2026-08-10,3.22,-1
8096,14.78313,77.36995,2026-08-10,5.15,-1
8097,15.17701,79.4042,2026-08-10,3.8,-1
8098,15.29744,79.91622,2026-08-10,6.41,-1
8099,15.31481,79.78688,2026-08-10,7.27,-1
8100,15.66939,80.24091,2026-08-10,26.37,-1
8101,15.73965,76.86564,2026-08-10,6.36,-1
8102,16.6777,79.28349,2026-08-10,3.93,-1
8103,17.95901,80.79624,2026-08-10,2.82,793
8104,19.81181,79.30586,2026-08-10,1.52,-1
8105,24.96334,68.29653,2026-08-10,7.01,1026
8106,27.41576,68.69434,2026-08-10,11.3,-1
8107,29.47674,71.57613,2026-08-10,1.95,1486
8108,29.75784,71.19679,2026-08-10,4.14,-1
8109,29.80911,71.22158,2026-08-10,0.95,-1
8110,29.87585,72.1666,2026-08-10,2.0,-1
8111,30.44198,72.03133,2026-08-10,2.14,-1
8112,30.6178,72.00645,2026-08-10,1.87,1487
8113,30.66344,72.10561,2026-08-10,3.42,1488
8114,30.66452,72.10686,2026-08-10,4.7,1488
8115,30.6663,71.79234,2026-08-10,2.69,1489
8116,30.74711,71.97482,2026-08-10,3.62,-1
8117,30.82264,71.89292,2026-08-10,5.59,-1
8118,30.92426,71.95514,2026-08-10,6.69,1474
8119,30.93043,71.92529,2026-08-10,6.31,1490
8120,30.93421,71.92432,2026-08-10,6.31,1490
8121,30.97559,70.80282,2026-08-10,7.21,1491
8122,31.03724,70.81618,2026-08-10,4.71,-1
8123,29.26117,91.92243,2026-08-10,2.96,1492
8124,30.06718,96.97577,2026-08-10,1.16,589
8125,26.77199,94.50657,2026-08-10,3.63,1011
8126,27.22299,95.34394,2026-08-10,1.19,1028
8127,27.22307,95.34376,2026-08-10,0.8,1028
8128,27.31815,95.26571,2026-08-10,1.48,401
8129,27.46151,95.47781,2026-08-10,2.14,402
8130,35.99197,94.82977,2026-08-10,1.0,698
8131,35.99315,94.82987,2026-08-10,0.76,698
8132,33.40569,71.93793,2026-08-10,0.51,724
8133,35.96609,68.6862,2026-08-10,2.57,182
8134,23.67876,86.3997,2026-08-10,1.54,613
8135,23.6797,86.39513,2026-08-10,1.54,613
8136,23.71038,86.44572,2026-08-10,0.96,530
8137,23.73582,86.4325,2026-08-10,1.47,531
8138,23.73635,86.43119,2026-08-10,1.6,531
8139,23.74017,86.43353,2026-08-10,1.47,531
8140,23.74069,86.43222,2026-08-10,1.6,531
8141,23.74609,85.50594,2026-08-10,0.92,1364
8142,23.75457,85.85389,2026-08-10,2.36,533
8143,23.75578,85.85191,2026-08-10,5.25,533
8144,23.75876,85.85487,2026-08-10,2.36,533
8145,23.76469,86.40427,2026-08-10,1.8,585
8146,23.78002,85.57363,2026-08-10,2.75,1329
8147,23.78163,85.56542,2026-08-10,1.44,1329
8148,23.78816,85.55405,2026-08-10,1.27,536
8149,23.82257,85.49671,2026-08-10,1.94,783
8150,23.82469,85.49886,2026-08-10,2.63,783
8151,29.22212,88.35135,2026-08-10,0.68,1376
8152,29.26332,91.92432,2026-08-10,1.32,1492
8153,29.37813,91.15085,2026-08-10,0.76,1475
8154,18.71598,79.53969,2026-08-10,1.6,794
8155,18.71994,79.53657,2026-08-10,1.69,794
8156,19.96435,79.33541,2026-08-10,1.08,56
8157,20.86225,84.98945,2026-08-10,3.24,84
8158,20.86358,84.98724,2026-08-10,2.21,84
8159,20.86561,84.9946,2026-08-10,2.57,84
8160,20.86698,84.99238,2026-08-10,2.35,84
8161,22.79259,86.1953,2026-08-10,2.71,97
8162,22.79967,86.0918,2026-08-10,2.5,926
8163,22.87322,86.06417,2026-08-10,1.81,927
8164,23.69358,85.36925,2026-08-10,1.3,528
8165,23.69617,85.29114,2026-08-10,1.31,708
8166,23.69766,85.37018,2026-08-10,1.3,528
8167,23.71813,85.00859,2026-08-10,0.65,1342
8168,23.72211,85.0095,2026-08-10,0.65,1342
8169,23.73483,85.00838,2026-08-10,0.8,532
8170,23.73657,85.02082,2026-08-10,1.07,-1
8171,23.73882,85.00931,2026-08-10,1.47,532
8172,25.38742,68.58064,2026-08-10,1.64,195
8173,6.86747,81.55627,2026-08-10,1.39,-1
8174,7.36113,80.89506,2026-08-10,1.04,-1
8175,7.38877,81.22155,2026-08-10,6.13,1493
8176,8.29562,80.34652,2026-08-10,2.86,-1
8177,8.69899,78.05886,2026-08-10,1.16,1132
8178,9.20653,77.49845,2026-08-10,1.56,1494
8179,9.28078,77.39169,2026-08-10,2.94,-1
8180,9.52627,77.44958,2026-08-10,3.14,1495
8181,9.52684,77.44609,2026-08-10,3.14,1495
8182,9.52966,77.44995,2026-08-10,3.14,1495
8183,9.53022,77.44653,2026-08-10,3.14,1495
8184,9.70315,77.58917,2026-08-10,6.37,1496
8185,9.70653,77.58966,2026-08-10,1.61,1496
8186,9.71671,77.59083,2026-08-10,1.08,1478
8187,9.72326,77.61427,2026-08-10,0.32,1478
8188,9.89699,77.68813,2026-08-10,2.01,1497
8189,9.90036,77.68868,2026-08-10,2.83,1497
8190,34.44133,71.02061,2026-08-10,1.53,-1
8191,35.96784,68.68665,2026-08-10,1.41,182
8192,28.06321,95.35553,2026-08-11,4.22,1498
8193,6.37665,81.13255,2026-08-11,4.36,1404
8194,6.65509,81.18199,2026-08-11,3.37,1499
8195,6.65942,81.1833,2026-08-11,5.83,1499
8196,6.6595,81.18127,2026-08-11,3.37,1499
8197,6.68748,81.3247,2026-08-11,11.45,1168
8198,6.68776,81.32225,2026-08-11,4.67,1168
8199,6.70039,81.40369,2026-08-11,6.7,818
8200,6.73881,81.27922,2026-08-11,3.35,1
8201,6.7392,81.33511,2026-08-11,3.63,-1
8202,6.75822,81.31496,2026-08-11,2.7,-1
8203,6.76589,81.44145,2026-08-11,2.06,1500
8204,6.8257,81.58957,2026-08-11,19.63,1501
8205,6.82637,81.59361,2026-08-11,19.63,1501
8206,6.83064,81.59292,2026-08-11,4.59,1501
8207,6.90725,81.61715,2026-08-11,3.99,1502
8208,6.90791,81.62111,2026-08-11,3.99,1502
8209,6.91217,81.62042,2026-08-11,3.99,1502
8210,6.96249,81.588,2026-08-11,2.43,259
8211,6.96316,81.59194,2026-08-11,4.56,259
8212,6.96741,81.59118,2026-08-11,7.47,259
8213,7.14803,81.09077,2026-08-11,2.03,-1
8214,7.3861,81.2234,2026-08-11,8.58,1493
8215,7.38883,81.13251,2026-08-11,1.43,-1
8216,7.39043,81.22261,2026-08-11,9.55,1493
8217,7.40687,81.32104,2026-08-11,3.62,1503
8218,7.41117,81.32027,2026-08-11,3.62,1503
8219,7.42013,81.15775,2026-08-11,3.02,1379
8220,7.42813,81.15214,2026-08-11,5.09,1504
8221,7.47229,81.30639,2026-08-11,3.51,1505
8222,7.65809,81.07646,2026-08-11,5.39,-1
8223,7.76478,80.79965,2026-08-11,6.5,-1
8224,7.89147,81.48035,2026-08-11,2.25,1183
8225,7.89212,81.48428,2026-08-11,2.25,1183
8226,7.90745,81.47761,2026-08-11,1.57,1183
8227,8.0036,81.25312,2026-08-11,9.78,-1
8228,8.09114,81.10897,2026-08-11,5.24,-1
8229,8.37599,80.77338,2026-08-11,3.98,-1
8230,8.84146,80.9937,2026-08-11,4.82,347
8231,9.16179,77.91492,2026-08-11,3.53,-1
8232,10.83465,78.6193,2026-08-11,11.21,-1
8233,10.93295,78.50113,2026-08-11,2.47,1506
8234,10.93614,78.50137,2026-08-11,7.51,1506
8235,11.65238,79.1266,2026-08-11,9.66,-1
8236,12.29835,78.21772,2026-08-11,3.83,-1
8237,13.35804,80.23712,2026-08-11,4.38,-1
8238,13.36924,80.1537,2026-08-11,1.87,-1
8239,13.46839,79.86543,2026-08-11,5.22,-1
8240,14.20572,76.8857,2026-08-11,2.48,-1
8241,14.28755,77.5889,2026-08-11,8.36,-1
8242,14.65185,79.52352,2026-08-11,4.74,-1
8243,14.72405,79.54469,2026-08-11,2.55,-1
8244,14.79489,79.71674,2026-08-11,2.24,-1
8245,14.85612,76.95194,2026-08-11,3.81,1507
8246,14.8567,76.95497,2026-08-11,3.81,1507
8247,14.8896,79.33846,2026-08-11,3.12,-1
8248,14.92106,76.83829,2026-08-11,3.24,-1
8249,15.28784,78.3216,2026-08-11,5.03,-1
8250,15.50542,79.54381,2026-08-11,1.58,-1
8251,15.56061,79.96441,2026-08-11,3.18,-1
8252,15.61035,79.47829,2026-08-11,2.44,-1
8253,15.74237,79.7478,2026-08-11,13.35,-1
8254,15.76487,79.08978,2026-08-11,4.03,-1
8255,15.82722,80.0759,2026-08-11,3.41,-1
8256,16.18703,79.21886,2026-08-11,5.58,1508
8257,16.1912,79.21764,2026-08-11,3.79,1508
8258,16.19199,79.22189,2026-08-11,3.79,1508
8259,16.58509,80.65373,2026-08-11,9.49,-1
8260,17.03344,80.86896,2026-08-11,3.2,-1
8261,17.07935,79.29828,2026-08-11,4.78,-1
8262,17.14975,80.77999,2026-08-11,6.13,-1
8263,23.67603,86.39613,2026-08-11,5.3,613
8264,23.67661,86.40046,2026-08-11,5.3,613
8265,23.68312,86.39497,2026-08-11,8.3,613
8266,23.68666,86.39442,2026-08-11,5.02,613
8267,23.70852,86.44854,2026-08-11,5.08,530
8268,23.71266,86.45232,2026-08-11,8.07,530
8269,23.73802,86.43224,2026-08-11,4.86,531
8270,23.73859,86.43661,2026-08-11,4.86,531
8271,23.75939,86.4022,2026-08-11,3.56,585
8272,23.76351,86.40594,2026-08-11,3.56,585
8273,23.7795,86.39009,2026-08-11,4.26,713
8274,23.79607,86.3521,2026-08-11,5.15,615
8275,23.82317,85.4987,2026-08-11,6.34,783
8276,23.82334,84.57131,2026-08-11,2.24,784
8277,23.8239,84.57516,2026-08-11,8.57,784
8278,26.85012,90.44472,2026-08-11,4.4,-1
8279,26.9619,90.02505,2026-08-11,5.16,-1
8280,26.9697,90.05672,2026-08-11,12.92,-1
8281,27.24553,88.29237,2026-08-11,3.14,-1
8282,28.12306,81.62691,2026-08-11,2.25,-1
8283,30.66321,71.79121,2026-08-11,2.94,1489
8284,30.66816,71.78967,2026-08-11,3.15,1489
8285,36.96436,81.34357,2026-08-11,2.44,1002
8286,36.96894,81.35172,2026-08-11,4.89,1002
8287,30.66169,71.88341,2026-08-11,9.27,1509
8288,35.99015,94.82831,2026-08-11,1.25,698
8289,29.22609,88.34823,2026-08-11,1.32,1376
8290,29.26308,91.92442,2026-08-11,0.9,1492
8291,29.78707,91.60531,2026-08-11,0.94,1096
8292,21.80074,85.56535,2026-08-11,0.48,-1
8293,21.80238,82.03889,2026-08-11,1.02,787
8294,21.9254,85.22261,2026-08-11,2.73,788
8295,21.92939,85.21943,2026-08-11,1.54,788
8296,21.96887,85.31376,2026-08-11,0.61,924
8297,22.20957,84.86221,2026-08-11,1.66,66
8298,22.21289,84.86283,2026-08-11,1.5,66
8299,22.24713,87.38735,2026-08-11,1.82,519
8300,22.36411,87.30314,2026-08-11,2.22,612
8301,22.36491,87.29871,2026-08-11,2.22,612
8302,22.36769,87.30388,2026-08-11,2.22,612
8303,22.38987,85.77188,2026-08-11,0.82,-1
8304,22.78914,86.20744,2026-08-11,0.62,97
8305,22.79121,86.19544,2026-08-11,3.88,97
8306,22.79186,86.21217,2026-08-11,0.62,97
8307,22.79393,86.20012,2026-08-11,1.06,97
8308,22.79597,86.20885,2026-08-11,0.59,97
8309,22.79735,86.20081,2026-08-11,1.21,97
8310,22.79881,86.0896,2026-08-11,1.04,926
8311,22.80221,86.09029,2026-08-11,1.55,926
8312,22.8097,86.08765,2026-08-11,0.98,926
8313,22.81718,86.085,2026-08-11,0.52,926
8314,22.81786,86.03994,2026-08-11,0.5,-1
8315,22.87343,86.06207,2026-08-11,1.32,927
8316,23.48925,87.36892,2026-08-11,2.63,1427
8317,23.64553,85.43775,2026-08-11,1.34,704
8318,23.64823,85.44222,2026-08-11,1.1,704
8319,23.64886,85.43839,2026-08-11,1.34,704
8320,23.6495,85.43458,2026-08-11,1.34,704
8321,23.66853,86.09152,2026-08-11,0.88,20
8322,23.67521,86.40223,2026-08-11,1.61,613
8323,23.6759,86.3982,2026-08-11,1.2,613
8324,23.67595,86.08894,2026-08-11,1.19,20
8325,23.67658,86.39417,2026-08-11,1.2,613
8326,23.67662,86.08499,2026-08-11,2.78,20
8327,23.67889,86.39733,2026-08-11,0.83,613
8328,23.68136,86.0982,2026-08-11,1.22,20
8329,23.68203,86.09425,2026-08-11,3.39,20
8330,23.68299,86.394,2026-08-11,0.83,613
8331,23.68405,86.08242,2026-08-11,3.23,20
8332,23.70293,86.07401,2026-08-11,6.82,20
8333,23.7036,86.07006,2026-08-11,6.82,20
8334,23.7063,86.07467,2026-08-11,6.82,20
8335,23.70697,86.07074,2026-08-11,6.82,20
8336,23.74338,85.50407,2026-08-11,0.53,1364
8337,23.75401,85.85337,2026-08-11,1.87,533
8338,23.75737,85.85403,2026-08-11,1.87,533
8339,23.7731,86.19726,2026-08-11,2.38,104
8340,23.77445,86.20985,2026-08-11,1.13,104
8341,23.77784,86.21052,2026-08-11,1.13,104
8342,23.77852,86.20654,2026-08-11,1.13,104
8343,23.77981,85.57465,2026-08-11,2.52,1329
8344,23.78109,85.56696,2026-08-11,1.35,1329
8345,23.78123,86.21118,2026-08-11,3.42,104
8346,23.78698,85.55224,2026-08-11,1.93,536
8347,23.79478,86.2345,2026-08-11,1.58,714
8348,23.8033,86.32986,2026-08-11,1.34,125
8349,23.82094,84.57207,2026-08-11,1.47,784
8350,23.82424,84.57269,2026-08-11,1.47,784
8351,23.82754,84.57332,2026-08-11,0.88,784
8352,24.11535,86.86154,2026-08-11,2.08,715
8353,24.11607,86.85741,2026-08-11,2.08,715
8354,24.1188,86.86226,2026-08-11,3.12,715
8355,24.3549,93.26946,2026-08-11,0.72,-1
8356,25.03476,87.37252,2026-08-11,0.98,1510
8357,25.03586,87.38855,2026-08-11,1.34,1331
8358,25.54239,91.23597,2026-08-11,1.11,590
8359,26.75969,83.19914,2026-08-11,2.97,699
8360,28.34927,77.25589,2026-08-11,3.29,493
8361,28.6487,77.58789,2026-08-11,5.8,1511
8362,28.65111,77.58927,2026-08-11,6.51,1511
8363,7.71748,80.1267,2026-08-11,1.26,-1
8364,7.77641,80.48136,2026-08-11,0.97,121
8365,9.52184,77.45166,2026-08-11,0.75,1495
8366,9.53687,77.45146,2026-08-11,3.07,1495
8367,10.61676,77.42188,2026-08-11,0.72,804
8368,10.93105,77.06483,2026-08-11,1.31,903
8369,15.02405,78.01597,2026-08-11,1.89,541
8370,15.17621,77.1011,2026-08-11,1.22,727
8371,16.36971,82.32138,2026-08-11,1.81,-1
8372,17.02991,81.78046,2026-08-11,0.7,-1
8373,17.46195,80.6544,2026-08-11,1.61,77
8374,17.95707,80.7972,2026-08-11,2.07,793
8375,17.95764,80.79329,2026-08-11,2.07,793
8376,21.24532,81.77042,2026-08-11,0.82,1014
8377,21.30995,81.5898,2026-08-11,1.06,796
8378,6.39361,80.91185,2026-08-11,0.63,-1
8379,12.74482,77.6194,2026-08-11,0.42,807
8380,13.39368,80.10179,2026-08-11,1.0,540
8381,13.8981,76.56383,2026-08-11,0.73,262
8382,28.42528,69.70116,2026-08-11,0.52,206
8383,32.88791,71.61516,2026-08-11,1.93,165
8384,35.96798,68.68655,2026-08-11,1.23,182
8385,36.10521,69.34921,2026-08-11,0.74,-1
8386,7.87641,81.48878,2026-08-12,2.36,1059
8387,21.74449,83.84071,2026-08-12,5.0,584
8388,21.74932,83.8451,2026-08-12,2.72,584
8389,23.16594,82.33984,2026-08-12,3.73,494
8390,23.66504,87.15353,2026-08-12,6.77,102
8391,26.32264,87.24606,2026-08-12,2.36,1512
8392,8.72599,77.55264,2026-08-12,4.2,1513
8393,8.72601,77.55209,2026-08-12,5.69,1513
8394,8.89707,77.86404,2026-08-12,7.0,1293
8395,8.9007,77.85759,2026-08-12,7.56,1293
8396,8.90267,77.85844,2026-08-12,8.51,1293
8397,9.03714,77.75275,2026-08-12,3.41,1298
8398,9.07997,77.74262,2026-08-12,1.53,1514
8399,9.08511,77.74313,2026-08-12,3.19,1514
8400,9.39539,78.73707,2026-08-12,4.63,1381
8401,9.39776,78.73965,2026-08-12,12.13,1381
8402,9.40201,78.73626,2026-08-12,4.63,1381
8403,29.76524,72.71796,2026-08-12,3.21,-1
8404,29.84647,71.29039,2026-08-12,2.92,-1
8405,30.30019,73.51273,2026-08-12,7.14,-1
8406,30.57857,71.62238,2026-08-12,8.85,-1
8407,30.63067,72.02832,2026-08-12,8.91,1515
8408,30.63098,72.03254,2026-08-12,8.91,1515
8409,30.87823,71.93729,2026-08-12,2.66,-1
8410,31.40686,72.34518,2026-08-12,4.05,1516
8411,31.41129,72.3446,2026-08-12,6.05,1516
8412,31.41257,72.34469,2026-08-12,3.11,1516
8413,35.98915,94.82964,2026-08-12,0.76,698
8414,35.99252,94.83054,2026-08-12,0.76,698
8415,26.64153,79.47498,2026-08-12,1.03,129
8416,27.60436,95.40337,2026-08-12,3.89,588
8417,21.2409,79.22372,2026-08-12,0.42,64
8418,21.24105,79.22495,2026-08-12,0.63,64
8419,21.24658,79.22227,2026-08-12,0.52,64
8420,21.24792,79.20891,2026-08-12,0.56,962
8421,21.33618,78.96775,2026-08-12,1.17,92
8422,21.37776,81.68217,2026-08-12,1.87,964
8423,21.92072,83.35049,2026-08-12,1.14,94
8424,22.00658,82.66907,2026-08-12,1.29,789
8425,22.0304,83.36609,2026-08-12,0.61,801
8426,22.35942,82.30392,2026-08-12,0.97,198
8427,24.16736,82.62198,2026-08-12,0.77,1517
8428,24.20536,82.71243,2026-08-12,2.57,538
8429,25.03583,87.3895,2026-08-12,3.04,1331
8430,6.8556,81.5332,2026-08-12,1.22,286
8431,10.92167,78.51196,2026-08-12,1.22,1155
8432,10.94375,76.38715,2026-08-12,0.45,1156
8433,10.94384,76.3857,2026-08-12,0.58,1156
8434,26.64242,79.48309,2026-08-12,2.67,129
8435,26.64256,79.48462,2026-08-12,2.46,129
8436,31.25882,76.92647,2026-08-12,0.61,239
8437,33.29638,71.18766,2026-08-12,3.45,172
8438,35.96698,68.68506,2026-08-12,1.68,182
8439,25.38832,68.58551,2026-08-12,2.97,195
8440,23.73618,86.43395,2026-08-13,4.16,531
8441,23.73811,86.43422,2026-08-13,5.16,531
8442,23.77803,86.38847,2026-08-13,3.67,713
8443,23.80264,86.33192,2026-08-13,4.15,125
8444,27.75595,96.12046,2026-08-13,8.28,-1
8445,27.95328,94.17912,2026-08-13,4.81,-1
8446,28.2101,95.63686,2026-08-13,2.9,-1
8447,6.38202,81.0257,2026-08-13,8.8,933
8448,6.3825,81.02918,2026-08-13,16.19,933
8449,6.68782,81.21521,2026-08-13,6.02,617
8450,6.68831,81.21883,2026-08-13,6.02,617
8451,7.18049,81.00858,2026-08-13,4.38,1518
8452,7.18077,81.00758,2026-08-13,4.57,1518
8453,7.91424,81.47617,2026-08-13,4.65,1183
8454,7.93612,80.75471,2026-08-13,6.15,-1
8455,8.15321,81.32706,2026-08-13,2.49,-1
8456,8.38041,80.17516,2026-08-13,1.57,864
8457,8.50201,80.25056,2026-08-13,8.17,947
8458,8.50331,80.26043,2026-08-13,3.89,-1
8459,8.58456,80.87868,2026-08-13,1.26,-1
8460,8.62785,80.65689,2026-08-13,2.32,952
8461,8.72843,80.47789,2026-08-13,5.72,1519
8462,8.72888,80.48133,2026-08-13,5.72,1519
8463,8.76691,77.69192,2026-08-13,2.92,1520
8464,8.96516,80.32503,2026-08-13,3.03,-1
8465,9.00208,80.6894,2026-08-13,3.68,-1
8466,9.13136,80.44212,2026-08-13,6.48,1521
8467,9.13221,80.44027,2026-08-13,3.69,1521
8468,9.16061,80.66372,2026-08-13,4.06,1522
8469,9.16139,80.66515,2026-08-13,4.14,1522
8470,9.47122,78.82121,2026-08-13,4.56,1523
8471,9.67933,78.15241,2026-08-13,7.88,-1
8472,10.16619,78.93098,2026-08-13,5.27,1392
8473,10.77735,79.65633,2026-08-13,5.45,-1
8474,11.04338,78.72183,2026-08-13,2.94,-1
8475,11.54044,79.12389,2026-08-13,2.58,-1
8476,25.20996,68.73409,2026-08-13,1.25,-1
8477,25.38725,68.58302,2026-08-13,2.51,195
8478,25.41183,68.25375,2026-08-13,1.74,-1
8479,25.5373,68.85468,2026-08-13,3.36,-1
8480,28.1092,69.16533,2026-08-13,11.82,-1
8481,29.64513,71.6638,2026-08-13,2.33,1524
8482,29.64557,71.66782,2026-08-13,3.02,1524
8483,29.87196,72.63807,2026-08-13,5.43,-1
8484,30.55099,71.64114,2026-08-13,3.9,-1
8485,30.62984,72.17395,2026-08-13,2.84,-1
8486,30.63135,72.03081,2026-08-13,3.8,1515
8487,30.63265,72.03162,2026-08-13,4.78,1515
8488,30.65683,71.97965,2026-08-13,2.66,-1
8489,30.716,72.87063,2026-08-13,6.98,-1
8490,30.7853,72.02888,2026-08-13,3.51,-1
8491,31.03059,70.82815,2026-08-13,4.69,-1
8492,35.83731,71.41198,2026-08-13,3.12,-1
8493,35.99004,94.83039,2026-08-13,0.8,698
8494,29.26384,91.9249,2026-08-13,2.11,1492
8495,29.37553,91.15138,2026-08-13,1.46,1475
8496,29.6602,90.89964,2026-08-13,1.21,1444
8497,29.6605,90.89847,2026-08-13,0.7,1444
8498,30.07011,96.97737,2026-08-13,0.85,589
8499,23.73823,86.43073,2026-08-13,2.09,531
8500,23.74908,86.41685,2026-08-13,2.09,711
8501,23.75298,86.41855,2026-08-13,2.36,711
8502,23.75365,86.41747,2026-08-13,1.44,711
8503,22.06258,88.11909,2026-08-13,4.17,518
8504,22.06281,88.12262,2026-08-13,3.35,518
8505,22.06327,88.11887,2026-08-13,4.92,518
8506,22.06728,88.11946,2026-08-13,3.26,518
8507,6.75746,80.83669,2026-08-13,1.58,-1
8508,7.20609,81.10449,2026-08-13,1.35,-1
8509,35.96593,68.68664,2026-08-13,1.0,182
8510,25.94058,72.19393,2026-08-13,2.2,730
8511,32.28909,70.73813,2026-08-13,1.33,86
8512,32.29366,70.73075,2026-08-13,1.49,86
8513,32.88816,71.61708,2026-08-13,2.65,165
8514,19.36947,71.35176,2026-08-13,3.02,591
8515,24.66126,74.63389,2026-08-13,0.71,190
8516,12.98518,74.85353,2026-08-13,0.59,537
8517,20.70475,94.89364,2026-08-04,0.88,-1
8518,28.42711,69.6979,2026-08-04,1.32,206
8519,29.12459,75.77742,2026-08-04,1.38,500
8520,29.78699,91.60419,2026-08-04,1.03,1096
8521,32.0877,74.16732,2026-08-04,4.19,916
8522,32.102,74.17516,2026-08-04,4.06,917
8523,32.10204,74.17721,2026-08-04,3.15,917
8524,33.40667,71.93839,2026-08-04,2.55,724
8525,20.91014,71.45751,2026-08-04,0.51,237
8526,24.76383,74.6097,2026-08-04,1.25,413
8527,24.9348,74.63297,2026-08-04,0.78,194
8528,25.38999,68.58211,2026-08-04,2.57,195
8529,17.95609,80.79395,2026-08-04,0.69,793
8530,18.57686,72.24059,2026-08-04,3.82,616
8531,18.5774,72.24236,2026-08-04,3.39,616
8532,8.60547,80.44852,2026-08-05,5.58,690
8533,8.89853,79.95344,2026-08-05,2.36,-1
8534,9.11885,77.59209,2026-08-05,11.22,1525
8535,9.47616,78.53864,2026-08-05,4.1,-1
8536,9.49282,78.58743,2026-08-05,2.54,1526
8537,9.56233,77.6048,2026-08-05,3.81,-1
8538,9.62131,78.80132,2026-08-05,12.57,-1
8539,9.62481,78.86961,2026-08-05,3.43,1527
8540,9.7414,78.95979,2026-08-05,1.9,-1
8541,9.76804,78.0972,2026-08-05,2.63,-1
8542,9.87739,78.25546,2026-08-05,4.92,1528
8543,9.88149,78.25475,2026-08-05,5.39,1528
8544,9.96715,78.24461,2026-08-05,4.27,-1
8545,10.0521,77.96274,2026-08-05,3.78,-1
8546,10.10864,78.09402,2026-08-05,3.84,-1
8547,10.21352,77.844,2026-08-05,4.9,-1
8548,15.49071,76.92935,2026-08-05,3.58,-1
8549,21.1036,72.63686,2026-08-05,10.09,65
8550,21.10476,72.64249,2026-08-05,10.09,65
8551,21.10591,72.6481,2026-08-05,15.08,65
8552,26.78024,72.00262,2026-08-05,12.75,430
8553,29.4396,90.17079,2026-08-05,1.82,-1
8554,29.89824,72.57191,2026-08-05,1.76,-1
8555,30.14267,71.65752,2026-08-05,2.01,-1
8556,30.31328,71.88339,2026-08-05,5.13,-1
8557,30.48498,72.10117,2026-08-05,2.66,-1
8558,30.52451,71.7824,2026-08-05,4.9,-1
8559,30.62111,71.74289,2026-08-05,5.85,-1
8560,30.65468,72.24837,2026-08-05,4.42,1529
8561,30.67063,71.8972,2026-08-05,5.51,-1
8562,30.76111,71.84575,2026-08-05,5.81,-1
8563,30.90367,72.1739,2026-08-05,8.84,-1
8564,30.92236,71.97179,2026-08-05,5.71,-1
8565,30.92493,71.85684,2026-08-05,4.41,-1
8566,30.982,71.91636,2026-08-05,2.54,-1
8567,27.22297,95.34383,2026-08-05,1.02,1028
8568,27.45947,95.47298,2026-08-05,2.65,402
8569,27.46189,95.4748,2026-08-05,3.71,402
8570,35.99224,94.83033,2026-08-05,0.83,698
8571,35.99246,94.83126,2026-08-05,1.0,698
8572,32.57634,72.56051,2026-08-05,2.6,498
8573,23.16576,82.3386,2026-08-05,1.42,494
8574,24.7634,74.60711,2026-08-05,1.12,413
8575,25.54031,91.23436,2026-08-05,0.49,590
8576,25.77749,73.70023,2026-08-05,1.22,534
8577,25.94093,72.19228,2026-08-05,7.49,730
8578,25.94124,72.18885,2026-08-05,12.04,730
8579,25.94155,72.18542,2026-08-05,12.04,730
8580,25.94612,72.1929,2026-08-05,1.39,730
8581,25.94643,72.18946,2026-08-05,1.02,730
8582,25.94674,72.18602,2026-08-05,1.02,730
8583,27.32435,95.27443,2026-08-05,1.35,401
8584,27.37853,95.08959,2026-08-05,1.0,1029
8585,17.0624,76.98035,2026-08-05,0.68,1098
8586,17.14041,77.1832,2026-08-05,0.5,920
8587,21.17995,81.38754,2026-08-05,3.08,492
8588,21.18328,81.38815,2026-08-05,3.08,492
8589,22.31735,82.56773,2026-08-05,1.29,67
8590,22.31869,82.55992,2026-08-05,1.6,67
8591,22.3214,82.56449,2026-08-05,1.35,67
8592,9.89198,78.10873,2026-08-05,0.85,-1
8593,11.18289,79.10062,2026-08-05,0.72,1103
8594,11.77638,78.05933,2026-08-05,2.18,-1
8595,12.60402,77.88007,2026-08-05,0.7,1104
8596,14.24024,76.98493,2026-08-05,0.42,-1
8597,14.29144,77.75444,2026-08-05,0.59,1530
8598,14.29199,77.75083,2026-08-05,0.67,1530
8599,15.02261,78.01593,2026-08-05,0.46,541
8600,15.16628,76.67182,2026-08-05,0.73,133
8601,15.17377,76.69308,2026-08-05,1.07,543
8602,15.17558,76.6571,2026-08-05,2.48,133
8603,15.17612,76.67731,2026-08-05,1.75,133
8604,15.17617,76.65316,2026-08-05,2.48,133
8605,15.18018,76.67391,2026-08-05,2.31,133
8606,15.18135,76.66604,2026-08-05,5.17,133
8607,15.33476,76.28623,2026-08-05,1.11,420
8608,8.86704,78.12225,2026-08-05,2.03,1531
8609,9.46912,78.57309,2026-08-05,0.87,1532
8610,9.47245,78.57364,2026-08-05,0.8,1532
8611,27.69931,96.24134,2026-08-06,3.33,-1
8612,6.98357,81.58679,2026-08-06,3.94,259
8613,6.98379,81.58831,2026-08-06,3.86,259
8614,7.17432,81.75636,2026-08-06,54.49,-1
8615,7.24169,81.63509,2026-08-06,4.28,-1
8616,7.42439,81.33109,2026-08-06,3.54,-1
8617,7.43016,81.24944,2026-08-06,4.84,-1
8618,7.44586,81.37011,2026-08-06,7.37,1533
8619,7.44782,81.14836,2026-08-06,3.76,1534
8620,7.45074,81.14673,2026-08-06,10.77,1534
8621,7.45266,81.14748,2026-08-06,3.76,1534
8622,7.54742,81.19791,2026-08-06,14.89,1535
8623,8.68045,80.94418,2026-08-06,7.52,-1
8624,8.82624,80.33823,2026-08-06,10.46,-1
8625,29.73682,71.41401,2026-08-06,3.56,-1
8626,29.88022,72.7646,2026-08-06,4.84,-1
8627,29.95837,72.81926,2026-08-06,2.13,-1
8628,30.03027,72.00449,2026-08-06,2.81,-1
8629,30.03642,71.48891,2026-08-06,5.26,-1
8630,30.18674,73.366,2026-08-06,2.09,-1
8631,30.52497,71.84679,2026-08-06,6.89,-1
8632,30.56788,71.62594,2026-08-06,11.16,1536
8633,30.56894,71.63015,2026-08-06,13.85,1536
8634,33.17128,70.45007,2026-08-06,1.97,1537
8635,22.92897,70.10838,2026-08-06,6.02,240
8636,25.71193,68.33328,2026-08-06,3.07,-1
8637,30.65817,71.87918,2026-08-06,4.39,1509
8638,35.99208,94.82857,2026-08-06,1.79,698
8639,35.99247,94.82925,2026-08-06,1.09,698
8640,29.22348,88.34969,2026-08-06,1.5,1376
8641,29.37585,91.15074,2026-08-06,1.07,1475
8642,29.6602,90.89965,2026-08-06,1.19,1444
8643,29.78754,91.60615,2026-08-06,1.03,1096
8644,21.24483,79.22414,2026-08-06,0.56,64
8645,22.0551,85.4648,2026-08-06,1.0,780
8646,22.21637,84.86812,2026-08-06,0.92,66
8647,22.36406,87.0181,2026-08-06,1.19,520
8648,22.36742,87.01875,2026-08-06,1.19,520
8649,23.61129,87.14533,2026-08-06,2.72,71
8650,23.61498,86.79118,2026-08-06,2.43,702
8651,23.61562,86.78735,2026-08-06,2.08,702
8652,23.77308,86.19608,2026-08-06,2.31,104
8653,23.77788,86.20856,2026-08-06,1.73,104
8654,23.77868,86.3903,2026-08-06,2.92,713
8655,23.78112,86.37527,2026-08-06,2.52,712
8656,23.78118,86.20918,2026-08-06,1.64,104
8657,23.79362,86.2345,2026-08-06,1.82,714
8658,25.03371,87.36905,2026-08-06,3.41,1510
8659,25.03714,87.38972,2026-08-06,2.13,1331
8660,25.4376,86.06772,2026-08-06,1.96,1538
8661,7.3182,81.55324,2026-08-06,0.58,-1
8662,7.4045,81.22028,2026-08-06,1.81,1539
8663,7.40504,81.21681,2026-08-06,1.81,1539
8664,7.45515,81.23867,2026-08-06,1.29,741
8665,35.96618,68.6852,2026-08-06,1.38,182
8666,25.38972,68.58502,2026-08-06,1.59,195
8667,25.39073,68.58144,2026-08-06,1.05,195
8668,25.94364,72.19364,2026-08-06,2.7,730
8669,27.86767,68.95682,2026-08-06,1.69,-1
8670,29.22012,88.95742,2026-08-07,11.32,-1
8671,29.26978,88.90321,2026-08-07,3.97,1540
8672,8.75627,78.18294,2026-08-07,5.28,1541
8673,8.76202,78.18221,2026-08-07,5.28,1541
8674,22.92664,70.10907,2026-08-07,3.96,240
8675,24.45387,68.30828,2026-08-07,4.49,1542
8676,24.45394,68.31149,2026-08-07,4.14,1542
8677,27.62686,69.46743,2026-08-07,5.3,1027
8678,27.62732,69.47166,2026-08-07,5.3,1027
8679,29.47439,71.57051,2026-08-07,12.38,1486
8680,29.47925,71.56997,2026-08-07,12.38,1486
8681,29.9692,72.58241,2026-08-07,1.89,-1
8682,29.99058,72.58743,2026-08-07,4.97,1339
8683,30.27043,73.32155,2026-08-07,4.6,1543
8684,30.27074,73.32553,2026-08-07,8.07,1543
8685,30.27128,73.32471,2026-08-07,8.61,1543
8686,30.61707,72.13042,2026-08-07,2.56,1544
8687,30.61736,72.13383,2026-08-07,2.56,1544
8688,30.61991,72.13137,2026-08-07,5.18,1544
8689,30.62494,72.0656,2026-08-07,2.81,1545
8690,30.65503,72.24939,2026-08-07,5.05,1529
8691,30.66016,72.24886,2026-08-07,5.05,1529
8692,30.78971,71.86646,2026-08-07,15.35,1546
8693,30.79083,71.86834,2026-08-07,14.67,1546
8694,31.69593,73.21014,2026-08-07,2.58,-1
8695,24.11555,86.86207,2026-08-07,1.11,715
8696,24.11618,86.85732,2026-08-07,1.11,715
8697,25.03565,87.36957,2026-08-07,1.86,1510
8698,25.43726,86.06737,2026-08-07,1.08,1538
8699,26.64386,79.47507,2026-08-07,2.77,129
8700,35.98919,94.83079,2026-08-07,0.62,698
8701,35.99247,94.8316,2026-08-07,0.58,698
8702,23.6634,84.99857,2026-08-07,1.32,705
8703,23.66748,84.99914,2026-08-07,1.32,705
8704,23.66795,86.93554,2026-08-07,2.06,706
8705,23.67205,84.99582,2026-08-07,1.86,705
8706,23.67646,86.39635,2026-08-07,2.02,613
8707,23.68022,86.39696,2026-08-07,2.02,613
8708,23.68087,86.39198,2026-08-07,3.06,613
8709,23.68398,86.39757,2026-08-07,2.63,613
8710,23.68464,86.39258,2026-08-07,1.83,613
8711,23.6884,86.39319,2026-08-07,1.83,613
8712,23.68906,86.38818,2026-08-07,1.83,613
8713,23.69792,85.28923,2026-08-07,1.32,708
8714,23.72468,86.44123,2026-08-07,1.72,530
8715,23.73722,86.43314,2026-08-07,6.64,531
8716,23.73785,86.4282,2026-08-07,2.55,531
8717,23.74098,86.43374,2026-08-07,1.96,531
8718,23.75105,86.41519,2026-08-07,3.62,711
8719,23.76051,86.40147,2026-08-07,3.28,585
8720,23.76362,86.40708,2026-08-07,2.78,585
8721,23.76427,86.40208,2026-08-07,3.28,585
8722,23.76556,86.39212,2026-08-07,2.54,585
8723,23.76739,86.40766,2026-08-07,2.25,585
8724,23.76804,86.40265,2026-08-07,5.76,585
8725,27.46227,95.47478,2026-08-07,1.22,402
8726,29.26254,91.92178,2026-08-07,1.44,1492
8727,29.26521,91.92635,2026-08-07,1.48,1492
8728,29.37461,91.1497,2026-08-07,0.94,1475
8729,29.37792,91.15035,2026-08-07,0.84,1475
8730,29.66177,90.90686,2026-08-07,1.06,1444
8731,6.62676,81.18913,2026-08-07,3.45,1224
8732,6.62731,81.18541,2026-08-07,3.45,1224
8733,6.62785,81.18169,2026-08-07,2.42,1224
8734,6.6309,81.18976,2026-08-07,3.45,1224
8735,6.63144,81.18604,2026-08-07,3.45,1224
8736,7.50678,81.1167,2026-08-07,1.9,-1
8737,7.53914,81.10133,2026-08-07,0.63,-1
8738,28.42482,69.70239,2026-08-07,5.87,206
8739,32.13319,74.17912,2026-08-07,0.95,1020
8740,32.2928,70.73085,2026-08-07,2.81,86
8741,32.72197,72.92547,2026-08-07,1.14,241
8742,32.88826,71.61584,2026-08-07,2.44,165
8743,33.17331,70.45238,2026-08-07,0.44,1537
8744,33.5473,71.54827,2026-08-07,1.28,173
8745,25.38842,68.58425,2026-08-07,1.14,195
8746,26.0948,68.87952,2026-08-07,0.56,91
8747,21.29586,95.51554,2026-08-08,2.7,-1
8748,23.70372,90.53355,2026-08-08,3.78,-1
8749,23.76534,86.40513,2026-08-08,6.4,585
8750,23.9407,90.31876,2026-08-08,3.46,-1
8751,29.64765,90.94865,2026-08-08,22.55,-1
8752,29.65398,90.98617,2026-08-08,16.99,1036
8753,6.81248,81.78204,2026-08-08,3.57,1547
8754,6.81376,81.77986,2026-08-08,3.82,1547
8755,6.82072,81.803,2026-08-08,2.19,1548
8756,6.82115,81.8061,2026-08-08,2.19,1548
8757,6.82226,81.80397,2026-08-08,4.9,1548
8758,6.82267,81.80707,2026-08-08,4.58,1548
8759,6.8258,81.76459,2026-08-08,3.15,-1
8760,7.46902,81.17296,2026-08-08,4.85,-1
8761,9.75537,77.6293,2026-08-08,10.98,1549
8762,9.77946,77.68204,2026-08-08,2.63,-1
8763,22.60662,70.24954,2026-08-08,2.24,-1
8764,24.32291,72.46162,2026-08-08,4.09,-1
8765,27.98071,69.4438,2026-08-08,2.19,-1
8766,28.83582,70.42214,2026-08-08,6.67,-1
8767,30.60304,72.0806,2026-08-08,3.22,1398
8768,30.61395,72.13991,2026-08-08,4.51,1544
8769,30.62572,71.72218,2026-08-08,3.25,-1
8770,30.62918,72.07106,2026-08-08,4.51,1545
8771,30.63301,72.07047,2026-08-08,4.51,1545
8772,30.65776,72.24519,2026-08-08,4.05,1529
8773,30.65879,72.24271,2026-08-08,5.84,1529
8774,30.66328,71.87726,2026-08-08,6.51,1509
8775,30.66391,71.88257,2026-08-08,6.51,1509
8776,30.6943,71.97591,2026-08-08,10.41,-1
8777,30.6985,71.78544,2026-08-08,9.01,-1
8778,30.74677,71.74284,2026-08-08,2.7,-1
8779,30.79273,71.87044,2026-08-08,8.25,1546
8780,30.79337,71.87579,2026-08-08,8.25,1546
8781,30.85815,71.87492,2026-08-08,6.29,-1
8782,30.86695,71.91726,2026-08-08,6.19,-1
8783,30.91326,71.91548,2026-08-08,7.93,-1
8784,30.9771,70.80613,2026-08-08,8.22,1491
8785,32.10804,72.90211,2026-08-08,3.07,-1
8786,33.74333,70.22848,2026-08-08,4.18,1550
8787,33.74356,70.23043,2026-08-08,4.05,1550
8788,34.44895,71.26234,2026-08-08,4.53,-1
8789,35.99072,94.83022,2026-08-08,0.79,698
8790,29.37856,91.14952,2026-08-08,0.33,1475
8791,29.65848,90.89863,2026-08-08,0.89,1444
8792,30.06933,96.97936,2026-08-08,0.66,589
8793,22.05452,88.1247,2026-08-08,3.89,518
8794,23.5617,87.08315,2026-08-08,4.17,524
8795,23.56486,87.08422,2026-08-08,2.6,524
8796,23.75794,86.39742,2026-08-08,0.97,585
8797,23.75988,86.39985,2026-08-08,0.91,585
8798,23.76022,86.39659,2026-08-08,1.08,585
8799,23.76302,86.39813,2026-08-08,0.97,585
8800,23.76778,86.40202,2026-08-08,0.29,585
8801,23.7681,86.39877,2026-08-08,0.92,585
8802,23.77151,86.3633,2026-08-08,1.41,712
8803,23.77661,86.36392,2026-08-08,1.41,712
8804,23.77692,86.36066,2026-08-08,2.79,712
8805,23.77917,86.39056,2026-08-08,1.43,713
8806,23.77949,86.38737,2026-08-08,3.29,713
8807,23.78107,86.37106,2026-08-08,0.81,712
8808,23.79314,86.35291,2026-08-08,0.87,615
8809,23.79824,86.35355,2026-08-08,0.87,615
8810,23.79856,86.35028,2026-08-08,1.95,615
8811,23.79887,86.34701,2026-08-08,1.95,615
8812,23.80587,86.32827,2026-08-08,1.03,125
8813,20.78619,85.2653,2026-08-08,0.68,58
8814,20.78667,85.26571,2026-08-08,0.61,58
8815,20.78687,85.25846,2026-08-08,1.2,58
8816,20.78739,85.2589,2026-08-08,1.2,58
8817,20.80865,85.25416,2026-08-08,1.39,58
8818,20.9495,86.05014,2026-08-08,2.05,90
8819,20.95013,86.04408,2026-08-08,2.05,90
8820,20.9638,85.18809,2026-08-08,1.05,61
8821,20.96416,85.18463,2026-08-08,0.65,61
8822,20.96451,85.18114,2026-08-08,0.65,61
8823,20.96523,85.17413,2026-08-08,0.74,61
8824,20.96631,85.1635,2026-08-08,1.02,61
8825,20.97019,85.17823,2026-08-08,0.74,61
8826,20.97055,85.1747,2026-08-08,0.74,61
8827,20.97623,85.17174,2026-08-08,0.86,61
8828,20.98516,85.13718,2026-08-08,1.21,921
8829,21.07961,85.03843,2026-08-08,1.56,63
8830,6.74823,81.13704,2026-08-08,0.76,-1
8831,7.64384,80.96423,2026-08-08,1.85,1220
8832,7.6444,80.95997,2026-08-08,3.48,1220
8833,32.08747,74.16682,2026-08-08,3.73,916
8834,32.10377,74.17783,2026-08-08,3.82,917
8835,32.29091,70.73779,2026-08-08,2.81,86
8836,32.29551,70.73,2026-08-08,2.37,86
8837,32.72028,72.92399,2026-08-08,0.62,241
8838,32.73539,72.80925,2026-08-08,0.28,-1
8839,33.4081,71.94009,2026-08-08,1.85,724
8840,33.68829,72.71162,2026-08-08,3.1,513
8841,33.69244,72.85727,2026-08-08,1.73,-1
8842,33.84938,72.87296,2026-08-08,1.4,1222
8843,34.31626,72.82005,2026-08-08,1.69,-1
8844,25.38646,68.58366,2026-08-08,0.56,195
8845,25.38986,68.58427,2026-08-08,0.56,195
8846,26.64085,79.47772,2026-08-08,0.85,129
8847,26.6441,79.47943,2026-08-08,1.11,129
8848,27.08046,73.81846,2026-08-08,3.01,731
8849,27.2877,73.83897,2026-08-08,1.52,476
8850,27.66929,76.13332,2026-08-08,1.49,205
8851,28.42521,69.70253,2026-08-08,3.12,206
8852,17.60958,83.20309,2026-08-08,4.39,135
8853,17.61204,83.20204,2026-08-08,5.14,135
8854,18.9562,73.94472,2026-08-08,1.22,1253
8855,20.90929,71.46087,2026-08-08,2.48,237
8856,22.93194,69.69582,2026-08-08,1.91,419
8857,22.93406,69.70388,2026-08-08,1.88,419
8858,22.93524,69.69643,2026-08-08,1.91,419
8859,23.26628,70.25836,2026-08-08,1.92,257
8860,23.49982,68.57675,2026-08-08,1.69,723
8861,9.75953,77.62386,2026-08-08,0.89,1549
8862,14.93187,78.341,2026-08-08,0.4,-1
8863,15.1377,76.70893,2026-08-08,0.29,215
8864,15.17642,76.65977,2026-08-08,0.77,133
8865,15.17704,76.6567,2026-08-08,0.77,133
8866,15.17765,76.65363,2026-08-08,1.77,133
8867,15.17838,76.67624,2026-08-08,1.0,133
8868,15.18023,76.66703,2026-08-08,0.53,133
8869,15.18526,76.66817,2026-08-08,0.53,133
8870,15.33485,76.28472,2026-08-08,0.68,420
8871,16.6483,74.31618,2026-08-08,0.58,263
8872,6.40686,80.72184,2026-07-30,1.66,-1
8873,6.75566,81.41,2026-07-30,1.94,1551
8874,6.77041,81.43979,2026-07-30,9.2,1500
8875,6.77094,81.44327,2026-07-30,8.32,1500
8876,6.77373,81.43929,2026-07-30,34.27,1500
8877,6.77426,81.44276,2026-07-30,16.84,1500
8878,6.78318,81.43429,2026-07-30,2.3,1552
8879,6.7988,81.58162,2026-07-30,3.58,1553
8880,6.80256,81.51684,2026-07-30,3.5,937
8881,6.80748,81.52679,2026-07-30,1.8,937
8882,6.80987,81.43709,2026-07-30,2.84,285
8883,6.8104,81.44057,2026-07-30,2.84,285
8884,6.91313,81.64617,2026-07-30,3.19,-1
8885,6.9306,81.60418,2026-07-30,3.69,1369
8886,6.99338,81.30516,2026-07-30,7.64,1554
8887,6.99605,81.56855,2026-07-30,2.86,-1
8888,6.9967,81.30465,2026-07-30,5.24,1554
8889,7.03162,81.2272,2026-07-30,4.8,-1
8890,7.12375,81.7668,2026-07-30,26.41,-1
8891,7.14204,81.77482,2026-07-30,6.91,1406
8892,7.14432,81.76727,2026-07-30,8.92,1406
8893,7.15395,81.74065,2026-07-30,9.51,1555
8894,7.15448,81.74417,2026-07-30,9.51,1555
8895,7.15835,81.74718,2026-07-30,4.76,1555
8896,7.1673,81.73864,2026-07-30,9.31,1556
8897,7.1677,81.76374,2026-07-30,19.18,1555
8898,7.17011,81.73462,2026-07-30,4.34,1556
8899,7.17064,81.73813,2026-07-30,9.83,1556
8900,7.17398,81.73763,2026-07-30,9.83,1556
8901,7.21139,81.6524,2026-07-30,3.07,1557
8902,7.22931,81.23882,2026-07-30,3.37,1558
8903,7.23263,81.23832,2026-07-30,3.37,1558
8904,7.25739,81.75315,2026-07-30,3.62,-1
8905,7.30259,81.60964,2026-07-30,1.89,-1
8906,7.30448,81.57709,2026-07-30,2.53,1559
8907,7.30477,81.69183,2026-07-30,3.34,1560
8908,7.30501,81.58059,2026-07-30,4.02,1559
8909,7.30782,81.57658,2026-07-30,3.74,1559
8910,7.30811,81.69132,2026-07-30,3.34,1560
8911,7.30835,81.58009,2026-07-30,5.69,1559
8912,7.31115,81.57609,2026-07-30,3.74,1559
8913,7.33016,81.14448,2026-07-30,3.2,1175
8914,7.33601,81.42571,2026-07-30,1.79,1212
8915,7.35615,81.73795,2026-07-30,2.43,1561
8916,7.35753,81.34679,2026-07-30,3.33,1562
8917,7.36033,81.3428,2026-07-30,25.03,1562
8918,7.36086,81.34629,2026-07-30,25.03,1562
8919,7.36313,81.33881,2026-07-30,6.4,1562
8920,7.36366,81.3423,2026-07-30,25.03,1562
8921,7.36419,81.34579,2026-07-30,25.03,1562
8922,7.36698,81.34181,2026-07-30,2.18,1562
8923,7.38007,81.73793,2026-07-30,2.1,1563
8924,7.3828,81.04393,2026-07-30,3.49,-1
8925,7.38342,81.73743,2026-07-30,2.1,1563
8926,7.39186,81.34877,2026-07-30,3.31,-1
8927,7.40018,81.18004,2026-07-30,17.24,1179
8928,7.40728,81.36064,2026-07-30,1.28,-1
8929,7.47372,81.28914,2026-07-30,3.57,1564
8930,7.47719,81.26723,2026-07-30,0.87,439
8931,7.49717,81.42114,2026-07-30,2.1,1565
8932,7.4977,81.42463,2026-07-30,2.1,1565
8933,7.49864,81.67904,2026-07-30,8.72,-1
8934,7.51412,81.69109,2026-07-30,21.76,1334
8935,7.52791,81.46655,2026-07-30,5.2,-1
8936,7.55904,81.27185,2026-07-30,2.67,1566
8937,7.57519,81.49093,2026-07-30,3.66,1567
8938,7.57572,81.49443,2026-07-30,4.78,1567
8939,7.64899,81.57295,2026-07-30,3.13,1568
8940,7.65339,81.57947,2026-07-30,2.68,1568
8941,7.65672,81.57896,2026-07-30,2.68,1568
8942,7.65726,81.58247,2026-07-30,4.79,1568
8943,7.65846,81.56792,2026-07-30,3.07,1569
8944,7.6597,81.46375,2026-07-30,7.71,1570
8945,7.6625,81.45975,2026-07-30,3.67,1570
8946,7.66583,81.45924,2026-07-30,3.67,1570
8947,7.67927,81.61506,2026-07-30,4.81,-1
8948,7.68173,81.45957,2026-07-30,4.74,1571
8949,7.68515,81.56387,2026-07-30,2.2,-1
8950,7.73846,81.51904,2026-07-30,6.23,1422
8951,7.74354,81.50751,2026-07-30,2.36,1422
8952,7.74407,81.51102,2026-07-30,9.85,1422
8953,7.74513,81.51804,2026-07-30,4.96,1422
8954,7.74741,81.51051,2026-07-30,9.85,1422
8955,7.75287,81.52403,2026-07-30,9.67,-1
8956,7.81539,80.12309,2026-07-30,2.67,-1
8957,7.84303,81.20258,2026-07-30,3.68,-1
8958,7.85524,81.37222,2026-07-30,10.86,1572
8959,7.92455,81.27509,2026-07-30,3.97,1573
8960,7.97719,80.31649,2026-07-30,36.82,-1
8961,8.18944,81.32618,2026-07-30,1.8,1185
8962,8.35903,81.15267,2026-07-30,3.39,-1
8963,8.76042,78.18317,2026-07-30,17.24,1541
8964,8.79642,77.38033,2026-07-30,6.88,-1
8965,8.90953,80.50696,2026-07-30,1.85,-1
8966,9.38353,78.76695,2026-07-30,5.79,1574
8967,9.38694,78.7664,2026-07-30,5.79,1574
8968,9.4207,77.59469,2026-07-30,4.93,-1
8969,9.42457,78.00139,2026-07-30,11.45,-1
8970,9.43894,78.78815,2026-07-30,2.5,-1
8971,9.44644,78.11435,2026-07-30,10.3,-1
8972,9.75948,80.2087,2026-07-30,2.82,1469
8973,11.80949,77.92529,2026-07-30,2.64,1018
8974,26.12494,69.16943,2026-07-30,16.44,-1
8975,27.70756,68.57163,2026-07-30,5.68,1575
8976,27.71198,68.57047,2026-07-30,3.89,1575
8977,27.73158,68.78967,2026-07-30,1.38,-1
8978,27.89981,69.27496,2026-07-30,1.58,-1
8979,27.98466,68.93643,2026-07-30,3.0,1576
8980,27.98574,68.93775,2026-07-30,4.02,1576
8981,28.46732,76.80379,2026-07-30,4.16,-1
8982,35.96353,68.686,2026-07-30,0.75,182
8983,35.96939,68.68619,2026-07-30,0.75,182
8984,36.38592,80.54126,2026-07-30,0.63,-1
8985,36.93259,80.30154,2026-07-30,1.34,1577
8986,24.92216,84.15519,2026-07-30,2.15,73
8987,26.27181,74.1904,2026-07-30,3.23,-1
8988,26.64277,79.47996,2026-07-30,1.9,129
8989,27.66919,76.12913,2026-07-30,2.12,205
8990,28.27302,77.18317,2026-07-30,0.61,233
8991,28.27642,77.18379,2026-07-30,0.99,233
8992,28.27749,77.27287,2026-07-30,0.77,234
8993,28.2934,77.18693,2026-07-30,1.14,-1
8994,28.37166,77.22602,2026-07-30,0.97,496
8995,28.61067,68.63036,2026-07-30,3.12,1403
8996,28.611,68.62634,2026-07-30,4.02,1403
8997,28.74383,76.93636,2026-07-30,1.62,142
8998,28.74503,76.92786,2026-07-30,1.73,142
8999,28.89301,78.85428,2026-07-30,3.89,-1
9000,29.12459,75.77606,2026-07-30,4.7,500
9001,29.47497,76.85839,2026-07-30,1.95,161
9002,18.54234,83.34352,2026-07-30,1.11,-1
9003,19.09618,82.16873,2026-07-30,0.81,19
9004,20.78676,85.26475,2026-07-30,3.68,58
9005,20.78683,85.26362,2026-07-30,2.6,58
9006,20.78792,85.25926,2026-07-30,3.55,58
9007,20.78796,85.25812,2026-07-30,2.6,58
9008,20.79382,85.25483,2026-07-30,3.55,58
9009,20.79383,85.25366,2026-07-30,6.05,58
9010,20.79744,85.26028,2026-07-30,1.69,58
9011,20.86218,84.98868,2026-07-30,2.96,84
9012,20.86407,84.99048,2026-07-30,2.32,84
9013,20.86519,84.98512,2026-07-30,2.58,84
9014,20.86576,84.99511,2026-07-30,1.35,84
9015,20.86684,84.98969,2026-07-30,2.96,84
9016,20.86873,84.99149,2026-07-30,2.32,84
9017,20.88481,84.98441,2026-07-30,1.91,87
9018,20.96119,85.18728,2026-07-30,1.77,61
9019,20.96231,85.18188,2026-07-30,1.6,61
9020,20.96342,85.17653,2026-07-30,1.6,61
9021,20.96453,85.17119,2026-07-30,3.18,61
9022,20.96563,85.16588,2026-07-30,3.18,61
9023,20.96587,85.18842,2026-07-30,1.77,61
9024,20.96699,85.18301,2026-07-30,1.6,61
9025,20.9681,85.17766,2026-07-30,1.6,61
9026,20.96921,85.17234,2026-07-30,3.18,61
9027,20.9703,85.16705,2026-07-30,3.18,61
9028,21.07702,85.03866,2026-07-30,1.62,63
9029,21.07811,85.03343,2026-07-30,1.62,63
9030,21.08166,85.03976,2026-07-30,4.05,63
9031,21.18401,81.38397,2026-07-30,2.09,492
9032,21.18686,81.38953,2026-07-30,2.8,492
9033,21.1943,81.39109,2026-07-30,1.91,492
9034,21.19739,81.41666,2026-07-30,2.41,1013
9035,21.21428,82.1377,2026-07-30,0.7,-1
9036,21.37481,81.68102,2026-07-30,2.09,964
9037,21.37858,81.68184,2026-07-30,1.02,964
9038,21.48612,81.76978,2026-07-30,1.43,965
9039,21.48721,81.76817,2026-07-30,1.47,965
9040,21.55965,81.75446,2026-07-30,1.06,966
9041,21.74232,83.84164,2026-07-30,5.11,584
9042,21.74441,83.84473,2026-07-30,3.27,584
9043,21.74529,83.84039,2026-07-30,3.27,584
9044,21.74656,83.84266,2026-07-30,5.11,584
9045,21.7474,83.83829,2026-07-30,2.58,584
9046,21.74865,83.84573,2026-07-30,3.27,584
9047,21.74953,83.84142,2026-07-30,3.27,584
9048,21.75377,83.84241,2026-07-30,2.49,584
9049,22.00483,82.67254,2026-07-30,1.73,789
9050,22.36679,87.30005,2026-07-30,0.9,612
9051,22.37656,87.28073,2026-07-30,0.7,522
9052,22.37732,87.2773,2026-07-30,0.7,522
9053,23.69751,85.35513,2026-07-30,1.59,528
9054,23.99013,79.39404,2026-07-30,0.94,1578
9055,24.13606,82.6973,2026-07-30,1.22,1314
9056,24.13778,82.69932,2026-07-30,0.8,1314
9057,24.14061,82.70523,2026-07-30,0.8,1314
9058,24.14568,82.65837,2026-07-30,1.82,1010
9059,24.14754,82.65705,2026-07-30,1.91,1010
9060,24.16191,82.601,2026-07-30,1.18,1579
9061,24.16305,82.62984,2026-07-30,1.02,1517
9062,24.16471,82.62849,2026-07-30,1.58,1517
9063,24.16782,82.62561,2026-07-30,1.7,1517
9064,24.17904,82.64971,2026-07-30,2.53,973
9065,24.18087,82.66086,2026-07-30,1.21,973
9066,24.19866,82.71335,2026-07-30,1.5,538
9067,24.20342,82.70918,2026-07-30,1.67,538
9068,25.94293,72.18973,2026-07-30,2.7,730
9069,26.09318,68.87784,2026-07-30,0.41,91
9070,26.09326,68.87742,2026-07-30,0.38,91
9071,11.18101,79.10186,2026-07-30,1.02,1103
9072,11.38616,79.683,2026-07-30,1.23,-1
9073,11.81484,77.91745,2026-07-30,1.22,1018
9074,12.05815,79.04545,2026-07-30,1.01,-1
9075,6.88759,81.56491,2026-07-30,3.17,1580
9076,6.88853,81.56789,2026-07-30,2.11,1580
9077,6.90898,81.61223,2026-07-30,1.84,1502
9078,7.09065,80.84325,2026-07-30,3.68,980
9079,7.18201,81.74039,2026-07-30,0.84,1556
9080,7.18611,81.73679,2026-07-30,1.81,1556
9081,7.18802,81.7261,2026-07-30,0.93,1556
9082,7.1919,81.73232,2026-07-30,0.93,1556
9083,7.22085,81.45557,2026-07-30,3.17,1581
9084,7.22131,81.45717,2026-07-30,2.68,1581
9085,7.27939,81.07865,2026-07-30,2.12,1582
9086,7.28076,81.07696,2026-07-30,2.1,1582
9087,7.37756,81.11621,2026-07-30,1.72,679
9088,8.75744,78.18471,2026-07-30,2.68,1541
9089,8.75825,78.18236,2026-07-30,2.79,1541
9090,10.06893,77.45542,2026-07-30,1.52,1583
9091,10.06937,77.45595,2026-07-30,1.57,1583
9092,10.07186,77.45966,2026-07-30,2.08,1583
9093,10.07229,77.46024,2026-07-30,1.69,1583
9094,10.07259,77.45537,2026-07-30,1.52,1583
9095,10.073,77.45592,2026-07-30,1.57,1583
9096,10.1495,77.43031,2026-07-30,0.47,-1
9097,10.48855,77.36834,2026-07-30,1.32,-1
9098,10.62847,77.43987,2026-07-30,0.88,-1
9099,11.18424,77.27874,2026-07-30,0.45,-1
9100,35.96777,68.68401,2026-07-30,1.06,182
9101,7.09345,81.15476,2026-07-31,5.57,-1
9102,7.15609,81.76354,2026-07-31,4.96,1555
9103,7.15761,81.75616,2026-07-31,3.97,1555
9104,7.15838,81.76079,2026-07-31,3.82,1555
9105,7.15915,81.75828,2026-07-31,4.35,1555
9106,7.16969,81.77555,2026-07-31,7.1,1584
9107,7.17206,81.7728,2026-07-31,13.12,1584
9108,7.17283,81.77742,2026-07-31,5.42,1584
9109,7.17348,81.77495,2026-07-31,7.1,1584
9110,7.2194,81.45242,2026-07-31,28.82,1581
9111,7.25604,81.52998,2026-07-31,5.13,-1
9112,7.27766,81.07352,2026-07-31,3.83,1582
9113,7.27811,81.17691,2026-07-31,3.4,1043
9114,7.35535,81.73048,2026-07-31,2.35,1561
9115,7.3645,81.50945,2026-07-31,6.55,1113
9116,7.36853,81.34122,2026-07-31,1.85,1562
9117,7.45162,81.68291,2026-07-31,9.13,1236
9118,7.45488,81.30405,2026-07-31,3.57,1505
9119,7.45554,81.63445,2026-07-31,3.69,-1
9120,7.45878,81.3035,2026-07-31,3.57,1505
9121,7.46268,81.30296,2026-07-31,6.74,1505
9122,7.48565,81.44289,2026-07-31,4.7,-1
9123,7.48812,81.5299,2026-07-31,6.02,-1
9124,7.50291,81.28059,2026-07-31,2.87,1323
9125,7.50815,81.67551,2026-07-31,4.27,1585
9126,7.5127,81.67953,2026-07-31,2.18,1585
9127,7.5203,81.65447,2026-07-31,3.7,680
9128,7.54454,81.70762,2026-07-31,6.75,-1
9129,7.58401,81.71673,2026-07-31,5.99,1586
9130,7.58462,81.71523,2026-07-31,6.66,1586
9131,7.58698,81.68784,2026-07-31,3.66,1587
9132,7.58703,81.71151,2026-07-31,4.86,1586
9133,7.58776,81.68627,2026-07-31,5.49,1587
9134,7.5878,81.71611,2026-07-31,5.99,1586
9135,7.5884,81.7146,2026-07-31,6.66,1586
9136,7.5956,81.45546,2026-07-31,4.17,1283
9137,7.60823,81.72224,2026-07-31,3.55,1588
9138,7.60899,81.72683,2026-07-31,3.55,1588
9139,7.61604,81.26422,2026-07-31,2.52,1589
9140,7.61641,81.26225,2026-07-31,4.88,1589
9141,7.61914,81.25868,2026-07-31,3.87,1589
9142,7.62029,81.26157,2026-07-31,4.88,1589
9143,7.62383,81.26303,2026-07-31,7.19,1589
9144,7.62418,81.261,2026-07-31,3.09,1589
9145,7.66164,81.44938,2026-07-31,0.86,1570
9146,7.6624,81.45413,2026-07-31,6.2,1570
9147,7.664,81.4518,2026-07-31,9.56,1570
9148,7.6648,81.45654,2026-07-31,9.3,1570
9149,7.67894,81.54153,2026-07-31,4.51,-1
9150,7.6805,81.55089,2026-07-31,2.67,834
9151,7.68431,81.55026,2026-07-31,2.67,834
9152,7.68749,81.59294,2026-07-31,6.57,1213
9153,7.68768,81.66441,2026-07-31,3.83,1590
9154,7.68779,81.66187,2026-07-31,1.19,1590
9155,7.70869,81.53181,2026-07-31,1.37,1591
9156,7.71331,81.55991,2026-07-31,5.68,1592
9157,7.71408,81.5646,2026-07-31,9.58,1592
9158,7.71636,81.55462,2026-07-31,5.68,1592
9159,7.72551,81.56272,2026-07-31,3.01,-1
9160,7.74,81.53151,2026-07-31,3.19,1593
9161,7.74076,81.53621,2026-07-31,3.19,1593
9162,7.75221,81.53432,2026-07-31,4.01,1594
9163,7.75448,81.54839,2026-07-31,4.2,1595
9164,7.75678,81.53839,2026-07-31,1.4,1594
9165,7.95269,81.29023,2026-07-31,4.7,-1
9166,8.2702,81.34736,2026-07-31,3.65,-1
9167,8.5029,80.80785,2026-07-31,5.4,143
9168,8.51208,80.76475,2026-07-31,2.0,477
9169,8.66885,77.66387,2026-07-31,7.91,-1
9170,8.70496,80.17019,2026-07-31,3.55,-1
9171,8.71281,80.39138,2026-07-31,2.01,-1
9172,8.7604,78.18185,2026-07-31,6.34,1541
9173,8.76957,80.2338,2026-07-31,7.51,1596
9174,8.77019,80.23743,2026-07-31,6.23,1596
9175,8.83767,77.92315,2026-07-31,3.91,-1
9176,8.99046,78.12581,2026-07-31,4.64,-1
9177,9.32005,80.24164,2026-07-31,5.55,-1
9178,9.14486,77.69183,2026-07-31,14.7,-1
9179,9.33359,77.53848,2026-07-31,3.51,-1
9180,9.47484,78.82008,2026-07-31,1.78,1523
9181,9.53883,80.40903,2026-07-31,2.03,-1
9182,9.58715,78.81624,2026-07-31,5.07,1597
9183,9.58817,78.81823,2026-07-31,3.72,1597
9184,9.62345,78.86769,2026-07-31,3.38,1527
9185,9.64574,77.77657,2026-07-31,6.1,-1
9186,9.74879,80.14474,2026-07-31,5.12,-1
9187,9.79466,78.26758,2026-07-31,3.56,-1
9188,9.91725,78.21863,2026-07-31,2.08,-1
9189,9.93693,78.2229,2026-07-31,2.75,-1
9190,9.93738,78.25173,2026-07-31,3.26,-1
9191,9.97583,78.28342,2026-07-31,7.39,1598
9192,9.9851,78.17575,2026-07-31,2.44,-1
9193,10.00652,78.03616,2026-07-31,3.45,1485
9194,10.07881,79.13869,2026-07-31,2.58,1599
9195,10.08159,79.13962,2026-07-31,2.0,1599
9196,10.21354,78.87036,2026-07-31,6.51,-1
9197,10.49704,77.81037,2026-07-31,4.68,-1
9198,10.81289,79.84407,2026-07-31,3.63,-1
9199,10.9477,78.91599,2026-07-31,5.58,-1
9200,11.49961,79.54979,2026-07-31,2.93,-1
9201,11.64794,79.75954,2026-07-31,3.57,-1
9202,11.6909,79.25605,2026-07-31,3.15,-1
9203,11.73174,79.21313,2026-07-31,3.21,-1
9204,20.78571,85.26225,2026-07-31,4.18,58
9205,20.7863,85.26642,2026-07-31,4.18,58
9206,20.78864,85.25751,2026-07-31,8.4,58
9207,20.78888,85.25809,2026-07-31,9.07,58
9208,20.79534,85.25279,2026-07-31,9.54,58
9209,20.86249,84.98907,2026-07-31,4.21,84
9210,20.86339,84.98931,2026-07-31,5.16,84
9211,20.96237,85.18903,2026-07-31,8.4,61
9212,20.96357,85.17181,2026-07-31,3.66,61
9213,20.96709,85.17128,2026-07-31,3.66,61
9214,20.96766,85.17543,2026-07-31,5.88,61
9215,20.97118,85.1749,2026-07-31,7.8,61
9216,22.57314,85.89947,2026-07-31,4.4,791
9217,22.79742,86.20715,2026-07-31,6.95,97
9218,23.64682,85.43793,2026-07-31,4.03,704
9219,23.67758,86.10032,2026-07-31,4.37,20
9220,23.80275,86.33156,2026-07-31,3.29,125
9221,23.82283,84.57184,2026-07-31,4.79,784
9222,23.82301,84.5712,2026-07-31,3.7,784
9223,23.82359,84.57544,2026-07-31,4.4,784
9224,23.71745,68.88361,2026-07-31,1.92,-1
9225,27.50666,72.43296,2026-07-31,5.4,1600
9226,27.50789,72.43858,2026-07-31,9.05,1600
9227,27.50912,72.4442,2026-07-31,9.05,1600
9228,27.51035,72.44982,2026-07-31,4.4,1600
9229,27.51134,72.43169,2026-07-31,9.2,1600
9230,27.51257,72.4373,2026-07-31,5.17,1600
9231,27.5138,72.44293,2026-07-31,5.17,1600
9232,27.51503,72.44856,2026-07-31,4.63,1600
9233,30.29496,73.73587,2026-07-31,2.89,1601
9234,30.29584,73.74016,2026-07-31,2.89,1601
9235,35.52953,73.64445,2026-07-31,3.75,-1
9236,25.03507,68.24217,2026-07-31,2.54,-1
9237,21.74027,83.84166,2026-07-31,1.08,584
9238,21.74364,83.84233,2026-07-31,1.08,584
9239,21.74701,83.84298,2026-07-31,0.74,584
9240,21.74766,83.83911,2026-07-31,0.74,584
9241,21.75038,83.84364,2026-07-31,0.74,584
9242,21.87978,83.55486,2026-07-31,0.53,799
9243,21.92035,83.35144,2026-07-31,3.45,94
9244,21.92098,83.34766,2026-07-31,2.26,94
9245,21.92344,85.22398,2026-07-31,1.59,788
9246,21.92369,83.35207,2026-07-31,1.82,94
9247,21.96864,85.31592,2026-07-31,1.42,924
9248,22.04015,83.72968,2026-07-31,1.24,1005
9249,22.06476,83.70672,2026-07-31,0.7,1006
9250,22.0654,83.70288,2026-07-31,0.85,1006
9251,22.20303,84.84869,2026-07-31,1.24,-1
9252,22.24585,87.38941,2026-07-31,3.07,519
9253,22.31409,82.53169,2026-07-31,1.2,1008
9254,22.31679,82.536,2026-07-31,1.2,1008
9255,22.31806,82.57056,2026-07-31,1.72,67
9256,22.31865,82.56686,2026-07-31,1.88,67
9257,22.31925,82.56316,2026-07-31,1.88,67
9258,22.32221,82.54462,2026-07-31,1.64,1009
9259,22.32255,82.56377,2026-07-31,1.65,67
9260,22.32492,82.54894,2026-07-31,1.63,1009
9261,22.32551,82.54523,2026-07-31,1.72,1009
9262,22.32982,82.60329,2026-07-31,2.64,68
9263,22.33126,82.57302,2026-07-31,1.27,-1
9264,22.35717,82.30317,2026-07-31,2.28,198
9265,22.36033,87.01907,2026-07-31,1.57,520
9266,22.36047,82.30377,2026-07-31,2.28,198
9267,22.36106,82.30007,2026-07-31,2.57,198
9268,22.36379,87.29936,2026-07-31,3.39,612
9269,22.36768,87.30022,2026-07-31,2.57,612
9270,22.37564,87.2798,2026-07-31,5.09,522
9271,22.37952,87.28065,2026-07-31,1.35,522
9272,22.38054,87.27535,2026-07-31,1.35,522
9273,22.78912,86.19611,2026-07-31,2.29,97
9274,22.79021,86.21075,2026-07-31,0.37,97
9275,22.79106,86.20612,2026-07-31,0.37,97
9276,22.80127,86.08886,2026-07-31,1.87,926
9277,22.85584,86.05772,2026-07-31,1.47,-1
9278,22.87393,86.06158,2026-07-31,2.83,927
9279,23.55083,87.24498,2026-07-31,1.07,100
9280,23.55274,87.24358,2026-07-31,1.45,100
9281,23.56294,87.08233,2026-07-31,2.43,524
9282,23.61296,86.79047,2026-07-31,1.08,702
9283,23.64882,85.43886,2026-07-31,1.53,704
9284,23.64956,85.43462,2026-07-31,1.34,704
9285,23.65499,85.50878,2026-07-31,0.82,928
9286,23.65516,85.50614,2026-07-31,1.0,928
9287,23.66936,86.09069,2026-07-31,1.06,20
9288,23.67242,86.11469,2026-07-31,2.34,20
9289,23.67734,86.08775,2026-07-31,0.81,20
9290,23.67816,86.08326,2026-07-31,0.81,20
9291,23.67928,86.09749,2026-07-31,2.31,20
9292,23.6801,86.09299,2026-07-31,2.31,20
9293,23.68174,86.08404,2026-07-31,0.81,20
9294,23.68368,86.09378,2026-07-31,2.08,20
9295,23.6845,86.08928,2026-07-31,1.16,20
9296,23.6889,86.08559,2026-07-31,1.16,20
9297,23.69382,85.37219,2026-07-31,1.39,528
9298,23.69439,87.10456,2026-07-31,2.0,614
9299,23.69482,87.10813,2026-07-31,1.62,614
9300,23.69629,87.09454,2026-07-31,2.45,614
9301,23.69759,87.09306,2026-07-31,1.2,614
9302,23.69805,85.36868,2026-07-31,1.23,528
9303,23.6985,86.07369,2026-07-31,2.61,20
9304,23.76203,86.40659,2026-07-31,1.23,585
9305,23.77909,86.21039,2026-07-31,1.2,104
9306,23.78269,86.21114,2026-07-31,1.2,104
9307,23.82308,84.57192,2026-07-31,3.46,784
9308,23.82646,84.5726,2026-07-31,3.46,784
9309,23.82985,84.57327,2026-07-31,0.76,784
9310,24.11732,86.35205,2026-07-31,1.73,1602
9311,24.14058,82.70781,2026-07-31,0.83,1314
9312,24.14388,82.70842,2026-07-31,1.07,1314
9313,24.14497,82.65836,2026-07-31,2.01,1010
9314,24.15018,82.58207,2026-07-31,0.7,-1
9315,24.1629,82.63084,2026-07-31,1.82,1517
9316,24.17645,82.6527,2026-07-31,0.75,973
9317,24.17975,82.65331,2026-07-31,0.98,973
9318,24.18093,82.6458,2026-07-31,0.95,973
9319,24.18187,82.66138,2026-07-31,0.92,973
9320,24.19728,82.71456,2026-07-31,1.31,538
9321,24.20506,82.70828,2026-07-31,1.24,538
9322,25.9419,72.18731,2026-07-31,2.71,730
9323,26.64078,79.4791,2026-07-31,1.15,129
9324,26.64223,79.48099,2026-07-31,0.87,129
9325,26.64285,79.4761,2026-07-31,0.87,129
9326,26.64447,79.4797,2026-07-31,1.15,129
9327,28.83179,78.76865,2026-07-31,7.4,1603
9328,28.83574,78.76926,2026-07-31,7.4,1603
9329,29.90904,74.94445,2026-07-31,4.58,21
9330,29.91071,74.94379,2026-07-31,5.6,21
9331,19.80119,78.86477,2026-07-31,0.61,-1
9332,19.93018,79.12096,2026-07-31,0.44,959
9333,19.96348,79.3352,2026-07-31,0.68,56
9334,20.96453,85.17252,2026-07-31,1.39,61
9335,20.96871,86.00328,2026-07-31,0.85,62
9336,20.97241,86.00407,2026-07-31,0.85,62
9337,20.97612,86.00484,2026-07-31,1.41,62
9338,21.17979,81.38728,2026-07-31,2.67,492
9339,21.18311,81.38786,2026-07-31,2.67,492
9340,21.18368,81.38416,2026-07-31,2.67,492
9341,21.18848,81.39189,2026-07-31,1.7,492
9342,21.1918,81.39248,2026-07-31,1.38,492
9343,21.24272,79.22524,2026-07-31,1.1,64
9344,21.24685,79.22158,2026-07-31,1.18,64
9345,21.24864,79.2089,2026-07-31,1.48,962
9346,21.29755,81.60822,2026-07-31,0.48,1477
9347,21.3769,81.64054,2026-07-31,2.42,1015
9348,10.98539,79.1058,2026-07-31,2.37,-1
9349,11.17744,79.08931,2026-07-31,0.45,1204
9350,11.18243,79.10094,2026-07-31,0.85,1103
9351,11.24144,77.88069,2026-07-31,1.41,-1
9352,11.26684,80.00278,2026-07-31,1.68,619
9353,11.66297,77.83739,2026-07-31,0.95,-1
9354,12.4093,79.18157,2026-07-31,3.65,-1
9355,13.37985,80.11409,2026-07-31,2.1,-1
9356,13.392,80.10162,2026-07-31,4.03,540
9357,13.39259,80.07638,2026-07-31,3.43,974
9358,13.44714,80.09624,2026-07-31,3.42,-1
9359,6.96586,81.6012,2026-07-31,0.91,259
9360,6.96654,81.59714,2026-07-31,0.91,259
9361,7.25594,81.67915,2026-07-31,0.83,-1
9362,35.96978,68.68703,2026-07-31,1.58,182
9363,25.94279,72.19464,2026-07-31,0.8,730
9364,9.25059,78.28757,2026-08-01,3.55,-1
9365,9.7793,80.18807,2026-08-01,4.4,901
9366,10.53246,79.23427,2026-08-01,3.88,-1
9367,11.05063,79.35343,2026-08-01,6.21,1604
9368,11.05169,79.3529,2026-08-01,7.35,1604
9369,11.29512,79.7821,2026-08-01,4.08,-1
9370,11.30795,78.57752,2026-08-01,2.75,-1
9371,12.16273,79.51328,2026-08-01,2.43,1605
9372,12.16129,79.51262,2026-08-01,4.49,1605
9373,12.28848,79.43398,2026-08-01,2.66,-1
9374,21.67993,84.03944,2026-08-01,7.89,93
9375,21.74527,83.84196,2026-08-01,10.63,584
9376,21.74885,83.84124,2026-08-01,6.71,584
9377,21.7496,83.8456,2026-08-01,6.71,584
9378,22.37792,87.2805,2026-08-01,5.85,522
9379,22.7971,86.2003,2026-08-01,8.03,97
9380,23.64927,85.44041,2026-08-01,5.48,704
9381,23.75833,85.85569,2026-08-01,7.5,533
9382,23.78781,85.55238,2026-08-01,5.5,536
9383,24.11647,86.8599,2026-08-01,2.89,715
9384,25.982,93.68969,2026-08-01,7.61,-1
9385,31.67013,73.18804,2026-08-01,4.43,1606
9386,31.67132,73.1893,2026-08-01,4.88,1606
9387,35.9893,94.82854,2026-08-01,1.07,698
9388,29.78733,91.60574,2026-08-01,0.81,1096
9389,31.01247,76.57536,2026-08-01,4.85,-1
9390,32.13066,74.1754,2026-08-01,1.05,1020
9391,20.69733,78.63657,2026-08-01,0.78,960
9392,20.70397,78.62037,2026-08-01,0.76,-1
9393,20.76011,85.29779,2026-08-01,0.35,517
9394,20.95089,86.04455,2026-08-01,0.94,90
9395,20.96381,86.00493,2026-08-01,1.13,62
9396,20.97377,86.00666,2026-08-01,1.63,62
9397,21.18271,81.38761,2026-08-01,0.74,492
9398,21.18629,81.39201,2026-08-01,0.74,492
9399,21.18678,81.38819,2026-08-01,0.74,492
9400,21.19393,81.39698,2026-08-01,0.8,492
9401,21.33393,78.9678,2026-08-01,2.03,92
9402,21.37675,81.67848,2026-08-01,3.46,964
9403,21.37762,81.63985,2026-08-01,2.14,1015
9404,21.38916,81.64533,2026-08-01,3.06,-1
9405,22.24395,87.38752,2026-08-01,1.09,519
9406,22.31699,82.56023,2026-08-01,1.67,67
9407,22.3195,82.57103,2026-08-01,0.63,67
9408,22.32017,82.56593,2026-08-01,1.55,67
9409,22.32667,82.54604,2026-08-01,0.4,1009
9410,22.33086,82.60378,2026-08-01,0.93,68
9411,22.35773,87.28947,2026-08-01,1.01,612
9412,22.35836,82.30158,2026-08-01,2.25,198
9413,22.36079,87.01614,2026-08-01,1.21,520
9414,22.36255,87.30181,2026-08-01,0.96,612
9415,22.36585,87.30242,2026-08-01,0.96,612
9416,22.36645,87.29871,2026-08-01,1.57,612
9417,22.37601,87.28139,2026-08-01,1.19,522
9418,22.3766,87.27768,2026-08-01,3.12,522
9419,22.3799,87.27829,2026-08-01,0.73,522
9420,23.1645,82.33836,2026-08-01,1.72,494
9421,23.5629,87.08395,2026-08-01,1.36,524
9422,23.63226,86.83409,2026-08-01,0.92,703
9423,23.64538,85.43893,2026-08-01,2.6,704
9424,23.64879,85.43953,2026-08-01,2.69,704
9425,23.64938,85.43553,2026-08-01,2.11,704
9426,23.65649,85.50642,2026-08-01,1.28,928
9427,23.66364,86.91719,2026-08-01,2.27,1607
9428,23.67486,86.08758,2026-08-01,1.36,20
9429,23.67597,85.32473,2026-08-01,0.56,707
9430,23.67822,86.39868,2026-08-01,0.7,613
9431,23.67879,86.0843,2026-08-01,1.51,20
9432,23.6788,86.39487,2026-08-01,0.7,613
9433,23.68041,86.09647,2026-08-01,0.88,20
9434,23.68213,86.39546,2026-08-01,0.63,613
9435,23.68604,86.39225,2026-08-01,1.49,613
9436,23.69555,85.28658,2026-08-01,1.02,708
9437,23.73648,85.48212,2026-08-01,1.24,-1
9438,23.7438,85.50382,2026-08-01,0.74,1364
9439,23.75588,85.85352,2026-08-01,0.94,533
9440,23.75601,86.40481,2026-08-01,1.9,585
9441,23.75925,85.8541,2026-08-01,0.94,533
9442,23.77836,86.21198,2026-08-01,0.81,104
9443,23.77894,86.20814,2026-08-01,0.81,104
9444,23.78228,86.20873,2026-08-01,0.81,104
9445,23.79666,86.35281,2026-08-01,1.24,615
9446,23.79724,86.34898,2026-08-01,1.62,615
9447,23.80345,86.33042,2026-08-01,0.94,125
9448,23.82184,85.4957,2026-08-01,2.48,783
9449,23.83612,85.4694,2026-08-01,1.46,785
9450,24.11583,86.86163,2026-08-01,2.01,715
9451,11.28438,79.75117,2026-08-01,2.23,-1
9452,11.65214,78.03033,2026-08-01,0.83,-1
9453,11.80772,77.92508,2026-08-01,1.05,1018
9454,11.81063,77.9237,2026-08-01,1.56,1018
9455,17.13722,77.17518,2026-08-01,0.65,920
9456,6.41755,80.93444,2026-08-01,1.55,1608
9457,6.41834,80.93413,2026-08-01,1.52,1608
9458,7.03865,81.23909,2026-08-01,1.1,-1
9459,7.53774,81.26874,2026-08-01,1.05,-1
9460,7.55418,80.92736,2026-08-01,2.17,1609
9461,7.55771,80.92791,2026-08-01,3.64,1609
9462,7.78199,81.04093,2026-08-01,2.12,838
9463,8.04788,79.85087,2026-08-01,2.51,-1
9464,8.4537,80.7448,2026-08-01,1.36,1081
9465,8.75715,78.183,2026-08-01,2.06,1541
9466,8.75772,78.17909,2026-08-01,2.06,1541
9467,8.81475,80.95029,2026-08-01,1.27,-1
9468,8.82639,78.08728,2026-08-01,22.26,-1
9469,11.17522,79.08694,2026-08-01,2.63,1204
9470,11.18186,79.0993,2026-08-01,2.34,1103
9471,32.29587,74.31384,2026-08-01,1.62,515
9472,32.72144,72.9237,2026-08-01,3.4,241
9473,33.54581,71.54897,2026-08-01,3.2,173
9474,35.96622,68.68608,2026-08-01,1.64,182
9475,20.90794,71.4593,2026-08-01,0.99,237
9476,7.53017,81.24847,2026-08-02,9.39,-1
9477,7.75788,81.55358,2026-08-02,10.6,1595
9478,7.7611,81.55444,2026-08-02,13.39,1595
9479,17.6107,83.20548,2026-08-02,3.23,135
9480,20.96841,85.17646,2026-08-02,9.11,61
9481,21.6516,94.757,2026-08-02,4.96,1610
9482,21.65218,94.76128,2026-08-02,4.12,1610
9483,25.85723,93.33242,2026-08-02,6.84,-1
9484,25.87871,93.3072,2026-08-02,4.96,-1
9485,26.01458,93.35497,2026-08-02,2.52,-1
9486,26.0261,93.54562,2026-08-02,3.09,-1
9487,29.30248,90.72501,2026-08-02,2.87,1461
9488,29.55462,90.9945,2026-08-02,5.56,249
9489,29.55521,90.99853,2026-08-02,6.45,249
9490,29.68633,90.89947,2026-08-02,4.9,-1
9491,9.02032,77.84805,2026-08-02,2.17,-1
9492,12.33321,79.90759,2026-08-02,2.98,-1
9493,13.93082,77.46706,2026-08-02,2.72,-1
9494,29.75553,72.53855,2026-08-02,5.19,-1
9495,29.77161,72.32706,2026-08-02,3.37,1611
9496,29.77267,72.3238,2026-08-02,6.76,1611
9497,29.93701,72.94817,2026-08-02,9.12,1612
9498,29.93864,72.94911,2026-08-02,10.62,1612
9499,29.99647,72.85107,2026-08-02,4.3,-1
9500,30.26365,73.24959,2026-08-02,5.36,-1
9501,30.69283,71.80653,2026-08-02,10.5,-1
9502,30.9766,70.80549,2026-08-02,7.39,1491
9503,35.99157,94.83187,2026-08-02,0.79,698
9504,36.73088,95.23145,2026-08-02,0.39,-1
9505,22.47871,90.71017,2026-08-02,1.3,69
9506,22.87305,88.21144,2026-08-02,2.5,1613
9507,23.61413,86.78986,2026-08-02,1.13,702
9508,23.66153,86.91164,2026-08-02,0.33,1607
9509,23.6746,86.08565,2026-08-02,1.51,20
9510,23.67882,86.08623,2026-08-02,3.33,20
9511,23.68204,86.09521,2026-08-02,1.86,20
9512,23.68833,87.11887,2026-08-02,1.46,614
9513,23.69229,87.11947,2026-08-02,2.46,614
9514,23.69368,87.10851,2026-08-02,1.93,614
9515,23.69447,87.12154,2026-08-02,0.72,614
9516,23.70696,86.43157,2026-08-02,0.76,709
9517,23.71281,86.45299,2026-08-02,1.48,530
9518,23.71329,86.44895,2026-08-02,1.48,530
9519,23.71837,86.44152,2026-08-02,1.62,530
9520,23.72077,86.42135,2026-08-02,0.66,709
9521,23.72297,86.4381,2026-08-02,0.81,530
9522,23.73582,86.43589,2026-08-02,1.57,531
9523,23.73631,86.43188,2026-08-02,2.93,531
9524,23.75063,86.41763,2026-08-02,1.84,711
9525,23.75622,86.40613,2026-08-02,0.87,585
9526,23.76085,86.40268,2026-08-02,1.97,585
9527,23.76448,86.40738,2026-08-02,1.38,585
9528,23.76498,86.40328,2026-08-02,2.45,585
9529,23.76912,86.40388,2026-08-02,2.45,585
9530,23.77303,86.19574,2026-08-02,1.34,104
9531,23.77356,86.36737,2026-08-02,0.98,712
9532,23.77406,86.36327,2026-08-02,2.37,712
9533,23.77522,86.38833,2026-08-02,1.78,713
9534,23.77571,86.38428,2026-08-02,1.78,713
9535,23.77886,86.39299,2026-08-02,1.97,713
9536,23.77936,86.38896,2026-08-02,1.78,713
9537,23.7799,86.20953,2026-08-02,1.94,104
9538,23.78135,86.37264,2026-08-02,1.29,712
9539,23.79365,86.35276,2026-08-02,1.21,615
9540,23.79628,86.3541,2026-08-02,1.43,615
9541,23.79679,86.34998,2026-08-02,3.47,615
9542,23.79779,86.35337,2026-08-02,1.21,615
9543,23.79827,86.34924,2026-08-02,3.51,615
9544,23.80063,86.3289,2026-08-02,1.57,125
9545,23.80343,86.33026,2026-08-02,3.48,125
9546,23.80479,86.32948,2026-08-02,3.03,125
9547,23.82626,84.92207,2026-08-02,1.64,1365
9548,17.46558,80.65414,2026-08-02,0.71,77
9549,17.60139,83.19848,2026-08-02,3.28,135
9550,17.61015,83.20491,2026-08-02,2.32,135
9551,19.09864,82.16866,2026-08-02,1.35,19
9552,19.09899,82.16546,2026-08-02,1.22,19
9553,20.75994,85.29595,2026-08-02,1.03,517
9554,20.76046,85.29165,2026-08-02,1.03,517
9555,20.78596,85.26057,2026-08-02,1.76,58
9556,20.79554,85.25333,2026-08-02,4.16,58
9557,20.80839,85.255,2026-08-02,1.4,58
9558,20.95151,86.04935,2026-08-02,1.85,90
9559,20.95197,86.04553,2026-08-02,1.85,90
9560,20.96047,85.18936,2026-08-02,0.78,61
9561,20.96097,85.18511,2026-08-02,0.78,61
9562,20.96251,85.17209,2026-08-02,1.23,61
9563,20.96303,85.16774,2026-08-02,1.23,61
9564,20.96354,85.16335,2026-08-02,2.28,61
9565,20.96477,85.18999,2026-08-02,0.78,61
9566,20.96528,85.1857,2026-08-02,0.78,61
9567,20.96579,85.18137,2026-08-02,1.31,61
9568,20.96631,85.17702,2026-08-02,1.31,61
9569,20.96683,85.17267,2026-08-02,1.23,61
9570,20.96734,85.16828,2026-08-02,1.23,61
9571,20.96753,86.02036,2026-08-02,0.77,62
9572,20.96889,85.15518,2026-08-02,1.09,61
9573,20.97062,85.17761,2026-08-02,2.46,61
9574,20.97114,85.17324,2026-08-02,1.07,61
9575,20.97161,86.02093,2026-08-02,0.77,62
9576,20.97545,85.1738,2026-08-02,1.07,61
9577,20.97579,85.13397,2026-08-02,1.38,921
9578,20.97597,85.16943,2026-08-02,1.07,61
9579,21.00018,86.02511,2026-08-02,0.98,922
9580,15.17672,77.09852,2026-08-02,2.62,727
9581,33.54551,71.54941,2026-08-02,2.7,173
9582,29.45936,76.88863,2026-08-02,1.68,1033
9583,29.47635,76.85744,2026-08-02,4.23,161
9584,32.28885,70.73775,2026-08-02,2.63,86
9585,32.29361,70.73022,2026-08-02,2.91,86
9586,32.72001,72.92347,2026-08-02,1.42,241
9587,32.82849,71.60101,2026-08-02,1.28,1614
9588,32.8896,71.61601,2026-08-02,2.93,165
9589,33.17102,70.44909,2026-08-02,1.39,1537
9590,33.17432,70.44987,2026-08-02,1.39,1537
9591,33.40666,71.93804,2026-08-02,2.65,724
9592,24.93391,74.63229,2026-08-02,0.9,194
9593,26.05802,93.71242,2026-07-25,2.54,-1
9594,28.06422,95.3549,2026-07-25,6.99,1498
9595,6.39856,81.12965,2026-07-25,8.43,252
9596,6.59429,80.97427,2026-07-25,1.87,-1
9597,6.63544,81.03618,2026-07-25,5.25,-1
9598,6.70034,81.33881,2026-07-25,2.29,-1
9599,6.71163,81.21119,2026-07-25,4.41,617
9600,6.71219,81.21482,2026-07-25,19.79,617
9601,6.73361,81.28561,2026-07-25,5.0,1
9602,6.74143,81.35822,2026-07-25,2.48,819
9603,6.75765,81.41828,2026-07-25,5.75,1551
9604,6.79132,81.43512,2026-07-25,5.21,1552
9605,6.79222,81.43438,2026-07-25,2.47,1552
9606,6.81746,81.46339,2026-07-25,1.57,-1
9607,6.8911,81.80433,2026-07-25,6.66,-1
9608,6.95276,81.59147,2026-07-25,14.27,-1
9609,7.00453,81.05348,2026-07-25,2.61,-1
9610,7.04691,81.05749,2026-07-25,9.39,1615
9611,7.0503,81.05693,2026-07-25,9.39,1615
9612,7.05086,81.06049,2026-07-25,9.39,1615
9613,7.13123,81.78024,2026-07-25,12.3,1406
9614,7.13458,81.77972,2026-07-25,12.3,1406
9615,7.14205,81.71719,2026-07-25,1.62,1616
9616,7.14259,81.72071,2026-07-25,1.62,1616
9617,7.14539,81.71666,2026-07-25,1.62,1616
9618,7.14594,81.72019,2026-07-25,1.62,1616
9619,7.14958,81.7882,2026-07-25,1.18,-1
9620,7.15092,81.73026,2026-07-25,0.98,-1
9621,7.15463,81.77661,2026-07-25,5.05,1584
9622,7.15806,81.75443,2026-07-25,2.96,1555
9623,7.16466,81.77505,2026-07-25,2.8,1584
9624,7.16511,81.80021,2026-07-25,1.85,1440
9625,7.16638,81.76396,2026-07-25,2.41,1555
9626,7.18583,81.76392,2026-07-25,4.39,1320
9627,7.19306,81.7664,2026-07-25,3.29,1320
9628,7.19366,80.72233,2026-07-25,3.61,-1
9629,7.20681,81.25064,2026-07-25,1.97,1617
9630,7.20738,81.81463,2026-07-25,2.02,1174
9631,7.21019,81.25011,2026-07-25,2.59,1617
9632,7.21356,81.24958,2026-07-25,2.59,1617
9633,7.22031,81.2485,2026-07-25,2.26,1617
9634,7.22237,81.8231,2026-07-25,21.05,-1
9635,7.22595,81.26243,2026-07-25,3.46,1618
9636,7.22707,81.26962,2026-07-25,4.39,1618
9637,7.23045,81.2691,2026-07-25,4.39,1618
9638,7.23581,81.79942,2026-07-25,2.37,-1
9639,7.2703,81.80128,2026-07-25,2.0,1619
9640,7.30445,80.91617,2026-07-25,2.66,-1
9641,7.35646,81.24884,2026-07-25,4.54,-1
9642,7.43624,81.4743,2026-07-25,2.29,-1
9643,7.44493,81.30058,2026-07-25,1.88,-1
9644,7.46126,81.09501,2026-07-25,6.86,1322
9645,7.46283,81.41505,2026-07-25,3.81,1620
9646,7.47464,81.33621,2026-07-25,3.57,-1
9647,7.4877,81.57465,2026-07-25,2.22,-1
9648,7.49998,81.25513,2026-07-25,5.14,1621
9649,7.5028,81.25101,2026-07-25,7.1,1621
9650,7.50391,81.25819,2026-07-25,5.93,1621
9651,7.5561,81.64003,2026-07-25,2.84,-1
9652,7.56419,81.25928,2026-07-25,5.21,-1
9653,7.59249,81.48501,2026-07-25,1.68,-1
9654,7.61201,81.50014,2026-07-25,19.58,-1
9655,7.61801,81.5609,2026-07-25,3.74,1622
9656,7.62805,81.55933,2026-07-25,1.53,-1
9657,7.64466,81.60021,2026-07-25,1.35,1623
9658,7.65345,81.45728,2026-07-25,4.06,1570
9659,7.66037,81.56879,2026-07-25,1.62,1569
9660,7.66886,81.45853,2026-07-25,1.13,1570
9661,7.70727,81.52883,2026-07-25,1.02,1591
9662,7.72685,81.23381,2026-07-25,3.32,1624
9663,7.73022,81.23329,2026-07-25,6.3,1624
9664,7.77687,80.68079,2026-07-25,1.55,-1
9665,8.13525,80.60481,2026-07-25,6.63,-1
9666,8.64045,77.52097,2026-07-25,4.7,-1
9667,8.70248,77.7755,2026-07-25,5.31,-1
9668,8.76868,78.05202,2026-07-25,2.13,-1
9669,8.84527,77.95808,2026-07-25,25.65,-1
9670,8.95624,77.78273,2026-07-25,13.6,-1
9671,9.11794,77.59937,2026-07-25,5.93,1525
9672,9.12185,77.59873,2026-07-25,4.15,1525
9673,9.16651,78.04524,2026-07-25,45.04,1625
9674,9.16966,78.04662,2026-07-25,54.42,1625
9675,9.28329,77.55848,2026-07-25,12.89,-1
9676,9.30537,77.71668,2026-07-25,13.48,-1
9677,9.39433,77.50125,2026-07-25,3.82,-1
9678,9.42737,77.53471,2026-07-25,2.31,-1
9679,9.49523,78.58398,2026-07-25,12.5,1526
9680,9.52778,78.80358,2026-07-25,2.14,-1
9681,9.53532,78.75868,2026-07-25,5.58,-1
9682,9.57775,77.87535,2026-07-25,20.73,1626
9683,9.57965,77.87807,2026-07-25,20.25,1626
9684,9.59479,78.18553,2026-07-25,8.05,-1
9685,9.60717,79.97973,2026-07-25,9.54,-1
9686,9.80423,77.72384,2026-07-25,10.58,-1
9687,9.90724,78.1565,2026-07-25,2.25,-1
9688,9.91396,78.17397,2026-07-25,9.66,-1
9689,9.96975,77.78606,2026-07-25,18.36,-1
9690,10.43495,78.55267,2026-07-25,7.04,-1
9691,10.53204,79.40388,2026-07-25,3.07,-1
9692,10.90932,77.99366,2026-07-25,16.6,-1
9693,10.94315,77.17971,2026-07-25,4.5,-1
9694,11.1397,78.27433,2026-07-25,4.8,-1
9695,11.19282,77.49533,2026-07-25,4.01,-1
9696,11.20836,77.91418,2026-07-25,3.24,-1
9697,11.28183,78.36697,2026-07-25,3.98,1627
9698,11.28244,78.37044,2026-07-25,5.29,1627
9699,11.45378,78.45736,2026-07-25,1.91,-1
9700,11.68872,78.70228,2026-07-25,5.05,-1
9701,11.73022,78.68802,2026-07-25,12.06,1359
9702,12.00109,78.78092,2026-07-25,3.0,1628
9703,12.00164,78.77988,2026-07-25,3.48,1628
9704,15.51981,80.17134,2026-07-25,4.58,-1
9705,15.81652,80.12132,2026-07-25,3.88,-1
9706,16.07796,80.21329,2026-07-25,12.95,-1
9707,16.64013,80.08545,2026-07-25,2.6,-1
9708,17.12753,75.33945,2026-07-25,3.0,-1
9709,17.35911,82.69317,2026-07-25,4.79,-1
9710,18.57913,72.24246,2026-07-25,7.72,616
9711,23.76233,86.40159,2026-07-25,6.08,585
9712,23.80399,86.32874,2026-07-25,6.95,125
9713,25.94117,72.19148,2026-07-25,3.98,730
9714,28.31821,68.12669,2026-07-25,8.71,-1
9715,30.00554,72.8512,2026-07-25,7.21,-1
9716,30.98171,76.17087,2026-07-25,3.75,-1
9717,30.06581,96.97794,2026-07-25,0.89,589
9718,32.29575,70.73047,2026-07-25,0.99,86
9719,22.36629,87.30527,2026-07-25,1.53,612
9720,22.36745,87.29977,2026-07-25,1.53,612
9721,22.37681,87.27899,2026-07-25,4.39,522
9722,23.16504,82.34126,2026-07-25,0.96,494
9723,23.1658,82.33695,2026-07-25,0.96,494
9724,23.16856,82.34196,2026-07-25,0.96,494
9725,23.56026,87.22882,2026-07-25,2.29,100
9726,23.66204,87.15629,2026-07-25,0.98,102
9727,23.66309,87.15118,2026-07-25,0.98,102
9728,23.69617,85.28855,2026-07-25,2.21,708
9729,23.7212,85.00928,2026-07-25,0.64,1342
9730,23.73395,85.00816,2026-07-25,0.4,532
9731,23.73794,85.00908,2026-07-25,0.85,532
9732,23.76636,86.37809,2026-07-25,2.38,1202
9733,23.77442,86.3609,2026-07-25,2.7,712
9734,23.78123,86.37207,2026-07-25,1.79,712
9735,23.78343,85.57757,2026-07-25,2.93,1329
9736,23.82242,85.49498,2026-07-25,1.25,783
9737,23.82256,84.56999,2026-07-25,0.89,784
9738,23.82573,85.49998,2026-07-25,1.66,783
9739,23.82645,84.57086,2026-07-25,0.89,784
9740,23.99007,79.39203,2026-07-25,3.32,1578
9741,24.11728,86.35124,2026-07-25,1.29,1602
9742,24.1417,82.70517,2026-07-25,2.52,1314
9743,24.14674,82.65671,2026-07-25,2.15,1010
9744,24.17727,82.64958,2026-07-25,1.08,973
9745,24.20321,82.70959,2026-07-25,3.29,538
9746,24.20372,80.80157,2026-07-25,0.56,-1
9747,24.52842,81.17102,2026-07-25,2.14,-1
9748,26.60645,73.6841,2026-07-25,1.79,415
9749,26.64172,79.47929,2026-07-25,1.59,129
9750,28.72426,76.68844,2026-07-25,2.29,-1
9751,29.08357,88.01095,2026-07-25,1.3,1208
9752,30.16682,70.92638,2026-07-25,1.43,1629
9753,30.16896,70.92863,2026-07-25,1.96,1629
9754,30.16927,70.92484,2026-07-25,3.1,1629
9755,30.17215,70.92696,2026-07-25,1.62,1629
9756,17.06101,76.97936,2026-07-25,0.78,1098
9757,17.13953,77.1748,2026-07-25,0.68,920
9758,17.29367,78.40926,2026-07-25,0.14,1344
9759,18.6845,73.03544,2026-07-25,3.14,223
9760,20.69742,78.63671,2026-07-25,1.1,960
9761,21.23295,79.62888,2026-07-25,0.7,961
9762,21.24964,79.20934,2026-07-25,1.15,962
9763,21.33584,78.96739,2026-07-25,0.6,92
9764,22.00302,82.67052,2026-07-25,1.84,789
9765,22.26651,75.1311,2026-07-25,0.94,186
9766,9.78116,78.40366,2026-07-25,2.36,-1
9767,10.18617,77.27609,2026-07-25,0.33,1630
9768,10.61676,77.42206,2026-07-25,0.69,804
9769,10.92849,77.0655,2026-07-25,0.93,903
9770,11.42285,77.44472,2026-07-25,1.02,-1
9771,11.81078,77.92224,2026-07-25,1.16,1018
9772,15.02137,78.01477,2026-07-25,1.7,541
9773,15.1737,77.10104,2026-07-25,0.44,727
9774,15.31497,76.25329,2026-07-25,0.59,919
9775,15.33394,76.28632,2026-07-25,1.19,420
9776,15.33618,76.24924,2026-07-25,0.61,977
9777,15.33953,76.24977,2026-07-25,0.61,977
9778,15.65747,73.98943,2026-07-25,0.57,221
9779,6.71408,81.21381,2026-07-25,1.2,617
9780,6.83845,81.56879,2026-07-25,0.55,1107
9781,7.24063,80.86192,2026-07-25,1.67,-1
9782,7.30677,80.85988,2026-07-25,2.43,-1
9783,7.61226,81.14749,2026-07-25,1.05,1055
9784,7.61577,81.15201,2026-07-25,0.87,1055
9785,7.80256,80.49333,2026-07-25,1.37,1631
9786,8.84475,77.52363,2026-07-25,1.67,-1
9787,8.93249,80.57452,2026-07-25,1.98,356
9788,8.93301,80.57276,2026-07-25,1.82,356
9789,9.20834,77.50013,2026-07-25,1.06,1494
9790,9.61007,78.25507,2026-07-25,0.98,1632
9791,9.6107,78.25127,2026-07-25,0.98,1632
9792,30.16939,70.93171,2026-07-25,3.47,1629
9793,6.26593,81.20261,2026-07-26,10.96,-1
9794,6.29788,80.96366,2026-07-26,5.22,-1
9795,6.65913,80.97109,2026-07-26,5.94,1633
9796,6.69136,81.22068,2026-07-26,110.89,617
9797,6.69174,81.16842,2026-07-26,37.77,1634
9798,6.69206,81.22492,2026-07-26,110.89,617
9799,6.69245,81.17272,2026-07-26,37.77,1634
9800,6.69315,81.17699,2026-07-26,50.89,1634
9801,6.69504,81.21573,2026-07-26,17.6,617
9802,6.69574,81.21999,2026-07-26,110.89,617
9803,6.69613,81.16769,2026-07-26,37.77,1634
9804,6.69644,81.22422,2026-07-26,110.89,617
9805,6.69684,81.17197,2026-07-26,37.77,1634
9806,6.69714,81.22845,2026-07-26,45.13,617
9807,6.69754,81.17621,2026-07-26,50.89,1634
9808,6.69784,81.23267,2026-07-26,45.13,617
9809,6.70013,81.21928,2026-07-26,3.55,617
9810,6.70082,81.22353,2026-07-26,3.55,617
9811,6.70152,81.22773,2026-07-26,23.39,617
9812,6.70221,81.23195,2026-07-26,23.39,617
9813,6.70291,81.23616,2026-07-26,48.92,617
9814,6.71294,81.21354,2026-07-26,2.01,617
9815,6.76661,81.52686,2026-07-26,3.76,1351
9816,6.76826,81.52631,2026-07-26,3.14,1351
9817,6.7876,81.57262,2026-07-26,3.84,1553
9818,6.82497,81.26569,2026-07-26,3.97,1635
9819,6.82517,81.26598,2026-07-26,5.31,1635
9820,6.83574,80.95586,2026-07-26,3.55,1636
9821,6.89017,81.56811,2026-07-26,3.96,1580
9822,6.90923,81.65452,2026-07-26,2.59,738
9823,6.90989,81.65844,2026-07-26,2.59,738
9824,6.97934,81.63086,2026-07-26,9.89,-1
9825,7.1279,81.71871,2026-07-26,1.9,-1
9826,7.15708,81.71467,2026-07-26,4.82,-1
9827,7.18127,81.78176,2026-07-26,4.68,1637
9828,7.20282,81.78213,2026-07-26,5.62,-1
9829,7.21199,81.73336,2026-07-26,6.92,-1
9830,7.21308,81.79221,2026-07-26,8.29,1408
9831,7.22029,81.65233,2026-07-26,5.75,1557
9832,7.22093,81.65614,2026-07-26,6.91,1557
9833,7.22312,81.77488,2026-07-26,7.37,1386
9834,7.22731,81.77419,2026-07-26,7.37,1386
9835,7.37436,81.10779,2026-07-26,5.88,679
9836,7.37718,81.15059,2026-07-26,14.06,1178
9837,7.3779,81.15482,2026-07-26,9.6,1178
9838,7.52439,81.40832,2026-07-26,5.68,-1
9839,7.55399,81.27061,2026-07-26,7.79,1566
9840,7.57028,81.67813,2026-07-26,4.26,1638
9841,7.57447,81.67744,2026-07-26,4.26,1638
9842,7.57512,81.68127,2026-07-26,5.93,1638
9843,7.61386,81.55151,2026-07-26,3.27,-1
9844,7.64325,81.59858,2026-07-26,4.61,1623
9845,7.64362,81.59879,2026-07-26,5.1,1623
9846,8.17175,77.59212,2026-07-26,2.93,-1
9847,8.18537,81.06627,2026-07-26,8.52,-1
9848,8.18949,81.0909,2026-07-26,4.41,-1
9849,8.45003,81.33182,2026-07-26,2.06,-1
9850,8.48377,80.88584,2026-07-26,9.55,-1
9851,8.50885,80.84751,2026-07-26,11.16,-1
9852,8.5549,78.07254,2026-07-26,2.2,-1
9853,8.60272,78.06735,2026-07-26,3.66,-1
9854,8.62055,81.19012,2026-07-26,2.76,1356
9855,8.6483,81.17304,2026-07-26,1.31,-1
9856,8.66164,81.15449,2026-07-26,4.24,1266
9857,8.66401,77.87219,2026-07-26,4.27,1480
9858,8.68839,80.39858,2026-07-26,14.75,1639
9859,8.68916,80.40307,2026-07-26,14.08,1639
9860,8.84534,81.01709,2026-07-26,8.65,1640
9861,8.84753,81.01942,2026-07-26,15.09,1640
9862,8.85032,81.02039,2026-07-26,8.65,1640
9863,8.85895,80.57576,2026-07-26,10.05,-1
9864,9.37899,77.92585,2026-07-26,3.84,1641
9865,9.3792,77.92735,2026-07-26,4.58,1641
9866,9.50276,78.04283,2026-07-26,3.53,1642
9867,9.50334,78.04597,2026-07-26,3.53,1642
9868,9.71292,77.92689,2026-07-26,3.9,-1
9869,9.8234,78.24072,2026-07-26,1.48,-1
9870,9.91835,78.31232,2026-07-26,1.6,-1
9871,9.95631,78.26261,2026-07-26,1.53,-1
9872,10.05153,78.7318,2026-07-26,4.34,-1
9873,10.44197,79.70836,2026-07-26,1.76,-1
9874,10.89877,78.70602,2026-07-26,8.75,-1
9875,11.34114,79.71289,2026-07-26,5.08,-1
9876,11.6474,79.32397,2026-07-26,2.78,-1
9877,11.78077,79.44133,2026-07-26,4.18,1643
9878,11.78529,79.4405,2026-07-26,7.16,1643
9879,11.78611,79.44511,2026-07-26,7.16,1643
9880,12.053,79.83413,2026-07-26,5.56,-1
9881,14.99122,79.40823,2026-07-26,4.82,-1
9882,15.1398,79.87268,2026-07-26,4.7,1644
9883,15.14143,79.87263,2026-07-26,5.66,1644
9884,17.97805,78.93943,2026-07-26,3.92,-1
9885,22.2125,84.87181,2026-07-26,4.08,66
9886,23.64903,85.43752,2026-07-26,4.13,704
9887,23.6496,85.44155,2026-07-26,4.13,704
9888,23.66334,87.15623,2026-07-26,4.59,102
9889,23.67586,86.40135,2026-07-26,9.1,613
9890,23.68119,86.09357,2026-07-26,3.15,20
9891,23.73857,86.43585,2026-07-26,6.97,531
9892,23.76611,86.40596,2026-07-26,6.53,585
9893,23.79527,86.35248,2026-07-26,5.19,615
9894,23.80299,86.32906,2026-07-26,5.94,125
9895,23.80358,86.3334,2026-07-26,4.01,125
9896,23.82404,84.57097,2026-07-26,4.75,784
9897,23.8246,84.57481,2026-07-26,4.75,784
9898,23.82544,84.57123,2026-07-26,3.21,784
9899,23.82599,84.57507,2026-07-26,3.21,784
9900,23.82934,84.57449,2026-07-26,3.21,784
9901,23.87429,96.43654,2026-07-26,4.04,-1
9902,24.20399,82.70963,2026-07-26,5.51,538
9903,24.60199,84.28352,2026-07-26,3.4,-1
9904,25.32984,86.4262,2026-07-26,3.32,-1
9905,25.58565,81.02237,2026-07-26,13.73,-1
9906,26.13237,83.70985,2026-07-26,0.77,-1
9907,27.27032,88.30042,2026-07-26,13.15,1645
9908,27.27429,88.29869,2026-07-26,5.94,1645
9909,29.57411,74.33419,2026-07-26,5.46,-1
9910,29.73132,78.01617,2026-07-26,4.25,-1
9911,29.96872,72.77786,2026-07-26,3.25,-1
9912,27.63005,68.41615,2026-07-26,4.43,-1
9913,35.20901,68.10361,2026-07-26,4.37,1646
9914,35.20938,68.11154,2026-07-26,4.37,1646
9915,35.99193,94.8337,2026-07-26,0.98,698
9916,27.37933,95.33691,2026-07-26,1.47,99
9917,32.29519,74.31212,2026-07-26,1.99,515
9918,20.94907,86.0492,2026-07-26,2.38,90
9919,20.94978,86.04511,2026-07-26,2.38,90
9920,20.95253,86.04987,2026-07-26,1.58,90
9921,20.95325,86.04576,2026-07-26,1.58,90
9922,20.96292,86.05191,2026-07-26,1.55,90
9923,20.96904,85.15308,2026-07-26,0.74,61
9924,20.97563,85.13457,2026-07-26,1.71,921
9925,20.97899,85.13522,2026-07-26,2.38,921
9926,21.07865,85.04354,2026-07-26,2.26,63
9927,21.33723,78.96957,2026-07-26,1.64,92
9928,21.37716,81.6405,2026-07-26,0.74,1015
9929,21.67803,84.04023,2026-07-26,1.31,93
9930,21.73179,82.21323,2026-07-26,2.57,967
9931,21.73212,82.21611,2026-07-26,2.43,967
9932,21.73491,83.98222,2026-07-26,1.43,-1
9933,21.80291,82.04144,2026-07-26,2.18,787
9934,21.87819,83.54787,2026-07-26,2.45,799
9935,21.91875,83.35335,2026-07-26,2.59,94
9936,21.91932,83.34964,2026-07-26,1.94,94
9937,21.92263,83.35023,2026-07-26,1.94,94
9938,21.92549,85.22182,2026-07-26,1.06,788
9939,21.93487,83.33716,2026-07-26,1.92,-1
9940,21.98527,83.23158,2026-07-26,1.58,972
9941,22.03753,83.35102,2026-07-26,2.52,801
9942,23.71868,85.00743,2026-07-26,2.16,1342
9943,23.82287,84.57379,2026-07-26,4.7,784
9944,23.82347,84.57005,2026-07-26,4.36,784
9945,23.82617,84.57442,2026-07-26,1.68,784
9946,23.82677,84.57066,2026-07-26,2.97,784
9947,23.82948,84.57504,2026-07-26,1.68,784
9948,24.16825,80.69648,2026-07-26,1.6,1647
9949,26.64404,79.47814,2026-07-26,1.44,129
9950,27.87433,71.30848,2026-07-26,4.05,-1
9951,6.65105,80.96626,2026-07-26,0.5,1633
9952,6.65381,80.96651,2026-07-26,1.16,1633
9953,6.65713,80.96707,2026-07-26,1.16,1633
9954,6.68267,81.19126,2026-07-26,1.71,1648
9955,6.68601,81.1918,2026-07-26,1.34,1648
9956,6.86114,81.53722,2026-07-26,2.99,286
9957,6.86508,81.53419,2026-07-26,2.15,286
9958,6.9412,81.60496,2026-07-26,0.32,1369
9959,7.02489,80.82838,2026-07-26,0.69,-1
9960,7.02565,80.97223,2026-07-26,0.47,-1
9961,7.06252,81.41898,2026-07-26,1.01,1649
9962,7.06586,81.41956,2026-07-26,1.01,1649
9963,7.06749,81.43075,2026-07-26,0.65,-1
9964,7.10638,81.14611,2026-07-26,0.55,-1
9965,7.3948,81.06092,2026-07-26,0.96,-1
9966,7.45046,81.36887,2026-07-26,0.38,1533
9967,7.467,81.3025,2026-07-26,1.03,1505
9968,7.52838,81.21864,2026-07-26,0.73,1650
9969,7.52894,81.21513,2026-07-26,0.73,1650
9970,7.87584,80.76239,2026-07-26,1.46,-1
9971,8.22517,80.77928,2026-07-26,1.41,-1
9972,8.304,77.86613,2026-07-26,5.05,-1
9973,8.63548,80.32524,2026-07-26,1.69,-1
9974,8.67029,77.99158,2026-07-26,1.55,1166
9975,8.8669,78.12173,2026-07-26,0.42,1531
9976,8.92476,78.16695,2026-07-26,2.09,-1
9977,9.75601,77.50282,2026-07-26,1.96,-1
9978,9.76393,77.57449,2026-07-26,1.63,-1
9979,10.00952,78.04739,2026-07-26,1.54,-1
9980,13.3918,80.10241,2026-07-26,1.06,540
9981,21.10058,72.63823,2026-07-26,3.38,65
9982,21.1056,72.64758,2026-07-26,8.36,65
9983,21.106,72.64323,2026-07-26,3.38,65
9984,21.10641,72.63888,2026-07-26,3.38,65
9985,21.11263,72.63515,2026-07-26,1.83,65
9986,11.1092,79.2571,2026-07-26,0.74,1651
9987,11.11263,79.25764,2026-07-26,0.66,1651
9988,12.53053,78.22664,2026-07-26,1.67,-1
9989,26.09422,68.88193,2026-07-26,3.08,91
9990,32.29308,70.73024,2026-07-26,1.29,86
9991,32.82578,71.60197,2026-07-26,1.44,1614
9992,33.2359,71.51652,2026-07-26,0.58,1035
9993,33.81544,72.72097,2026-07-26,0.78,-1
9994,33.827,72.83048,2026-07-26,0.85,1652
9995,6.82186,81.80378,2026-07-27,17.16,1548
9996,6.82203,81.80404,2026-07-27,17.02,1548
9997,6.82258,81.80785,2026-07-27,17.16,1548
9998,6.82277,81.80808,2026-07-27,17.02,1548
9999,6.85399,81.22869,2026-07-27,10.65,-1
10000,7.14491,81.81149,2026-07-27,6.38,1653
10001,7.14493,81.81158,2026-07-27,6.64,1653
10002,7.15065,81.81046,2026-07-27,6.38,1653
10003,7.15068,81.81055,2026-07-27,6.64,1653
10004,7.15206,81.81844,2026-07-27,11.76,1653
10005,7.15214,81.81852,2026-07-27,12.79,1653
10006,7.16348,81.75041,2026-07-27,4.25,1555
10007,7.18229,81.78858,2026-07-27,7.4,1637
10008,7.19165,81.77459,2026-07-27,7.74,1320
10009,7.19237,81.77859,2026-07-27,7.74,1320
10010,7.19811,81.7444,2026-07-27,5.92,1320
10011,7.201,81.79354,2026-07-27,3.21,-1
10012,7.2176,81.65291,2026-07-27,3.44,1557
10013,7.22399,81.65604,2026-07-27,6.85,1557
10014,7.22412,81.65594,2026-07-27,6.92,1557
10015,7.22485,81.66003,2026-07-27,7.39,1557
10016,7.3575,81.60508,2026-07-27,3.53,-1
10017,7.35927,81.09517,2026-07-27,2.37,-1
10018,7.48748,81.62951,2026-07-27,3.56,-1
10019,7.49176,81.23442,2026-07-27,17.58,597
10020,7.49695,81.22931,2026-07-27,17.94,597
10021,7.49772,81.23351,2026-07-27,17.58,597
10022,7.54397,81.64734,2026-07-27,3.44,1654
10023,7.54436,81.64738,2026-07-27,3.02,1654
10024,7.5947,81.72931,2026-07-27,2.39,1655
10025,7.60544,81.72329,2026-07-27,4.04,1588
10026,7.61232,81.5638,2026-07-27,6.06,1622
10027,7.86876,81.3022,2026-07-27,5.13,1656
10028,7.87384,81.29683,2026-07-27,5.33,1656
10029,14.72243,78.34692,2026-07-27,5.63,-1
10030,20.97801,85.13534,2026-07-27,8.26,921
10031,22.1202,95.89818,2026-07-27,4.05,-1
10032,25.79463,93.41811,2026-07-27,2.61,-1
10033,25.8115,78.05062,2026-07-27,2.28,-1
10034,25.81942,92.75337,2026-07-27,13.33,-1
10035,26.32159,87.24554,2026-07-27,1.85,1512
10036,9.11902,77.53432,2026-07-27,2.29,-1
10037,9.96835,78.28912,2026-07-27,6.09,1598
10038,24.3411,68.0527,2026-07-27,4.31,1657
10039,24.79087,68.06129,2026-07-27,3.98,-1
10040,25.86016,68.93331,2026-07-27,3.48,607
10041,25.86451,68.93274,2026-07-27,3.48,607
10042,27.38762,68.644,2026-07-27,8.79,-1
10043,29.20518,71.50465,2026-07-27,2.55,1658
10044,29.20547,71.50839,2026-07-27,2.55,1658
10045,29.20695,71.52714,2026-07-27,3.2,-1
10046,29.25615,71.53748,2026-07-27,7.23,-1
10047,29.28664,70.95149,2026-07-27,2.99,1659
10048,29.28693,70.95494,2026-07-27,2.99,1659
10049,29.37985,71.5015,2026-07-27,5.5,-1
10050,29.38482,71.51984,2026-07-27,5.17,-1
10051,30.48158,71.98792,2026-07-27,2.5,-1
10052,30.57661,72.80894,2026-07-27,7.22,-1
10053,25.03533,87.37167,2026-07-27,2.02,1510
10054,25.03638,87.38838,2026-07-27,1.76,1331
10055,26.64103,79.47578,2026-07-27,1.18,129
10056,26.64647,79.47639,2026-07-27,1.19,129
10057,19.9355,73.71036,2026-07-27,1.91,236
10058,19.93936,73.71189,2026-07-27,2.17,236
10059,23.73754,86.4345,2026-07-27,1.28,531
10060,23.75625,86.40324,2026-07-27,1.52,585
10061,23.76034,86.39961,2026-07-27,1.89,585
10062,23.76503,86.39178,2026-07-27,1.4,585
10063,23.76732,86.40079,2026-07-27,1.86,585
10064,23.77081,86.40138,2026-07-27,1.06,585
10065,23.77272,86.36285,2026-07-27,1.77,712
10066,23.7761,86.38936,2026-07-27,1.57,713
10067,23.77621,86.36343,2026-07-27,1.85,712
10068,23.77678,86.20694,2026-07-27,1.37,104
10069,23.77959,86.38995,2026-07-27,4.32,713
10070,23.77969,86.21185,2026-07-27,1.37,104
10071,23.7803,86.20756,2026-07-27,1.37,104
10072,23.782,86.37305,2026-07-27,0.92,712
10073,23.7955,86.3537,2026-07-27,1.45,615
10074,23.79596,86.35258,2026-07-27,1.48,615
10075,23.79611,86.34946,2026-07-27,1.45,615
10076,23.79655,86.34833,2026-07-27,1.48,615
10077,23.80004,86.34895,2026-07-27,1.46,615
10078,23.80239,86.33202,2026-07-27,1.3,125
10079,23.80297,86.32778,2026-07-27,0.98,125
10080,23.80647,86.32835,2026-07-27,0.98,125
10081,11.83739,79.73386,2026-07-27,1.53,-1
10082,13.21387,80.26139,2026-07-27,3.4,1660
10083,13.21473,80.26047,2026-07-27,2.69,1660
10084,15.17542,77.09993,2026-07-27,0.66,727
10085,6.83606,80.96377,2026-07-27,3.26,1636
10086,6.89431,81.03536,2026-07-27,3.83,-1
10087,7.02039,81.44899,2026-07-27,0.72,-1
10088,7.02535,81.5802,2026-07-27,1.8,-1
10089,7.06273,80.89155,2026-07-27,1.58,1661
10090,7.06332,80.8876,2026-07-27,3.19,1661
10091,7.06656,80.89203,2026-07-27,1.3,1661
10092,7.06716,80.88806,2026-07-27,1.91,1661
10093,7.08943,80.84419,2026-07-27,2.17,980
10094,7.09326,80.84479,2026-07-27,2.17,980
10095,7.50216,81.19766,2026-07-27,0.36,-1
10096,28.60843,68.63328,2026-07-27,0.89,1403
10097,28.60855,68.63534,2026-07-27,1.32,1403
10098,33.54667,71.54915,2026-07-27,1.28,173
10099,33.82937,72.82973,2026-07-27,3.51,1652
10100,21.10308,72.63578,2026-07-27,4.44,65
10101,21.10532,72.65086,2026-07-27,3.77,65
10102,21.10607,72.64742,2026-07-27,3.77,65
10103,21.10681,72.64397,2026-07-27,9.26,65
10104,25.38781,68.58343,2026-07-27,2.82,195
10105,26.09556,68.87821,2026-07-27,3.51,91
10106,20.88293,96.03716,2026-07-28,5.6,1662
10107,20.88583,96.03255,2026-07-28,2.23,1662
10108,20.8864,96.03661,2026-07-28,5.6,1662
10109,20.88698,96.0407,2026-07-28,5.6,1662
10110,20.88988,96.03607,2026-07-28,5.64,1662
10111,20.89046,96.04016,2026-07-28,5.64,1662
10112,20.97656,96.0106,2026-07-28,3.78,-1
10113,20.98175,96.02229,2026-07-28,3.95,1663
10114,20.9858,96.02582,2026-07-28,3.95,1663
10115,20.9887,96.02119,2026-07-28,3.64,1663
10116,20.98928,96.02527,2026-07-28,3.64,1663
10117,21.02475,95.66225,2026-07-28,3.38,-1
10118,26.01075,93.50648,2026-07-28,3.09,-1
10119,6.71186,81.19892,2026-07-28,16.74,617
10120,6.71235,81.20254,2026-07-28,16.74,617
10121,6.71331,81.20972,2026-07-28,11.66,617
10122,6.71933,81.21259,2026-07-28,12.99,617
10123,6.71982,81.21619,2026-07-28,12.99,617
10124,6.72031,81.21982,2026-07-28,48.2,617
10125,6.7208,81.22347,2026-07-28,48.2,617
10126,6.75988,81.47185,2026-07-28,3.12,820
10127,6.79658,81.57292,2026-07-28,4.87,1553
10128,6.86811,81.5711,2026-07-28,3.03,987
10129,6.87379,81.5703,2026-07-28,4.83,987
10130,7.26888,81.21888,2026-07-28,4.98,825
10131,7.27448,81.21822,2026-07-28,3.55,825
10132,7.37389,81.16849,2026-07-28,5.59,-1
10133,7.46724,81.41615,2026-07-28,2.85,1620
10134,7.50255,81.0805,2026-07-28,2.33,830
10135,7.59562,81.72387,2026-07-28,4.39,1655
10136,7.68283,81.45654,2026-07-28,2.51,1571
10137,7.68502,81.50358,2026-07-28,3.64,-1
10138,7.72773,81.51827,2026-07-28,3.16,1664
10139,7.95405,81.44975,2026-07-28,2.95,-1
10140,8.37231,80.20104,2026-07-28,2.92,862
10141,8.37311,80.19904,2026-07-28,3.76,862
10142,8.6517,80.63228,2026-07-28,3.45,954
10143,8.91295,80.92608,2026-07-28,2.23,-1
10144,9.43212,77.73875,2026-07-28,3.9,1665
10145,9.43271,77.73971,2026-07-28,3.94,1665
10146,9.51827,77.78963,2026-07-28,24.4,1666
10147,9.52283,77.789,2026-07-28,24.4,1666
10148,9.73477,78.41372,2026-07-28,9.66,1667
10149,9.73544,78.4189,2026-07-28,9.66,1667
10150,9.73558,78.41689,2026-07-28,15.96,1667
10151,9.76147,78.24873,2026-07-28,2.84,-1
10152,9.79294,77.4472,2026-07-28,10.8,1668
10153,9.79743,77.44672,2026-07-28,10.8,1668
10154,9.80197,78.22791,2026-07-28,7.44,1141
10155,9.80313,78.22618,2026-07-28,2.27,1141
10156,9.82735,78.48631,2026-07-28,1.45,-1
10157,9.97086,78.28806,2026-07-28,13.0,1598
10158,9.97502,77.99715,2026-07-28,8.77,1669
10159,9.97569,78.00208,2026-07-28,8.77,1669
10160,15.91214,79.31462,2026-07-28,1.88,1670
10161,15.91251,79.31521,2026-07-28,1.65,1670
10162,21.10238,72.63696,2026-07-28,10.72,65
10163,21.10748,72.64648,2026-07-28,42.02,65
10164,23.12101,70.08831,2026-07-28,4.07,722
10165,23.12283,70.08731,2026-07-28,5.11,722
10166,24.97332,68.29044,2026-07-28,2.53,-1
10167,25.38848,68.58327,2026-07-28,2.79,195
10168,26.4116,70.62502,2026-07-28,2.11,-1
10169,27.42628,70.96877,2026-07-28,5.05,-1
10170,27.76974,68.4567,2026-07-28,1.25,-1
10171,27.80078,69.54572,2026-07-28,8.16,1416
10172,27.81376,69.56194,2026-07-28,9.21,-1
10173,27.84393,69.57075,2026-07-28,8.05,-1
10174,28.42443,69.70238,2026-07-28,7.26,206
10175,28.60888,68.63496,2026-07-28,10.01,1403
10176,28.85993,70.32304,2026-07-28,11.65,1671
10177,28.86116,70.32491,2026-07-28,10.04,1671
10178,30.29126,71.05428,2026-07-28,5.94,-1
10179,30.43581,72.05463,2026-07-28,9.63,-1
10180,30.45656,71.92091,2026-07-28,7.88,-1
10181,30.60742,72.52344,2026-07-28,3.91,-1
10182,30.63144,72.0872,2026-07-28,3.06,-1
10183,30.97597,70.8031,2026-07-28,8.2,1491
10184,31.66517,70.82932,2026-07-28,8.44,-1
10185,32.03902,71.12704,2026-07-28,4.63,1402
10186,32.23283,71.24937,2026-07-28,5.17,-1
10187,33.38183,71.28741,2026-07-28,3.31,1672
10188,33.38227,71.29179,2026-07-28,3.79,1672
10189,27.4608,95.47796,2026-07-28,1.43,402
10190,29.22512,88.34985,2026-07-28,1.21,1376
10191,30.06929,96.98067,2026-07-28,0.93,589
10192,22.05366,88.12421,2026-07-28,1.87,518
10193,22.36695,87.30052,2026-07-28,2.78,612
10194,22.37802,87.28059,2026-07-28,2.97,522
10195,22.37854,87.27636,2026-07-28,2.97,522
10196,23.16798,82.3386,2026-07-28,1.44,494
10197,23.48405,87.36268,2026-07-28,2.43,1427
10198,23.6315,86.29636,2026-07-28,0.85,1428
10199,23.66817,86.09103,2026-07-28,1.45,20
10200,23.68217,86.09277,2026-07-28,2.69,20
10201,23.68333,86.08221,2026-07-28,1.88,20
10202,23.68522,87.12163,2026-07-28,1.89,614
10203,23.68564,87.12007,2026-07-28,1.87,614
10204,23.68958,87.12224,2026-07-28,1.42,614
10205,23.69852,86.07339,2026-07-28,2.48,20
10206,23.70085,86.07504,2026-07-28,1.88,20
10207,23.77185,86.3658,2026-07-28,1.28,712
10208,23.77279,86.3634,2026-07-28,2.89,712
10209,23.77427,86.38684,2026-07-28,2.61,713
10210,23.77506,86.38443,2026-07-28,3.92,713
10211,23.77644,86.36641,2026-07-28,1.28,712
10212,23.77699,86.36128,2026-07-28,1.28,712
10213,23.77738,86.364,2026-07-28,1.63,712
10214,23.77831,86.39256,2026-07-28,3.55,713
10215,23.77885,86.38751,2026-07-28,5.48,713
10216,23.77906,86.39014,2026-07-28,3.92,713
10217,23.78048,86.37215,2026-07-28,2.17,712
10218,23.78138,86.36972,2026-07-28,1.63,712
10219,23.78166,85.5735,2026-07-28,2.8,1329
10220,23.78883,85.55135,2026-07-28,1.28,536
10221,23.80376,86.32871,2026-07-28,4.33,125
10222,24.11549,86.86283,2026-07-28,1.89,715
10223,24.11603,86.85804,2026-07-28,1.89,715
10224,24.1613,82.60507,2026-07-28,1.21,1579
10225,7.36092,81.16886,2026-07-28,5.27,-1
10226,7.93365,81.3458,2026-07-28,1.22,1463
10227,8.74475,80.23344,2026-07-28,1.43,-1
10228,9.52289,77.7887,2026-07-28,6.1,1666
10229,12.09085,77.04575,2026-07-28,1.2,1673
10230,12.09363,77.04418,2026-07-28,1.11,1673
10231,12.84878,79.90265,2026-07-28,1.97,1205
10232,12.85486,79.90347,2026-07-28,1.97,1205
10233,31.24981,76.92992,2026-07-28,0.71,239
10234,31.2597,76.92422,2026-07-28,0.77,239
10235,32.29295,70.73016,2026-07-28,2.97,86
10236,32.88711,71.61441,2026-07-28,5.02,165
10237,34.16758,74.61053,2026-07-28,1.34,1674
10238,34.17107,74.61147,2026-07-28,1.44,1674
10239,35.96868,68.68646,2026-07-28,1.15,182
10240,25.38837,68.58214,2026-07-28,0.51,195
10241,25.94313,72.19209,2026-07-28,1.78,730
10242,28.42562,69.70078,2026-07-28,1.93,206
10243,28.60755,68.63316,2026-07-28,1.82,1403
10244,28.61207,68.62585,2026-07-28,0.38,1403
10245,22.41543,69.03886,2026-07-28,1.37,523
10246,22.41875,69.0395,2026-07-28,1.37,523
10247,29.26861,88.90479,2026-07-29,4.42,1540
10248,6.92694,81.01147,2026-07-29,4.36,-1
10249,6.94333,81.04182,2026-07-29,5.68,1675
10250,6.9473,81.04124,2026-07-29,27.28,1675
10251,7.14785,81.80265,2026-07-29,4.47,1653
10252,7.15447,81.81692,2026-07-29,3.56,1653
10253,7.19829,81.76385,2026-07-29,5.61,1320
10254,7.2101,81.8169,2026-07-29,3.66,1174
10255,7.2152,81.79267,2026-07-29,0.86,1408
10256,7.26355,81.80156,2026-07-29,3.51,1619
10257,7.26367,81.37899,2026-07-29,4.28,-1
10258,7.26408,81.80129,2026-07-29,5.32,1619
10259,7.32965,81.20576,2026-07-29,5.03,677
10260,7.38002,81.71126,2026-07-29,22.25,-1
10261,7.39477,81.37077,2026-07-29,5.47,1676
10262,7.39887,81.37027,2026-07-29,2.57,1676
10263,7.43983,81.25162,2026-07-29,5.94,741
10264,7.4404,81.74574,2026-07-29,4.55,829
10265,7.46392,81.6725,2026-07-29,2.79,1462
10266,7.46522,81.6722,2026-07-29,2.21,1462
10267,7.46614,81.68768,2026-07-29,3.63,989
10268,7.4667,81.69149,2026-07-29,3.63,989
10269,7.46732,81.68742,2026-07-29,3.85,989
10270,7.46785,81.69123,2026-07-29,3.85,989
10271,7.4715,81.68684,2026-07-29,3.85,989
10272,7.47846,81.2899,2026-07-29,2.31,1564
10273,7.48536,81.42532,2026-07-29,5.26,1565
10274,7.48894,81.42109,2026-07-29,1.71,1565
10275,7.48946,81.42468,2026-07-29,5.13,1565
10276,7.49305,81.42054,2026-07-29,1.71,1565
10277,7.49742,81.48033,2026-07-29,3.73,-1
10278,7.50749,81.43353,2026-07-29,2.32,1677
10279,7.50803,81.43726,2026-07-29,4.32,1677
10280,7.50855,81.44091,2026-07-29,4.32,1677
10281,7.53399,81.73657,2026-07-29,4.94,-1
10282,7.56916,81.68024,2026-07-29,4.32,1638
10283,7.57032,81.32761,2026-07-29,2.66,-1
10284,7.58549,80.93409,2026-07-29,5.56,1678
10285,7.61866,81.14118,2026-07-29,15.17,1055
10286,7.64936,81.33067,2026-07-29,5.1,-1
10287,7.68257,81.62932,2026-07-29,4.53,-1
10288,7.68564,81.59031,2026-07-29,8.33,1213
10289,7.68921,81.55521,2026-07-29,4.56,834
10290,7.70513,81.1689,2026-07-29,2.15,-1
10291,7.87331,81.36616,2026-07-29,2.3,-1
10292,8.03703,81.20779,2026-07-29,4.36,1679
10293,8.03751,81.20824,2026-07-29,3.32,1679
10294,8.29751,77.85287,2026-07-29,4.1,-1
10295,8.58268,77.97133,2026-07-29,1.81,-1
10296,8.59193,80.55653,2026-07-29,4.44,1479
10297,8.63653,80.41798,2026-07-29,4.16,148
10298,8.75761,78.18333,2026-07-29,4.22,1541
10299,8.76182,78.11587,2026-07-29,3.45,884
10300,8.7653,78.11536,2026-07-29,3.45,884
10301,8.82257,77.99003,2026-07-29,2.84,-1
10302,8.88115,78.08689,2026-07-29,1.99,1680
10303,8.8852,78.14909,2026-07-29,3.18,-1
10304,8.90893,77.81869,2026-07-29,10.84,-1
10305,8.97896,77.77712,2026-07-29,2.59,-1
10306,8.99602,80.85246,2026-07-29,3.46,-1
10307,9.03465,80.70895,2026-07-29,2.11,-1
10308,9.05433,80.71424,2026-07-29,12.19,1681
10309,9.05541,80.7114,2026-07-29,13.1,1681
10310,9.0831,79.75172,2026-07-29,10.9,1137
10311,9.1993,77.54581,2026-07-29,2.05,-1
10312,9.25136,77.66355,2026-07-29,4.31,-1
10313,9.3046,77.64411,2026-07-29,2.91,-1
10314,9.47316,77.58399,2026-07-29,1.3,-1
10315,9.47729,78.72331,2026-07-29,7.04,-1
10316,9.52072,77.78873,2026-07-29,4.67,1666
10317,9.58143,78.25474,2026-07-29,4.08,1682
10318,9.58553,78.25816,2026-07-29,4.08,1682
10319,9.66807,77.62719,2026-07-29,5.53,-1
10320,9.80126,78.333,2026-07-29,56.82,1683
10321,9.80157,78.23517,2026-07-29,5.94,1141
10322,9.81908,78.28135,2026-07-29,1.38,-1
10323,10.81956,78.61797,2026-07-29,1.7,-1
10324,10.86712,79.06342,2026-07-29,1.98,-1
10325,11.02335,79.08336,2026-07-29,10.91,-1
10326,20.97214,85.17433,2026-07-29,8.43,61
10327,26.96399,73.29074,2026-07-29,3.0,-1
10328,29.509,72.04996,2026-07-29,3.56,1684
10329,29.51235,72.04933,2026-07-29,2.82,1684
10330,29.60692,71.57706,2026-07-29,5.15,-1
10331,29.6251,71.56122,2026-07-29,2.66,-1
10332,29.67288,72.17453,2026-07-29,6.2,1685
10333,29.67346,72.17863,2026-07-29,5.88,1685
10334,29.69316,73.15125,2026-07-29,1.93,-1
10335,29.7245,72.27014,2026-07-29,5.06,-1
10336,29.77113,72.25348,2026-07-29,1.4,-1
10337,29.78669,72.33943,2026-07-29,4.16,-1
10338,29.82345,72.67916,2026-07-29,2.8,-1
10339,29.84989,72.46819,2026-07-29,7.88,-1
10340,29.87539,72.93105,2026-07-29,4.43,-1
10341,29.90308,71.4553,2026-07-29,3.64,-1
10342,29.93957,72.7638,2026-07-29,2.83,-1
10343,29.97509,72.81847,2026-07-29,4.34,-1
10344,30.00159,72.8838,2026-07-29,0.94,-1
10345,30.02355,72.94147,2026-07-29,4.21,-1
10346,30.03427,71.58734,2026-07-29,2.73,-1
10347,30.04467,73.30842,2026-07-29,4.35,-1
10348,30.0622,73.35979,2026-07-29,1.68,1686
10349,30.06398,71.48653,2026-07-29,3.32,1396
10350,30.06569,73.35918,2026-07-29,2.68,1686
10351,30.24343,73.34405,2026-07-29,8.94,-1
10352,30.29878,73.74285,2026-07-29,3.12,1601
10353,30.44261,73.8577,2026-07-29,3.29,-1
10354,30.44992,71.8779,2026-07-29,2.25,-1
10355,30.53719,72.0307,2026-07-29,2.53,-1
10356,30.56064,72.29582,2026-07-29,5.65,-1
10357,30.61484,73.8088,2026-07-29,2.88,-1
10358,30.96591,72.18027,2026-07-29,2.29,-1
10359,31.1523,72.62457,2026-07-29,1.53,-1
10360,21.67902,84.03615,2026-07-29,2.65,93
10361,21.87883,83.55634,2026-07-29,2.21,799
10362,21.57721,96.23476,2026-07-29,1.99,-1
10363,22.7847,86.20504,2026-07-29,2.04,97
10364,22.9611,85.99718,2026-07-29,1.07,-1
10365,23.73965,86.43343,2026-07-29,1.0,531
10366,7.58596,80.92436,2026-07-29,3.76,1678
10367,7.5879,80.9295,2026-07-29,3.14,1678
10368,7.58877,80.92237,2026-07-29,4.51,1678
10369,7.59221,80.93221,2026-07-29,3.76,1678
10370,7.59313,80.92517,2026-07-29,3.76,1678
10371,7.59507,80.93027,2026-07-29,3.14,1678
10372,7.59594,80.92319,2026-07-29,4.51,1678
10373,36.93246,80.30218,2026-07-29,2.17,1577
10374,28.37241,77.22707,2026-07-29,1.7,496
10375,28.66101,77.58128,2026-07-29,1.71,14
10376,28.66223,77.57938,2026-07-29,1.72,14
10377,28.7445,76.93399,2026-07-29,0.59,142
10378,28.77164,76.6983,2026-07-29,0.96,417
10379,28.77504,76.69907,2026-07-29,0.96,417
10380,29.47426,76.8594,2026-07-29,1.97,161
10381,31.25142,76.92837,2026-07-29,1.01,239
10382,33.56965,72.9754,2026-07-29,0.81,-1
10383,34.50575,69.19833,2026-07-29,7.07,1687
10384,34.50621,69.1936,2026-07-29,7.07,1687
10385,21.71507,84.042,2026-07-29,0.68,-1
10386,21.75587,84.02201,2026-07-29,0.72,968
10387,21.76162,84.0235,2026-07-29,0.72,968
10388,21.76263,84.01916,2026-07-29,0.72,968
10389,21.92522,85.22271,2026-07-29,2.78,788
10390,22.15452,82.09439,2026-07-29,0.57,-1
10391,22.22109,84.7578,2026-07-29,0.97,781
10392,22.2222,84.75307,2026-07-29,0.97,781
10393,22.22337,84.75739,2026-07-29,0.73,781
10394,22.2245,84.75267,2026-07-29,0.73,781
10395,22.22701,84.75948,2026-07-29,1.32,781
10396,22.22928,84.75903,2026-07-29,0.73,781
10397,22.3107,82.52791,2026-07-29,0.62,1008
10398,22.31095,82.52835,2026-07-29,0.62,1008
10399,22.31513,82.53264,2026-07-29,0.69,1008
10400,22.3159,82.52918,2026-07-29,0.69,1008
10401,22.31859,82.56633,2026-07-29,1.32,67
10402,22.35427,82.30293,2026-07-29,1.71,198
10403,22.35499,82.29959,2026-07-29,2.66,198
10404,22.35554,82.30311,2026-07-29,1.64,198
10405,22.35628,82.29979,2026-07-29,2.66,198
10406,22.3594,82.30417,2026-07-29,1.71,198
10407,22.36012,82.30084,2026-07-29,2.66,198
10408,22.36067,82.30434,2026-07-29,1.64,198
10409,22.36141,82.30103,2026-07-29,2.66,198
10410,23.1655,82.33852,2026-07-29,0.77,494
10411,23.16623,82.33518,2026-07-29,0.77,494
10412,23.66551,87.15833,2026-07-29,4.65,102
10413,24.93318,74.6346,2026-07-29,2.26,194
10414,25.94137,72.19148,2026-07-29,4.05,730
10415,25.94474,72.19209,2026-07-29,4.05,730
10416,26.64041,79.47852,2026-07-29,2.5,129
10417,27.2882,73.83845,2026-07-29,2.22,476
10418,27.66788,76.13313,2026-07-29,1.03,205
10419,27.66858,76.12903,2026-07-29,1.38,205
10420,28.42324,69.70116,2026-07-29,4.16,206
10421,28.96628,71.29565,2026-07-29,4.6,-1
10422,8.75877,78.18235,2026-07-29,0.68,1541
10423,8.76074,78.18166,2026-07-29,0.79,1541
10424,9.67876,78.34206,2026-07-29,0.73,-1
10425,10.07832,77.46371,2026-07-29,1.38,1583
10426,10.07843,77.46563,2026-07-29,0.97,1583
10427,6.24862,80.7161,2026-07-20,6.24,1688
10428,6.24975,80.71695,2026-07-20,8.63,1688
10429,8.84588,78.06475,2026-07-20,2.64,-1
10430,8.84759,80.44137,2026-07-20,8.11,-1
10431,9.16154,77.31667,2026-07-20,9.67,1689
10432,17.37366,82.72456,2026-07-20,3.67,-1
10433,17.61235,83.20256,2026-07-20,4.58,135
10434,17.62295,83.22784,2026-07-20,3.23,-1
10435,27.59579,68.38673,2026-07-20,7.66,1690
10436,27.59672,68.39063,2026-07-20,15.93,1690
10437,27.93032,68.9705,2026-07-20,2.71,-1
10438,29.4238,71.29465,2026-07-20,6.93,-1
10439,29.52949,72.04403,2026-07-20,4.79,-1
10440,29.54361,72.0917,2026-07-20,8.48,-1
10441,29.56296,72.16534,2026-07-20,2.51,-1
10442,29.75846,72.17928,2026-07-20,1.92,-1
10443,29.78709,72.69772,2026-07-20,3.3,1691
10444,29.78772,72.69733,2026-07-20,3.43,1691
10445,29.80445,73.11905,2026-07-20,6.03,-1
10446,29.85656,72.39691,2026-07-20,3.08,-1
10447,29.87157,72.51168,2026-07-20,3.96,-1
10448,29.8992,72.41657,2026-07-20,4.88,-1
10449,29.90122,72.27789,2026-07-20,10.07,1692
10450,29.90208,72.28215,2026-07-20,12.03,1692
10451,29.98605,72.99426,2026-07-20,35.32,-1
10452,29.99383,72.13158,2026-07-20,2.02,-1
10453,30.00707,72.38854,2026-07-20,4.49,-1
10454,30.04472,73.04025,2026-07-20,8.63,-1
10455,29.90284,71.28986,2026-07-20,2.76,-1
10456,30.00348,71.48521,2026-07-20,3.98,-1
10457,30.09304,72.07939,2026-07-20,2.65,-1
10458,30.27229,73.27193,2026-07-20,5.05,-1
10459,30.31638,72.22882,2026-07-20,3.84,-1
10460,30.38998,71.522,2026-07-20,3.24,-1
10461,30.53148,72.14625,2026-07-20,3.11,-1
10462,30.61756,72.01085,2026-07-20,8.59,1487
10463,30.67879,72.66891,2026-07-20,2.57,-1
10464,27.59765,68.38886,2026-07-20,5.71,1690
10465,35.99151,94.83028,2026-07-20,0.79,698
10466,36.9972,80.19514,2026-07-20,0.81,407
10467,29.26098,91.92349,2026-07-20,4.27,1492
10468,32.90594,71.87057,2026-07-20,3.73,-1
10469,25.78023,73.69814,2026-07-20,1.96,534
10470,25.78157,73.6991,2026-07-20,1.88,534
10471,25.94229,72.18838,2026-07-20,1.87,730
10472,25.94319,72.18764,2026-07-20,1.54,730
10473,9.16759,77.31052,2026-07-20,0.63,1689
10474,9.17089,77.31107,2026-07-20,0.63,1689
10475,9.17384,77.31139,2026-07-20,0.85,1689
10476,9.17439,77.30786,2026-07-20,0.85,1689
10477,9.1766,77.31534,2026-07-20,0.79,1689
10478,9.17715,77.31189,2026-07-20,0.85,1689
10479,9.1777,77.30841,2026-07-20,0.85,1689
10480,9.17936,77.31927,2026-07-20,1.0,1689
10481,11.26698,80.00361,2026-07-20,1.54,619
10482,11.27041,80.00419,2026-07-20,1.54,619
10483,11.62482,79.27104,2026-07-20,3.49,-1
10484,11.99332,79.00209,2026-07-20,1.52,-1
10485,27.59517,68.40201,2026-07-20,0.8,-1
10486,28.23427,68.0573,2026-07-20,1.11,-1
10487,6.87745,81.57601,2026-07-21,12.93,987
10488,7.11957,81.82388,2026-07-21,4.41,627
10489,7.12131,81.82024,2026-07-21,7.11,627
10490,9.45786,78.62679,2026-07-21,3.77,1693
10491,9.4586,78.62737,2026-07-21,3.84,1693
10492,9.54116,78.7685,2026-07-21,11.88,1694
10493,9.54182,78.77206,2026-07-21,11.88,1694
10494,9.54248,78.77563,2026-07-21,17.56,1694
10495,9.54728,78.77107,2026-07-21,11.88,1694
10496,9.54794,78.77464,2026-07-21,17.56,1694
10497,12.13372,77.06586,2026-07-21,6.15,-1
10498,15.46109,80.16556,2026-07-21,4.77,1025
10499,15.46267,80.16653,2026-07-21,5.97,1025
10500,23.73733,86.4358,2026-07-21,5.57,531
10501,29.88006,72.34814,2026-07-21,3.01,-1
10502,30.06366,73.24711,2026-07-21,8.65,-1
10503,30.18739,73.00787,2026-07-21,2.13,-1
10504,30.56271,72.05913,2026-07-21,7.11,-1
10505,28.06035,69.14066,2026-07-21,3.34,-1
10506,35.98952,94.83009,2026-07-21,1.41,698
10507,28.66147,77.57709,2026-07-21,1.06,14
10508,28.66513,77.57671,2026-07-21,1.8,14
10509,29.08538,88.01153,2026-07-21,0.87,1208
10510,23.484,87.36176,2026-07-21,1.69,1427
10511,12.74624,77.61856,2026-07-21,0.85,807
10512,13.29847,78.88514,2026-07-21,0.6,-1
10513,17.61091,83.20271,2026-07-21,0.5,135
10514,6.63734,80.80515,2026-07-21,0.62,-1
10515,6.74456,81.39413,2026-07-21,0.88,283
10516,6.82945,80.9402,2026-07-21,1.48,1695
10517,6.83,80.93671,2026-07-21,2.91,1695
10518,6.8372,80.93431,2026-07-21,0.72,1695
10519,6.85339,81.5647,2026-07-21,0.7,1368
10520,7.03579,81.41565,2026-07-21,0.9,-1
10521,7.1917,81.17561,2026-07-21,1.31,1378
10522,7.19392,81.18323,2026-07-21,1.1,1378
10523,7.19503,81.17616,2026-07-21,1.31,1378
10524,7.20058,81.18427,2026-07-21,1.08,1378
10525,7.20113,81.18076,2026-07-21,1.93,1378
10526,7.23955,81.28335,2026-07-21,1.5,-1
10527,7.32562,80.86584,2026-07-21,0.82,1696
10528,7.32897,80.8663,2026-07-21,1.94,1696
10529,7.3295,80.86292,2026-07-21,1.3,1696
10530,7.98758,79.86589,2026-07-21,1.37,1433
10531,10.61256,77.49836,2026-07-21,0.4,805
10532,10.61532,77.42051,2026-07-21,0.5,804
10533,7.19035,81.75748,2026-07-22,4.46,1320
10534,7.19228,81.75621,2026-07-22,4.12,1320
10535,7.19671,81.75636,2026-07-22,3.57,1320
10536,7.19864,81.75513,2026-07-22,1.55,1320
10537,7.5165,81.24504,2026-07-22,3.33,1697
10538,7.52003,81.19276,2026-07-22,5.92,1535
10539,7.52045,81.18983,2026-07-22,6.04,1535
10540,7.52658,81.19163,2026-07-22,5.92,1535
10541,7.527,81.18865,2026-07-22,6.04,1535
10542,9.61574,80.34721,2026-07-22,1.87,-1
10543,23.90411,96.32446,2026-07-22,4.45,-1
10544,6.70873,80.85276,2026-07-22,4.01,-1
10545,8.62434,77.78712,2026-07-22,2.92,1698
10546,8.62484,77.79086,2026-07-22,7.21,1698
10547,8.62754,77.78538,2026-07-22,3.76,1698
10548,8.62802,77.78912,2026-07-22,9.48,1698
10549,8.62995,77.78645,2026-07-22,2.92,1698
10550,8.76218,77.69276,2026-07-22,4.78,1520
10551,35.99244,94.82929,2026-07-22,1.08,698
10552,22.35536,96.70344,2026-07-22,0.97,1417
10553,23.75755,86.40247,2026-07-22,1.2,585
10554,23.76131,86.40308,2026-07-22,1.2,585
10555,23.76471,86.40529,2026-07-22,1.09,585
10556,23.76508,86.40367,2026-07-22,1.81,585
10557,23.76534,86.40031,2026-07-22,0.92,585
10558,23.76847,86.40588,2026-07-22,1.09,585
10559,23.76884,86.40425,2026-07-22,1.81,585
10560,23.7691,86.4009,2026-07-22,0.92,585
10561,23.77352,86.36621,2026-07-22,0.9,712
10562,23.77411,86.36466,2026-07-22,1.53,712
10563,23.77415,86.36121,2026-07-22,0.91,712
10564,23.77834,86.39065,2026-07-22,0.67,713
10565,23.77852,86.3873,2026-07-22,1.39,713
10566,23.82235,84.57365,2026-07-22,1.34,784
10567,23.82284,84.56946,2026-07-22,1.34,784
10568,26.63897,79.47527,2026-07-22,1.19,129
10569,26.64495,79.47585,2026-07-22,1.19,129
10570,19.09634,82.16804,2026-07-22,1.17,19
10571,28.71034,76.85629,2026-07-22,1.0,-1
10572,8.35429,81.30424,2026-07-22,2.08,1699
10573,8.35484,81.30036,2026-07-22,3.74,1699
10574,9.22561,80.67407,2026-07-22,1.11,665
10575,15.02532,78.01366,2026-07-22,0.98,541
10576,15.11372,80.01838,2026-07-22,1.0,-1
10577,6.8862,80.84126,2026-07-22,1.06,-1
10578,6.93373,80.83585,2026-07-22,1.1,1700
10579,6.93803,80.83606,2026-07-22,1.78,1700
10580,6.93895,80.82978,2026-07-22,1.05,1700
10581,6.93944,80.82641,2026-07-22,1.05,1700
10582,6.94328,80.82977,2026-07-22,1.05,1700
10583,6.94713,81.62669,2026-07-22,2.11,1701
10584,7.18873,81.18666,2026-07-22,1.61,1378
10585,7.1928,81.18794,2026-07-22,2.04,1378
10586,7.19334,81.18417,2026-07-22,2.04,1378
10587,7.19691,81.18891,2026-07-22,2.04,1378
10588,7.352,81.23986,2026-07-22,2.35,1430
10589,7.68464,80.72226,2026-07-22,1.52,1702
10590,27.66849,76.13383,2026-07-22,0.7,205
10591,27.66928,76.13039,2026-07-22,0.9,205
10592,27.81458,68.56333,2026-07-22,0.43,-1
10593,15.17627,77.09908,2026-07-22,1.71,727
10594,15.17708,77.10023,2026-07-22,2.11,727
10595,21.92758,95.21374,2026-07-23,1.89,-1
10596,22.10042,95.90124,2026-07-23,6.04,-1
10597,22.10207,95.91257,2026-07-23,3.06,-1
10598,23.70821,96.22958,2026-07-23,2.23,-1
10599,24.05978,96.50034,2026-07-23,5.7,-1
10600,24.15282,96.59795,2026-07-23,8.18,-1
10601,36.78861,93.39333,2026-07-23,0.99,1703
10602,36.78922,93.398,2026-07-23,0.99,1703
10603,36.78984,93.40267,2026-07-23,0.67,1703
10604,36.79204,93.39265,2026-07-23,0.99,1703
10605,36.79266,93.39732,2026-07-23,0.99,1703
10606,36.79327,93.40199,2026-07-23,0.67,1703
10607,36.79547,93.39196,2026-07-23,2.37,1703
10608,6.80565,81.51917,2026-07-23,5.07,937
10609,6.85208,81.77924,2026-07-23,3.04,-1
10610,6.94388,81.63197,2026-07-23,9.14,1701
10611,7.18467,81.75263,2026-07-23,2.35,1320
10612,7.18597,81.76203,2026-07-23,3.68,1320
10613,7.35874,81.29519,2026-07-23,2.92,739
10614,7.36052,81.29617,2026-07-23,2.12,739
10615,7.36771,81.32391,2026-07-23,2.83,-1
10616,7.51031,81.24462,2026-07-23,16.94,1697
10617,7.51457,81.23818,2026-07-23,16.94,1697
10618,7.51535,81.24389,2026-07-23,16.94,1697
10619,7.55454,81.26694,2026-07-23,1.77,1566
10620,7.99709,81.22731,2026-07-23,1.98,-1
10621,8.75839,78.18192,2026-07-23,6.29,1541
10622,8.75995,78.18253,2026-07-23,3.79,1541
10623,8.83569,77.65315,2026-07-23,2.27,-1
10624,9.02358,78.04476,2026-07-23,3.0,-1
10625,9.04247,78.23987,2026-07-23,1.39,-1
10626,9.07191,77.80376,2026-07-23,6.25,-1
10627,9.12108,77.88631,2026-07-23,4.6,-1
10628,9.22084,77.77129,2026-07-23,9.03,1704
10629,9.22492,77.77073,2026-07-23,10.59,1704
10630,9.2478,78.51723,2026-07-23,1.0,-1
10631,9.2689,77.47028,2026-07-23,6.16,-1
10632,9.30218,78.09783,2026-07-23,10.42,1705
10633,9.30635,78.09724,2026-07-23,10.42,1705
10634,9.37534,77.57722,2026-07-23,1.99,-1
10635,11.43772,77.28219,2026-07-23,1.61,-1
10636,12.16714,77.35521,2026-07-23,5.2,-1
10637,12.34391,76.98788,2026-07-23,1.68,-1
10638,12.67344,79.98261,2026-07-23,5.3,-1
10639,12.98165,79.26957,2026-07-23,6.37,1706
10640,12.98173,79.2668,2026-07-23,7.93,1706
10641,13.19946,80.29171,2026-07-23,1.69,1707
10642,13.20152,80.29202,2026-07-23,3.96,1707
10643,13.41916,80.11427,2026-07-23,1.87,-1
10644,14.50444,79.57254,2026-07-23,3.69,-1
10645,14.79391,79.6976,2026-07-23,18.26,-1
10646,15.34883,79.76283,2026-07-23,2.77,-1
10647,15.82534,80.06384,2026-07-23,6.01,1708
10648,15.82563,80.06254,2026-07-23,6.48,1708
10649,15.82599,80.06583,2026-07-23,7.25,1708
10650,16.03826,80.022,2026-07-23,2.16,1709
10651,16.0385,80.02033,2026-07-23,1.92,1709
10652,27.33779,70.41145,2026-07-23,10.32,-1
10653,28.98049,71.05502,2026-07-23,3.82,-1
10654,29.5795,72.13531,2026-07-23,2.38,1710
10655,29.66572,72.176,2026-07-23,5.39,1685
10656,29.72292,70.8297,2026-07-23,5.19,-1
10657,29.73502,71.9908,2026-07-23,3.67,-1
10658,29.75451,72.27988,2026-07-23,4.84,-1
10659,29.75894,72.25176,2026-07-23,5.52,-1
10660,29.77621,72.26557,2026-07-23,9.94,1244
10661,29.77752,72.26281,2026-07-23,7.7,1244
10662,29.77814,72.26821,2026-07-23,10.86,1244
10663,29.99867,72.80891,2026-07-23,2.77,-1
10664,30.43141,71.9245,2026-07-23,7.21,-1
10665,33.20577,70.47794,2026-07-23,6.57,1003
10666,33.20634,70.47561,2026-07-23,7.23,1003
10667,27.31842,95.26553,2026-07-23,2.35,401
10668,27.37815,95.33618,2026-07-23,1.06,99
10669,27.37874,95.33226,2026-07-23,1.06,99
10670,27.46193,95.47674,2026-07-23,1.1,402
10671,23.83777,84.94666,2026-07-23,0.61,-1
10672,24.27999,91.38542,2026-07-23,1.33,1310
10673,17.61269,83.20255,2026-07-23,0.48,135
10674,6.59826,81.26197,2026-07-23,0.73,1207
10675,6.60083,81.25937,2026-07-23,0.81,1207
10676,6.77085,80.82979,2026-07-23,0.88,1711
10677,6.77682,80.8299,2026-07-23,0.88,1711
10678,6.91306,81.17121,2026-07-23,0.85,1712
10679,6.91347,81.17299,2026-07-23,1.01,1712
10680,7.19041,80.70736,2026-07-23,0.25,-1
10681,8.59833,78.12394,2026-07-23,1.61,-1
10682,8.75791,78.17783,2026-07-23,0.78,1541
10683,32.57362,72.5653,2026-07-23,0.97,498
10684,32.72265,72.92538,2026-07-23,0.41,241
10685,32.72549,73.13836,2026-07-23,1.51,-1
10686,32.82825,71.60221,2026-07-23,2.45,1614
10687,32.88788,71.61497,2026-07-23,1.93,165
10688,33.68776,72.71284,2026-07-23,1.32,513
10689,28.42503,69.70135,2026-07-23,0.93,206
10690,28.74357,76.92528,2026-07-23,1.25,142
10691,28.92535,78.86118,2026-07-23,24.44,-1
10692,15.96356,80.93718,2026-07-23,1.57,1713
10693,15.96499,80.93744,2026-07-23,3.89,1713
10694,17.70737,83.20943,2026-07-23,2.6,1714
10695,17.71089,83.21264,2026-07-23,3.02,1714
10696,25.43198,92.97305,2026-07-24,2.94,-1
10697,29.08274,88.01346,2026-07-24,2.91,1208
10698,29.662,91.09743,2026-07-24,5.07,-1
10699,29.70165,91.11971,2026-07-24,5.34,1384
10700,30.55894,96.95905,2026-07-24,1.29,-1
10701,6.48837,81.11826,2026-07-24,3.87,-1
10702,6.52176,81.11407,2026-07-24,1.07,1209
10703,6.57738,81.14003,2026-07-24,5.35,-1
10704,6.62997,80.71651,2026-07-24,8.54,-1
10705,6.72045,80.89485,2026-07-24,5.31,1715
10706,6.72402,80.89422,2026-07-24,9.4,1715
10707,6.74193,81.39944,2026-07-24,2.55,283
10708,6.76282,81.48987,2026-07-24,3.63,-1
10709,6.81672,81.42989,2026-07-24,4.58,1716
10710,6.82042,81.42943,2026-07-24,4.58,1716
10711,6.8296,80.95567,2026-07-24,3.0,1636
10712,6.95106,80.18589,2026-07-24,2.84,-1
10713,6.96421,81.62643,2026-07-24,12.0,1717
10714,6.96795,81.6259,2026-07-24,4.17,1717
10715,6.97368,81.07737,2026-07-24,2.64,1718
10716,6.97376,81.56111,2026-07-24,6.77,-1
10717,6.97735,81.07713,2026-07-24,2.64,1718
10718,7.02181,81.40991,2026-07-24,4.4,-1
10719,7.10413,80.75703,2026-07-24,1.66,-1
10720,7.12482,81.01981,2026-07-24,5.0,-1
10721,7.15965,81.78175,2026-07-24,4.25,1584
10722,7.16013,81.78042,2026-07-24,5.61,1584
10723,7.22859,81.2448,2026-07-24,2.8,1558
10724,7.24185,80.82436,2026-07-24,11.62,-1
10725,7.33781,81.41362,2026-07-24,2.5,-1
10726,7.37145,81.35811,2026-07-24,2.11,-1
10727,7.40982,81.33607,2026-07-24,5.63,1719
10728,7.41219,81.33686,2026-07-24,4.53,1719
10729,7.42875,81.29411,2026-07-24,13.64,1411
10730,7.44402,81.45377,2026-07-24,3.98,-1
10731,7.46801,80.99911,2026-07-24,9.74,1074
10732,7.47079,81.1949,2026-07-24,4.43,-1
10733,7.47155,80.99905,2026-07-24,9.86,1074
10734,7.47165,80.99855,2026-07-24,9.74,1074
10735,7.4717,81.2524,2026-07-24,4.29,-1
10736,7.49223,81.39274,2026-07-24,3.15,1054
10737,7.50753,81.1461,2026-07-24,3.65,-1
10738,7.50824,81.22991,2026-07-24,30.6,1697
10739,7.50887,81.23431,2026-07-24,4.95,1697
10740,7.50904,81.58691,2026-07-24,6.03,-1
10741,7.50968,81.22906,2026-07-24,29.19,1697
10742,7.51033,81.23344,2026-07-24,12.85,1697
10743,7.51194,81.22942,2026-07-24,28.97,1697
10744,7.51256,81.23377,2026-07-24,8.38,1697
10745,7.51337,81.22854,2026-07-24,29.19,1697
10746,7.51402,81.2329,2026-07-24,12.85,1697
10747,7.51562,81.22887,2026-07-24,28.97,1697
10748,7.52004,81.28622,2026-07-24,2.2,-1
10749,7.56667,80.83149,2026-07-24,4.46,-1
10750,7.58754,81.57207,2026-07-24,3.71,-1
10751,7.61624,81.63783,2026-07-24,2.79,1720
10752,7.62001,81.6373,2026-07-24,2.79,1720
10753,7.62956,81.64996,2026-07-24,3.72,-1
10754,7.64088,81.56915,2026-07-24,2.65,1568
10755,7.64596,79.81832,2026-07-24,1.31,-1
10756,7.69859,80.66898,2026-07-24,5.96,-1
10757,7.72666,81.22313,2026-07-24,5.13,1721
10758,7.72811,81.2215,2026-07-24,11.1,1721
10759,7.72972,81.21819,2026-07-24,9.26,1721
10760,7.73035,81.22257,2026-07-24,5.13,1721
10761,7.73099,81.52523,2026-07-24,3.56,1664
10762,7.73342,81.21767,2026-07-24,6.36,1721
10763,7.76373,81.53905,2026-07-24,4.29,1594
10764,7.76406,81.54079,2026-07-24,4.83,1594
10765,8.11884,80.22372,2026-07-24,2.53,-1
10766,8.27043,80.53904,2026-07-24,7.05,1722
10767,8.27189,80.53917,2026-07-24,10.89,1722
10768,8.35279,81.30163,2026-07-24,7.81,1699
10769,8.47279,80.16,2026-07-24,2.26,1082
10770,8.53839,80.7916,2026-07-24,3.95,1194
10771,8.60631,80.25991,2026-07-24,3.61,-1
10772,8.61075,78.0201,2026-07-24,3.17,-1
10773,8.61782,77.95454,2026-07-24,8.05,1447
10774,8.66097,80.38425,2026-07-24,5.9,-1
10775,8.66478,81.14608,2026-07-24,3.13,1266
10776,8.66808,80.35825,2026-07-24,2.64,1465
10777,8.67269,78.09673,2026-07-24,2.48,-1
10778,8.70154,80.32458,2026-07-24,1.59,-1
10779,8.70443,80.36985,2026-07-24,3.59,-1
10780,8.72692,80.55143,2026-07-24,3.42,-1
10781,8.72783,77.36877,2026-07-24,5.21,-1
10782,8.76761,80.3772,2026-07-24,7.76,1723
10783,8.77119,80.37666,2026-07-24,6.57,1723
10784,8.81372,77.97733,2026-07-24,16.7,-1
10785,8.81493,80.06245,2026-07-24,6.28,-1
10786,8.84854,80.90269,2026-07-24,6.11,1481
10787,8.86807,78.15605,2026-07-24,6.87,1215
10788,8.87846,78.08958,2026-07-24,7.14,1680
10789,8.9351,80.14677,2026-07-24,2.64,-1
10790,8.94032,80.38223,2026-07-24,2.58,893
10791,8.94914,77.84123,2026-07-24,4.83,-1
10792,9.13713,77.96883,2026-07-24,12.82,-1
10793,9.13898,80.67506,2026-07-24,3.85,-1
10794,9.247,77.60338,2026-07-24,6.22,-1
10795,9.26605,79.06191,2026-07-24,7.21,-1
10796,9.31198,80.22139,2026-07-24,2.47,-1
10797,9.36788,78.71719,2026-07-24,5.8,-1
10798,9.39855,77.5326,2026-07-24,16.75,-1
10799,9.42289,77.71505,2026-07-24,12.71,-1
10800,9.42739,78.55258,2026-07-24,6.28,-1
10801,9.43342,78.82613,2026-07-24,4.3,-1
10802,9.458,78.68839,2026-07-24,5.77,1301
10803,9.47744,78.03043,2026-07-24,12.92,-1
10804,9.48597,78.08695,2026-07-24,8.43,-1
10805,9.49454,78.58665,2026-07-24,8.39,1526
10806,9.49535,78.58585,2026-07-24,10.41,1526
10807,9.4967,78.71597,2026-07-24,7.01,-1
10808,9.52567,78.32798,2026-07-24,8.54,1724
10809,9.53733,78.52048,2026-07-24,7.58,1483
10810,9.72999,77.35467,2026-07-24,4.13,-1
10811,9.73117,78.23415,2026-07-24,11.26,-1
10812,9.80689,78.36104,2026-07-24,2.97,-1
10813,9.84783,78.06303,2026-07-24,2.58,-1
10814,9.85525,78.22561,2026-07-24,4.74,-1
10815,9.87134,77.70849,2026-07-24,3.91,-1
10816,9.89849,78.06915,2026-07-24,6.09,-1
10817,9.94998,78.64573,2026-07-24,5.05,-1
10818,10.00549,78.03773,2026-07-24,5.54,1485
10819,10.00883,78.03722,2026-07-24,5.58,1485
10820,10.01349,78.09101,2026-07-24,3.11,1145
10821,10.02995,77.95058,2026-07-24,2.05,-1
10822,10.03784,78.02551,2026-07-24,5.79,-1
10823,10.19416,77.27584,2026-07-24,15.68,1630
10824,10.28285,78.82413,2026-07-24,4.26,-1
10825,10.34789,77.17265,2026-07-24,3.36,1725
10826,10.35121,77.17213,2026-07-24,2.96,1725
10827,10.38708,79.22437,2026-07-24,4.1,1726
10828,10.39054,79.22385,2026-07-24,4.1,1726
10829,10.41716,77.5604,2026-07-24,4.18,-1
10830,10.42837,77.37106,2026-07-24,4.13,-1
10831,10.65981,77.15834,2026-07-24,2.06,-1
10832,10.67069,79.61633,2026-07-24,3.44,1727
10833,10.67364,79.61184,2026-07-24,5.43,1727
10834,10.80428,79.6702,2026-07-24,3.45,-1
10835,10.80448,78.6274,2026-07-24,5.96,-1
10836,10.84654,78.79582,2026-07-24,2.75,1728
10837,10.84708,78.79957,2026-07-24,2.75,1728
10838,10.90938,79.82526,2026-07-24,3.46,-1
10839,11.01471,77.62794,2026-07-24,6.21,-1
10840,11.23178,78.38319,2026-07-24,2.8,-1
10841,11.39055,79.72801,2026-07-24,6.47,1729
10842,11.39208,79.72757,2026-07-24,5.59,1729
10843,11.47362,79.22565,2026-07-24,3.1,-1
10844,11.58556,78.77619,2026-07-24,5.58,-1
10845,11.70297,78.74607,2026-07-24,7.09,-1
10846,11.72358,78.74298,2026-07-24,3.09,-1
10847,11.74709,78.71194,2026-07-24,3.63,-1
10848,12.93804,79.10506,2026-07-24,3.64,-1
10849,13.25182,78.5679,2026-07-24,10.37,-1
10850,14.26823,77.20443,2026-07-24,3.33,-1
10851,17.05752,81.80788,2026-07-24,2.67,-1
10852,18.30467,78.66856,2026-07-24,7.06,1730
10853,18.30893,78.67248,2026-07-24,3.08,1730
10854,18.71929,76.37981,2026-07-24,4.07,-1
10855,18.96643,76.21732,2026-07-24,2.38,-1
10856,22.35982,82.30302,2026-07-24,7.52,198
10857,23.73656,86.43629,2026-07-24,8.6,531
10858,26.64354,79.48151,2026-07-24,4.01,129
10859,30.50584,73.81229,2026-07-24,2.6,1731
10860,30.50923,73.81166,2026-07-24,5.81,1731
10861,30.72807,73.80727,2026-07-24,2.71,1732
10862,30.72849,73.80787,2026-07-24,3.5,1732
10863,30.85359,75.53551,2026-07-24,2.44,1733
10864,30.85431,75.53709,2026-07-24,3.83,1733
10865,31.31094,75.34057,2026-07-24,3.18,1734
10866,31.31453,75.33996,2026-07-24,3.18,1734
10867,32.33017,72.57377,2026-07-24,6.15,-1
10868,22.4739,91.73549,2026-07-24,0.88,1154
10869,25.54011,91.23563,2026-07-24,0.79,590
10870,25.5434,91.23455,2026-07-24,1.39,590
10871,25.54527,91.2362,2026-07-24,0.79,590
10872,27.37656,95.08633,2026-07-24,0.92,1029
10873,29.26314,91.92422,2026-07-24,0.74,1492
10874,27.37768,77.68481,2026-07-24,2.5,-1
10875,28.77386,77.56726,2026-07-24,2.59,160
10876,29.12566,75.77786,2026-07-24,2.4,500
10877,33.27764,72.14357,2026-07-24,1.2,-1
10878,33.29638,71.18298,2026-07-24,1.89,172
10879,12.74686,77.61757,2026-07-24,0.49,807
10880,13.71024,79.61844,2026-07-24,3.03,808
10881,15.02146,78.01525,2026-07-24,0.75,541
10882,15.02554,78.01601,2026-07-24,0.75,541
10883,18.71701,79.53811,2026-07-24,0.88,794
10884,18.72121,79.53894,2026-07-24,0.88,794
10885,18.72199,79.53487,2026-07-24,0.88,794
10886,21.2331,79.62864,2026-07-24,0.8,961
10887,22.35543,82.29885,2026-07-24,3.33,198
10888,22.35792,82.30394,2026-07-24,4.4,198
10889,22.35896,82.30521,2026-07-24,3.28,198
10890,22.35901,82.29864,2026-07-24,4.4,198
10891,22.36008,82.29993,2026-07-24,3.33,198
10892,22.36367,82.29972,2026-07-24,0.96,198
10893,23.98989,79.39357,2026-07-24,0.8,1578
10894,24.05307,80.61401,2026-07-24,0.63,-1
10895,24.16793,80.69418,2026-07-24,1.64,1647
10896,26.87887,73.5134,2026-07-24,3.92,204
10897,6.70236,81.59518,2026-07-24,1.65,-1
10898,7.13006,80.72771,2026-07-24,1.51,-1
10899,7.24736,81.13309,2026-07-24,1.97,-1
10900,7.79546,80.49115,2026-07-24,1.12,1631
10901,7.80092,80.49208,2026-07-24,1.12,1631
10902,8.57124,78.07296,2026-07-24,1.59,-1
10903,8.67019,77.99132,2026-07-24,0.78,1166
10904,9.20877,77.49895,2026-07-24,1.67,1494
10905,10.27937,77.44356,2026-07-24,0.7,-1
10906,10.98197,78.15816,2026-07-24,3.1,1735
10907,10.98564,78.15651,2026-07-24,1.26,1735
10908,10.98638,78.15899,2026-07-24,1.27,1735
10909,11.69529,78.85291,2026-07-24,3.2,-1
10910,11.81571,77.91763,2026-07-24,1.16,1018
10911,17.14729,78.22311,2026-07-24,0.44,-1
10912,18.5756,72.24132,2026-07-24,2.05,616
10913,18.57895,72.24188,2026-07-24,2.05,616
10914,36.99879,80.18955,2026-07-16,0.67,407
10915,18.687,73.03345,2026-07-16,2.13,223
10916,22.60993,85.91341,2026-07-16,0.83,925
10917,22.87362,88.21392,2026-07-16,1.61,1613
10918,23.66844,86.09177,2026-07-16,1.59,20
10919,23.67631,86.08523,2026-07-16,1.56,20
10920,23.67966,86.08582,2026-07-16,1.56,20
10921,23.6836,86.08253,2026-07-16,1.86,20
10922,23.69482,86.07656,2026-07-16,1.06,20
10923,23.69818,86.07716,2026-07-16,1.16,20
10924,23.74455,85.50565,2026-07-16,2.01,1364
10925,23.77311,85.99786,2026-07-16,1.92,1203
10926,23.77705,85.99458,2026-07-16,1.67,1203
10927,23.78004,85.57303,2026-07-16,1.81,1329
10928,23.78344,85.57362,2026-07-16,1.81,1329
10929,23.82266,85.49324,2026-07-16,2.49,783
10930,23.8255,85.49783,2026-07-16,2.75,783
10931,10.61666,77.4189,2026-07-16,0.78,804
10932,10.61697,77.42113,2026-07-16,0.69,804
10933,12.64747,77.9019,2026-07-16,0.62,1736
10934,12.65199,77.9026,2026-07-16,0.62,1736
10935,12.74498,77.61798,2026-07-16,2.67,807
10936,6.36808,81.09598,2026-07-16,0.88,-1
10937,6.72905,81.06881,2026-07-16,0.83,1317
10938,6.81401,81.05591,2026-07-16,1.52,1737
10939,6.81695,81.05994,2026-07-16,1.52,1737
10940,6.81754,81.05616,2026-07-16,1.52,1737
10941,6.8199,81.0639,2026-07-16,0.73,1737
10942,6.85556,81.12044,2026-07-16,0.49,-1
10943,7.05354,80.76323,2026-07-16,1.76,1738
10944,7.05708,80.76373,2026-07-16,1.76,1738
10945,7.53529,81.19795,2026-07-16,0.96,1535
10946,8.06025,81.27451,2026-07-16,1.14,-1
10947,8.85129,78.13445,2026-07-16,1.15,-1
10948,8.88754,80.55772,2026-07-16,1.45,-1
10949,9.20688,77.29968,2026-07-16,24.73,1739
10950,9.20743,77.29573,2026-07-16,19.3,1739
10951,9.21078,77.30449,2026-07-16,3.07,1739
10952,9.21132,77.30069,2026-07-16,3.07,1739
10953,9.21237,77.29327,2026-07-16,10.01,1739
10954,9.2169,77.29372,2026-07-16,10.01,1739
10955,9.21739,77.29026,2026-07-16,5.83,1739
10956,9.22041,77.30135,2026-07-16,3.48,1739
10957,9.22094,77.29756,2026-07-16,4.91,1739
10958,9.22388,77.30915,2026-07-16,5.86,1739
10959,9.22442,77.3054,2026-07-16,3.48,1739
10960,9.22495,77.30166,2026-07-16,3.48,1739
10961,9.22548,77.29791,2026-07-16,4.91,1739
10962,9.22585,77.30701,2026-07-16,9.13,1739
10963,9.22601,77.29424,2026-07-16,4.91,1739
10964,9.22636,77.30325,2026-07-16,5.88,1739
10965,9.22687,77.2995,2026-07-16,5.88,1739
10966,9.22738,77.29577,2026-07-16,8.03,1739
10967,9.2284,77.30962,2026-07-16,3.69,1739
10968,9.22949,77.30202,2026-07-16,11.29,1739
10969,9.23003,77.29824,2026-07-16,10.08,1739
10970,9.23141,77.29986,2026-07-16,5.88,1739
10971,36.99781,80.19159,2026-07-16,1.37,407
10972,28.42743,69.70058,2026-07-16,1.47,206
10973,29.85906,68.26806,2026-07-16,2.77,1740
10974,29.86094,68.27856,2026-07-16,3.15,1740
10975,29.8619,68.27361,2026-07-16,3.36,1740
10976,29.86371,68.26427,2026-07-16,2.16,1740
10977,29.91152,74.95273,2026-07-16,1.13,21
10978,29.91254,74.94865,2026-07-16,1.13,21
10979,32.10902,74.18041,2026-07-16,0.88,917
10980,32.10982,74.17706,2026-07-16,1.3,917
10981,32.29468,70.73032,2026-07-16,1.7,86
10982,32.88779,71.61594,2026-07-16,4.63,165
10983,34.43663,72.5882,2026-07-16,3.64,-1
10984,21.10338,72.63354,2026-07-16,1.02,65
10985,21.10423,72.63415,2026-07-16,0.68,65
10986,21.10608,72.64803,2026-07-16,2.0,65
10987,21.10709,72.6437,2026-07-16,3.84,65
10988,21.108,72.64435,2026-07-16,2.96,65
10989,23.49761,68.57831,2026-07-16,2.17,723
10990,24.69148,73.0022,2026-07-16,0.71,193
10991,24.81998,73.09123,2026-07-16,0.59,529
10992,24.82027,73.09111,2026-07-16,0.78,529
10993,25.2928,68.41624,2026-07-16,0.56,-1
10994,25.38745,68.58328,2026-07-16,0.68,195
10995,6.62337,81.25171,2026-07-17,23.26,1316
10996,6.62473,81.25899,2026-07-17,21.62,1316
10997,6.6249,81.24995,2026-07-17,22.3,1316
10998,6.62629,81.25719,2026-07-17,22.3,1316
10999,6.63061,81.25043,2026-07-17,9.54,1316
11000,7.53116,81.19807,2026-07-17,10.42,1535
11001,14.07075,79.14064,2026-07-17,5.58,1741
11002,14.07253,79.13901,2026-07-17,14.56,1741
11003,14.07788,79.13882,2026-07-17,9.84,1741
11004,29.55605,90.99005,2026-07-17,6.42,249
11005,29.62709,90.96883,2026-07-17,4.27,-1
11006,29.63914,91.02885,2026-07-17,5.72,-1
11007,6.6234,80.73554,2026-07-17,4.28,-1
11008,6.70336,81.22245,2026-07-17,13.1,617
11009,6.70397,81.22865,2026-07-17,13.99,617
11010,6.70459,81.23338,2026-07-17,18.53,617
11011,6.70468,81.23195,2026-07-17,20.3,617
11012,6.70522,81.23813,2026-07-17,18.53,617
11013,6.70533,81.23669,2026-07-17,20.3,617
11014,6.71075,81.23253,2026-07-17,13.59,617
11015,6.71083,81.23111,2026-07-17,20.3,617
11016,6.71137,81.23724,2026-07-17,13.59,617
11017,6.71148,81.23581,2026-07-17,20.3,617
11018,6.71214,81.24052,2026-07-17,23.57,617
11019,6.7169,81.23167,2026-07-17,13.59,617
11020,6.71752,81.2364,2026-07-17,13.59,617
11021,6.87796,81.60595,2026-07-17,1.8,1352
11022,6.98807,81.63938,2026-07-17,5.23,-1
11023,7.42462,81.27885,2026-07-17,11.08,1742
11024,7.42525,81.28382,2026-07-17,11.08,1742
11025,7.42762,81.28281,2026-07-17,20.21,1742
11026,7.4328,81.14552,2026-07-17,2.29,1504
11027,7.4342,81.14468,2026-07-17,2.34,1504
11028,7.48689,81.22207,2026-07-17,3.65,597
11029,7.52734,81.20441,2026-07-17,19.12,1535
11030,7.52851,81.20244,2026-07-17,15.34,1535
11031,7.53406,81.19674,2026-07-17,3.61,1535
11032,7.53914,81.19793,2026-07-17,4.15,1535
11033,7.54029,81.19606,2026-07-17,3.61,1535
11034,8.69115,80.3499,2026-07-17,18.17,881
11035,8.69407,80.34987,2026-07-17,24.8,881
11036,8.69462,80.35426,2026-07-17,24.8,881
11037,8.69713,80.34921,2026-07-17,18.17,881
11038,8.69771,80.35358,2026-07-17,18.17,881
11039,9.04278,80.11829,2026-07-17,9.06,-1
11040,9.16049,80.16263,2026-07-17,3.26,-1
11041,9.44871,78.6729,2026-07-17,2.87,-1
11042,9.49787,78.58649,2026-07-17,5.65,1526
11043,13.86944,77.54027,2026-07-17,3.46,1743
11044,13.87338,77.54034,2026-07-17,3.79,1743
11045,14.26584,77.57398,2026-07-17,2.6,-1
11046,14.30766,77.43884,2026-07-17,4.07,1744
11047,14.30805,77.44221,2026-07-17,4.07,1744
11048,14.34031,77.21676,2026-07-17,3.96,1745
11049,14.34069,77.21999,2026-07-17,5.26,1745
11050,15.71394,76.64983,2026-07-17,2.48,-1
11051,23.26372,68.74909,2026-07-17,3.81,-1
11052,23.45904,68.86655,2026-07-17,3.22,1746
11053,23.45962,68.87083,2026-07-17,3.22,1746
11054,23.51279,69.26447,2026-07-17,3.39,669
11055,24.3357,68.05937,2026-07-17,3.35,1657
11056,24.45372,68.31278,2026-07-17,5.5,1542
11057,25.19682,68.30801,2026-07-17,5.11,-1
11058,27.05003,70.78942,2026-07-17,6.05,1747
11059,27.05102,70.78933,2026-07-17,6.5,1747
11060,27.43947,70.62661,2026-07-17,3.36,1748
11061,27.44353,70.62605,2026-07-17,27.15,1748
11062,27.44399,70.63004,2026-07-17,41.69,1748
11063,28.42771,68.41221,2026-07-17,10.81,-1
11064,29.3821,71.33408,2026-07-17,2.53,-1
11065,29.38948,71.58585,2026-07-17,1.34,-1
11066,29.50639,71.6973,2026-07-17,4.58,1749
11067,29.50687,71.70228,2026-07-17,3.39,1749
11068,29.51132,71.70171,2026-07-17,3.39,1749
11069,29.51937,71.98148,2026-07-17,2.6,1750
11070,29.52009,71.98343,2026-07-17,7.49,1750
11071,29.5239,71.98092,2026-07-17,2.6,1750
11072,29.58052,72.13503,2026-07-17,3.03,1710
11073,29.60453,72.28929,2026-07-17,11.0,-1
11074,29.65393,72.31633,2026-07-17,2.96,1751
11075,29.65702,72.31361,2026-07-17,4.5,1751
11076,29.65856,72.31577,2026-07-17,3.93,1751
11077,29.66036,71.85902,2026-07-17,3.44,-1
11078,29.74915,71.20049,2026-07-17,9.13,-1
11079,29.75188,72.37422,2026-07-17,2.81,-1
11080,29.76143,72.34937,2026-07-17,3.0,1752
11081,29.7637,72.35056,2026-07-17,2.86,1752
11082,29.78688,72.2688,2026-07-17,4.08,1244
11083,29.79049,72.25735,2026-07-17,8.21,1244
11084,29.80775,72.70896,2026-07-17,6.28,1753
11085,29.80775,72.71011,2026-07-17,5.18,1753
11086,29.85955,68.28825,2026-07-17,10.74,1740
11087,29.86036,68.28558,2026-07-17,7.24,1740
11088,29.86167,68.26613,2026-07-17,2.36,1740
11089,29.86671,72.08201,2026-07-17,3.68,-1
11090,29.87648,71.61679,2026-07-17,4.29,-1
11091,29.87941,72.47874,2026-07-17,3.92,1754
11092,29.88172,72.47547,2026-07-17,4.81,1754
11093,29.88226,72.48108,2026-07-17,4.81,1754
11094,29.8841,72.47818,2026-07-17,3.92,1754
11095,29.90022,71.37154,2026-07-17,3.93,-1
11096,29.92795,72.75726,2026-07-17,3.35,1755
11097,29.92796,72.75976,2026-07-17,4.88,1755
11098,29.94922,72.41373,2026-07-17,3.71,1756
11099,29.9539,72.41318,2026-07-17,3.71,1756
11100,29.97491,71.45059,2026-07-17,6.31,-1
11101,29.98311,71.8051,2026-07-17,2.41,1757
11102,29.98639,72.506,2026-07-17,20.47,1758
11103,29.98736,72.50309,2026-07-17,13.63,1758
11104,29.98761,71.80453,2026-07-17,6.34,1757
11105,29.98786,72.50876,2026-07-17,13.63,1758
11106,30.00121,73.43816,2026-07-17,4.13,-1
11107,30.26371,73.44594,2026-07-17,4.87,-1
11108,30.47028,73.88473,2026-07-17,3.34,1456
11109,30.5869,73.40097,2026-07-17,5.2,-1
11110,30.60949,73.85471,2026-07-17,2.43,1759
11111,30.61407,73.84721,2026-07-17,13.44,1759
11112,30.94192,73.31087,2026-07-17,3.47,-1
11113,31.033,75.35883,2026-07-17,3.6,-1
11114,31.35174,72.6301,2026-07-17,4.28,-1
11115,31.38181,72.71104,2026-07-17,4.76,-1
11116,31.43855,72.57546,2026-07-17,3.95,-1
11117,31.44362,75.31084,2026-07-17,3.57,-1
11118,31.56106,72.60192,2026-07-17,4.3,-1
11119,32.61906,73.22329,2026-07-17,4.61,-1
11120,22.05131,88.10178,2026-07-17,2.91,-1
11121,22.05552,88.12594,2026-07-17,4.07,518
11122,22.05614,88.12135,2026-07-17,3.48,518
11123,6.74849,81.36114,2026-07-17,0.84,819
11124,6.82294,81.07414,2026-07-17,1.22,-1
11125,6.95871,79.95613,2026-07-17,0.44,718
11126,6.96043,81.14828,2026-07-17,1.34,-1
11127,7.06299,81.41061,2026-07-17,1.66,1649
11128,7.1094,81.37981,2026-07-17,1.82,1760
11129,6.72345,80.85384,2026-07-17,1.27,1761
11130,32.89009,71.61652,2026-07-17,4.34,165
11131,33.3532,71.14253,2026-07-17,1.05,1762
11132,33.35656,71.14323,2026-07-17,1.05,1762
11133,25.38968,68.58178,2026-07-17,1.82,195
11134,25.92177,68.58862,2026-07-17,0.48,-1
11135,27.92033,68.39014,2026-07-17,1.4,-1
11136,28.42537,69.69985,2026-07-17,1.87,206
11137,29.86107,68.25831,2026-07-17,2.07,1740
11138,29.86437,68.25899,2026-07-17,1.86,1740
11139,29.86661,68.288,2026-07-17,1.51,1740
11140,22.93179,69.69843,2026-07-17,1.95,419
11141,35.87931,94.36854,2026-07-18,2.31,-1
11142,6.38096,81.36224,2026-07-18,4.86,-1
11143,6.45595,80.76112,2026-07-18,16.26,427
11144,6.45768,80.76083,2026-07-18,15.88,427
11145,6.56108,80.77666,2026-07-18,2.71,1763
11146,6.56539,80.77602,2026-07-18,5.6,1763
11147,6.72127,80.85799,2026-07-18,6.77,1761
11148,6.82597,81.47437,2026-07-18,5.55,670
11149,6.83632,81.31954,2026-07-18,7.92,-1
11150,6.84116,81.17413,2026-07-18,6.69,1764
11151,6.84302,81.17602,2026-07-18,6.54,1764
11152,6.89224,81.77802,2026-07-18,5.03,-1
11153,7.09031,80.81228,2026-07-18,3.03,-1
11154,7.11106,81.37775,2026-07-18,8.75,1760
11155,7.11556,81.37688,2026-07-18,5.98,1760
11156,7.23321,81.25528,2026-07-18,4.01,1618
11157,7.23381,81.25955,2026-07-18,4.01,1618
11158,7.36241,81.21321,2026-07-18,2.85,-1
11159,7.52525,81.27187,2026-07-18,3.52,-1
11160,8.37097,80.21825,2026-07-18,3.25,863
11161,8.41504,77.55648,2026-07-18,3.74,-1
11162,8.56201,80.62637,2026-07-18,2.93,950
11163,8.60271,78.00349,2026-07-18,3.68,-1
11164,8.7272,77.83305,2026-07-18,3.27,-1
11165,8.75135,78.10223,2026-07-18,3.56,-1
11166,8.75317,80.33288,2026-07-18,5.94,1087
11167,8.76945,77.71753,2026-07-18,12.57,-1
11168,8.81575,80.5247,2026-07-18,4.21,-1
11169,8.81735,77.38127,2026-07-18,2.26,-1
11170,8.85127,78.02077,2026-07-18,7.3,-1
11171,9.01797,80.11431,2026-07-18,3.82,1765
11172,9.02225,80.11375,2026-07-18,4.41,1765
11173,9.07585,77.97345,2026-07-18,3.65,-1
11174,9.09949,77.43114,2026-07-18,4.22,1766
11175,9.10011,77.43537,2026-07-18,4.78,1766
11176,9.10375,77.43484,2026-07-18,4.78,1766
11177,9.10434,77.43622,2026-07-18,2.62,1766
11178,9.18129,78.39294,2026-07-18,3.52,-1
11179,9.22678,77.82117,2026-07-18,4.04,-1
11180,9.24749,77.63526,2026-07-18,3.18,-1
11181,9.33055,77.82093,2026-07-18,4.66,-1
11182,9.34908,77.92345,2026-07-18,2.76,-1
11183,9.39126,77.83606,2026-07-18,7.39,-1
11184,9.49893,77.64961,2026-07-18,6.46,1767
11185,9.50262,77.64908,2026-07-18,3.39,1767
11186,9.50631,77.64854,2026-07-18,3.39,1767
11187,9.52307,78.33055,2026-07-18,6.77,1724
11188,9.77024,78.26685,2026-07-18,3.17,-1
11189,9.79812,78.32645,2026-07-18,10.67,1683
11190,9.80198,78.3259,2026-07-18,10.67,1683
11191,9.83753,77.86456,2026-07-18,6.64,-1
11192,9.9381,77.86986,2026-07-18,5.85,1768
11193,9.93874,77.87442,2026-07-18,5.85,1768
11194,10.04642,78.67165,2026-07-18,3.35,-1
11195,22.92764,70.10865,2026-07-18,6.5,240
11196,22.933,69.6968,2026-07-18,4.79,419
11197,24.44377,71.60102,2026-07-18,4.85,-1
11198,25.39975,75.65563,2026-07-18,3.61,-1
11199,25.41038,73.01453,2026-07-18,10.01,-1
11200,27.36755,70.99345,2026-07-18,11.41,-1
11201,27.58292,72.23726,2026-07-18,8.48,-1
11202,29.42574,71.31022,2026-07-18,5.32,-1
11203,29.48926,71.91408,2026-07-18,2.43,-1
11204,29.49175,71.4072,2026-07-18,2.3,-1
11205,29.50699,71.69997,2026-07-18,3.01,1749
11206,29.51045,71.69936,2026-07-18,3.01,1749
11207,29.55089,71.86723,2026-07-18,2.0,-1
11208,29.68226,72.40494,2026-07-18,8.4,-1
11209,29.68928,72.26251,2026-07-18,2.52,-1
11210,29.69586,72.03886,2026-07-18,11.13,1769
11211,29.69602,72.04007,2026-07-18,18.29,1769
11212,29.69646,72.04336,2026-07-18,11.13,1769
11213,29.70308,71.9838,2026-07-18,4.88,1770
11214,29.70659,71.98318,2026-07-18,4.88,1770
11215,29.71731,72.36592,2026-07-18,5.35,-1
11216,29.73707,72.05141,2026-07-18,15.8,-1
11217,29.74054,72.27401,2026-07-18,12.07,-1
11218,29.76597,72.35924,2026-07-18,4.47,1752
11219,29.77667,72.30079,2026-07-18,5.92,1394
11220,29.78022,72.44232,2026-07-18,5.26,1771
11221,29.78081,72.447,2026-07-18,35.11,1771
11222,29.7826,72.31863,2026-07-18,3.97,-1
11223,29.79259,72.65697,2026-07-18,3.96,-1
11224,29.80638,72.70833,2026-07-18,4.84,1753
11225,29.83501,72.38556,2026-07-18,3.23,-1
11226,29.85411,72.35133,2026-07-18,4.86,1772
11227,29.856,72.16756,2026-07-18,1.54,-1
11228,29.85951,72.68977,2026-07-18,8.77,-1
11229,29.86125,72.35012,2026-07-18,3.81,1772
11230,29.87564,72.61404,2026-07-18,3.85,1773
11231,29.87638,72.61639,2026-07-18,3.75,1773
11232,29.88773,72.07841,2026-07-18,2.13,-1
11233,29.89588,71.67658,2026-07-18,3.05,-1
11234,29.91452,72.19968,2026-07-18,1.71,-1
11235,29.91721,72.38821,2026-07-18,2.78,1774
11236,29.91781,72.39288,2026-07-18,2.78,1774
11237,29.92259,72.40162,2026-07-18,3.61,1774
11238,29.92919,71.33355,2026-07-18,1.31,-1
11239,29.96903,71.49902,2026-07-18,6.09,1775
11240,29.96961,71.50336,2026-07-18,6.09,1775
11241,30.00618,72.49979,2026-07-18,2.63,-1
11242,30.01335,72.55669,2026-07-18,1.13,-1
11243,30.01995,72.46377,2026-07-18,2.71,-1
11244,30.06091,73.00028,2026-07-18,7.69,-1
11245,30.08213,71.51136,2026-07-18,2.78,1776
11246,30.08271,71.51572,2026-07-18,2.66,1776
11247,30.08667,73.08789,2026-07-18,3.2,-1
11248,30.11219,72.09392,2026-07-18,4.57,-1
11249,30.15864,73.27311,2026-07-18,4.19,1777
11250,30.16238,73.27251,2026-07-18,3.62,1777
11251,30.30381,73.45924,2026-07-18,2.46,-1
11252,30.3659,73.21369,2026-07-18,2.35,-1
11253,30.4264,73.17506,2026-07-18,1.83,1778
11254,30.43013,73.17446,2026-07-18,1.83,1778
11255,30.43272,73.8998,2026-07-18,10.03,-1
11256,30.47059,73.74548,2026-07-18,5.65,-1
11257,30.47648,73.62829,2026-07-18,4.12,-1
11258,30.49526,72.76694,2026-07-18,2.96,1779
11259,30.49588,72.77187,2026-07-18,2.03,1779
11260,30.50582,73.81284,2026-07-18,1.91,1731
11261,30.58892,72.90089,2026-07-18,3.33,-1
11262,30.61271,74.0872,2026-07-18,3.99,-1
11263,30.61494,73.66043,2026-07-18,5.52,-1
11264,30.62035,72.05736,2026-07-18,1.8,1545
11265,30.62915,73.81501,2026-07-18,6.67,-1
11266,30.6524,73.84541,2026-07-18,7.24,-1
11267,30.66295,72.77916,2026-07-18,5.24,-1
11268,30.6906,73.86567,2026-07-18,8.89,999
11269,30.70196,74.20311,2026-07-18,3.94,-1
11270,30.76127,74.03342,2026-07-18,4.61,-1
11271,30.84304,73.91479,2026-07-18,5.17,-1
11272,30.92797,75.4001,2026-07-18,1.89,-1
11273,31.11067,75.27171,2026-07-18,6.23,-1
11274,31.22036,72.61266,2026-07-18,2.05,-1
11275,31.32314,72.57345,2026-07-18,2.16,-1
11276,31.63401,72.89532,2026-07-18,5.56,1780
11277,31.63486,72.89757,2026-07-18,7.89,1780
11278,31.80156,72.8521,2026-07-18,2.83,-1
11279,31.98038,73.16248,2026-07-18,2.64,1781
11280,31.98418,73.16187,2026-07-18,2.64,1781
11281,32.01652,73.18194,2026-07-18,6.35,1782
11282,32.02095,73.18678,2026-07-18,6.31,1782
11283,31.81894,70.8274,2026-07-18,4.18,-1
11284,32.11917,73.32789,2026-07-18,4.49,1783
11285,32.11983,73.33344,2026-07-18,4.49,1783
11286,32.31618,73.6562,2026-07-18,8.05,-1
11287,32.51828,73.37623,2026-07-18,2.25,-1
11288,32.61697,73.20406,2026-07-18,2.37,-1
11289,29.37588,91.15239,2026-07-18,0.98,1475
11290,29.65723,90.89783,2026-07-18,1.01,1444
11291,29.65961,90.90656,2026-07-18,1.2,1444
11292,29.66132,90.90285,2026-07-18,1.62,1444
11293,19.10003,82.16237,2026-07-18,2.47,19
11294,20.94676,86.04662,2026-07-18,0.88,90
11295,20.95229,86.04742,2026-07-18,1.2,90
11296,20.95267,86.04355,2026-07-18,1.9,90
11297,20.95964,85.17311,2026-07-18,1.34,61
11298,20.96202,86.00536,2026-07-18,1.2,62
11299,20.96238,86.00161,2026-07-18,1.2,62
11300,20.9634,86.04869,2026-07-18,0.94,90
11301,20.96645,86.01759,2026-07-18,1.01,62
11302,20.96721,86.00985,2026-07-18,1.82,62
11303,20.96797,86.00209,2026-07-18,1.29,62
11304,20.97202,86.01816,2026-07-18,1.01,62
11305,20.97354,86.00267,2026-07-18,1.29,62
11306,21.00098,86.00986,2026-07-18,0.72,230
11307,22.05271,88.12284,2026-07-18,1.98,518
11308,22.35911,87.0171,2026-07-18,0.74,520
11309,22.36441,87.01776,2026-07-18,0.74,520
11310,22.78067,86.20196,2026-07-18,1.31,97
11311,22.78296,86.20487,2026-07-18,0.91,97
11312,17.69101,83.23833,2026-07-18,0.82,930
11313,6.41437,80.94581,2026-07-18,0.76,-1
11314,32.72125,72.92389,2026-07-18,0.76,241
11315,32.88791,71.61462,2026-07-18,4.37,165
11316,33.68733,72.71353,2026-07-18,3.42,513
11317,35.28773,72.10094,2026-07-18,1.0,1784
11318,35.28872,72.10421,2026-07-18,0.73,1784
11319,22.3335,69.86872,2026-07-18,1.06,253
11320,22.33407,69.86489,2026-07-18,1.06,253
11321,22.33686,69.8693,2026-07-18,1.06,253
11322,22.33743,69.86547,2026-07-18,1.06,253
11323,22.79062,86.20197,2026-07-18,2.35,97
11324,22.92603,69.82461,2026-07-18,2.83,527
11325,22.92864,70.10606,2026-07-18,1.64,240
11326,23.12092,70.08292,2026-07-18,4.04,722
11327,23.3051,70.47562,2026-07-18,1.32,802
11328,24.66183,74.63266,2026-07-18,0.52,190
11329,24.68869,73.00282,2026-07-18,0.63,193
11330,24.8203,73.09184,2026-07-18,0.49,529
11331,26.8752,73.51662,2026-07-18,1.61,204
11332,26.87918,73.51339,2026-07-18,1.61,204
11333,28.36193,68.19156,2026-07-18,0.99,-1
11334,28.42444,69.70191,2026-07-18,2.12,206
11335,17.60077,83.19767,2026-07-18,2.09,135
11336,17.60249,83.19764,2026-07-18,2.42,135
11337,17.60729,83.19928,2026-07-18,2.2,135
11338,17.60769,83.20507,2026-07-18,3.29,135
11339,17.60899,83.1993,2026-07-18,3.2,135
11340,17.61379,83.20097,2026-07-18,2.2,135
11341,20.91065,71.45998,2026-07-18,1.45,237
11342,9.52781,78.55108,2026-07-18,0.3,-1
11343,29.63159,91.14252,2026-07-19,2.48,-1
11344,29.64514,91.29235,2026-07-19,8.03,-1
11345,6.41337,81.10265,2026-07-19,4.64,1785
11346,6.41676,81.10213,2026-07-19,4.53,1785
11347,6.70052,81.01997,2026-07-19,2.84,-1
11348,6.80833,81.41498,2026-07-19,4.62,-1
11349,6.91853,80.87128,2026-07-19,2.33,-1
11350,7.01098,81.43763,2026-07-19,8.04,-1
11351,7.04524,81.41325,2026-07-19,5.19,-1
11352,7.13577,80.80885,2026-07-19,4.27,-1
11353,7.1955,81.7493,2026-07-19,3.34,1320
11354,7.19558,81.72559,2026-07-19,9.12,1556
11355,7.19615,81.72945,2026-07-19,7.18,1556
11356,7.19672,81.73331,2026-07-19,7.18,1556
11357,7.26201,81.2289,2026-07-19,5.55,-1
11358,7.46911,81.38128,2026-07-19,3.81,-1
11359,7.56073,81.61687,2026-07-19,4.15,1238
11360,7.56479,81.62022,2026-07-19,3.15,1238
11361,7.57719,81.40741,2026-07-19,4.35,1239
11362,7.58322,81.47249,2026-07-19,9.88,-1
11363,7.60929,81.60168,2026-07-19,3.55,1786
11364,7.60985,81.60554,2026-07-19,2.81,1786
11365,7.6378,81.57784,2026-07-19,5.11,1116
11366,7.64133,81.31678,2026-07-19,6.08,1787
11367,7.64478,81.31628,2026-07-19,5.67,1787
11368,7.69104,80.71726,2026-07-19,2.75,1702
11369,7.71641,81.26006,2026-07-19,5.8,682
11370,7.71697,81.26382,2026-07-19,2.85,682
11371,7.71929,81.25581,2026-07-19,5.8,682
11372,7.72033,81.28637,2026-07-19,2.08,-1
11373,7.72273,81.2553,2026-07-19,7.95,682
11374,7.73981,81.2988,2026-07-19,3.02,-1
11375,7.85538,81.37425,2026-07-19,5.31,1572
11376,7.8709,81.40695,2026-07-19,3.41,1060
11377,7.92062,81.27559,2026-07-19,3.6,1573
11378,7.92407,81.27508,2026-07-19,3.6,1573
11379,7.92463,81.27886,2026-07-19,6.13,1573
11380,8.12668,81.11391,2026-07-19,2.51,-1
11381,8.28383,80.2071,2026-07-19,3.57,462
11382,8.28436,80.21067,2026-07-19,3.57,462
11383,8.36466,80.65494,2026-07-19,10.72,-1
11384,8.4955,80.83011,2026-07-19,5.21,143
11385,8.49605,80.83381,2026-07-19,3.84,143
11386,8.49947,80.8333,2026-07-19,3.84,143
11387,8.5816,80.63703,2026-07-19,9.42,1196
11388,8.58215,80.64069,2026-07-19,4.9,1196
11389,8.58269,80.64434,2026-07-19,4.9,1196
11390,8.61504,80.32065,2026-07-19,3.95,-1
11391,8.64384,80.4675,2026-07-19,3.11,-1
11392,8.67647,80.57024,2026-07-19,4.59,-1
11393,8.6947,80.85716,2026-07-19,3.06,766
11394,8.69546,80.34471,2026-07-19,4.48,881
11395,8.71944,77.69647,2026-07-19,2.31,-1
11396,8.74156,77.95508,2026-07-19,11.48,1788
11397,8.74212,77.95865,2026-07-19,11.48,1788
11398,8.74492,77.95454,2026-07-19,11.48,1788
11399,8.75953,78.18171,2026-07-19,3.02,1541
11400,8.79503,80.52588,2026-07-19,2.75,-1
11401,8.81205,80.85066,2026-07-19,2.95,888
11402,8.82253,80.8035,2026-07-19,21.95,1789
11403,8.82595,80.80298,2026-07-19,21.95,1789
11404,8.96518,80.84656,2026-07-19,4.31,-1
11405,9.03257,80.08366,2026-07-19,4.99,-1
11406,9.13697,80.50371,2026-07-19,4.5,-1
11407,9.174,77.76717,2026-07-19,3.49,-1
11408,9.31137,77.31067,2026-07-19,8.32,-1
11409,9.31305,77.32127,2026-07-19,7.68,1790
11410,9.31594,77.47405,2026-07-19,3.34,1449
11411,9.31647,77.32088,2026-07-19,6.69,1790
11412,9.31651,77.47769,2026-07-19,5.47,1449
11413,9.31763,77.35015,2026-07-19,3.07,-1
11414,9.32051,77.32431,2026-07-19,6.69,1790
11415,9.32393,77.32397,2026-07-19,5.03,1790
11416,9.42364,78.87246,2026-07-19,2.74,-1
11417,9.46468,78.11044,2026-07-19,3.47,-1
11418,9.50402,78.73427,2026-07-19,6.91,-1
11419,9.51247,78.81163,2026-07-19,4.06,-1
11420,16.13789,78.96819,2026-07-19,8.52,-1
11421,16.17509,79.22315,2026-07-19,4.25,-1
11422,16.37691,78.83487,2026-07-19,2.27,-1
11423,16.67236,78.52065,2026-07-19,2.51,-1
11424,16.83773,80.91231,2026-07-19,10.26,-1
11425,16.83798,80.23949,2026-07-19,3.93,-1
11426,17.60953,83.20609,2026-07-19,2.68,135
11427,17.76416,78.67516,2026-07-19,6.03,-1
11428,23.25703,70.30906,2026-07-19,5.46,-1
11429,26.24488,68.0185,2026-07-19,6.87,-1
11430,27.75935,68.68353,2026-07-19,4.88,-1
11431,28.01263,68.52065,2026-07-19,2.43,-1
11432,28.01961,68.61913,2026-07-19,3.66,-1
11433,28.39552,68.14349,2026-07-19,1.68,-1
11434,31.03354,74.85312,2026-07-19,2.49,-1
11435,36.93393,80.30153,2026-07-19,1.88,1577
11436,32.1259,73.12619,2026-07-19,4.68,1791
11437,32.12811,73.12691,2026-07-19,4.67,1791
11438,32.97864,72.15359,2026-07-19,2.91,1792
11439,32.98287,72.15416,2026-07-19,4.92,1792
11440,14.49587,75.92569,2026-07-19,0.48,-1
11441,20.25758,86.60252,2026-07-19,1.25,-1
